height,frame,idx,reflectivity,num,y,x,hdim_1,hdim_2,threshold_value,feature,time,timestr
500.0,0,1,0.5206724405288696,2,-3707.749244662645,40460.185963884884,0.014205961065336493,1.9857940389346636,2.938491329550743,1,2026-02-20 16:30:58,2026-02-20 16:30:58
500.0,0,3,2.163675546646118,5,-2859.78056663446,49155.955226949925,1.8514714301264057,20.951247958325016,2.938491329550743,3,2026-02-20 16:30:58,2026-02-20 16:30:58
500.0,0,17,4.142926216125488,4,5147.907833896487,76175.97614038554,19.201462964610123,79.8818550193157,2.938491329550743,16,2026-02-20 16:30:58,2026-02-20 16:30:58
500.0,0,37,5.8097028732299805,2,13824.155696384123,39692.83983212221,38.0,0.31221378836603403,2.938491329550743,33,2026-02-20 16:30:58,2026-02-20 16:30:58
500.0,0,64,3.154494047164917,1,23516.463388691816,73937.61764898646,59.0,75.0,2.938491329550743,56,2026-02-20 16:30:58,2026-02-20 16:30:58
500.0,0,73,8.030576705932617,2,3619.9652256013355,51012.33123078358,15.890920646637294,25.0,7.938491329550743,62,2026-02-20 16:30:58,2026-02-20 16:30:58
500.0,0,76,8.045644760131836,1,5516.4633886918145,57889.917156244446,20.0,40.0,7.938491329550743,65,2026-02-20 16:30:58,2026-02-20 16:30:58
500.0,0,83,10.25899887084961,2,9670.309542537969,63044.351014642314,29.0,51.24180907573133,7.938491329550743,70,2026-02-20 16:30:58,2026-02-20 16:30:58
500.0,0,87,9.923744201660156,1,16593.386465614894,62016.46871152097,44.0,49.0,7.938491329550743,73,2026-02-20 16:30:58,2026-02-20 16:30:58
500.0,0,88,11.891531944274902,2,20747.232619461043,66852.18518006652,53.0,59.5466871391102,7.938491329550743,74,2026-02-20 16:30:58,2026-02-20 16:30:58
500.0,0,89,8.451363563537598,1,22131.848004076433,59265.434341336615,56.0,43.0,7.938491329550743,75,2026-02-20 16:30:58,2026-02-20 16:30:58
500.0,0,91,23.945140838623047,4,1381.752042988396,41096.0344986018,11.041458750975925,3.372578315296073,12.938491329550743,76,2026-02-20 16:30:58,2026-02-20 16:30:58
500.0,0,98,15.0,2,14992.15409398681,49636.81404569141,40.530663194805825,22.0,12.938491329550743,83,2026-02-20 16:30:58,2026-02-20 16:30:58
500.0,1,4,3.259993076324463,1,-1406.6135343851083,49178.30831732735,5.0,21.0,2.938491329550743,86,2026-02-20 16:39:43,2026-02-20 16:39:43
500.0,1,7,2.9989230632781982,1,-483.536611308185,49178.30831732735,7.0,21.0,2.938491329550743,88,2026-02-20 16:39:43,2026-02-20 16:39:43
500.0,1,28,5.1820526123046875,8,9448.78417879044,60758.66972872773,28.52002837854702,46.25674314412375,2.938491329550743,107,2026-02-20 16:39:43,2026-02-20 16:39:43
500.0,1,63,1.5,3,20926.087916645025,43041.76849261305,53.387519810565294,7.616219939913526,2.938491329550743,138,2026-02-20 16:39:43,2026-02-20 16:39:43
500.0,1,66,6.73169469833374,4,22014.470215436355,71999.15412534351,55.745681457946496,70.77221525550102,2.938491329550743,140,2026-02-20 16:39:43,2026-02-20 16:39:43
500.0,1,71,4.652124881744385,2,23196.549945960556,53445.55428447654,58.306854207415604,30.3068542074156,2.938491329550743,145,2026-02-20 16:39:43,2026-02-20 16:39:43
500.0,1,75,5.374154090881348,4,24646.04413820267,72293.96899627185,61.44742495727352,71.41520585014473,2.938491329550743,149,2026-02-20 16:39:43,2026-02-20 16:39:43
500.0,1,81,3.5,2,26285.694157922582,44372.080507338185,65.0,10.517627561300642,2.938491329550743,154,2026-02-20 16:39:43,2026-02-20 16:39:43
500.0,1,85,10.5,1,-3714.305842077416,41383.71093513838,0.0,4.0,7.938491329550743,157,2026-02-20 16:39:43,2026-02-20 16:39:43
500.0,1,88,11.922813415527344,14,4053.236527756148,54063.63067109324,16.829675134639388,31.65487746728194,7.938491329550743,158,2026-02-20 16:39:43,2026-02-20 16:39:43
500.0,1,89,8.297721862792969,1,3208.771080999507,62016.46871152097,15.0,49.0,7.938491329550743,159,2026-02-20 16:39:43,2026-02-20 16:39:43
500.0,1,91,9.09640121459961,1,4131.848004076431,62474.974439885016,17.0,50.0,7.938491329550743,161,2026-02-20 16:39:43,2026-02-20 16:39:43
500.0,1,92,9.299274444580078,1,4593.386465614893,64308.997353341256,18.0,54.0,7.938491329550743,162,2026-02-20 16:39:43,2026-02-20 16:39:43
500.0,1,101,10.500000953674316,5,13220.601521574301,39840.722800620366,36.69229928791205,0.6347462222045233,7.938491329550743,169,2026-02-20 16:39:43,2026-02-20 16:39:43
500.0,1,104,8.440705299377441,3,21079.004992314934,65631.42505943902,53.718840141183435,56.884211961355774,7.938491329550743,172,2026-02-20 16:39:43,2026-02-20 16:39:43
500.0,1,105,9.499999046325684,2,21208.771080999504,48572.436461378646,54.0,19.67859479507387,7.938491329550743,173,2026-02-20 16:39:43,2026-02-20 16:39:43
500.0,1,106,8.28033447265625,1,25824.15569638412,60182.44579806473,64.0,45.0,7.938491329550743,174,2026-02-20 16:39:43,2026-02-20 16:39:43
500.0,1,109,14.295326232910156,2,3276.3097500326003,45051.756762050834,15.146333782905035,12.0,12.938491329550743,176,2026-02-20 16:39:43,2026-02-20 16:39:43
500.0,1,110,13.127679824829102,1,9670.309542537969,44134.74530532272,29.0,10.0,12.938491329550743,177,2026-02-20 16:39:43,2026-02-20 16:39:43
500.0,1,111,15.01390552520752,1,11054.924927153354,50095.31977405547,32.0,23.0,12.938491329550743,178,2026-02-20 16:39:43,2026-02-20 16:39:43
500.0,2,5,6.648259162902832,5,-2356.621919844583,49189.822613770935,2.9416484981711384,21.025112655592483,2.938491329550743,183,2026-02-20 16:48:29,2026-02-20 16:48:29
500.0,2,6,3.787766456604004,5,-1784.7915362058784,44275.433202393455,4.180614329388331,10.306839998646701,2.938491329550743,184,2026-02-20 16:48:29,2026-02-20 16:48:29
500.0,2,37,3.527684450149536,7,15196.246207507818,55004.86733833099,40.972862774101344,33.70771259890846,2.938491329550743,206,2026-02-20 16:48:29,2026-02-20 16:48:29
500.0,2,55,3.000000238418579,1,19362.61723484566,40008.1937500462,50.0,1.0,2.938491329550743,223,2026-02-20 16:48:29,2026-02-20 16:48:29
500.0,2,59,2.842965841293335,5,21691.51835734103,47058.50743024352,55.045952432073285,16.37671885878665,2.938491329550743,227,2026-02-20 16:48:29,2026-02-20 16:48:29
500.0,2,67,4.692276477813721,2,22593.386465614894,75316.34120686869,57.0,78.00699309210704,2.938491329550743,235,2026-02-20 16:48:29,2026-02-20 16:48:29
500.0,2,69,3.174776315689087,1,23978.001850230277,41842.21666350243,60.0,5.0,2.938491329550743,237,2026-02-20 16:48:29,2026-02-20 16:48:29
500.0,2,71,4.301296710968018,2,24574.331390918123,72103.59473553023,61.292047338157,71.0,2.938491329550743,239,2026-02-20 16:48:29,2026-02-20 16:48:29
500.0,2,78,11.020336151123047,1,2747.232619461046,41383.71093513838,14.0,4.0,7.938491329550743,243,2026-02-20 16:48:29,2026-02-20 16:48:29
500.0,2,81,9.842682838439941,1,3670.309542537969,65684.51453843343,16.0,57.0,7.938491329550743,246,2026-02-20 16:48:29,2026-02-20 16:48:29
500.0,2,89,8.40927505493164,1,8285.694157922584,57889.917156244446,26.0,40.0,7.938491329550743,253,2026-02-20 16:48:29,2026-02-20 16:48:29
500.0,2,93,8.868090629577637,1,10593.386465614893,63391.985896613136,31.0,52.0,7.938491329550743,257,2026-02-20 16:48:29,2026-02-20 16:48:29
500.0,2,98,8.470878601074219,1,17516.463388691816,61557.962983156904,46.0,48.0,7.938491329550743,260,2026-02-20 16:48:29,2026-02-20 16:48:29
500.0,2,99,8.678133964538574,2,25626.834816683408,62474.974439885016,63.57247142731512,50.0,7.938491329550743,261,2026-02-20 16:48:29,2026-02-20 16:48:29
500.0,2,101,13.0,1,2747.232619461046,46885.77967550707,14.0,16.0,12.938491329550743,262,2026-02-20 16:48:29,2026-02-20 16:48:29
500.0,2,102,14.5,1,7362.617234845662,50553.825502419524,24.0,24.0,12.938491329550743,263,2026-02-20 16:48:29,2026-02-20 16:48:29
500.0,2,103,13.75700569152832,2,11384.0541647284,46885.77967550707,32.71311334807927,16.0,12.938491329550743,264,2026-02-20 16:48:29,2026-02-20 16:48:29
500.0,3,1,5.078027725219727,3,-3630.19159590653,39757.13965247543,0.1822475333702533,0.4524515572214862,2.938491329550743,266,2026-02-20 16:57:07,2026-02-20 16:57:07
500.0,3,3,5.768052101135254,1,-3252.7673805389545,48261.296860599236,1.0,19.0,2.938491329550743,268,2026-02-20 16:57:07,2026-02-20 16:57:07
500.0,3,15,6.2854790687561035,5,5115.2684840673555,66828.21929656483,19.13074437331367,59.49441759912606,2.938491329550743,278,2026-02-20 16:57:07,2026-02-20 16:57:07
500.0,3,20,5.549888610839844,5,7014.2501285496755,66786.97727500214,23.245204603025364,59.404468839467484,2.938491329550743,283,2026-02-20 16:57:07,2026-02-20 16:57:07
500.0,3,61,3.8806262016296387,1,19362.61723484566,42759.228120230546,50.0,7.0,2.938491329550743,317,2026-02-20 16:57:07,2026-02-20 16:57:07
500.0,3,72,4.97014045715332,1,22593.386465614894,44593.25103368678,57.0,11.0,2.938491329550743,325,2026-02-20 16:57:07,2026-02-20 16:57:07
500.0,3,77,1.5,4,26203.562463858878,57472.964099484845,64.82204799619531,39.09062628672648,2.938491329550743,330,2026-02-20 16:57:07,2026-02-20 16:57:07
500.0,3,96,11.420205116271973,1,11516.463388691815,45968.76821877895,33.0,14.0,7.938491329550743,344,2026-02-20 16:57:07,2026-02-20 16:57:07
500.0,3,97,8.117380142211914,1,13824.155696384123,49178.30831732735,38.0,21.0,7.938491329550743,345,2026-02-20 16:57:07,2026-02-20 16:57:07
500.0,3,98,7.951787948608398,2,19362.61723484566,58804.312949191946,50.0,41.994295242962515,7.938491329550743,346,2026-02-20 16:57:07,2026-02-20 16:57:07
500.0,3,100,10.0,1,22131.848004076433,63391.985896613136,56.0,52.0,7.938491329550743,348,2026-02-20 16:57:07,2026-02-20 16:57:07
500.0,3,101,4.877129077911377,3,23288.97829474821,52246.249206076434,58.50711562978885,27.691172430267013,7.938491329550743,349,2026-02-20 16:57:07,2026-02-20 16:57:07
500.0,3,103,15.182489395141602,2,2285.694157922584,43374.776809383504,13.0,8.34251035717531,12.938491329550743,350,2026-02-20 16:57:07,2026-02-20 16:57:07
500.0,3,104,12.945899963378906,1,5516.4633886918145,52846.35414423981,20.0,29.0,12.938491329550743,351,2026-02-20 16:57:07,2026-02-20 16:57:07
500.0,3,105,16.5,1,9208.771080999508,41383.71093513838,28.0,4.0,12.938491329550743,352,2026-02-20 16:57:07,2026-02-20 16:57:07
500.0,3,106,14.609078407287598,1,10593.386465614893,57431.41142788039,31.0,39.0,12.938491329550743,353,2026-02-20 16:57:07,2026-02-20 16:57:07
500.0,4,50,7.052840232849121,2,19933.243259311355,50095.31977405547,51.236356386342344,23.0,2.938491329550743,397,2026-02-20 17:05:52,2026-02-20 17:05:52
500.0,4,62,4.79443883895874,4,26094.238625712722,72770.00655800501,64.58517968021197,72.45344274073202,2.938491329550743,409,2026-02-20 17:05:52,2026-02-20 17:05:52
500.0,4,63,4.098000526428223,2,26285.694157922582,52271.99228754609,65.0,27.747318035168192,2.938491329550743,410,2026-02-20 17:05:52,2026-02-20 17:05:52
500.0,4,67,10.0,1,-3252.7673805389545,48719.8025889633,1.0,20.0,7.938491329550743,413,2026-02-20 17:05:52,2026-02-20 17:05:52
500.0,4,77,11.513726234436035,2,4612.82636139997,61099.45725479285,18.042119774201,47.0,7.938491329550743,421,2026-02-20 17:05:52,2026-02-20 17:05:52
500.0,4,83,5.864781379699707,9,10743.2448566174,63537.53824604452,31.324693180505434,52.31744935870422,7.938491329550743,427,2026-02-20 17:05:52,2026-02-20 17:05:52
500.0,4,86,2.238027811050415,4,22103.063238899224,60360.803515875275,55.93763300878271,45.38899779605136,7.938491329550743,429,2026-02-20 17:05:52,2026-02-20 17:05:52
500.0,4,90,14.202364921569824,5,2094.066478947576,43555.11027346117,12.584806695554148,8.735817251553925,12.938491329550743,432,2026-02-20 17:05:52,2026-02-20 17:05:52
500.0,4,92,13.830198287963867,2,4131.848004076431,48968.579424079355,17.0,20.54258173829953,12.938491329550743,434,2026-02-20 17:05:52,2026-02-20 17:05:52
500.0,4,93,14.999999046325684,1,11516.463388691815,53304.85987260387,33.0,30.0,12.938491329550743,435,2026-02-20 17:05:52,2026-02-20 17:05:52
500.0,5,1,6.999999523162842,1,-2329.690457462031,43217.7338485946,3.0,8.0,2.938491329550743,436,2026-02-20 17:14:38,2026-02-20 17:14:38
500.0,5,2,4.454409122467041,1,-945.0750728466464,42300.72239186649,6.0,6.0,2.938491329550743,437,2026-02-20 17:14:38,2026-02-20 17:14:38
500.0,5,12,3.000000238418579,1,6439.540311768738,44134.74530532272,22.0,10.0,2.938491329550743,446,2026-02-20 17:14:38,2026-02-20 17:14:38
500.0,5,20,4.915141582489014,32,11287.754429446342,54107.95971496792,32.50446392163481,31.75155901591349,2.938491329550743,453,2026-02-20 17:14:38,2026-02-20 17:14:38
500.0,5,24,4.724201679229736,6,11520.393832024882,68634.29462797886,33.00851596055498,63.43346398325317,2.938491329550743,457,2026-02-20 17:14:38,2026-02-20 17:14:38
500.0,5,49,3.847292423248291,1,23054.924927153355,51012.33123078358,58.0,25.0,2.938491329550743,481,2026-02-20 17:14:38,2026-02-20 17:14:38
500.0,5,50,3.0537428855895996,1,23054.924927153355,52387.84841587576,58.0,28.0,2.938491329550743,482,2026-02-20 17:14:38,2026-02-20 17:14:38
500.0,5,58,4.8872528076171875,1,26285.694157922582,52387.84841587576,65.0,28.0,2.938491329550743,488,2026-02-20 17:14:38,2026-02-20 17:14:38
500.0,5,61,9.492782592773438,3,3504.514203534184,53974.49182744374,15.6407767654918,31.460465842442378,7.938491329550743,489,2026-02-20 17:14:38,2026-02-20 17:14:38
500.0,5,68,9.25170612335205,1,8747.232619461045,62933.48016824908,27.0,51.0,7.938491329550743,496,2026-02-20 17:14:38,2026-02-20 17:14:38
500.0,5,69,8.51072883605957,2,18439.54031176874,64961.813031741855,48.0,55.42378957996848,7.938491329550743,497,2026-02-20 17:14:38,2026-02-20 17:14:38
500.0,5,70,8.0,1,23516.463388691816,68894.05463698183,59.0,64.0,7.938491329550743,498,2026-02-20 17:14:38,2026-02-20 17:14:38
500.0,5,72,9.550467491149902,4,26075.997038887468,59863.35449426421,64.54565624209059,44.30406255786806,7.938491329550743,500,2026-02-20 17:14:38,2026-02-20 17:14:38
500.0,5,74,17.040081024169922,2,4131.848004076431,48946.563961014166,17.0,20.494566061060908,12.938491329550743,501,2026-02-20 17:14:38,2026-02-20 17:14:38
500.0,6,3,6.337887763977051,6,-2269.849588377684,42887.57277642533,3.129655216349419,7.279919417043523,2.938491329550743,503,2026-02-20 17:23:24,2026-02-20 17:23:24
500.0,6,32,5.33097505569458,18,21207.363464962134,58371.60639796117,53.996950165252365,41.0505631923845,2.938491329550743,523,2026-02-20 17:23:24,2026-02-20 17:23:24
500.0,6,41,3.7491824626922607,1,22593.386465614894,73020.60619225835,57.0,73.0,2.938491329550743,532,2026-02-20 17:23:24,2026-02-20 17:23:24
500.0,6,49,4.5664496421813965,1,25362.61723484566,73479.11192062241,63.0,74.0,2.938491329550743,540,2026-02-20 17:23:24,2026-02-20 17:23:24
500.0,6,54,11.462854385375977,1,-3714.305842077416,48719.8025889633,0.0,20.0,7.938491329550743,544,2026-02-20 17:23:24,2026-02-20 17:23:24
500.0,6,56,8.166094779968262,1,2747.232619461046,55138.8827860601,14.0,34.0,7.938491329550743,545,2026-02-20 17:23:24,2026-02-20 17:23:24
500.0,6,57,8.618864059448242,1,3208.771080999507,49178.30831732735,15.0,21.0,7.938491329550743,546,2026-02-20 17:23:24,2026-02-20 17:23:24
500.0,6,59,11.5,1,4131.848004076431,62474.974439885016,17.0,50.0,7.938491329550743,548,2026-02-20 17:23:24,2026-02-20 17:23:24
500.0,6,60,9.797811508178711,1,9670.309542537969,52387.84841587576,29.0,28.0,7.938491329550743,549,2026-02-20 17:23:24,2026-02-20 17:23:24
500.0,6,61,8.55735969543457,1,10131.84800407643,53763.365600967925,30.0,31.0,7.938491329550743,550,2026-02-20 17:23:24,2026-02-20 17:23:24
500.0,6,63,8.710561752319336,2,17054.924927153355,64162.66802420742,45.0,53.680856050248416,7.938491329550743,551,2026-02-20 17:23:24,2026-02-20 17:23:24
500.0,6,65,13.598546981811523,1,2747.232619461046,44134.74530532272,14.0,10.0,12.938491329550743,552,2026-02-20 17:23:24,2026-02-20 17:23:24
500.0,6,66,13.399014472961426,1,11516.463388691815,61557.962983156904,33.0,48.0,12.938491329550743,553,2026-02-20 17:23:24,2026-02-20 17:23:24
500.0,6,67,14.713727951049805,1,12901.078773307201,61099.45725479285,36.0,47.0,12.938491329550743,554,2026-02-20 17:23:24,2026-02-20 17:23:24
500.0,7,8,2.999999761581421,6,2058.572808158316,48193.45534815122,12.507903742177419,18.852037808360496,2.938491329550743,560,2026-02-20 17:32:09,2026-02-20 17:32:09
500.0,7,13,3.6303493976593018,26,4492.758208608573,52856.52335359497,17.78197210981964,29.02217902356735,2.938491329550743,564,2026-02-20 17:32:09,2026-02-20 17:32:09
500.0,7,30,6.14618444442749,9,10542.948576928155,55500.70935673075,30.890717907845403,34.78914296657022,2.938491329550743,577,2026-02-20 17:32:09,2026-02-20 17:32:09
500.0,7,48,8.486163139343262,1,-3714.305842077416,47344.28540387112,0.0,17.0,7.938491329550743,591,2026-02-20 17:32:09,2026-02-20 17:32:09
500.0,7,52,8.39750862121582,1,5516.4633886918145,66601.52599516153,20.0,59.0,7.938491329550743,593,2026-02-20 17:32:09,2026-02-20 17:32:09
500.0,7,57,11.081095695495605,16,13257.050619712036,62818.93855920992,36.77127233387714,50.75018499889229,7.938491329550743,598,2026-02-20 17:32:09,2026-02-20 17:32:09
500.0,7,59,8.730515480041504,1,18439.54031176874,61099.45725479285,48.0,47.0,7.938491329550743,600,2026-02-20 17:32:09,2026-02-20 17:32:09
500.0,7,60,8.879165649414062,1,19362.61723484566,65226.00881006937,50.0,56.0,7.938491329550743,601,2026-02-20 17:32:09,2026-02-20 17:32:09
500.0,7,62,15.5,1,439.5403117687383,40466.69947841026,9.0,2.0,12.938491329550743,602,2026-02-20 17:32:09,2026-02-20 17:32:09
500.0,7,63,17.32773208618164,2,5978.001850230277,58155.844318012074,21.0,40.57998656356258,12.938491329550743,603,2026-02-20 17:32:09,2026-02-20 17:32:09
500.0,8,5,4.820617198944092,1,-945.0750728466464,53304.85987260387,6.0,30.0,2.938491329550743,608,2026-02-20 17:40:55,2026-02-20 17:40:55
500.0,8,14,6.616664409637451,18,3003.488745786618,61435.75582171467,14.55522160703874,47.733466445712104,2.938491329550743,614,2026-02-20 17:40:55,2026-02-20 17:40:55
500.0,8,39,3.5886847972869873,1,11978.001850230277,43676.23957695866,34.0,9.0,2.938491329550743,638,2026-02-20 17:40:55,2026-02-20 17:40:55
500.0,8,48,3.207183599472046,14,16930.95765309526,62539.34202765709,44.731404239540794,50.14038556944912,2.938491329550743,645,2026-02-20 17:40:55,2026-02-20 17:40:55
500.0,8,59,8.857407569885254,1,8285.694157922584,57889.917156244446,26.0,40.0,7.938491329550743,653,2026-02-20 17:40:55,2026-02-20 17:40:55
500.0,8,60,8.500000953674316,1,12901.078773307201,52846.35414423981,36.0,29.0,7.938491329550743,654,2026-02-20 17:40:55,2026-02-20 17:40:55
500.0,8,62,8.0896577835083,2,13539.146348279428,68152.41233467394,37.38247974577316,62.38247974577316,7.938491329550743,656,2026-02-20 17:40:55,2026-02-20 17:40:55
500.0,8,63,8.185047149658203,1,23054.924927153355,71645.08900716617,58.0,70.0,7.938491329550743,657,2026-02-20 17:40:55,2026-02-20 17:40:55
500.0,8,65,13.790431022644043,2,2285.694157922584,43562.156506865475,13.0,8.751185071339822,12.938491329550743,658,2026-02-20 17:40:55,2026-02-20 17:40:55
500.0,9,8,5.589196681976318,9,2007.5748784388227,57209.89652945014,12.397408227785183,38.5168764865368,2.938491329550743,664,2026-02-20 17:49:34,2026-02-20 17:49:34
500.0,9,37,5.791877269744873,4,14060.76399919752,71844.92023433968,38.51265132276236,70.4358314734398,2.938491329550743,687,2026-02-20 17:49:34,2026-02-20 17:49:34
500.0,9,38,3.43122935295105,4,14066.932295583521,77251.29791009167,38.52601596493203,82.2271294688692,2.938491329550743,688,2026-02-20 17:49:34,2026-02-20 17:49:34
500.0,9,44,5.961277961730957,5,16480.13623244159,62037.868708901384,43.75462449479117,49.046673347913824,2.938491329550743,694,2026-02-20 17:49:34,2026-02-20 17:49:34
500.0,9,52,3.315031051635742,2,23857.03505569303,76230.14629080675,59.73790527850263,80.0,2.938491329550743,702,2026-02-20 17:49:34,2026-02-20 17:49:34
500.0,9,53,5.361540794372559,4,24156.953950282983,70901.74616549606,60.387729550114194,68.37877087310916,2.938491329550743,703,2026-02-20 17:49:34,2026-02-20 17:49:34
500.0,9,57,8.730425834655762,2,-2329.690457462031,48996.935191190845,3.0,20.60442560492397,7.938491329550743,705,2026-02-20 17:49:34,2026-02-20 17:49:34
500.0,9,59,9.224499702453613,2,3039.3850345072306,47344.28540387112,14.632996899266734,17.0,7.938491329550743,707,2026-02-20 17:49:34,2026-02-20 17:49:34
500.0,9,63,12.159526824951172,1,8747.232619461045,46885.77967550707,27.0,16.0,7.938491329550743,711,2026-02-20 17:49:34,2026-02-20 17:49:34
500.0,9,65,11.007211685180664,1,11516.463388691815,58348.4228846085,33.0,41.0,7.938491329550743,712,2026-02-20 17:49:34,2026-02-20 17:49:34
500.0,9,66,8.05640697479248,1,11978.001850230277,53763.365600967925,34.0,31.0,7.938491329550743,713,2026-02-20 17:49:34,2026-02-20 17:49:34
500.0,9,67,10.134504318237305,1,26285.694157922582,60182.44579806473,65.0,45.0,7.938491329550743,714,2026-02-20 17:49:34,2026-02-20 17:49:34
500.0,9,69,15.823647499084473,1,8747.232619461045,62933.48016824908,27.0,51.0,12.938491329550743,715,2026-02-20 17:49:34,2026-02-20 17:49:34
500.0,10,1,3.472543954849243,1,-3714.305842077416,63850.49162497719,0.0,53.0,2.938491329550743,716,2026-02-20 17:58:20,2026-02-20 17:58:20
500.0,10,10,4.130712985992432,3,3684.1794451846126,46192.81285691359,16.030051455734394,14.488640870276635,2.938491329550743,724,2026-02-20 17:58:20,2026-02-20 17:58:20
500.0,10,17,6.235980987548828,6,5555.4161901908965,52550.39642179926,20.084397736581344,28.3545168486847,2.938491329550743,731,2026-02-20 17:58:20,2026-02-20 17:58:20
500.0,10,20,4.4834747314453125,2,8747.232619461045,56579.97353987366,27.0,37.14301581128626,2.938491329550743,734,2026-02-20 17:58:20,2026-02-20 17:58:20
500.0,10,33,4.576165199279785,4,14996.800777841552,78643.80867770666,40.540731009824434,85.26419243552711,2.938491329550743,747,2026-02-20 17:58:20,2026-02-20 17:58:20
500.0,10,34,3.7721219062805176,7,15822.25401414698,54664.24486268452,42.32921302181952,32.96481571763763,2.938491329550743,748,2026-02-20 17:58:20,2026-02-20 17:58:20
500.0,10,36,5.183582305908203,5,15945.207370076643,60698.57270485791,42.595611959667124,46.125671665291314,2.938491329550743,750,2026-02-20 17:58:20,2026-02-20 17:58:20
500.0,10,38,4.720216751098633,5,16331.636220441644,64319.21757835994,43.43287446879129,54.022290288618954,2.938491329550743,752,2026-02-20 17:58:20,2026-02-20 17:58:20
500.0,10,43,3.9646666049957275,5,22889.21418796029,72766.4738782961,57.64096006508169,72.44573797394206,2.938491329550743,757,2026-02-20 17:58:20,2026-02-20 17:58:20
500.0,10,46,8.69911003112793,2,3041.0822440371708,61099.45725479285,14.636674186581605,47.0,7.938491329550743,759,2026-02-20 17:58:20,2026-02-20 17:58:20
500.0,11,1,3.499999523162842,2,-3252.7673805389545,47846.68218910722,1.0,18.095726299927907,2.938491329550743,760,2026-02-20 18:06:58,2026-02-20 18:06:58
500.0,11,16,4.667542934417725,1,3670.309542537969,66601.52599516153,16.0,59.0,2.938491329550743,774,2026-02-20 18:06:58,2026-02-20 18:06:58
500.0,11,18,4.259366035461426,1,5054.924927153354,68894.05463698183,19.0,64.0,2.938491329550743,776,2026-02-20 18:06:58,2026-02-20 18:06:58
500.0,11,19,4.420224666595459,10,6250.374782246433,52058.81506193183,21.59014135270167,27.28237896804929,2.938491329550743,777,2026-02-20 18:06:58,2026-02-20 18:06:58
500.0,11,22,5.090179920196533,1,5516.4633886918145,77147.15774753486,20.0,82.0,2.938491329550743,780,2026-02-20 18:06:58,2026-02-20 18:06:58
500.0,11,24,4.552358150482178,8,8131.06706048635,61944.02566899825,25.664974622221493,48.84200188123888,2.938491329550743,781,2026-02-20 18:06:58,2026-02-20 18:06:58
500.0,11,45,3.7878549098968506,5,21398.269158552877,59783.23307095284,54.4105791680323,44.12931790724561,2.938491329550743,800,2026-02-20 18:06:58,2026-02-20 18:06:58
500.0,11,47,10.0,1,3670.309542537969,45968.76821877895,16.0,14.0,7.938491329550743,801,2026-02-20 18:06:58,2026-02-20 18:06:58
500.0,11,48,11.846555709838867,1,7824.155696384123,46427.27394714301,25.0,15.0,7.938491329550743,802,2026-02-20 18:06:58,2026-02-20 18:06:58
500.0,11,49,9.294957160949707,1,14285.694157922584,62933.48016824908,39.0,51.0,7.938491329550743,803,2026-02-20 18:06:58,2026-02-20 18:06:58
500.0,11,50,8.173541069030762,1,15670.30954253797,64308.997353341256,42.0,54.0,7.938491329550743,804,2026-02-20 18:06:58,2026-02-20 18:06:58
500.0,12,1,5.544363021850586,1,-1868.1519959235698,47802.79113223518,4.0,18.0,2.938491329550743,805,2026-02-20 18:15:37,2026-02-20 18:15:37
500.0,12,2,4.728325366973877,1,-945.0750728466464,49178.30831732735,6.0,21.0,2.938491329550743,806,2026-02-20 18:15:37,2026-02-20 18:15:37
500.0,12,6,5.651159763336182,1,4131.848004076431,43217.7338485946,17.0,8.0,2.938491329550743,809,2026-02-20 18:15:37,2026-02-20 18:15:37
500.0,12,8,3.7188615798950195,21,5103.577196479292,55974.518948425626,19.1054132502062,35.82252065933192,2.938491329550743,811,2026-02-20 18:15:37,2026-02-20 18:15:37
500.0,12,10,6.155377388000488,1,4593.386465614893,45510.26249041489,18.0,13.0,2.938491329550743,812,2026-02-20 18:15:37,2026-02-20 18:15:37
500.0,12,17,3.8351573944091797,17,14495.745054680945,64002.120234860566,39.45511027630978,53.330701669583014,2.938491329550743,819,2026-02-20 18:15:37,2026-02-20 18:15:37
500.0,12,19,4.396429061889648,4,16131.848004076432,57359.76512594249,43.0,38.84373957072786,2.938491329550743,821,2026-02-20 18:15:37,2026-02-20 18:15:37
500.0,12,32,9.160433769226074,2,2168.600690502779,62474.974439885016,12.746297487257088,50.0,7.938491329550743,830,2026-02-20 18:15:37,2026-02-20 18:15:37
500.0,12,34,6.0,4,19362.42805027749,66220.31093675861,49.999590100102296,58.1685707836997,7.938491329550743,832,2026-02-20 18:15:37,2026-02-20 18:15:37
500.0,12,36,10.847725868225098,3,24027.02391612759,69093.97491380115,60.10621447611084,64.43602569052439,7.938491329550743,834,2026-02-20 18:15:37,2026-02-20 18:15:37
500.0,13,3,3.1995608806610107,1,1824.155696384123,55138.8827860601,12.0,34.0,2.938491329550743,836,2026-02-20 18:24:23,2026-02-20 18:24:23
500.0,13,4,5.0,3,2506.6815803679624,64308.997353341256,13.478806081964986,54.0,2.938491329550743,837,2026-02-20 18:24:23,2026-02-20 18:24:23
500.0,13,12,3.249934196472168,2,5978.001850230277,47700.170897384894,21.0,17.776185490165126,2.938491329550743,845,2026-02-20 18:24:23,2026-02-20 18:24:23
500.0,13,15,5.718656539916992,5,9422.18495245255,62681.6756026597,28.46239672148159,50.45081478809913,2.938491329550743,847,2026-02-20 18:24:23,2026-02-20 18:24:23
500.0,13,18,3.815053939819336,3,17150.442763491617,62665.78574577181,45.206955312066235,50.416159044659274,2.938491329550743,850,2026-02-20 18:24:23,2026-02-20 18:24:23
500.0,13,24,2.9768247604370117,1,26285.694157922582,61099.45725479285,65.0,47.0,2.938491329550743,855,2026-02-20 18:24:23,2026-02-20 18:24:23
500.0,13,26,8.240697860717773,1,-945.0750728466464,49178.30831732735,6.0,21.0,7.938491329550743,856,2026-02-20 18:24:23,2026-02-20 18:24:23
500.0,13,28,11.469831466674805,1,23516.463388691816,68894.05463698183,59.0,64.0,7.938491329550743,857,2026-02-20 18:24:23,2026-02-20 18:24:23
500.0,13,30,17.285369873046875,1,9208.771080999508,53304.85987260387,28.0,30.0,12.938491329550743,858,2026-02-20 18:24:23,2026-02-20 18:24:23
500.0,14,1,3.8879764080047607,2,-1406.6135343851083,49099.47909175009,5.0,20.8280736298355,2.938491329550743,859,2026-02-20 18:33:09,2026-02-20 18:33:09
500.0,14,3,3.361217498779297,2,4661.163464423673,60182.44579806473,18.14685016408569,45.0,2.938491329550743,861,2026-02-20 18:33:09,2026-02-20 18:33:09
500.0,14,6,-0.8764588832855225,5,5409.674236182682,54762.844391162434,19.76862350289688,33.17986107558707,2.938491329550743,864,2026-02-20 18:33:09,2026-02-20 18:33:09
500.0,14,9,3.7119786739349365,1,11054.924927153354,55597.38851442416,32.0,35.0,2.938491329550743,867,2026-02-20 18:33:09,2026-02-20 18:33:09
500.0,14,13,3.128199815750122,1,20285.694157922582,66143.02026679748,52.0,58.0,2.938491329550743,870,2026-02-20 18:33:09,2026-02-20 18:33:09
500.0,14,14,4.750230312347412,1,21208.771080999504,67060.0317235256,54.0,60.0,2.938491329550743,871,2026-02-20 18:33:09,2026-02-20 18:33:09
500.0,14,15,3.6090352535247803,1,24901.0787733072,72103.59473553023,62.0,71.0,2.938491329550743,872,2026-02-20 18:33:09,2026-02-20 18:33:09
500.0,14,16,3.10611891746521,1,26285.694157922582,73020.60619225835,65.0,73.0,2.938491329550743,873,2026-02-20 18:33:09,2026-02-20 18:33:09
500.0,14,18,8.105441093444824,1,15208.771080999506,58806.92861297256,41.0,42.0,7.938491329550743,874,2026-02-20 18:33:09,2026-02-20 18:33:09
500.0,15,1,5.421388149261475,2,3208.771080999507,64479.10953886743,15.0,54.37101430800688,2.938491329550743,875,2026-02-20 18:41:47,2026-02-20 18:41:47
500.0,15,2,5.136926651000977,1,5054.924927153354,57889.917156244446,19.0,40.0,2.938491329550743,876,2026-02-20 18:41:47,2026-02-20 18:41:47
500.0,15,6,3.7571632862091064,2,10268.302531151103,63391.985896613136,30.29565147532846,52.0,2.938491329550743,880,2026-02-20 18:41:47,2026-02-20 18:41:47
500.0,15,7,4.328266620635986,2,10677.871411095843,60182.44579806473,31.183050715208726,45.0,2.938491329550743,881,2026-02-20 18:41:47,2026-02-20 18:41:47
500.0,15,15,13.377376556396484,3,16377.882771098426,61197.603072072125,43.53307532854765,47.21405581480838,12.938491329550743,884,2026-02-20 18:41:47,2026-02-20 18:41:47
500.0,16,1,7.130026340484619,3,4131.848004076431,54734.75225068147,17.0,33.118592178072525,2.938491329550743,887,2026-02-20 18:50:24,2026-02-20 18:50:24
500.0,16,7,10.720439910888672,1,23978.001850230277,54680.377057696045,60.0,33.0,7.938491329550743,889,2026-02-20 18:50:24,2026-02-20 18:50:24
500.0,16,9,15.536962509155273,7,17665.130471770557,65308.89841174026,46.322112013337275,56.180782041626045,12.938491329550743,890,2026-02-20 18:50:24,2026-02-20 18:50:24
500.0,17,1,4.55001163482666,1,2285.694157922584,63850.49162497719,13.0,53.0,2.938491329550743,892,2026-02-20 18:59:03,2026-02-20 18:59:03
500.0,17,2,3.985842704772949,1,3670.309542537969,47802.79113223518,16.0,18.0,2.938491329550743,893,2026-02-20 18:59:03,2026-02-20 18:59:03
500.0,17,3,4.343217849731445,1,10131.84800407643,39549.688021682145,30.0,0.0,2.938491329550743,894,2026-02-20 18:59:03,2026-02-20 18:59:03
500.0,17,10,13.786382675170898,2,19362.61723484566,71280.9012109304,50.0,69.20570720558895,12.938491329550743,897,2026-02-20 18:59:03,2026-02-20 18:59:03
500.0,18,1,1.7195446491241455,6,2561.8836930000866,46763.05458151527,13.598410659334588,15.732336835943853,2.938491329550743,898,2026-02-20 19:07:41,2026-02-20 19:07:41
500.0,18,3,4.20198392868042,1,5054.924927153354,61099.45725479285,19.0,47.0,2.938491329550743,900,2026-02-20 19:07:41,2026-02-20 19:07:41
500.0,18,4,3.966456413269043,2,5054.924927153354,67085.79409456339,19.0,60.0561876754075,2.938491329550743,901,2026-02-20 19:07:41,2026-02-20 19:07:41
500.0,18,7,3.0,1,14285.694157922584,43217.7338485946,39.0,8.0,2.938491329550743,903,2026-02-20 19:07:41,2026-02-20 19:07:41
500.0,18,9,4.518467903137207,43,20970.9052052128,76552.85787231568,53.48462393579547,80.70383325996899,2.938491329550743,905,2026-02-20 19:07:41,2026-02-20 19:07:41
500.0,18,13,14.999999046325684,1,9208.771080999508,41383.71093513838,28.0,4.0,12.938491329550743,906,2026-02-20 19:07:41,2026-02-20 19:07:41
500.0,19,2,3.4819936752319336,1,2747.232619461046,54221.87132933199,14.0,32.0,2.938491329550743,907,2026-02-20 19:17:35,2026-02-20 19:17:35
500.0,19,4,3.977997303009033,1,3670.309542537969,59265.434341336615,16.0,43.0,2.938491329550743,908,2026-02-20 19:17:35,2026-02-20 19:17:35
500.0,19,10,4.044979095458984,9,22080.60324547118,80249.05588645198,55.888969689688615,88.76523311929962,2.938491329550743,914,2026-02-20 19:17:35,2026-02-20 19:17:35
500.0,19,15,16.654754638671875,1,2747.232619461046,46427.27394714301,14.0,15.0,12.938491329550743,916,2026-02-20 19:17:35,2026-02-20 19:17:35
500.0,20,1,3.8579204082489014,1,5978.001850230277,49178.30831732735,21.0,21.0,2.938491329550743,917,2026-02-20 19:26:21,2026-02-20 19:26:21
500.0,20,2,3.5426371097564697,1,5978.001850230277,62016.46871152097,21.0,49.0,2.938491329550743,918,2026-02-20 19:26:21,2026-02-20 19:26:21
500.0,20,3,4.5,2,10131.84800407643,53534.12495735738,30.0,30.500026653039917,2.938491329550743,919,2026-02-20 19:26:21,2026-02-20 19:26:21
500.0,21,1,4.201362133026123,1,3670.309542537969,58806.92861297256,16.0,42.0,2.938491329550743,920,2026-02-20 19:35:08,2026-02-20 19:35:08
500.0,21,2,6.1291303634643555,1,5054.924927153354,61099.45725479285,19.0,47.0,2.938491329550743,921,2026-02-20 19:35:08,2026-02-20 19:35:08
500.0,21,3,5.507270336151123,1,6439.540311768738,48719.8025889633,22.0,20.0,2.938491329550743,922,2026-02-20 19:35:08,2026-02-20 19:35:08
500.0,22,1,3.1010477542877197,2,-3305.537336392178,39549.688021682145,0.8856650956513489,0.0,2.938491329550743,923,2026-02-20 19:43:46,2026-02-20 19:43:46
500.0,22,2,4.162210464477539,2,2514.666365334239,64767.503081705305,13.496106449391919,55.0,2.938491329550743,924,2026-02-20 19:43:46,2026-02-20 19:43:46
500.0,22,4,-1.164347767829895,2,3830.451429431908,45809.67861171316,16.3469740882702,13.653025911729797,2.938491329550743,926,2026-02-20 19:43:46,2026-02-20 19:43:46
500.0,22,5,3.100240468978882,2,3734.179492539306,59328.884606886146,16.138384891669563,43.13838489166956,2.938491329550743,927,2026-02-20 19:43:46,2026-02-20 19:43:46
500.0,22,6,6.0,1,17054.924927153355,63850.49162497719,45.0,53.0,2.938491329550743,928,2026-02-20 19:43:46,2026-02-20 19:43:46
500.0,23,1,3.792201519012451,2,-2329.690457462031,43049.8864185549,3.0,7.633925118801517,2.938491329550743,929,2026-02-20 19:52:24,2026-02-20 19:52:24
500.0,23,2,3.790050745010376,2,1032.4926392861864,39549.688021682145,10.284730042954472,0.0,2.938491329550743,930,2026-02-20 19:52:24,2026-02-20 19:52:24
500.0,23,3,3.341831684112549,2,4131.848004076431,57831.709225829014,17.0,39.87304862989801,2.938491329550743,931,2026-02-20 19:52:24,2026-02-20 19:52:24
500.0,23,4,4.636720180511475,2,4681.178849909551,58806.92861297256,18.190216832638427,42.0,2.938491329550743,932,2026-02-20 19:52:24,2026-02-20 19:52:24
500.0,23,5,4.499999523162842,1,6439.540311768738,45968.76821877895,22.0,14.0,2.938491329550743,933,2026-02-20 19:52:24,2026-02-20 19:52:24
800.0,0,17,7.400928020477295,13,4903.704721183111,73294.77533746902,18.67235622039781,73.59796231159184,4.344123125076294,15,2026-02-20 16:30:58,2026-02-20 16:30:58
800.0,0,46,7.000000476837158,4,19083.233940583017,45486.13571508243,49.394669529097605,12.947379555281588,4.344123125076294,41,2026-02-20 16:30:58,2026-02-20 16:30:58
800.0,0,70,12.170401573181152,1,-1868.1519959235698,58806.92861297256,4.0,42.0,9.344123125076294,60,2026-02-20 16:30:58,2026-02-20 16:30:58
800.0,0,72,10.091927528381348,1,-945.0750728466464,50553.825502419524,6.0,24.0,9.344123125076294,62,2026-02-20 16:30:58,2026-02-20 16:30:58
800.0,0,77,12.549832344055176,6,5984.73683164533,53061.546947290175,21.014592459732615,29.469335037139373,9.344123125076294,66,2026-02-20 16:30:58,2026-02-20 16:30:58
800.0,0,101,12.491914749145508,8,20867.92338531897,67714.84409476114,53.26149665935884,61.428144362714725,9.344123125076294,85,2026-02-20 16:30:58,2026-02-20 16:30:58
800.0,0,104,10.149368286132812,6,25989.11835662018,67471.35818309979,64.35741909717812,60.897102117004714,9.344123125076294,87,2026-02-20 16:30:58,2026-02-20 16:30:58
800.0,0,105,10.5,1,26285.694157922582,57431.41142788039,65.0,39.0,9.344123125076294,88,2026-02-20 16:30:58,2026-02-20 16:30:58
800.0,0,112,19.724735260009766,6,6272.854561095228,42424.34571526851,21.638847540207394,6.2696222004534325,14.344123125076294,94,2026-02-20 16:30:58,2026-02-20 16:30:58
800.0,0,114,14.769832611083984,1,6901.078773307199,62016.46871152097,23.0,49.0,14.344123125076294,96,2026-02-20 16:30:58,2026-02-20 16:30:58
800.0,0,118,14.521499633789062,2,14723.5339559146,49636.81404569141,39.94865289564937,22.0,14.344123125076294,100,2026-02-20 16:30:58,2026-02-20 16:30:58
800.0,0,119,15.51172924041748,1,23054.924927153355,62933.48016824908,58.0,51.0,14.344123125076294,101,2026-02-20 16:30:58,2026-02-20 16:30:58
800.0,1,2,3.6489369869232178,10,-2368.74082753865,60548.183383721815,2.9153908648339923,45.79767288178063,4.344123125076294,102,2026-02-20 16:39:43,2026-02-20 16:39:43
800.0,1,14,8.145792961120605,5,4587.531016069983,77624.64164073546,17.987313192652696,83.04139133638365,4.344123125076294,112,2026-02-20 16:39:43,2026-02-20 16:39:43
800.0,1,26,6.161952972412109,2,13548.109142929528,71645.08900716617,37.40189913418171,70.0,4.344123125076294,123,2026-02-20 16:39:43,2026-02-20 16:39:43
800.0,1,36,4.769461631774902,1,17516.463388691816,77147.15774753486,46.0,82.0,4.344123125076294,131,2026-02-20 16:39:43,2026-02-20 16:39:43
800.0,1,42,1.4181723594665527,5,19325.62177014992,43929.30037798512,49.919843159825895,9.551925058666944,4.344123125076294,137,2026-02-20 16:39:43,2026-02-20 16:39:43
800.0,1,79,10.288216590881348,2,5054.924927153354,65859.74854344252,19.0,57.38218498520033,9.344123125076294,165,2026-02-20 16:39:43,2026-02-20 16:39:43
800.0,1,93,10.704936981201172,2,19706.1868505544,61099.45725479285,50.7444008340356,47.0,9.344123125076294,177,2026-02-20 16:39:43,2026-02-20 16:39:43
800.0,1,95,12.142420768737793,7,22495.367767732227,71466.02071650025,56.78762615458755,69.60945244609084,9.344123125076294,179,2026-02-20 16:39:43,2026-02-20 16:39:43
800.0,1,96,6.0,3,23833.8431145186,50371.27987921738,59.6876560726247,23.601868391364565,9.344123125076294,180,2026-02-20 16:39:43,2026-02-20 16:39:43
800.0,1,99,10.5017728805542,1,25824.15569638412,64767.503081705305,64.0,55.0,9.344123125076294,183,2026-02-20 16:39:43,2026-02-20 16:39:43
800.0,1,101,17.625350952148438,3,-2085.262011101759,41428.094264105915,3.529594967113923,4.096799944301451,14.344123125076294,184,2026-02-20 16:39:43,2026-02-20 16:39:43
800.0,1,106,14.624503135681152,2,2747.232619461046,49346.733914796365,14.0,21.367335863108963,14.344123125076294,189,2026-02-20 16:39:43,2026-02-20 16:39:43
800.0,1,107,14.501490592956543,2,3670.309542537969,46801.55114276932,16.0,15.816297752618555,14.344123125076294,190,2026-02-20 16:39:43,2026-02-20 16:39:43
800.0,1,108,15.9700345993042,2,3711.4831630602457,48261.296860599236,16.0892095111316,19.0,14.344123125076294,191,2026-02-20 16:39:43,2026-02-20 16:39:43
800.0,1,109,14.993218421936035,1,3670.309542537969,54680.377057696045,16.0,33.0,14.344123125076294,192,2026-02-20 16:39:43,2026-02-20 16:39:43
800.0,1,110,14.403770446777344,1,4593.386465614893,55138.8827860601,18.0,34.0,14.344123125076294,193,2026-02-20 16:39:43,2026-02-20 16:39:43
800.0,1,111,15.347199440002441,1,5978.001850230277,40008.1937500462,21.0,1.0,14.344123125076294,194,2026-02-20 16:39:43,2026-02-20 16:39:43
800.0,1,112,18.0,1,8285.694157922584,42300.72239186649,26.0,6.0,14.344123125076294,195,2026-02-20 16:39:43,2026-02-20 16:39:43
800.0,1,113,14.377666473388672,1,11516.463388691815,50553.825502419524,33.0,24.0,14.344123125076294,196,2026-02-20 16:39:43,2026-02-20 16:39:43
800.0,2,19,6.063704490661621,23,4503.34088260561,75326.77576686711,17.804901236813222,78.02975084485236,4.344123125076294,211,2026-02-20 16:48:29,2026-02-20 16:48:29
800.0,2,48,5.070693016052246,14,16889.14375202291,73130.81174797652,44.64080745388403,73.24035807821069,4.344123125076294,234,2026-02-20 16:48:29,2026-02-20 16:48:29
800.0,2,69,6.555907726287842,3,24572.742548740855,49485.90916586442,61.28860484677292,21.67087678410165,4.344123125076294,252,2026-02-20 16:48:29,2026-02-20 16:48:29
800.0,2,74,10.274720191955566,3,26010.764292140037,52296.93731105693,64.40431862413782,27.80172307739056,4.344123125076294,257,2026-02-20 16:48:29,2026-02-20 16:48:29
800.0,2,78,9.444929122924805,1,-945.0750728466464,57889.917156244446,6.0,40.0,9.344123125076294,260,2026-02-20 16:48:29,2026-02-20 16:48:29
800.0,2,88,9.65845012664795,1,3670.309542537969,65684.51453843343,16.0,57.0,9.344123125076294,267,2026-02-20 16:48:29,2026-02-20 16:48:29
800.0,2,89,11.367547035217285,5,4268.641551289838,60322.21931280007,17.296386018962384,45.30484573275465,9.344123125076294,268,2026-02-20 16:48:29,2026-02-20 16:48:29
800.0,2,114,10.5,1,15670.30954253797,62016.46871152097,42.0,49.0,9.344123125076294,291,2026-02-20 16:48:29,2026-02-20 16:48:29
800.0,2,115,12.506125450134277,1,18901.0787733072,52846.35414423981,49.0,29.0,9.344123125076294,292,2026-02-20 16:48:29,2026-02-20 16:48:29
800.0,2,121,10.122795104980469,1,22593.386465614894,69811.06609370995,57.0,66.0,9.344123125076294,297,2026-02-20 16:48:29,2026-02-20 16:48:29
800.0,2,122,10.093972206115723,3,25768.473087673858,57889.917156244446,63.879354347794425,40.0,9.344123125076294,298,2026-02-20 16:48:29,2026-02-20 16:48:29
800.0,2,126,18.306777954101562,2,901.0787733071993,45205.04848286492,10.0,12.334328910919025,14.344123125076294,301,2026-02-20 16:48:29,2026-02-20 16:48:29
800.0,2,128,14.681089401245117,2,3074.805331623178,54680.377057696045,14.709740876351287,33.0,14.344123125076294,303,2026-02-20 16:48:29,2026-02-20 16:48:29
800.0,2,129,15.089441299438477,2,3540.293606075574,53763.365600967925,15.718298804331479,31.0,14.344123125076294,304,2026-02-20 16:48:29,2026-02-20 16:48:29
800.0,2,130,13.0,2,4536.842592840878,48775.97491636664,17.8774882756563,20.1225117243437,14.344123125076294,305,2026-02-20 16:48:29,2026-02-20 16:48:29
800.0,2,134,15.5478515625,1,10593.386465614893,46885.77967550707,31.0,16.0,14.344123125076294,309,2026-02-20 16:48:29,2026-02-20 16:48:29
800.0,2,135,14.5076265335083,2,22593.386465614894,63379.105010095926,57.0,51.97190681441828,14.344123125076294,310,2026-02-20 16:48:29,2026-02-20 16:48:29
800.0,3,11,4.125422477722168,38,4688.30064654378,65833.99607689763,18.20564739201259,57.326018911470435,4.344123125076294,318,2026-02-20 16:57:07,2026-02-20 16:57:07
800.0,3,13,4.408086776733398,3,3886.3220419391255,80803.29314318072,16.46802708203584,89.97402337521696,4.344123125076294,320,2026-02-20 16:57:07,2026-02-20 16:57:07
800.0,3,35,5.162499904632568,11,17310.798065876967,73249.82497099179,45.55439180056783,73.49992565971047,4.344123125076294,338,2026-02-20 16:57:07,2026-02-20 16:57:07
800.0,3,59,10.103217124938965,1,-3714.305842077416,50553.825502419524,0.0,24.0,9.344123125076294,358,2026-02-20 16:57:07,2026-02-20 16:57:07
800.0,3,64,9.371739387512207,1,-1406.6135343851083,58806.92861297256,5.0,42.0,9.344123125076294,362,2026-02-20 16:57:07,2026-02-20 16:57:07
800.0,3,67,12.5,1,-21.998149769723568,59265.434341336615,8.0,43.0,9.344123125076294,364,2026-02-20 16:57:07,2026-02-20 16:57:07
800.0,3,70,9.901122093200684,1,1362.6172348456612,58806.92861297256,11.0,42.0,9.344123125076294,366,2026-02-20 16:57:07,2026-02-20 16:57:07
800.0,3,76,12.444413185119629,31,5444.029122431771,53060.049224342256,19.843059089769906,29.466068506635462,9.344123125076294,371,2026-02-20 16:57:07,2026-02-20 16:57:07
800.0,3,92,9.574663162231445,7,18582.61146618798,59230.71310682066,48.30998750124169,42.9242730627601,9.344123125076294,384,2026-02-20 16:57:07,2026-02-20 16:57:07
800.0,3,95,9.405510902404785,1,21670.309542537972,68894.05463698183,55.0,64.0,9.344123125076294,387,2026-02-20 16:57:07,2026-02-20 16:57:07
800.0,3,97,12.213387489318848,7,24177.250652448594,52081.960543513924,60.43170573813969,27.332859213224577,9.344123125076294,389,2026-02-20 16:57:07,2026-02-20 16:57:07
800.0,3,100,9.408321380615234,1,24439.54031176874,72562.10046389428,61.0,72.0,9.344123125076294,392,2026-02-20 16:57:07,2026-02-20 16:57:07
800.0,3,105,15.201013565063477,2,901.0787733071993,45245.19780203615,10.0,12.421894489029638,14.344123125076294,395,2026-02-20 16:57:07,2026-02-20 16:57:07
800.0,3,107,20.8913631439209,1,6439.540311768738,58806.92861297256,22.0,42.0,14.344123125076294,397,2026-02-20 16:57:07,2026-02-20 16:57:07
800.0,3,109,15.700761795043945,1,9208.771080999508,56514.39997115228,28.0,37.0,14.344123125076294,399,2026-02-20 16:57:07,2026-02-20 16:57:07
800.0,3,110,16.12152671813965,3,9670.309542537969,48708.58592794996,29.0,19.975536486635917,14.344123125076294,400,2026-02-20 16:57:07,2026-02-20 16:57:07
800.0,3,111,14.745098114013672,1,24901.0787733072,63391.985896613136,62.0,52.0,14.344123125076294,401,2026-02-20 16:57:07,2026-02-20 16:57:07
800.0,4,3,8.108710289001465,8,-3210.6876613363297,48950.80764143404,1.0911727249390204,20.503821518860775,4.344123125076294,403,2026-02-20 17:05:52,2026-02-20 17:05:52
800.0,4,6,3.250312328338623,6,-3331.7443447557425,56308.571744780995,0.8288832441969589,36.551089084305076,4.344123125076294,406,2026-02-20 17:05:52,2026-02-20 17:05:52
800.0,4,20,4.900455951690674,2,5516.4633886918145,73329.15557818215,20.0,73.6729455420867,4.344123125076294,418,2026-02-20 17:05:52,2026-02-20 17:05:52
800.0,4,21,4.5,1,5516.4633886918145,79439.68638935515,20.0,87.0,4.344123125076294,419,2026-02-20 17:05:52,2026-02-20 17:05:52
800.0,4,43,7.368215084075928,3,16750.383520570864,76862.30262187595,44.34016028573794,81.37873158820659,4.344123125076294,437,2026-02-20 17:05:52,2026-02-20 17:05:52
800.0,4,60,6.5,9,24447.28354185319,77196.14160166115,61.01677699851631,82.10683367970354,4.344123125076294,454,2026-02-20 17:05:52,2026-02-20 17:05:52
800.0,4,69,11.289517402648926,27,5025.207255571933,61852.642997925876,18.93561171157359,48.64269647365232,9.344123125076294,459,2026-02-20 17:05:52,2026-02-20 17:05:52
800.0,4,84,8.22404670715332,9,20212.325658341095,62490.928409863445,51.841034917573445,50.0347955739514,9.344123125076294,469,2026-02-20 17:05:52,2026-02-20 17:05:52
800.0,4,88,10.403848648071289,5,24095.603615215095,65689.60659115876,60.254803824133774,57.011105755959704,9.344123125076294,473,2026-02-20 17:05:52,2026-02-20 17:05:52
800.0,4,89,7.280375957489014,5,25880.352000400253,57890.81566944488,64.12175865870162,40.00195965534309,9.344123125076294,474,2026-02-20 17:05:52,2026-02-20 17:05:52
800.0,4,94,14.519979476928711,1,439.5403117687383,40925.20520677432,9.0,3.0,14.344123125076294,478,2026-02-20 17:05:52,2026-02-20 17:05:52
800.0,4,96,8.155558586120605,3,3577.5885262482147,49041.175879953735,15.799104464705533,20.70091445124818,14.344123125076294,480,2026-02-20 17:05:52,2026-02-20 17:05:52
800.0,4,97,16.592472076416016,1,8285.694157922584,42300.72239186649,26.0,6.0,14.344123125076294,481,2026-02-20 17:05:52,2026-02-20 17:05:52
800.0,4,98,15.850008964538574,3,8900.678992996602,49794.35100014393,27.33246714266037,22.343587756285192,14.344123125076294,482,2026-02-20 17:05:52,2026-02-20 17:05:52
800.0,4,99,14.2167387008667,5,11402.393181980773,63391.218526816025,32.75284788545941,51.99832636813535,14.344123125076294,483,2026-02-20 17:05:52,2026-02-20 17:05:52
800.0,5,19,6.4836626052856445,33,5959.264552684183,67368.91987397909,20.959402521983463,60.673684386791855,4.344123125076294,503,2026-02-20 17:14:38,2026-02-20 17:14:38
800.0,5,22,2.437040328979492,34,10192.33289348267,61345.60015052455,30.131050593713518,47.53683712220988,4.344123125076294,506,2026-02-20 17:14:38,2026-02-20 17:14:38
800.0,5,45,5.684967994689941,4,23302.247399194206,74939.77459598439,58.53586535608851,77.18570212977188,4.344123125076294,525,2026-02-20 17:14:38,2026-02-20 17:14:38
800.0,5,52,9.452926635742188,1,-3714.305842077416,59723.94006970068,0.0,44.0,9.344123125076294,530,2026-02-20 17:14:38,2026-02-20 17:14:38
800.0,5,55,11.426924705505371,35,3959.9974494034427,55958.652684201224,16.62765713154186,35.78791637144001,9.344123125076294,532,2026-02-20 17:14:38,2026-02-20 17:14:38
800.0,5,63,12.33154296875,2,10659.546914173656,74396.12337735051,31.143347638543986,76.0,9.344123125076294,538,2026-02-20 17:14:38,2026-02-20 17:14:38
800.0,5,66,9.767080307006836,2,11516.463388691815,69979.79839365813,33.0,66.36800478055143,9.344123125076294,540,2026-02-20 17:14:38,2026-02-20 17:14:38
800.0,5,68,11.181282997131348,1,19362.61723484566,71186.5832788021,50.0,69.0,9.344123125076294,542,2026-02-20 17:14:38,2026-02-20 17:14:38
800.0,5,69,10.393316268920898,2,19979.12329764159,57431.41142788039,51.33576313605784,39.0,9.344123125076294,543,2026-02-20 17:14:38,2026-02-20 17:14:38
800.0,5,72,9.586737632751465,3,24010.73467850604,68813.24681104354,60.070921127930816,63.82375830673565,9.344123125076294,546,2026-02-20 17:14:38,2026-02-20 17:14:38
800.0,5,73,11.610544204711914,9,26109.923207294825,60381.71082350381,64.61916294030652,45.43459658868398,9.344123125076294,547,2026-02-20 17:14:38,2026-02-20 17:14:38
800.0,5,76,14.555643081665039,1,1362.6172348456612,41383.71093513838,11.0,4.0,14.344123125076294,549,2026-02-20 17:14:38,2026-02-20 17:14:38
800.0,5,78,14.931609153747559,3,4131.848004076431,49116.648823558455,17.0,20.86552077770349,14.344123125076294,551,2026-02-20 17:14:38,2026-02-20 17:14:38
800.0,5,79,15.5,1,4131.848004076431,61099.45725479285,17.0,47.0,14.344123125076294,552,2026-02-20 17:14:38,2026-02-20 17:14:38
800.0,5,80,15.0,1,11516.463388691815,50553.825502419524,33.0,24.0,14.344123125076294,553,2026-02-20 17:14:38,2026-02-20 17:14:38
800.0,6,3,3.9497156143188477,14,-2411.153781034159,55080.42072169279,2.8234961322603906,33.872494364299655,4.344123125076294,556,2026-02-20 17:23:24,2026-02-20 17:23:24
800.0,6,7,4.622592449188232,1,-1868.1519959235698,62474.974439885016,4.0,50.0,4.344123125076294,560,2026-02-20 17:23:24,2026-02-20 17:23:24
800.0,6,13,4.635989189147949,13,6048.764749642204,72659.7441789804,21.15331961539251,72.21296073101313,4.344123125076294,563,2026-02-20 17:23:24,2026-02-20 17:23:24
800.0,6,20,7.660138130187988,15,10978.418415422462,76730.68434684802,31.834235891249737,81.09167241558177,4.344123125076294,568,2026-02-20 17:23:24,2026-02-20 17:23:24
800.0,6,34,7.186208724975586,4,17186.583224268594,72847.35645382664,45.28525964374968,72.6221426959051,4.344123125076294,579,2026-02-20 17:23:24,2026-02-20 17:23:24
800.0,6,37,5.592939853668213,6,21439.854221743382,76000.07479749933,54.5006801382784,79.49821457165146,4.344123125076294,582,2026-02-20 17:23:24,2026-02-20 17:23:24
800.0,6,46,13.008111953735352,4,2541.1972989729165,45229.70448876546,13.553590138942386,12.3881036063596,9.344123125076294,589,2026-02-20 17:23:24,2026-02-20 17:23:24
800.0,6,51,9.846468925476074,11,4637.423853958431,59467.15453103408,18.095414341411,43.43995129661127,9.344123125076294,594,2026-02-20 17:23:24,2026-02-20 17:23:24
800.0,6,55,9.36069107055664,4,5165.339120456515,66514.40440113908,19.23923075215685,58.80998799222574,9.344123125076294,598,2026-02-20 17:23:24,2026-02-20 17:23:24
800.0,6,58,7.688568592071533,9,9109.867849318114,50874.984577066745,27.785709664690316,24.700447245867824,9.344123125076294,601,2026-02-20 17:23:24,2026-02-20 17:23:24
800.0,6,67,11.07257080078125,4,24584.091226890796,70231.76656892142,61.31319364943113,66.91754682479657,9.344123125076294,609,2026-02-20 17:23:24,2026-02-20 17:23:24
800.0,6,68,10.543436050415039,2,25271.747891484985,62843.20792024472,62.80311642271854,50.80311642271854,9.344123125076294,610,2026-02-20 17:23:24,2026-02-20 17:23:24
800.0,6,71,14.737133979797363,13,12309.776294147297,60464.84982837605,34.71884462848688,45.615922578151704,14.344123125076294,612,2026-02-20 17:23:24,2026-02-20 17:23:24
800.0,7,28,5.490129470825195,7,5234.142260974988,66843.88496757078,19.38830422328021,59.528584393643186,4.344123125076294,634,2026-02-20 17:32:09,2026-02-20 17:32:09
800.0,7,31,4.520150661468506,1,5978.001850230277,72562.10046389428,21.0,72.0,4.344123125076294,637,2026-02-20 17:32:09,2026-02-20 17:32:09
800.0,7,76,9.5,2,-252.16394741457685,60640.95152642879,7.501307438436151,46.0,9.344123125076294,670,2026-02-20 17:32:09,2026-02-20 17:32:09
800.0,7,78,10.303131103515625,4,1289.6459112765806,41235.834485569256,10.841895465600325,3.677481783931596,9.344123125076294,672,2026-02-20 17:32:09,2026-02-20 17:32:09
800.0,7,86,12.70018196105957,4,5516.4633886918145,52999.64757903584,20.0,29.33433264910992,9.344123125076294,679,2026-02-20 17:32:09,2026-02-20 17:32:09
800.0,7,89,11.074146270751953,2,9208.771080999508,43944.035458548315,28.0,9.584062237444982,9.344123125076294,682,2026-02-20 17:32:09,2026-02-20 17:32:09
800.0,7,96,10.550101280212402,7,21671.65928606855,66707.17602260721,55.00292444431625,59.230422480919984,9.344123125076294,687,2026-02-20 17:32:09,2026-02-20 17:32:09
800.0,7,104,19.050182342529297,2,5978.001850230277,58117.90673294887,21.0,40.49724477274883,14.344123125076294,694,2026-02-20 17:32:09,2026-02-20 17:32:09
800.0,7,106,16.535341262817383,6,12652.732539231058,68192.74735861285,35.46191649283502,62.4704503455797,14.344123125076294,696,2026-02-20 17:32:09,2026-02-20 17:32:09
800.0,7,107,18.29219627380371,12,13585.914696272066,62825.61840499559,37.48381116642388,50.7647537280759,14.344123125076294,697,2026-02-20 17:32:09,2026-02-20 17:32:09
800.0,8,34,5.955533027648926,5,5461.881882054423,66455.65616717514,19.88174006895232,58.681858221255254,4.344123125076294,724,2026-02-20 17:40:55,2026-02-20 17:40:55
800.0,8,35,5.598495006561279,2,5272.718386603376,72103.59473553023,19.471885828808382,71.0,4.344123125076294,725,2026-02-20 17:40:55,2026-02-20 17:40:55
800.0,8,78,9.873909950256348,1,-2791.228919000493,54680.377057696045,2.0,33.0,9.344123125076294,758,2026-02-20 17:40:55,2026-02-20 17:40:55
800.0,8,79,9.5,1,-2329.690457462031,61557.962983156904,3.0,48.0,9.344123125076294,759,2026-02-20 17:40:55,2026-02-20 17:40:55
800.0,8,82,10.397355079650879,1,-21.998149769723568,57889.917156244446,8.0,40.0,9.344123125076294,761,2026-02-20 17:40:55,2026-02-20 17:40:55
800.0,8,84,10.643482208251953,2,1824.155696384123,41241.29384662873,12.0,3.68938863857211,9.344123125076294,763,2026-02-20 17:40:55,2026-02-20 17:40:55
800.0,8,88,11.018355369567871,2,4274.962939600382,61099.45725479285,17.310082360301895,47.0,9.344123125076294,767,2026-02-20 17:40:55,2026-02-20 17:40:55
800.0,8,92,10.630762100219727,4,9355.178788251407,49525.54419994363,28.317216699045783,21.75732070754102,9.344123125076294,771,2026-02-20 17:40:55,2026-02-20 17:40:55
800.0,8,99,13.74411392211914,2,20063.83347095248,61099.45725479285,51.51930184489811,47.0,9.344123125076294,777,2026-02-20 17:40:55,2026-02-20 17:40:55
800.0,8,103,8.636266708374023,6,23458.289247615547,72486.51956486673,58.87395602766808,71.83515822300143,9.344123125076294,781,2026-02-20 17:40:55,2026-02-20 17:40:55
800.0,8,107,15.395140647888184,2,305.2999632225349,46885.77967550707,8.709145911483226,16.0,14.344123125076294,784,2026-02-20 17:40:55,2026-02-20 17:40:55
800.0,8,108,15.15583324432373,3,13462.54734240313,68270.19951813018,37.21651523304118,62.639373337651506,14.344123125076294,785,2026-02-20 17:40:55,2026-02-20 17:40:55
800.0,9,3,3.964470386505127,6,-2741.560351069875,50888.687049648506,2.1076152305163385,24.73033230887597,4.344123125076294,787,2026-02-20 17:49:34,2026-02-20 17:49:34
800.0,9,42,5.40657377243042,11,13660.268532398257,50153.1362757482,37.64491114469729,23.12609766490599,4.344123125076294,817,2026-02-20 17:49:34,2026-02-20 17:49:34
800.0,9,51,4.530971050262451,3,16305.474192199263,60842.85691640752,43.376190074266134,46.440355218023406,4.344123125076294,825,2026-02-20 17:49:34,2026-02-20 17:49:34
800.0,9,52,5.238363265991211,3,16485.335023240856,62016.46871152097,43.76588854152292,49.0,4.344123125076294,826,2026-02-20 17:49:34,2026-02-20 17:49:34
800.0,9,58,8.5,1,20747.232619461043,57889.917156244446,53.0,40.0,4.344123125076294,832,2026-02-20 17:49:34,2026-02-20 17:49:34
800.0,9,61,5.535000801086426,13,23799.469410113084,76210.84351169055,59.61317971307942,79.95790068057586,4.344123125076294,834,2026-02-20 17:49:34,2026-02-20 17:49:34
800.0,9,66,4.447072505950928,1,26285.694157922582,60182.44579806473,65.0,45.0,4.344123125076294,839,2026-02-20 17:49:34,2026-02-20 17:49:34
800.0,9,68,11.244649887084961,2,-3603.7513784847088,59723.94006970068,0.23953467111753216,44.0,9.344123125076294,840,2026-02-20 17:49:34,2026-02-20 17:49:34
800.0,9,73,11.229182243347168,7,3438.770602185458,48457.09568478382,15.498332295902893,19.427036811259008,9.344123125076294,844,2026-02-20 17:49:34,2026-02-20 17:49:34
800.0,9,78,14.031315803527832,2,8912.290712956557,62933.48016824908,27.357625869240277,51.0,9.344123125076294,849,2026-02-20 17:49:34,2026-02-20 17:49:34
800.0,9,79,12.5,2,9418.577002463428,56514.39997115228,28.45457949650516,37.0,9.344123125076294,850,2026-02-20 17:49:34,2026-02-20 17:49:34
800.0,9,83,11.526649475097656,4,13961.487959985925,73297.63771167444,38.2975532378039,73.60420514353122,9.344123125076294,854,2026-02-20 17:49:34,2026-02-20 17:49:34
800.0,9,87,9.719724655151367,2,23729.731099868663,70269.571822074,59.462080040883166,67.0,9.344123125076294,858,2026-02-20 17:49:34,2026-02-20 17:49:34
800.0,9,90,17.233217239379883,2,2285.694157922584,59089.93840748791,13.0,42.61724374856804,14.344123125076294,860,2026-02-20 17:49:34,2026-02-20 17:49:34
800.0,10,1,8.086703300476074,4,-3627.272485067229,41135.44120199386,0.18857227352207243,3.458524250001543,4.344123125076294,861,2026-02-20 17:58:20,2026-02-20 17:58:20
800.0,10,10,6.713578224182129,75,3870.1505804198337,52816.36853029341,16.432988915410707,28.93460144096042,4.344123125076294,869,2026-02-20 17:58:20,2026-02-20 17:58:20
800.0,10,17,5.4553656578063965,16,4528.545923729191,47610.662054613495,17.859512159247647,17.580966898042472,4.344123125076294,875,2026-02-20 17:58:20,2026-02-20 17:58:20
800.0,10,21,7.543776988983154,13,5179.354762150867,74597.53746060054,19.269597975827946,76.43928367911272,4.344123125076294,879,2026-02-20 17:58:20,2026-02-20 17:58:20
800.0,10,25,7.0,1,5978.001850230277,39549.688021682145,21.0,0.0,4.344123125076294,883,2026-02-20 17:58:20,2026-02-20 17:58:20
800.0,10,38,5.037740230560303,2,14092.352209004905,73020.60619225835,38.581092444011695,73.0,4.344123125076294,895,2026-02-20 17:58:20,2026-02-20 17:58:20
800.0,10,44,5.036217212677002,12,16707.83125118447,57196.294161981605,44.247963702067416,38.48720975256367,4.344123125076294,900,2026-02-20 17:58:20,2026-02-20 17:58:20
800.0,10,53,5.946409225463867,2,20532.454343282647,65684.51453843343,52.53464706828014,57.0,4.344123125076294,909,2026-02-20 17:58:20,2026-02-20 17:58:20
800.0,10,57,4.5053887367248535,1,25362.61723484566,67977.0431802537,63.0,62.0,4.344123125076294,912,2026-02-20 17:58:20,2026-02-20 17:58:20
800.0,10,60,10.0,1,-3714.305842077416,59265.434341336615,0.0,43.0,9.344123125076294,914,2026-02-20 17:58:20,2026-02-20 17:58:20
800.0,10,61,9.3901948928833,1,2747.232619461046,61099.45725479285,14.0,47.0,9.344123125076294,915,2026-02-20 17:58:20,2026-02-20 17:58:20
800.0,10,62,9.56869125366211,1,4131.848004076431,61099.45725479285,17.0,47.0,9.344123125076294,916,2026-02-20 17:58:20,2026-02-20 17:58:20
800.0,10,63,10.330806732177734,1,8747.232619461045,57431.41142788039,27.0,39.0,9.344123125076294,917,2026-02-20 17:58:20,2026-02-20 17:58:20
800.0,10,65,13.13379955291748,5,15043.670964123186,79794.8776292847,40.64228308010131,87.77467132460234,9.344123125076294,919,2026-02-20 17:58:20,2026-02-20 17:58:20
800.0,10,67,10.01228141784668,2,23769.785158889765,73937.61764898646,59.54886383542889,75.0,9.344123125076294,921,2026-02-20 17:58:20,2026-02-20 17:58:20
800.0,11,5,6.53907585144043,4,-1694.7966599984657,44235.03312891819,4.3756032278377255,10.21872752594236,4.344123125076294,926,2026-02-20 18:06:58,2026-02-20 18:06:58
800.0,11,21,8.207064628601074,50,4844.186160312787,52393.02756595634,18.543399338512106,28.011295715102758,4.344123125076294,940,2026-02-20 18:06:58,2026-02-20 18:06:58
800.0,11,25,6.128194332122803,6,4113.879001343709,66817.72693261871,16.96106716074577,59.47153377609607,4.344123125076294,944,2026-02-20 18:06:58,2026-02-20 18:06:58
800.0,11,28,5.1084465980529785,5,5604.297923275529,77291.19721435757,20.190308158264713,82.31414976501306,4.344123125076294,947,2026-02-20 18:06:58,2026-02-20 18:06:58
800.0,11,34,2.5733797550201416,11,10596.08580550286,53736.25477388732,31.005848569757262,30.940871344885185,4.344123125076294,952,2026-02-20 18:06:58,2026-02-20 18:06:58
800.0,11,54,7.387934684753418,11,20180.555656708068,73673.26258524672,51.77219991403522,74.42344217882957,4.344123125076294,970,2026-02-20 18:06:58,2026-02-20 18:06:58
800.0,11,61,9.750261306762695,1,-1868.1519959235698,60640.95152642879,4.0,46.0,9.344123125076294,975,2026-02-20 18:06:58,2026-02-20 18:06:58
800.0,11,62,9.939117431640625,1,5516.4633886918145,59723.94006970068,20.0,44.0,9.344123125076294,976,2026-02-20 18:06:58,2026-02-20 18:06:58
800.0,11,63,10.824252128601074,1,7824.155696384123,45968.76821877895,25.0,14.0,9.344123125076294,977,2026-02-20 18:06:58,2026-02-20 18:06:58
800.0,11,64,10.213614463806152,1,15208.771080999506,62933.48016824908,41.0,51.0,9.344123125076294,978,2026-02-20 18:06:58,2026-02-20 18:06:58
800.0,11,65,12.618075370788574,1,19362.61723484566,66143.02026679748,50.0,58.0,9.344123125076294,979,2026-02-20 18:06:58,2026-02-20 18:06:58
800.0,11,66,10.973953247070312,1,23516.463388691816,68894.05463698183,59.0,64.0,9.344123125076294,980,2026-02-20 18:06:58,2026-02-20 18:06:58
800.0,12,2,6.980983257293701,3,-3110.4878123774374,51042.06724131352,1.3082723976832873,25.06485417452915,4.344123125076294,982,2026-02-20 18:15:37,2026-02-20 18:15:37
800.0,12,23,4.387190341949463,1,5516.4633886918145,71645.08900716617,20.0,70.0,4.344123125076294,999,2026-02-20 18:15:37,2026-02-20 18:15:37
800.0,12,24,4.444005012512207,1,5516.4633886918145,72562.10046389428,20.0,72.0,4.344123125076294,1000,2026-02-20 18:15:37,2026-02-20 18:15:37
800.0,12,25,4.4249267578125,1,5516.4633886918145,78981.18066099109,20.0,86.0,4.344123125076294,1001,2026-02-20 18:15:37,2026-02-20 18:15:37
800.0,12,52,7.538147449493408,4,24553.796521971755,77235.74504698995,61.24755512210654,82.19320870814673,4.344123125076294,1023,2026-02-20 18:15:37,2026-02-20 18:15:37
800.0,12,60,11.935412406921387,1,3208.771080999507,49178.30831732735,15.0,21.0,9.344123125076294,1028,2026-02-20 18:15:37,2026-02-20 18:15:37
800.0,12,64,9.588228225708008,1,19362.61723484566,66143.02026679748,50.0,58.0,9.344123125076294,1030,2026-02-20 18:15:37,2026-02-20 18:15:37
800.0,12,65,9.624005317687988,1,19362.61723484566,71645.08900716617,50.0,70.0,9.344123125076294,1031,2026-02-20 18:15:37,2026-02-20 18:15:37
800.0,12,66,10.029114723205566,2,23863.808365757708,68894.05463698183,59.75258078364277,64.0,9.344123125076294,1032,2026-02-20 18:15:37,2026-02-20 18:15:37
800.0,12,68,15.907876014709473,2,-1706.108654517193,41086.183774043486,4.351093906380483,3.351093906380483,14.344123125076294,1033,2026-02-20 18:15:37,2026-02-20 18:15:37
800.0,12,69,14.443154335021973,1,2285.694157922584,59265.434341336615,13.0,43.0,14.344123125076294,1034,2026-02-20 18:15:37,2026-02-20 18:15:37
800.0,12,70,15.803000450134277,1,5516.4633886918145,62933.48016824908,20.0,51.0,14.344123125076294,1035,2026-02-20 18:15:37,2026-02-20 18:15:37
800.0,12,71,14.800272941589355,1,14747.232619461045,56972.90569951633,40.0,38.0,14.344123125076294,1036,2026-02-20 18:15:37,2026-02-20 18:15:37
800.0,13,1,5.099581718444824,2,-3714.305842077416,59523.84094859568,0.0,43.56358425047611,4.344123125076294,1037,2026-02-20 18:24:23,2026-02-20 18:24:23
800.0,13,4,5.17434549331665,2,-2165.292780191465,50553.825502419524,3.35619496741956,24.0,4.344123125076294,1040,2026-02-20 18:24:23,2026-02-20 18:24:23
800.0,13,7,6.119246482849121,2,-1133.0568739199725,49178.30831732735,5.59270609767446,21.0,4.344123125076294,1043,2026-02-20 18:24:23,2026-02-20 18:24:23
800.0,13,21,4.1178436279296875,6,4396.817624712725,55570.476806014296,17.57410084471197,34.9413056222746,4.344123125076294,1056,2026-02-20 18:24:23,2026-02-20 18:24:23
800.0,13,26,6.392831802368164,8,6793.487282548054,77633.87291385021,22.766885103355186,83.06152472304315,4.344123125076294,1061,2026-02-20 18:24:23,2026-02-20 18:24:23
800.0,13,34,8.342615127563477,1,10131.84800407643,53763.365600967925,30.0,31.0,4.344123125076294,1069,2026-02-20 18:24:23,2026-02-20 18:24:23
800.0,13,35,5.239136695861816,1,10593.386465614893,55138.8827860601,31.0,34.0,4.344123125076294,1070,2026-02-20 18:24:23,2026-02-20 18:24:23
800.0,13,36,4.714248180389404,1,11978.001850230277,55597.38851442416,34.0,35.0,4.344123125076294,1071,2026-02-20 18:24:23,2026-02-20 18:24:23
800.0,13,40,7.368556022644043,4,15626.016298623366,69884.03725340898,41.90403130485169,66.15914994117828,4.344123125076294,1074,2026-02-20 18:24:23,2026-02-20 18:24:23
800.0,13,63,3.4825479984283447,2,1410.7025429505552,61510.19363985504,11.10418483422727,47.89581516577273,9.344123125076294,1094,2026-02-20 18:24:23,2026-02-20 18:24:23
800.0,13,64,11.947627067565918,1,14747.232619461045,62933.48016824908,40.0,51.0,9.344123125076294,1095,2026-02-20 18:24:23,2026-02-20 18:24:23
800.0,13,65,9.394872665405273,1,17054.924927153355,64308.997353341256,45.0,54.0,9.344123125076294,1096,2026-02-20 18:24:23,2026-02-20 18:24:23
800.0,13,66,10.063082695007324,1,20285.694157922582,67977.0431802537,52.0,62.0,9.344123125076294,1097,2026-02-20 18:24:23,2026-02-20 18:24:23
800.0,13,67,10.098329544067383,1,24439.54031176874,69811.06609370995,61.0,66.0,9.344123125076294,1098,2026-02-20 18:24:23,2026-02-20 18:24:23
800.0,14,8,4.495548725128174,1,-483.536611308185,44134.74530532272,7.0,10.0,4.344123125076294,1106,2026-02-20 18:33:09,2026-02-20 18:33:09
800.0,14,17,6.420282363891602,2,3208.771080999507,49018.318505564974,15.0,20.65106256723724,4.344123125076294,1114,2026-02-20 18:33:09,2026-02-20 18:33:09
800.0,14,24,6.808757781982422,6,5195.554494388354,54407.50515513977,19.304697395675834,32.40486697182633,4.344123125076294,1121,2026-02-20 18:33:09,2026-02-20 18:33:09
800.0,14,27,5.40638542175293,2,6732.146410923217,79439.68638935515,22.63397988150137,87.0,4.344123125076294,1124,2026-02-20 18:33:09,2026-02-20 18:33:09
800.0,14,30,5.081663608551025,1,11054.924927153354,52387.84841587576,32.0,28.0,4.344123125076294,1127,2026-02-20 18:33:09,2026-02-20 18:33:09
800.0,14,37,5.436999320983887,8,17860.231673244878,66854.5646567314,46.7448312831983,59.551876772560085,4.344123125076294,1133,2026-02-20 18:33:09,2026-02-20 18:33:09
800.0,14,42,6.335043907165527,10,22726.410919898168,71470.28331544269,57.28821965094709,69.61874916514743,4.344123125076294,1138,2026-02-20 18:33:09,2026-02-20 18:33:09
800.0,14,50,12.0,1,2285.694157922584,59265.434341336615,13.0,43.0,9.344123125076294,1145,2026-02-20 18:33:09,2026-02-20 18:33:09
800.0,14,53,16.18668556213379,2,16593.386465614894,58912.48182499618,44.0,42.23021132669429,14.344123125076294,1146,2026-02-20 18:33:09,2026-02-20 18:33:09
800.0,15,1,5.465032577514648,2,-3361.0108920951684,48719.8025889633,0.7654723916282035,20.0,4.344123125076294,1147,2026-02-20 18:41:47,2026-02-20 18:41:47
800.0,15,5,5.171972274780273,1,439.5403117687383,52846.35414423981,9.0,29.0,4.344123125076294,1151,2026-02-20 18:41:47,2026-02-20 18:41:47
800.0,15,9,4.5,3,4180.687488826253,77967.68905258631,17.105818883624615,83.7895769982615,4.344123125076294,1154,2026-02-20 18:41:47,2026-02-20 18:41:47
800.0,15,10,7.068193435668945,6,5045.0904366109935,65297.021325396665,18.97869193715822,56.15487814204779,4.344123125076294,1155,2026-02-20 18:41:47,2026-02-20 18:41:47
800.0,15,11,4.897575378417969,1,4593.386465614893,71645.08900716617,18.0,70.0,4.344123125076294,1156,2026-02-20 18:41:47,2026-02-20 18:41:47
800.0,15,14,5.0,3,7065.271050223596,78471.91965188956,23.355749933318858,84.88930284269605,4.344123125076294,1159,2026-02-20 18:41:47,2026-02-20 18:41:47
800.0,15,16,4.902380466461182,3,10406.142828722272,63622.89888314979,30.594305453399322,52.503620723258024,4.344123125076294,1161,2026-02-20 18:41:47,2026-02-20 18:41:47
800.0,15,17,4.97830867767334,1,11054.924927153354,55597.38851442416,32.0,35.0,4.344123125076294,1162,2026-02-20 18:41:47,2026-02-20 18:41:47
800.0,15,20,5.273128509521484,16,18437.11608804234,70792.2575853242,47.994747515259476,68.13997651701132,4.344123125076294,1164,2026-02-20 18:41:47,2026-02-20 18:41:47
800.0,15,23,5.387304782867432,3,23880.714946183765,72335.99119943757,59.78921170789923,71.50685618418886,4.344123125076294,1167,2026-02-20 18:41:47,2026-02-20 18:41:47
800.0,15,28,5.428191184997559,3,25809.372684559654,73479.11192062241,63.96797014104699,74.0,4.344123125076294,1172,2026-02-20 18:41:47,2026-02-20 18:41:47
800.0,15,32,9.695467948913574,1,2285.694157922584,59265.434341336615,13.0,43.0,9.344123125076294,1175,2026-02-20 18:41:47,2026-02-20 18:41:47
800.0,15,36,18.877351760864258,38,16758.094515953468,62201.764186334185,44.356867442400244,49.40412902904039,14.344123125076294,1177,2026-02-20 18:41:47,2026-02-20 18:41:47
800.0,16,1,4.89444637298584,1,-2791.228919000493,60182.44579806473,2.0,45.0,4.344123125076294,1178,2026-02-20 18:50:24,2026-02-20 18:50:24
800.0,16,2,6.737881660461426,1,-1406.6135343851083,60640.95152642879,5.0,46.0,4.344123125076294,1179,2026-02-20 18:50:24,2026-02-20 18:50:24
800.0,16,4,5.190289497375488,1,5054.924927153354,61099.45725479285,19.0,47.0,4.344123125076294,1180,2026-02-20 18:50:24,2026-02-20 18:50:24
800.0,16,5,4.999744892120361,1,5054.924927153354,66601.52599516153,19.0,59.0,4.344123125076294,1181,2026-02-20 18:50:24,2026-02-20 18:50:24
800.0,16,6,5.250759124755859,1,7824.155696384123,61557.962983156904,25.0,48.0,4.344123125076294,1182,2026-02-20 18:50:24,2026-02-20 18:50:24
800.0,16,7,7.691469192504883,1,8747.232619461045,60182.44579806473,27.0,45.0,4.344123125076294,1183,2026-02-20 18:50:24,2026-02-20 18:50:24
800.0,16,8,8.0,1,10131.84800407643,61557.962983156904,30.0,48.0,4.344123125076294,1184,2026-02-20 18:50:24,2026-02-20 18:50:24
800.0,16,15,13.719449043273926,1,1362.6172348456612,41383.71093513838,11.0,4.0,9.344123125076294,1188,2026-02-20 18:50:24,2026-02-20 18:50:24
800.0,16,17,9.89614200592041,2,16380.397277277036,62016.46871152097,43.538523425267975,49.0,9.344123125076294,1189,2026-02-20 18:50:24,2026-02-20 18:50:24
800.0,16,19,10.679708480834961,1,23978.001850230277,54680.377057696045,60.0,33.0,9.344123125076294,1191,2026-02-20 18:50:24,2026-02-20 18:50:24
800.0,16,21,17.431991577148438,45,18095.338500297024,67276.45152659433,47.254229408477954,60.47201112152059,14.344123125076294,1192,2026-02-20 18:50:24,2026-02-20 18:50:24
800.0,17,3,0.5804991722106934,8,382.3892350254939,58843.963798632125,8.876172667056304,42.08077365966987,4.344123125076294,1195,2026-02-20 18:59:03,2026-02-20 18:59:03
800.0,17,8,4.483641147613525,2,2747.232619461046,64136.021788174774,14.0,53.62274066720244,4.344123125076294,1200,2026-02-20 18:59:03,2026-02-20 18:59:03
800.0,17,11,5.576501846313477,2,4177.913246526556,48261.296860599236,17.099808025308604,19.0,4.344123125076294,1203,2026-02-20 18:59:03,2026-02-20 18:59:03
800.0,17,12,7.130365371704102,1,4593.386465614893,39549.688021682145,18.0,0.0,4.344123125076294,1204,2026-02-20 18:59:03,2026-02-20 18:59:03
800.0,17,14,4.964489459991455,1,8747.232619461045,60182.44579806473,27.0,45.0,4.344123125076294,1206,2026-02-20 18:59:03,2026-02-20 18:59:03
800.0,17,15,5.5,1,14285.694157922584,44134.74530532272,39.0,10.0,4.344123125076294,1207,2026-02-20 18:59:03,2026-02-20 18:59:03
800.0,17,23,15.099197387695312,12,19557.030602914852,70854.04367444919,50.42122896414992,68.27473184350517,14.344123125076294,1211,2026-02-20 18:59:03,2026-02-20 18:59:03
800.0,18,1,4.624212265014648,2,-1406.6135343851083,53631.26098927025,5.0,30.711880128152337,4.344123125076294,1212,2026-02-20 19:07:41,2026-02-20 19:07:41
800.0,18,6,5.2301249504089355,2,2285.694157922584,46754.26800479585,13.0,15.713173331158913,4.344123125076294,1217,2026-02-20 19:07:41,2026-02-20 19:07:41
800.0,18,11,8.0,1,5054.924927153354,39549.688021682145,19.0,0.0,4.344123125076294,1221,2026-02-20 19:07:41,2026-02-20 19:07:41
800.0,18,13,5.0265212059021,1,6901.078773307199,41383.71093513838,23.0,4.0,4.344123125076294,1223,2026-02-20 19:07:41,2026-02-20 19:07:41
800.0,18,16,9.130685806274414,3,11978.001850230277,39985.91441446606,34.0,0.9514088173780639,4.344123125076294,1226,2026-02-20 19:07:41,2026-02-20 19:07:41
800.0,18,17,5.503359794616699,3,15863.043031906156,69956.27166196308,42.4175892269644,66.31669302970592,4.344123125076294,1227,2026-02-20 19:07:41,2026-02-20 19:07:41
800.0,18,19,8.751001358032227,79,20490.822999650518,75624.397764485,52.44444582374386,78.67886377672302,4.344123125076294,1229,2026-02-20 19:07:41,2026-02-20 19:07:41
800.0,18,25,14.433953285217285,1,2285.694157922584,59265.434341336615,13.0,43.0,14.344123125076294,1232,2026-02-20 19:07:41,2026-02-20 19:07:41
800.0,19,1,7.1104936599731445,3,-3594.413341502894,48776.52037470039,0.2597670845781307,20.12370136778762,4.344123125076294,1233,2026-02-20 19:17:35,2026-02-20 19:17:35
800.0,19,5,3.2094733715057373,2,-2211.02603299058,60981.57256498428,3.257106253021478,46.742893746978524,4.344123125076294,1237,2026-02-20 19:17:35,2026-02-20 19:17:35
800.0,19,9,5.360321044921875,2,1023.194479837032,61220.77054855501,10.264584030814637,47.26458403081464,4.344123125076294,1241,2026-02-20 19:17:35,2026-02-20 19:17:35
800.0,19,14,4.718676567077637,2,2634.397283663189,60182.44579806473,13.755523439104643,45.0,4.344123125076294,1246,2026-02-20 19:17:35,2026-02-20 19:17:35
800.0,19,30,7.841346263885498,1,10131.84800407643,62933.48016824908,30.0,51.0,4.344123125076294,1259,2026-02-20 19:17:35,2026-02-20 19:17:35
800.0,19,31,3.046020269393921,5,20696.93465034436,77582.6659547727,52.89102106691385,82.94984245625837,4.344123125076294,1260,2026-02-20 19:17:35,2026-02-20 19:17:35
800.0,19,37,10.278058052062988,1,8285.694157922584,57889.917156244446,26.0,40.0,9.344123125076294,1263,2026-02-20 19:17:35,2026-02-20 19:17:35
800.0,19,39,16.992183685302734,1,2747.232619461046,46427.27394714301,14.0,15.0,14.344123125076294,1264,2026-02-20 19:17:35,2026-02-20 19:17:35
800.0,19,40,19.053457260131836,1,7824.155696384123,45968.76821877895,25.0,14.0,14.344123125076294,1265,2026-02-20 19:17:35,2026-02-20 19:17:35
800.0,20,1,4.443119049072266,1,-3252.7673805389545,48719.8025889633,1.0,20.0,4.344123125076294,1266,2026-02-20 19:26:21,2026-02-20 19:26:21
800.0,20,2,5.069925785064697,1,-2791.228919000493,59723.94006970068,2.0,44.0,4.344123125076294,1267,2026-02-20 19:26:21,2026-02-20 19:26:21
800.0,20,9,4.5,2,1824.155696384123,62330.309768486855,12.0,49.68448666516267,4.344123125076294,1274,2026-02-20 19:26:21,2026-02-20 19:26:21
800.0,20,13,4.347381591796875,1,6439.540311768738,50553.825502419524,22.0,24.0,4.344123125076294,1277,2026-02-20 19:26:21,2026-02-20 19:26:21
800.0,20,14,4.721522331237793,1,7824.155696384123,60182.44579806473,25.0,45.0,4.344123125076294,1278,2026-02-20 19:26:21,2026-02-20 19:26:21
800.0,20,15,4.5,1,8285.694157922584,45051.756762050834,26.0,12.0,4.344123125076294,1279,2026-02-20 19:26:21,2026-02-20 19:26:21
800.0,20,16,4.726396560668945,1,8747.232619461045,51929.3426875117,27.0,27.0,4.344123125076294,1280,2026-02-20 19:26:21,2026-02-20 19:26:21
800.0,20,17,5.0,1,9208.771080999508,62933.48016824908,28.0,51.0,4.344123125076294,1281,2026-02-20 19:26:21,2026-02-20 19:26:21
800.0,20,20,4.930739879608154,1,16131.848004076432,61557.962983156904,43.0,48.0,4.344123125076294,1283,2026-02-20 19:26:21,2026-02-20 19:26:21
800.0,20,23,11.367847442626953,1,16131.848004076432,56055.894242788214,43.0,36.0,9.344123125076294,1284,2026-02-20 19:26:21,2026-02-20 19:26:21
800.0,20,25,19.831253051757812,2,2747.232619461046,46669.669639296815,14.0,15.528664479326514,14.344123125076294,1285,2026-02-20 19:26:21,2026-02-20 19:26:21
800.0,21,1,5.4571123123168945,1,-3714.305842077416,51012.33123078358,0.0,25.0,4.344123125076294,1286,2026-02-20 19:35:08,2026-02-20 19:35:08
800.0,21,2,5.041959762573242,1,-945.0750728466464,53304.85987260387,6.0,30.0,4.344123125076294,1287,2026-02-20 19:35:08,2026-02-20 19:35:08
800.0,21,4,6.0,2,-339.59348352396313,40925.20520677432,7.311876776865814,3.0,4.344123125076294,1289,2026-02-20 19:35:08,2026-02-20 19:35:08
800.0,21,5,4.996388912200928,1,-21.998149769723568,49178.30831732735,8.0,21.0,4.344123125076294,1290,2026-02-20 19:35:08,2026-02-20 19:35:08
800.0,21,6,5.05169677734375,1,-21.998149769723568,52846.35414423981,8.0,29.0,4.344123125076294,1291,2026-02-20 19:35:08,2026-02-20 19:35:08
800.0,21,7,4.642833709716797,1,1824.155696384123,46885.77967550707,12.0,16.0,4.344123125076294,1292,2026-02-20 19:35:08,2026-02-20 19:35:08
800.0,21,9,3.4478180408477783,3,3098.0055840338155,57461.20369501531,14.760008089907668,39.064976870062715,4.344123125076294,1294,2026-02-20 19:35:08,2026-02-20 19:35:08
800.0,21,10,4.498857498168945,1,3208.771080999507,45968.76821877895,15.0,14.0,4.344123125076294,1295,2026-02-20 19:35:08,2026-02-20 19:35:08
800.0,21,12,5.862771511077881,1,7824.155696384123,47802.79113223518,25.0,18.0,4.344123125076294,1297,2026-02-20 19:35:08,2026-02-20 19:35:08
800.0,21,13,8.28012752532959,1,9670.309542537969,56055.894242788214,29.0,36.0,4.344123125076294,1298,2026-02-20 19:35:08,2026-02-20 19:35:08
800.0,21,14,5.767725944519043,1,14285.694157922584,44593.25103368678,39.0,11.0,4.344123125076294,1299,2026-02-20 19:35:08,2026-02-20 19:35:08
800.0,21,15,4.353896141052246,1,17054.924927153355,63850.49162497719,45.0,53.0,4.344123125076294,1300,2026-02-20 19:35:08,2026-02-20 19:35:08
800.0,21,16,5.178036689758301,1,25824.15569638412,71645.08900716617,64.0,70.0,4.344123125076294,1301,2026-02-20 19:35:08,2026-02-20 19:35:08
800.0,22,2,4.5,2,-2408.281969197229,60640.95152642879,2.829718391240405,46.0,4.344123125076294,1302,2026-02-20 19:43:46,2026-02-20 19:43:46
800.0,22,5,4.934187412261963,2,1824.155696384123,46683.30642564581,12.0,15.558406280803334,4.344123125076294,1305,2026-02-20 19:43:46,2026-02-20 19:43:46
800.0,22,10,5.257906436920166,1,10131.84800407643,55138.8827860601,30.0,34.0,4.344123125076294,1309,2026-02-20 19:43:46,2026-02-20 19:43:46
800.0,22,11,5.764350891113281,1,10131.84800407643,58806.92861297256,30.0,42.0,4.344123125076294,1310,2026-02-20 19:43:46,2026-02-20 19:43:46
800.0,22,12,7.643674373626709,3,15819.462910847895,54496.39083305681,42.32316563133817,32.59872644275199,4.344123125076294,1311,2026-02-20 19:43:46,2026-02-20 19:43:46
800.0,22,13,4.8771820068359375,1,17054.924927153355,63850.49162497719,45.0,53.0,4.344123125076294,1312,2026-02-20 19:43:46,2026-02-20 19:43:46
800.0,22,14,5.337887763977051,1,23978.001850230277,68894.05463698183,60.0,64.0,4.344123125076294,1313,2026-02-20 19:43:46,2026-02-20 19:43:46
800.0,22,17,9.926057815551758,1,2747.232619461046,59265.434341336615,14.0,43.0,9.344123125076294,1314,2026-02-20 19:43:46,2026-02-20 19:43:46
800.0,22,19,21.724599838256836,2,-3714.305842077416,42153.74252284523,0.0,5.679437224163616,14.344123125076294,1315,2026-02-20 19:43:46,2026-02-20 19:43:46
800.0,23,6,5.766012191772461,3,3670.309542537969,55080.84421886017,16.0,33.87341801070401,4.344123125076294,1319,2026-02-20 19:52:24,2026-02-20 19:52:24
800.0,23,7,3.7788116931915283,3,3987.4786612470184,57863.14015574444,16.68719975720294,39.94159941993409,4.344123125076294,1320,2026-02-20 19:52:24,2026-02-20 19:52:24
800.0,23,9,4.928220748901367,3,4593.386465614893,54136.94035466501,18.0,31.814765728293043,4.344123125076294,1322,2026-02-20 19:52:24,2026-02-20 19:52:24
800.0,23,14,4.917079925537109,2,8285.694157922584,60938.98819461097,26.0,46.6500173274728,4.344123125076294,1326,2026-02-20 19:52:24,2026-02-20 19:52:24
800.0,23,15,5.803253173828125,1,10131.84800407643,53763.365600967925,30.0,31.0,4.344123125076294,1327,2026-02-20 19:52:24,2026-02-20 19:52:24
800.0,23,16,4.6227216720581055,1,15208.771080999506,43676.23957695866,41.0,9.0,4.344123125076294,1328,2026-02-20 19:52:24,2026-02-20 19:52:24
800.0,23,18,4.400862693786621,2,15670.30954253797,56036.80647232019,42.0,35.958369613971605,4.344123125076294,1330,2026-02-20 19:52:24,2026-02-20 19:52:24
800.0,23,20,11.39102554321289,2,1570.7666417237267,41383.71093513838,11.450990381569142,4.0,9.344123125076294,1331,2026-02-20 19:52:24,2026-02-20 19:52:24
800.0,23,22,10.712977409362793,1,7824.155696384123,46885.77967550707,25.0,16.0,9.344123125076294,1333,2026-02-20 19:52:24,2026-02-20 19:52:24
1100.0,0,6,6.685254096984863,1,-945.0750728466464,74396.12337735051,6.0,76.0,5.516304969787598,5,2026-02-20 16:30:58,2026-02-20 16:30:58
1100.0,0,45,5.552722930908203,5,24002.999558700805,50619.85373651636,60.05416170168614,24.144007435484884,5.516304969787598,41,2026-02-20 16:30:58,2026-02-20 16:30:58
1100.0,0,47,7.762961387634277,2,24089.57517716253,89068.30668500037,60.241742208353216,108.0,5.516304969787598,43,2026-02-20 16:30:58,2026-02-20 16:30:58
1100.0,0,64,8.558859825134277,6,4200.257484484282,56759.36137926356,17.148220540883678,37.534260300269985,10.516304969787598,58,2026-02-20 16:30:58,2026-02-20 16:30:58
1100.0,0,67,11.390151977539062,14,5862.974217511537,61912.8295248585,20.75077346244273,48.77396315847078,10.516304969787598,61,2026-02-20 16:30:58,2026-02-20 16:30:58
1100.0,0,69,11.163698196411133,2,5054.924927153354,76939.67569167477,19.0,81.54748208577375,10.516304969787598,63,2026-02-20 16:30:58,2026-02-20 16:30:58
1100.0,0,88,12.078944206237793,2,15293.402686906189,71186.5832788021,41.18336847946448,69.0,10.516304969787598,80,2026-02-20 16:30:58,2026-02-20 16:30:58
1100.0,0,105,16.373525619506836,1,-2329.690457462031,41842.21666350243,3.0,5.0,15.516304969787598,94,2026-02-20 16:30:58,2026-02-20 16:30:58
1100.0,0,109,15.522972106933594,1,3208.771080999507,51470.83695914764,15.0,26.0,15.516304969787598,98,2026-02-20 16:30:58,2026-02-20 16:30:58
1100.0,0,110,15.935491561889648,1,11054.924927153354,58806.92861297256,32.0,42.0,15.516304969787598,99,2026-02-20 16:30:58,2026-02-20 16:30:58
1100.0,0,111,16.229473114013672,1,15208.771080999506,50095.31977405547,41.0,23.0,15.516304969787598,100,2026-02-20 16:30:58,2026-02-20 16:30:58
1100.0,0,113,18.196144104003906,3,22623.8421148304,63193.31741131512,57.06598723996693,51.56670446407101,15.516304969787598,102,2026-02-20 16:30:58,2026-02-20 16:30:58
1100.0,1,13,6.763372898101807,6,4539.304278599155,77448.59109797314,17.882821928132568,82.65742548411292,5.516304969787598,113,2026-02-20 16:39:43,2026-02-20 16:39:43
1100.0,1,23,5.821355819702148,1,17054.924927153355,44134.74530532272,45.0,10.0,5.516304969787598,123,2026-02-20 16:39:43,2026-02-20 16:39:43
1100.0,1,29,6.077855110168457,1,18901.0787733072,43217.7338485946,49.0,8.0,5.516304969787598,128,2026-02-20 16:39:43,2026-02-20 16:39:43
1100.0,1,32,7.5040764808654785,1,21208.771080999504,44134.74530532272,54.0,10.0,5.516304969787598,130,2026-02-20 16:39:43,2026-02-20 16:39:43
1100.0,1,46,11.626609802246094,1,-1868.1519959235698,63391.985896613136,4.0,52.0,10.516304969787598,140,2026-02-20 16:39:43,2026-02-20 16:39:43
1100.0,1,53,11.0,1,1824.155696384123,71186.5832788021,12.0,69.0,10.516304969787598,144,2026-02-20 16:39:43,2026-02-20 16:39:43
1100.0,1,73,11.690807342529297,24,10137.635470888818,54656.78199420279,30.01253951142684,32.9485392176507,10.516304969787598,163,2026-02-20 16:39:43,2026-02-20 16:39:43
1100.0,1,79,11.11865234375,1,9670.309542537969,68894.05463698183,29.0,64.0,10.516304969787598,168,2026-02-20 16:39:43,2026-02-20 16:39:43
1100.0,1,92,11.804791450500488,11,17221.033233117378,65352.75480651539,45.359901329588716,56.2764327435957,10.516304969787598,181,2026-02-20 16:39:43,2026-02-20 16:39:43
1100.0,1,102,11.489795684814453,1,23978.001850230277,50095.31977405547,60.0,23.0,10.516304969787598,188,2026-02-20 16:39:43,2026-02-20 16:39:43
1100.0,1,107,11.218646049499512,1,26285.694157922582,59723.94006970068,65.0,44.0,10.516304969787598,193,2026-02-20 16:39:43,2026-02-20 16:39:43
1100.0,1,109,17.602039337158203,3,-2152.192987925885,41510.44733317572,3.38457785066165,4.276411809487166,15.516304969787598,194,2026-02-20 16:39:43,2026-02-20 16:39:43
1100.0,1,110,21.56882095336914,3,-235.60653895516774,45632.95320777827,7.5371818234315375,13.267588188704075,15.516304969787598,195,2026-02-20 16:39:43,2026-02-20 16:39:43
1100.0,1,111,18.71932601928711,5,3350.0702035636104,49269.2347167685,15.30614809888889,21.198310280147584,15.516304969787598,196,2026-02-20 16:39:43,2026-02-20 16:39:43
1100.0,1,113,19.85069465637207,8,4138.633845882432,55333.304022898556,17.014702657246335,34.42403229624229,15.516304969787598,198,2026-02-20 16:39:43,2026-02-20 16:39:43
1100.0,1,114,16.269210815429688,1,3670.309542537969,62016.46871152097,16.0,49.0,15.516304969787598,199,2026-02-20 16:39:43,2026-02-20 16:39:43
1100.0,1,115,16.853899002075195,1,9670.309542537969,48719.8025889633,29.0,20.0,15.516304969787598,200,2026-02-20 16:39:43,2026-02-20 16:39:43
1100.0,1,116,16.580110549926758,1,20747.232619461043,61099.45725479285,53.0,47.0,15.516304969787598,201,2026-02-20 16:39:43,2026-02-20 16:39:43
1100.0,1,117,15.827529907226562,1,21208.771080999504,56972.90569951633,54.0,38.0,15.516304969787598,202,2026-02-20 16:39:43,2026-02-20 16:39:43
1100.0,1,118,16.26017189025879,1,22131.848004076433,71645.08900716617,56.0,70.0,15.516304969787598,203,2026-02-20 16:39:43,2026-02-20 16:39:43
1100.0,2,10,7.09306001663208,18,4490.072278886848,75100.08845550712,17.77615259542257,77.53534630999779,5.516304969787598,212,2026-02-20 16:48:29,2026-02-20 16:48:29
1100.0,2,12,6.0,2,5255.472459663745,81273.70930281139,19.434519653772515,91.0,5.516304969787598,214,2026-02-20 16:48:29,2026-02-20 16:48:29
1100.0,2,32,6.094371795654297,3,16887.94054580039,74594.13880451416,44.638200507068575,76.43187121755308,5.516304969787598,234,2026-02-20 16:48:29,2026-02-20 16:48:29
1100.0,2,35,6.527019500732422,3,19007.436502771197,45649.61627916357,49.230441747171994,13.30393031128726,5.516304969787598,237,2026-02-20 16:48:29,2026-02-20 16:48:29
1100.0,2,36,4.655224323272705,3,19269.401646739334,73019.13498011527,49.7980328924363,72.996791289504,5.516304969787598,238,2026-02-20 16:48:29,2026-02-20 16:48:29
1100.0,2,44,9.52938461303711,10,23417.08881856423,76273.77295868975,58.78468843139023,80.09514966811572,5.516304969787598,246,2026-02-20 16:48:29,2026-02-20 16:48:29
1100.0,2,48,4.821675777435303,12,25608.540475019163,70812.57257175472,63.53283368704259,68.1842834583946,5.516304969787598,249,2026-02-20 16:48:29,2026-02-20 16:48:29
1100.0,2,85,9.813413619995117,17,9527.56457846638,51595.682314063044,28.690719244511556,26.272287448536034,10.516304969787598,281,2026-02-20 16:48:29,2026-02-20 16:48:29
1100.0,2,87,12.784252166748047,12,10598.284809822264,60502.78018482474,31.01061307911597,45.698648603372874,10.516304969787598,283,2026-02-20 16:48:29,2026-02-20 16:48:29
1100.0,2,99,12.840771675109863,35,19340.433671323382,58991.17075608346,49.951935612368395,42.40183171488015,10.516304969787598,295,2026-02-20 16:48:29,2026-02-20 16:48:29
1100.0,2,100,10.531505584716797,1,16593.386465614894,68435.54890861777,44.0,63.0,10.516304969787598,296,2026-02-20 16:48:29,2026-02-20 16:48:29
1100.0,2,116,11.278132438659668,2,25097.26725942644,51929.3426875117,62.425075053258354,27.0,10.516304969787598,311,2026-02-20 16:48:29,2026-02-20 16:48:29
1100.0,2,123,19.488359451293945,3,901.0787733071993,44877.66596731785,10.0,11.620308353934563,15.516304969787598,317,2026-02-20 16:48:29,2026-02-20 16:48:29
1100.0,2,124,17.329404830932617,9,3538.4574067158437,54928.0714652349,15.714320372385396,33.54022096609921,15.516304969787598,318,2026-02-20 16:48:29,2026-02-20 16:48:29
1100.0,2,125,14.990636825561523,4,4052.2669628135773,61039.37092871941,16.82757441059715,46.86895185303829,15.516304969787598,319,2026-02-20 16:48:29,2026-02-20 16:48:29
1100.0,2,127,18.184406280517578,1,22593.386465614894,63391.985896613136,57.0,52.0,15.516304969787598,321,2026-02-20 16:48:29,2026-02-20 16:48:29
1100.0,3,8,5.558455467224121,1,3670.309542537969,80815.20357444731,16.0,90.0,5.516304969787598,327,2026-02-20 16:57:07,2026-02-20 16:57:07
1100.0,3,22,5.592404842376709,12,16639.211544699516,72125.18129464434,44.09928767135001,71.04708023865072,5.516304969787598,339,2026-02-20 16:57:07,2026-02-20 16:57:07
1100.0,3,40,10.590153694152832,1,-3714.305842077416,49178.30831732735,0.0,21.0,10.516304969787598,355,2026-02-20 16:57:07,2026-02-20 16:57:07
1100.0,3,41,10.880941390991211,1,-3714.305842077416,51012.33123078358,0.0,25.0,10.516304969787598,356,2026-02-20 16:57:07,2026-02-20 16:57:07
1100.0,3,44,10.985244750976562,2,-1079.3733453515772,61099.45725479285,5.70902040957265,47.0,10.516304969787598,359,2026-02-20 16:57:07,2026-02-20 16:57:07
1100.0,3,50,11.448598861694336,4,1606.2618420521687,40673.056138694126,11.527896648947433,2.4500634289131833,10.516304969787598,364,2026-02-20 16:57:07,2026-02-20 16:57:07
1100.0,3,55,11.497413635253906,14,3522.838486377944,66775.95767386314,15.680479378319946,59.38043511326233,10.516304969787598,368,2026-02-20 16:57:07,2026-02-20 16:57:07
1100.0,3,70,11.8057222366333,57,18992.90450443447,59987.831299722406,49.19895575077575,44.57554620083656,10.516304969787598,382,2026-02-20 16:57:07,2026-02-20 16:57:07
1100.0,3,77,10.825937271118164,1,21670.309542537972,68894.05463698183,55.0,64.0,10.516304969787598,389,2026-02-20 16:57:07,2026-02-20 16:57:07
1100.0,3,82,11.281388282775879,1,24901.0787733072,72103.59473553023,62.0,71.0,10.516304969787598,392,2026-02-20 16:57:07,2026-02-20 16:57:07
1100.0,3,86,18.94512367248535,2,1824.155696384123,48987.11698686515,12.0,20.583012122565247,15.516304969787598,395,2026-02-20 16:57:07,2026-02-20 16:57:07
1100.0,3,88,17.256484985351562,13,6421.876437785564,58253.8223249149,21.961728273036456,40.793676384303566,15.516304969787598,397,2026-02-20 16:57:07,2026-02-20 16:57:07
1100.0,3,89,17.5,1,7824.155696384123,53304.85987260387,25.0,30.0,15.516304969787598,398,2026-02-20 16:57:07,2026-02-20 16:57:07
1100.0,3,90,23.797077178955078,25,11116.876718830134,61617.16414456291,32.13422888196636,48.129117604740145,15.516304969787598,399,2026-02-20 16:57:07,2026-02-20 16:57:07
1100.0,3,92,16.42031478881836,2,24782.7235788521,63391.985896613136,61.74356374534728,52.0,15.516304969787598,401,2026-02-20 16:57:07,2026-02-20 16:57:07
1100.0,3,93,16.790477752685547,1,24901.0787733072,51929.3426875117,62.0,27.0,15.516304969787598,402,2026-02-20 16:57:07,2026-02-20 16:57:07
1100.0,4,3,8.390188217163086,13,-3456.0715817736586,49841.10831922182,0.5595075639914742,22.445565367873,5.516304969787598,404,2026-02-20 17:05:52,2026-02-20 17:05:52
1100.0,4,18,5.776594161987305,3,5516.4633886918145,73438.1855319053,20.0,73.91073963489369,5.516304969787598,419,2026-02-20 17:05:52,2026-02-20 17:05:52
1100.0,4,38,6.510623931884766,2,18901.0787733072,80056.64168121271,49.0,88.345578154626,5.516304969787598,437,2026-02-20 17:05:52,2026-02-20 17:05:52
1100.0,4,59,10.583061218261719,21,4095.1894367299415,47243.70334797807,16.920573104082607,16.7806307540542,10.516304969787598,453,2026-02-20 17:05:52,2026-02-20 17:05:52
1100.0,4,68,13.964218139648438,36,10163.439879376414,55604.14325512051,30.068449063149966,35.0147320748215,10.516304969787598,461,2026-02-20 17:05:52,2026-02-20 17:05:52
1100.0,4,74,11.03625774383545,1,15208.771080999506,61557.962983156904,41.0,48.0,10.516304969787598,467,2026-02-20 17:05:52,2026-02-20 17:05:52
1100.0,4,75,11.004464149475098,31,20930.120594704753,61157.38253191422,53.39625727969471,47.126334903880156,10.516304969787598,468,2026-02-20 17:05:52,2026-02-20 17:05:52
1100.0,4,76,11.58829402923584,1,17978.001850230277,71186.5832788021,47.0,69.0,10.516304969787598,469,2026-02-20 17:05:52,2026-02-20 17:05:52
1100.0,4,84,10.643190383911133,2,25284.847641113083,70269.571822074,62.83149921357942,67.0,10.516304969787598,477,2026-02-20 17:05:52,2026-02-20 17:05:52
1100.0,4,86,11.5,1,25362.61723484566,51929.3426875117,63.0,27.0,10.516304969787598,479,2026-02-20 17:05:52,2026-02-20 17:05:52
1100.0,4,87,12.4586763381958,7,25935.93125812326,57326.19678900991,64.24218038376813,38.77052710061905,10.516304969787598,480,2026-02-20 17:05:52,2026-02-20 17:05:52
1100.0,4,91,16.7880916595459,1,-3714.305842077416,44593.25103368678,0.0,11.0,15.516304969787598,483,2026-02-20 17:05:52,2026-02-20 17:05:52
1100.0,4,93,16.366756439208984,3,3107.8028634643224,55387.69620802002,14.781235528673767,34.5426615341267,15.516304969787598,485,2026-02-20 17:05:52,2026-02-20 17:05:52
1100.0,4,96,17.399368286132812,11,5165.014351118201,62773.01764271368,19.23852708525717,50.65003157952263,15.516304969787598,488,2026-02-20 17:05:52,2026-02-20 17:05:52
1100.0,4,98,19.371906280517578,29,11279.722921885917,64855.93705406859,32.487062321920554,55.192874302091745,15.516304969787598,490,2026-02-20 17:05:52,2026-02-20 17:05:52
1100.0,5,38,11.812467575073242,6,-3390.26551788844,46781.6521745916,0.7020873690761148,15.772898146143147,10.516304969787598,522,2026-02-20 17:14:38,2026-02-20 17:14:38
1100.0,5,43,10.871817588806152,10,6311.978228109956,67919.96785307257,21.723615485405972,61.87551883509767,10.516304969787598,524,2026-02-20 17:14:38,2026-02-20 17:14:38
1100.0,5,57,12.030107498168945,3,11516.463388691815,71143.19326891926,33.0,68.90536648246977,10.516304969787598,535,2026-02-20 17:14:38,2026-02-20 17:14:38
1100.0,5,62,12.88879108428955,1,19362.61723484566,71186.5832788021,50.0,69.0,10.516304969787598,539,2026-02-20 17:14:38,2026-02-20 17:14:38
1100.0,5,73,11.274100303649902,1,26285.694157922582,53763.365600967925,65.0,31.0,10.516304969787598,547,2026-02-20 17:14:38,2026-02-20 17:14:38
1100.0,5,78,16.403606414794922,1,3208.771080999507,49178.30831732735,15.0,21.0,15.516304969787598,551,2026-02-20 17:14:38,2026-02-20 17:14:38
1100.0,5,79,16.771900177001953,3,3871.1845714455444,55787.45522655969,16.435229229299747,35.414535087301275,15.516304969787598,552,2026-02-20 17:14:38,2026-02-20 17:14:38
1100.0,5,80,14.289692878723145,6,4028.311330872956,61778.6976362956,16.775670541392472,48.481421800173074,15.516304969787598,553,2026-02-20 17:14:38,2026-02-20 17:14:38
1100.0,5,81,18.0,1,10131.84800407643,51470.83695914764,30.0,26.0,15.516304969787598,554,2026-02-20 17:14:38,2026-02-20 17:14:38
1100.0,5,82,18.062969207763672,3,10499.49526976886,62933.48016824908,30.79656907566693,51.0,15.516304969787598,555,2026-02-20 17:14:38,2026-02-20 17:14:38
1100.0,5,83,15.763973236083984,1,11516.463388691815,53763.365600967925,33.0,31.0,15.516304969787598,556,2026-02-20 17:14:38,2026-02-20 17:14:38
1100.0,5,84,17.171545028686523,2,19487.45511556059,61099.45725479285,50.27048207488235,47.0,15.516304969787598,557,2026-02-20 17:14:38,2026-02-20 17:14:38
1100.0,5,86,17.561120986938477,2,22884.346183325637,63391.985896613136,57.63041272170661,52.0,15.516304969787598,559,2026-02-20 17:14:38,2026-02-20 17:14:38
1100.0,6,4,9.857967376708984,12,-3465.9469055261457,51611.605427202114,0.538111029194419,26.30701572378765,5.516304969787598,563,2026-02-20 17:23:24,2026-02-20 17:23:24
1100.0,6,25,7.5,1,6901.078773307199,43217.7338485946,23.0,8.0,5.516304969787598,582,2026-02-20 17:23:24,2026-02-20 17:23:24
1100.0,6,48,7.007595539093018,6,21145.837614826884,76049.3760327282,53.86364415662599,79.60574045885201,5.516304969787598,602,2026-02-20 17:23:24,2026-02-20 17:23:24
1100.0,6,52,11.595499992370605,1,-3252.7673805389545,46427.27394714301,1.0,15.0,10.516304969787598,604,2026-02-20 17:23:24,2026-02-20 17:23:24
1100.0,6,70,6.028286457061768,2,11125.45904051478,80286.62720687046,32.15282391228309,88.8471760877169,10.516304969787598,618,2026-02-20 17:23:24,2026-02-20 17:23:24
1100.0,6,71,10.26572036743164,2,11648.603076023654,69221.28895757647,33.28630265588565,64.71369734411435,10.516304969787598,619,2026-02-20 17:23:24,2026-02-20 17:23:24
1100.0,6,74,7.608393669128418,6,19308.34698201945,63296.906103175155,49.88241445220988,51.79263117654555,10.516304969787598,622,2026-02-20 17:23:24,2026-02-20 17:23:24
1100.0,6,82,10.777050018310547,3,22593.386465614894,70451.13588752532,57.0,67.39599083330789,10.516304969787598,630,2026-02-20 17:23:24,2026-02-20 17:23:24
1100.0,6,87,16.759618759155273,2,2941.402012781706,46620.16746854909,14.420700352194764,15.420700352194764,15.516304969787598,633,2026-02-20 17:23:24,2026-02-20 17:23:24
1100.0,6,88,18.160871505737305,2,4758.172312298637,64014.1946767358,18.357036001148114,53.35703600114811,15.516304969787598,634,2026-02-20 17:23:24,2026-02-20 17:23:24
1100.0,6,90,16.441144943237305,2,6306.117863200503,62016.46871152097,21.710918028102157,49.0,15.516304969787598,636,2026-02-20 17:23:24,2026-02-20 17:23:24
1100.0,6,91,15.803107261657715,1,7824.155696384123,53304.85987260387,25.0,30.0,15.516304969787598,637,2026-02-20 17:23:24,2026-02-20 17:23:24
1100.0,6,92,17.674646377563477,1,9208.771080999508,53763.365600967925,28.0,31.0,15.516304969787598,638,2026-02-20 17:23:24,2026-02-20 17:23:24
1100.0,6,93,24.336334228515625,51,12488.664391289669,60923.93918075297,35.10643550562868,46.617195460859065,15.516304969787598,639,2026-02-20 17:23:24,2026-02-20 17:23:24
1100.0,6,94,16.499998092651367,1,24439.54031176874,63391.985896613136,61.0,52.0,15.516304969787598,640,2026-02-20 17:23:24,2026-02-20 17:23:24
1100.0,7,3,7.9113874435424805,29,-3027.8516615117705,56988.596685339704,1.4873173912255653,38.034222006079105,5.516304969787598,641,2026-02-20 17:32:09,2026-02-20 17:32:09
1100.0,7,16,7.79931640625,24,4995.046902423827,67577.51739193336,18.870264279752693,61.12863512142834,5.516304969787598,652,2026-02-20 17:32:09,2026-02-20 17:32:09
1100.0,7,27,2.45475697517395,10,10755.296417930911,83342.0292099302,31.350804896684707,95.51100123546671,5.516304969787598,662,2026-02-20 17:32:09,2026-02-20 17:32:09
1100.0,7,45,3.343181848526001,5,22085.054430075714,81711.83429554987,55.89861392299844,91.9555496597648,5.516304969787598,677,2026-02-20 17:32:09,2026-02-20 17:32:09
1100.0,7,56,12.139378547668457,1,-3714.305842077416,65226.00881006937,0.0,56.0,10.516304969787598,684,2026-02-20 17:32:09,2026-02-20 17:32:09
1100.0,7,58,11.719681739807129,3,-2784.9284098566495,48521.39535041912,2.0136511031449946,19.567274242675037,10.516304969787598,686,2026-02-20 17:32:09,2026-02-20 17:32:09
1100.0,7,60,14.740434646606445,4,-293.0506464200299,41475.38919671244,7.412719590591003,4.1999500898302164,10.516304969787598,688,2026-02-20 17:32:09,2026-02-20 17:32:09
1100.0,7,66,10.908940315246582,10,4894.719380234655,54398.08656332786,18.65288798167615,32.38432504349423,10.516304969787598,693,2026-02-20 17:32:09,2026-02-20 17:32:09
1100.0,7,76,10.889545440673828,1,11516.463388691815,70728.07755043806,33.0,68.0,10.516304969787598,699,2026-02-20 17:32:09,2026-02-20 17:32:09
1100.0,7,77,11.779596328735352,1,11516.463388691815,73937.61764898646,33.0,75.0,10.516304969787598,700,2026-02-20 17:32:09,2026-02-20 17:32:09
1100.0,7,82,13.190765380859375,12,21828.381651547166,66837.32893228557,55.34248956951992,59.5142856948928,10.516304969787598,704,2026-02-20 17:32:09,2026-02-20 17:32:09
1100.0,7,83,10.754036903381348,2,25688.84177134082,71186.5832788021,63.70681982907285,69.0,10.516304969787598,705,2026-02-20 17:32:09,2026-02-20 17:32:09
1100.0,7,89,16.192874908447266,2,3670.309542537969,62246.20555210388,16.0,49.50105555148158,15.516304969787598,709,2026-02-20 17:32:09,2026-02-20 17:32:09
1100.0,7,90,16.302757263183594,2,5516.4633886918145,59488.70080653838,20.0,43.486943676796294,15.516304969787598,710,2026-02-20 17:32:09,2026-02-20 17:32:09
1100.0,7,91,18.5,1,10131.84800407643,46427.27394714301,30.0,15.0,15.516304969787598,711,2026-02-20 17:32:09,2026-02-20 17:32:09
1100.0,7,92,15.614377975463867,2,10579.348072446483,56514.39997115228,30.969583481468444,37.0,15.516304969787598,712,2026-02-20 17:32:09,2026-02-20 17:32:09
1100.0,7,93,22.718528747558594,67,13387.389469665828,64789.20420396907,37.05367317544369,55.04733010063188,15.516304969787598,713,2026-02-20 17:32:09,2026-02-20 17:32:09
1100.0,7,95,17.0,1,26285.694157922582,54680.377057696045,65.0,33.0,15.516304969787598,715,2026-02-20 17:32:09,2026-02-20 17:32:09
1100.0,8,3,5.666439056396484,2,-3714.305842077416,51337.51415097309,0.0,25.709223244276057,5.516304969787598,717,2026-02-20 17:40:55,2026-02-20 17:40:55
1100.0,8,4,6.8005242347717285,77,903.2516760484856,54152.19856555639,10.004707955939454,31.848043853183274,5.516304969787598,718,2026-02-20 17:40:55,2026-02-20 17:40:55
1100.0,8,19,6.0,2,2747.232619461046,75162.34287966008,14.0,77.67112307417275,5.516304969787598,729,2026-02-20 17:40:55,2026-02-20 17:40:55
1100.0,8,42,5.7580485343933105,2,15686.629893494202,76688.65201917081,42.03536076040517,81.0,5.516304969787598,749,2026-02-20 17:40:55,2026-02-20 17:40:55
1100.0,8,57,6.750183582305908,1,26285.694157922582,63850.49162497719,65.0,53.0,5.516304969787598,761,2026-02-20 17:40:55,2026-02-20 17:40:55
1100.0,8,60,11.376412391662598,2,-3486.863655840268,62016.46871152097,0.4927914035138205,49.0,10.516304969787598,763,2026-02-20 17:40:55,2026-02-20 17:40:55
1100.0,8,66,10.718130111694336,6,3161.575363196117,46797.15678656883,14.897742611425988,15.806713671267653,10.516304969787598,768,2026-02-20 17:40:55,2026-02-20 17:40:55
1100.0,8,69,11.050386428833008,9,6788.383858978064,65178.033850871,22.755827685620208,55.895366717948015,10.516304969787598,771,2026-02-20 17:40:55,2026-02-20 17:40:55
1100.0,8,71,10.744121551513672,2,8747.232619461045,46389.71519693561,27.0,14.918084447185848,10.516304969787598,773,2026-02-20 17:40:55,2026-02-20 17:40:55
1100.0,8,73,8.314510345458984,17,10983.95569394509,54920.79394833022,31.846233328048765,33.52434871750016,10.516304969787598,775,2026-02-20 17:40:55,2026-02-20 17:40:55
1100.0,8,81,10.323164939880371,7,12463.044764408562,63749.86744939575,35.05092631405295,52.780538891105095,10.516304969787598,783,2026-02-20 17:40:55,2026-02-20 17:40:55
1100.0,8,94,10.689848899841309,4,23406.439290865317,72437.06192325639,58.76161445470925,71.72729121382183,10.516304969787598,794,2026-02-20 17:40:55,2026-02-20 17:40:55
1100.0,8,95,11.0,1,23516.463388691816,84941.75512972384,59.0,99.0,10.516304969787598,795,2026-02-20 17:40:55,2026-02-20 17:40:55
1100.0,8,97,15.641441345214844,1,3208.771080999507,61099.45725479285,15.0,47.0,15.516304969787598,796,2026-02-20 17:40:55,2026-02-20 17:40:55
1100.0,8,98,19.1614990234375,10,13714.731236080079,68813.6391568249,37.76291366934124,63.82461401203458,15.516304969787598,797,2026-02-20 17:40:55,2026-02-20 17:40:55
1100.0,8,99,16.0242919921875,1,20285.694157922582,61099.45725479285,52.0,47.0,15.516304969787598,798,2026-02-20 17:40:55,2026-02-20 17:40:55
1100.0,9,3,3.9680936336517334,13,-2793.667318690714,50898.56009475894,1.994716800671188,24.75186539886737,5.516304969787598,801,2026-02-20 17:49:34,2026-02-20 17:49:34
1100.0,9,47,7.715272903442383,1,20747.232619461043,57889.917156244446,53.0,40.0,5.516304969787598,831,2026-02-20 17:49:34,2026-02-20 17:49:34
1100.0,9,50,7.692236423492432,6,24391.35587004064,88807.25971597385,60.895600376255786,107.43065712623064,5.516304969787598,832,2026-02-20 17:49:34,2026-02-20 17:49:34
1100.0,9,57,10.799873352050781,1,-3714.305842077416,59723.94006970068,0.0,44.0,10.516304969787598,837,2026-02-20 17:49:34,2026-02-20 17:49:34
1100.0,9,62,10.60281753540039,2,3144.494109650308,46821.92506311515,14.860733228743403,15.860733228743403,10.516304969787598,841,2026-02-20 17:49:34,2026-02-20 17:49:34
1100.0,9,63,11.106334686279297,2,2758.7585805508907,49178.30831732735,14.024972915694663,21.0,10.516304969787598,842,2026-02-20 17:49:34,2026-02-20 17:49:34
1100.0,9,67,11.468097686767578,3,7498.576858789324,53171.57294063501,24.29457918521127,29.709301490202915,10.516304969787598,846,2026-02-20 17:49:34,2026-02-20 17:49:34
1100.0,9,74,9.281933784484863,8,10700.941021038763,60179.703193016816,31.233034870085053,44.994018384333614,10.516304969787598,853,2026-02-20 17:49:34,2026-02-20 17:49:34
1100.0,9,81,11.533833503723145,1,13824.155696384123,51012.33123078358,38.0,25.0,10.516304969787598,860,2026-02-20 17:49:34,2026-02-20 17:49:34
1100.0,9,84,11.733948707580566,11,14547.469342515817,75846.45563107675,39.56717956661867,79.16317150256988,10.516304969787598,863,2026-02-20 17:49:34,2026-02-20 17:49:34
1100.0,9,86,14.03814697265625,1,23516.463388691816,64308.997353341256,59.0,54.0,10.516304969787598,865,2026-02-20 17:49:34,2026-02-20 17:49:34
1100.0,9,87,12.654792785644531,2,23775.5741335982,76230.14629080675,59.561406613963825,80.0,10.516304969787598,866,2026-02-20 17:49:34,2026-02-20 17:49:34
1100.0,9,88,11.214282989501953,1,23978.001850230277,70269.571822074,60.0,67.0,10.516304969787598,867,2026-02-20 17:49:34,2026-02-20 17:49:34
1100.0,9,92,18.762863159179688,4,2903.4803930780668,57490.09186767297,14.338536842836879,39.127981912029654,15.516304969787598,870,2026-02-20 17:49:34,2026-02-20 17:49:34
1100.0,10,6,6.661251544952393,7,-2500.096121000323,40461.12074645379,2.6307877290003683,1.9878327976918126,5.516304969787598,875,2026-02-20 17:58:20,2026-02-20 17:58:20
1100.0,10,15,7.664246082305908,9,1516.5413297341347,48882.922654290545,11.333502205591692,20.355764509004636,5.516304969787598,883,2026-02-20 17:58:20,2026-02-20 17:58:20
1100.0,10,26,8.631635665893555,9,5037.095947040081,74679.26522160684,18.96137054308791,76.61753174876696,5.516304969787598,893,2026-02-20 17:58:20,2026-02-20 17:58:20
1100.0,10,27,6.742635726928711,30,6943.701593736154,49165.47189759845,23.092349444262734,20.97200379638723,5.516304969787598,894,2026-02-20 17:58:20,2026-02-20 17:58:20
1100.0,10,37,8.054972648620605,3,12439.540311768738,72029.56859356076,35.0,70.83854914477602,5.516304969787598,904,2026-02-20 17:58:20,2026-02-20 17:58:20
1100.0,10,43,5.4549078941345215,4,17438.606207515248,69008.27813982024,45.8313094407841,64.24912121217318,5.516304969787598,909,2026-02-20 17:58:20,2026-02-20 17:58:20
1100.0,10,46,3.6548686027526855,4,18405.372950101028,68022.68503744424,47.92597071638663,62.09954479162863,5.516304969787598,912,2026-02-20 17:58:20,2026-02-20 17:58:20
1100.0,10,54,5.518183708190918,4,20416.343766514427,65596.9100838318,52.283074151948995,56.808934874348886,5.516304969787598,920,2026-02-20 17:58:20,2026-02-20 17:58:20
1100.0,10,57,6.709769248962402,1,21670.309542537972,81273.70930281139,55.0,91.0,5.516304969787598,923,2026-02-20 17:58:20,2026-02-20 17:58:20
1100.0,10,59,6.357123374938965,1,23054.924927153355,79898.19211771921,58.0,88.0,5.516304969787598,924,2026-02-20 17:58:20,2026-02-20 17:58:20
1100.0,10,62,6.919699668884277,2,25824.15569638412,92925.16607730938,64.0,116.41180197697909,5.516304969787598,926,2026-02-20 17:58:20,2026-02-20 17:58:20
1100.0,10,67,11.047394752502441,3,-3460.564418106763,64693.575408202494,0.5497730852697489,54.83876390428842,10.516304969787598,930,2026-02-20 17:58:20,2026-02-20 17:58:20
1100.0,10,68,11.585243225097656,7,3148.0821891504584,61815.54422914375,14.868507400993728,48.56178413932993,10.516304969787598,931,2026-02-20 17:58:20,2026-02-20 17:58:20
1100.0,10,71,11.929610252380371,3,8333.392432667706,57579.933863857965,26.103346261947763,39.32392711102543,10.516304969787598,934,2026-02-20 17:58:20,2026-02-20 17:58:20
1100.0,10,77,12.930788040161133,9,14191.17020300213,59218.91238048981,38.79519809767235,42.89853570420419,10.516304969787598,940,2026-02-20 17:58:20,2026-02-20 17:58:20
1100.0,10,79,12.59384822845459,10,14655.647401635173,79862.91470528307,39.80156536137728,87.9230600399214,10.516304969787598,942,2026-02-20 17:58:20,2026-02-20 17:58:20
1100.0,10,83,11.785728454589844,1,23054.924927153355,73479.11192062241,58.0,74.0,10.516304969787598,946,2026-02-20 17:58:20,2026-02-20 17:58:20
1100.0,10,84,10.909976959228516,1,24901.0787733072,71186.5832788021,62.0,69.0,10.516304969787598,947,2026-02-20 17:58:20,2026-02-20 17:58:20
1100.0,11,2,8.976472854614258,5,-3671.637129120634,56794.50795194099,0.09244887807302683,37.61091489911837,5.516304969787598,949,2026-02-20 18:06:58,2026-02-20 18:06:58
1100.0,11,3,8.493123054504395,1,-3714.305842077416,66601.52599516153,0.0,59.0,5.516304969787598,950,2026-02-20 18:06:58,2026-02-20 18:06:58
1100.0,11,5,7.959582328796387,1,-3252.7673805389545,67518.53745188966,1.0,61.0,5.516304969787598,952,2026-02-20 18:06:58,2026-02-20 18:06:58
1100.0,11,12,5.327454566955566,9,338.70647296466643,53771.73221615071,8.781526682591178,31.01824756958356,5.516304969787598,958,2026-02-20 18:06:58,2026-02-20 18:06:58
1100.0,11,24,8.252923011779785,5,2907.896809525011,74270.63820612532,14.348105745138591,75.72631711347879,5.516304969787598,968,2026-02-20 18:06:58,2026-02-20 18:06:58
1100.0,11,43,2.289418935775757,11,15618.565090969589,83107.58175412347,41.88788702160184,94.99967184238967,5.516304969787598,984,2026-02-20 18:06:58,2026-02-20 18:06:58
1100.0,11,51,7.748383045196533,2,18572.372188362475,78981.18066099109,48.28780239928643,86.0,5.516304969787598,992,2026-02-20 18:06:58,2026-02-20 18:06:58
1100.0,11,65,6.187277793884277,7,26017.031829435564,76468.96954630228,64.41789828827812,80.52087300271613,5.516304969787598,1005,2026-02-20 18:06:58,2026-02-20 18:06:58
1100.0,11,66,5.664862155914307,1,25362.61723484566,88609.80095663629,63.0,107.0,5.516304969787598,1006,2026-02-20 18:06:58,2026-02-20 18:06:58
1100.0,11,67,8.0,1,25824.15569638412,87234.28377154413,64.0,104.0,5.516304969787598,1007,2026-02-20 18:06:58,2026-02-20 18:06:58
1100.0,11,71,12.014415740966797,1,-1868.1519959235698,44593.25103368678,4.0,11.0,10.516304969787598,1010,2026-02-20 18:06:58,2026-02-20 18:06:58
1100.0,11,75,10.540704727172852,1,4593.386465614893,67518.53745188966,18.0,61.0,10.516304969787598,1013,2026-02-20 18:06:58,2026-02-20 18:06:58
1100.0,11,76,10.069870948791504,3,7287.838483600133,53333.78436169168,23.837979372301355,30.06308424802241,10.516304969787598,1014,2026-02-20 18:06:58,2026-02-20 18:06:58
1100.0,11,80,13.201218605041504,5,10174.491127802268,63100.46193798303,30.092393434739318,51.36418687794751,10.516304969787598,1018,2026-02-20 18:06:58,2026-02-20 18:06:58
1100.0,11,85,13.243443489074707,6,15611.920107051134,63855.36850636668,41.873489556445186,53.01063646774248,10.516304969787598,1023,2026-02-20 18:06:58,2026-02-20 18:06:58
1100.0,11,88,10.916441917419434,1,19362.61723484566,70728.07755043806,50.0,68.0,10.516304969787598,1026,2026-02-20 18:06:58,2026-02-20 18:06:58
1100.0,11,90,18.14081382751465,1,5054.924927153354,61099.45725479285,19.0,47.0,15.516304969787598,1027,2026-02-20 18:06:58,2026-02-20 18:06:58
1100.0,12,5,7.041654586791992,1,-2329.690457462031,40466.69947841026,3.0,2.0,5.516304969787598,1032,2026-02-20 18:15:37,2026-02-20 18:15:37
1100.0,12,6,7.534579277038574,12,-1004.8409052223358,47937.12786837529,5.8705073631860065,18.292988130419708,5.516304969787598,1033,2026-02-20 18:15:37,2026-02-20 18:15:37
1100.0,12,17,6.056103706359863,4,5811.144338804903,72076.64077094574,20.63847539191169,70.9412134616493,5.516304969787598,1042,2026-02-20 18:15:37,2026-02-20 18:15:37
1100.0,12,36,8.803525924682617,10,25030.795541897307,71928.95924999712,62.2810529986119,70.6191203844798,5.516304969787598,1056,2026-02-20 18:15:37,2026-02-20 18:15:37
1100.0,12,38,7.050360679626465,4,24641.30350518057,76928.78738110399,61.43715358572564,81.52373470401338,5.516304969787598,1057,2026-02-20 18:15:37,2026-02-20 18:15:37
1100.0,12,42,7.882184982299805,2,26041.54682381084,92277.84678354877,64.47101410942456,115.0,5.516304969787598,1061,2026-02-20 18:15:37,2026-02-20 18:15:37
1100.0,12,54,10.991796493530273,1,8747.232619461045,50553.825502419524,27.0,24.0,10.516304969787598,1071,2026-02-20 18:15:37,2026-02-20 18:15:37
1100.0,12,64,10.527724266052246,5,21389.56112643038,61477.579673610824,54.391711765100226,47.824684176067144,10.516304969787598,1079,2026-02-20 18:15:37,2026-02-20 18:15:37
1100.0,12,68,15.779696464538574,2,5471.943140063439,64767.503081705305,19.903539461305186,55.0,15.516304969787598,1082,2026-02-20 18:15:37,2026-02-20 18:15:37
1100.0,12,69,18.35576057434082,1,9670.309542537969,56514.39997115228,29.0,37.0,15.516304969787598,1083,2026-02-20 18:15:37,2026-02-20 18:15:37
1100.0,12,70,16.123615264892578,1,17516.463388691816,68435.54890861777,46.0,63.0,15.516304969787598,1084,2026-02-20 18:15:37,2026-02-20 18:15:37
1100.0,13,1,5.57511043548584,3,-3468.874041681717,48887.7846355057,0.531768900857348,20.366368479499172,5.516304969787598,1085,2026-02-20 18:24:23,2026-02-20 18:24:23
1100.0,13,15,7.722092628479004,30,4703.647036375145,56450.33334709815,18.23889790331388,36.86027083176755,5.516304969787598,1098,2026-02-20 18:24:23,2026-02-20 18:24:23
1100.0,13,19,10.270111083984375,8,6714.418393988422,77410.90834950305,22.59556917814265,82.57523949135651,5.516304969787598,1101,2026-02-20 18:24:23,2026-02-20 18:24:23
1100.0,13,26,6.932229995727539,6,9745.605889974491,54104.8478629324,29.163142086112465,31.744772073367283,5.516304969787598,1108,2026-02-20 18:24:23,2026-02-20 18:24:23
1100.0,13,32,6.166837215423584,11,15476.587535014083,69408.31189721303,41.58026898369825,65.1215939701911,5.516304969787598,1113,2026-02-20 18:24:23,2026-02-20 18:24:23
1100.0,13,33,6.310701847076416,1,15670.30954253797,57889.917156244446,42.0,40.0,5.516304969787598,1114,2026-02-20 18:24:23,2026-02-20 18:24:23
1100.0,13,40,8.205240249633789,13,20309.911958984536,72545.19428785153,52.0524719023009,71.96312766668568,5.516304969787598,1120,2026-02-20 18:24:23,2026-02-20 18:24:23
1100.0,13,48,5.7917633056640625,1,26285.694157922582,83566.23794463166,65.0,96.0,5.516304969787598,1128,2026-02-20 18:24:23,2026-02-20 18:24:23
1100.0,13,53,12.254287719726562,4,3842.3587203436114,62466.731675464944,16.372773218578892,49.98202254866154,10.516304969787598,1132,2026-02-20 18:24:23,2026-02-20 18:24:23
1100.0,13,55,7.09727144241333,4,6409.145191259979,62052.57653506463,21.934143905564355,49.07875108490465,10.516304969787598,1134,2026-02-20 18:24:23,2026-02-20 18:24:23
1100.0,13,57,11.385370254516602,5,14707.004484826684,62871.047525224785,39.91283904162555,50.86383454085284,10.516304969787598,1136,2026-02-20 18:24:23,2026-02-20 18:24:23
1100.0,13,59,11.326478004455566,2,19362.61723484566,66056.59638072857,50.0,57.81150969176051,10.516304969787598,1138,2026-02-20 18:24:23,2026-02-20 18:24:23
1100.0,13,60,10.818354606628418,2,23934.757027074174,66143.02026679748,59.90630288316178,58.0,10.516304969787598,1139,2026-02-20 18:24:23,2026-02-20 18:24:23
1100.0,14,1,5.704110622406006,1,-3714.305842077416,66143.02026679748,0.0,58.0,5.516304969787598,1140,2026-02-20 18:33:09,2026-02-20 18:33:09
1100.0,14,2,7.5044732093811035,1,-3252.7673805389545,45968.76821877895,1.0,14.0,5.516304969787598,1141,2026-02-20 18:33:09,2026-02-20 18:33:09
1100.0,14,3,5.841733932495117,1,-2329.690457462031,59265.434341336615,3.0,43.0,5.516304969787598,1142,2026-02-20 18:33:09,2026-02-20 18:33:09
1100.0,14,4,5.707706928253174,1,-2329.690457462031,60640.95152642879,3.0,46.0,5.516304969787598,1143,2026-02-20 18:33:09,2026-02-20 18:33:09
1100.0,14,15,6.834244251251221,2,3208.771080999507,49037.899348080275,15.0,20.693768342332266,5.516304969787598,1152,2026-02-20 18:33:09,2026-02-20 18:33:09
1100.0,14,25,6.0,1,10131.84800407643,52387.84841587576,30.0,28.0,5.516304969787598,1160,2026-02-20 18:33:09,2026-02-20 18:33:09
1100.0,14,43,4.664944648742676,14,24899.92318558846,74062.15670422683,61.9974962266094,75.27161940960853,5.516304969787598,1175,2026-02-20 18:33:09,2026-02-20 18:33:09
1100.0,14,48,10.638967514038086,1,3670.309542537969,74854.62910571457,16.0,77.0,10.516304969787598,1179,2026-02-20 18:33:09,2026-02-20 18:33:09
1100.0,14,55,10.043058395385742,3,18537.826573529994,68727.36468037375,48.212953567149384,63.63644956584767,10.516304969787598,1184,2026-02-20 18:33:09,2026-02-20 18:33:09
1100.0,14,57,15.614619255065918,1,4593.386465614893,61099.45725479285,18.0,47.0,15.516304969787598,1185,2026-02-20 18:33:09,2026-02-20 18:33:09
1100.0,14,59,20.30776023864746,12,15816.155740735061,59359.64959173781,42.316000096093696,43.205483256964655,15.516304969787598,1187,2026-02-20 18:33:09,2026-02-20 18:33:09
1100.0,15,1,5.535824298858643,1,-3714.305842077416,59265.434341336615,0.0,43.0,5.516304969787598,1188,2026-02-20 18:41:47,2026-02-20 18:41:47
1100.0,15,9,7.7293314933776855,4,3035.644856503407,72871.10837972163,14.62489318025845,72.6739455948127,5.516304969787598,1196,2026-02-20 18:41:47,2026-02-20 18:41:47
1100.0,15,13,6.621406555175781,15,5255.303744547068,57576.81470917839,19.43415410435305,39.317124241428345,5.516304969787598,1200,2026-02-20 18:41:47,2026-02-20 18:41:47
1100.0,15,15,6.305865287780762,16,5041.921931568578,66289.74421063578,18.971826842899652,58.3200046035669,5.516304969787598,1202,2026-02-20 18:41:47,2026-02-20 18:41:47
1100.0,15,20,6.523460388183594,1,7362.617234845662,78522.67493262704,24.0,85.0,5.516304969787598,1207,2026-02-20 18:41:47,2026-02-20 18:41:47
1100.0,15,31,7.033173084259033,5,23490.66755865596,72566.17538699605,58.94410903492231,72.00888739845477,5.516304969787598,1215,2026-02-20 18:41:47,2026-02-20 18:41:47
1100.0,15,36,5.71649169921875,2,25897.40428649814,79439.68638935515,64.15870527858037,87.0,5.516304969787598,1220,2026-02-20 18:41:47,2026-02-20 18:41:47
1100.0,15,39,12.054394721984863,1,10593.386465614893,56055.894242788214,31.0,36.0,10.516304969787598,1222,2026-02-20 18:41:47,2026-02-20 18:41:47
1100.0,15,42,11.418792724609375,1,17516.463388691816,72103.59473553023,46.0,71.0,10.516304969787598,1224,2026-02-20 18:41:47,2026-02-20 18:41:47
1100.0,15,45,24.606863021850586,62,16906.341150070864,62907.074585612085,44.67806848298793,50.94240948148847,15.516304969787598,1226,2026-02-20 18:41:47,2026-02-20 18:41:47
1100.0,16,1,4.965549945831299,2,-3513.8308654368684,48979.15064609678,0.43436244938785357,20.565637550612145,5.516304969787598,1227,2026-02-20 18:50:24,2026-02-20 18:50:24
1100.0,16,9,7.1824846267700195,2,1646.2250682029278,69811.06609370995,11.614483638940744,66.0,5.516304969787598,1234,2026-02-20 18:50:24,2026-02-20 18:50:24
1100.0,16,16,5.731011867523193,2,7258.8516516621985,69811.06609370995,23.775174569769163,66.0,5.516304969787598,1239,2026-02-20 18:50:24,2026-02-20 18:50:24
1100.0,16,23,5.6989216804504395,1,24901.0787733072,76688.65201917081,62.0,81.0,5.516304969787598,1245,2026-02-20 18:50:24,2026-02-20 18:50:24
1100.0,16,25,15.5,1,-1868.1519959235698,58806.92861297256,4.0,42.0,10.516304969787598,1246,2026-02-20 18:50:24,2026-02-20 18:50:24
1100.0,16,26,11.534010887145996,2,3670.309542537969,62390.31994145748,16.0,49.815368722372156,10.516304969787598,1247,2026-02-20 18:50:24,2026-02-20 18:50:24
1100.0,16,27,15.24886703491211,1,5978.001850230277,57889.917156244446,21.0,40.0,10.516304969787598,1248,2026-02-20 18:50:24,2026-02-20 18:50:24
1100.0,16,31,21.743131637573242,56,18172.139619406917,67923.33146602148,47.42063183321605,61.88285486765048,15.516304969787598,1250,2026-02-20 18:50:24,2026-02-20 18:50:24
1100.0,17,2,4.687373161315918,2,-2939.1306254463548,48408.22671648644,1.6795463027006328,19.320453697299367,5.516304969787598,1251,2026-02-20 18:59:03,2026-02-20 18:59:03
1100.0,17,4,2.148242473602295,4,365.63411518608837,59063.54806120817,8.839869907404259,42.55968646051866,5.516304969787598,1253,2026-02-20 18:59:03,2026-02-20 18:59:03
1100.0,17,6,7.505690097808838,14,2382.207045188481,64804.156432413154,13.209111255742776,55.0799408784676,5.516304969787598,1255,2026-02-20 18:59:03,2026-02-20 18:59:03
1100.0,17,10,5.69573450088501,2,4520.319853969227,45437.67599376623,17.841689008101056,12.841689008101056,5.516304969787598,1259,2026-02-20 18:59:03,2026-02-20 18:59:03
1100.0,17,11,7.092017650604248,1,4593.386465614893,39549.688021682145,18.0,0.0,5.516304969787598,1260,2026-02-20 18:59:03,2026-02-20 18:59:03
1100.0,17,16,5.637073993682861,1,6901.078773307199,59265.434341336615,23.0,43.0,5.516304969787598,1265,2026-02-20 18:59:03,2026-02-20 18:59:03
1100.0,17,17,5.727548599243164,1,8747.232619461045,61099.45725479285,27.0,47.0,5.516304969787598,1266,2026-02-20 18:59:03,2026-02-20 18:59:03
1100.0,17,19,5.135541915893555,3,15202.174811236453,67001.83799585016,40.985708082180054,59.87307960604318,5.516304969787598,1268,2026-02-20 18:59:03,2026-02-20 18:59:03
1100.0,17,26,18.216896057128906,1,-3714.305842077416,41842.21666350243,0.0,5.0,15.516304969787598,1270,2026-02-20 18:59:03,2026-02-20 18:59:03
1100.0,17,27,17.27762794494629,15,19478.8831648474,71317.19369498974,50.25190951500377,69.2848610346781,15.516304969787598,1271,2026-02-20 18:59:03,2026-02-20 18:59:03
1100.0,18,1,6.117096900939941,1,-1868.1519959235698,44134.74530532272,4.0,10.0,5.516304969787598,1272,2026-02-20 19:07:41,2026-02-20 19:07:41
1100.0,18,2,9.017403602600098,5,-782.9422098473696,53428.22043152123,6.351287869831767,30.26904911168179,5.516304969787598,1273,2026-02-20 19:07:41,2026-02-20 19:07:41
1100.0,18,10,9.0,1,3208.771080999507,73020.60619225835,15.0,73.0,5.516304969787598,1280,2026-02-20 19:07:41,2026-02-20 19:07:41
1100.0,18,12,5.9911789894104,1,4593.386465614893,53304.85987260387,18.0,30.0,5.516304969787598,1282,2026-02-20 19:07:41,2026-02-20 19:07:41
1100.0,18,15,5.871379375457764,2,6144.098968151227,46427.27394714301,21.359877088828725,15.0,5.516304969787598,1285,2026-02-20 19:07:41,2026-02-20 19:07:41
1100.0,18,20,9.196349143981934,1,12901.078773307201,53304.85987260387,36.0,30.0,5.516304969787598,1289,2026-02-20 19:07:41,2026-02-20 19:07:41
1100.0,18,21,5.192292213439941,4,15164.103437776721,71594.4539726619,40.90322010635063,69.8895650994701,5.516304969787598,1290,2026-02-20 19:07:41,2026-02-20 19:07:41
1100.0,18,22,7.141816139221191,4,16161.895459884598,69849.88719083491,43.065102820917694,66.08466872870592,5.516304969787598,1291,2026-02-20 19:07:41,2026-02-20 19:07:41
1100.0,18,27,11.255961418151855,2,2285.694157922584,59187.90121191123,13.0,42.83090041273416,10.516304969787598,1294,2026-02-20 19:07:41,2026-02-20 19:07:41
1100.0,18,28,13.238397598266602,1,10593.386465614893,62933.48016824908,31.0,51.0,10.516304969787598,1295,2026-02-20 19:07:41,2026-02-20 19:07:41
1100.0,18,29,11.786445617675781,17,20831.999342221116,76411.81610378304,53.18366123264682,80.3962214684307,10.516304969787598,1296,2026-02-20 19:07:41,2026-02-20 19:07:41
1100.0,19,1,5.876841068267822,2,-3567.4637122485274,48719.8025889633,0.3181579479625923,20.0,5.516304969787598,1300,2026-02-20 19:17:35,2026-02-20 19:17:35
1100.0,19,11,7.487775802612305,8,2077.9183777654434,59446.75337575226,12.549819142992861,43.395456421150044,5.516304969787598,1310,2026-02-20 19:17:35,2026-02-20 19:17:35
1100.0,19,12,6.256478786468506,2,2123.699660545253,43676.23957695866,12.649011922349116,9.0,5.516304969787598,1311,2026-02-20 19:17:35,2026-02-20 19:17:35
1100.0,19,18,6.438665866851807,3,4801.391671891965,65910.68942697207,18.45067794693366,57.49328694179161,5.516304969787598,1317,2026-02-20 19:17:35,2026-02-20 19:17:35
1100.0,19,24,5.985123634338379,4,8431.585215143157,46337.940364372436,26.316097290644574,14.805163649559368,5.516304969787598,1323,2026-02-20 19:17:35,2026-02-20 19:17:35
1100.0,19,25,8.366698265075684,3,8285.694157922584,57761.210767817705,26.0,39.71929164574243,5.516304969787598,1324,2026-02-20 19:17:35,2026-02-20 19:17:35
1100.0,19,29,5.607362270355225,1,15208.771080999506,62474.974439885016,41.0,50.0,5.516304969787598,1327,2026-02-20 19:17:35,2026-02-20 19:17:35
1100.0,19,30,7.620899200439453,1,17054.924927153355,64308.997353341256,45.0,54.0,5.516304969787598,1328,2026-02-20 19:17:35,2026-02-20 19:17:35
1100.0,19,32,5.7556538581848145,1,18439.54031176874,67518.53745188966,48.0,61.0,5.516304969787598,1330,2026-02-20 19:17:35,2026-02-20 19:17:35
1100.0,19,38,13.5,1,15208.771080999506,54680.377057696045,41.0,33.0,10.516304969787598,1333,2026-02-20 19:17:35,2026-02-20 19:17:35
1100.0,19,39,10.720442771911621,1,21208.771080999504,78522.67493262704,54.0,85.0,10.516304969787598,1334,2026-02-20 19:17:35,2026-02-20 19:17:35
1100.0,19,40,10.808412551879883,1,21670.309542537972,80356.69784608326,55.0,89.0,10.516304969787598,1335,2026-02-20 19:17:35,2026-02-20 19:17:35
1100.0,19,43,19.885290145874023,1,23516.463388691816,62933.48016824908,59.0,51.0,15.516304969787598,1336,2026-02-20 19:17:35,2026-02-20 19:17:35
1100.0,20,5,5.147686004638672,3,1798.6342591635446,53853.4864718091,11.944703552688747,31.196553424016578,5.516304969787598,1341,2026-02-20 19:26:21,2026-02-20 19:26:21
1100.0,20,7,6.815573692321777,2,2285.694157922584,62338.75198896954,13.0,49.70289912974148,5.516304969787598,1343,2026-02-20 19:26:21,2026-02-20 19:26:21
1100.0,20,10,5.728410720825195,3,4513.828227212954,53561.74778346135,17.8276238167958,30.56027197691522,5.516304969787598,1346,2026-02-20 19:26:21,2026-02-20 19:26:21
1100.0,20,13,5.804475784301758,1,5516.4633886918145,66601.52599516153,20.0,59.0,5.516304969787598,1349,2026-02-20 19:26:21,2026-02-20 19:26:21
1100.0,20,20,3.8043313026428223,3,16240.890379343613,60967.38141263197,43.23625847974556,46.71194287444975,5.516304969787598,1356,2026-02-20 19:26:21,2026-02-20 19:26:21
1100.0,20,22,5.997138023376465,2,17978.001850230277,71053.23386960824,47.0,68.70916522751055,5.516304969787598,1358,2026-02-20 19:26:21,2026-02-20 19:26:21
1100.0,20,24,7.07882833480835,14,22926.13991421288,83254.8162195687,57.720965805295634,95.32078989247505,5.516304969787598,1360,2026-02-20 19:26:21,2026-02-20 19:26:21
1100.0,21,1,6.0,1,-483.536611308185,40925.20520677432,7.0,3.0,5.516304969787598,1361,2026-02-20 19:35:08,2026-02-20 19:35:08
1100.0,21,4,7.167945384979248,4,1862.7972894302914,61459.82240694332,12.083723451600031,47.78595561594454,5.516304969787598,1364,2026-02-20 19:35:08,2026-02-20 19:35:08
1100.0,21,6,7.166713714599609,3,2553.054384749352,53304.85987260387,13.579280491457997,30.0,5.516304969787598,1366,2026-02-20 19:35:08,2026-02-20 19:35:08
1100.0,21,11,7.6655592918396,6,4651.272094252502,66352.94677513323,18.125418862048154,58.45784925977865,5.516304969787598,1371,2026-02-20 19:35:08,2026-02-20 19:35:08
1100.0,21,15,6.634546279907227,3,8492.032575630408,62967.69434249139,26.447066571700287,51.074621039881855,5.516304969787598,1375,2026-02-20 19:35:08,2026-02-20 19:35:08
1100.0,21,17,6.129622459411621,1,10131.84800407643,45968.76821877895,30.0,14.0,5.516304969787598,1376,2026-02-20 19:35:08,2026-02-20 19:35:08
1100.0,21,19,6.019258975982666,1,14285.694157922584,44593.25103368678,39.0,11.0,5.516304969787598,1378,2026-02-20 19:35:08,2026-02-20 19:35:08
1100.0,21,20,8.5,1,15208.771080999506,55597.38851442416,41.0,35.0,5.516304969787598,1379,2026-02-20 19:35:08,2026-02-20 19:35:08
1100.0,21,21,4.971469879150391,3,16333.667457735086,64291.703858408895,43.437275482927085,53.96228292502677,5.516304969787598,1380,2026-02-20 19:35:08,2026-02-20 19:35:08
1100.0,21,23,10.999999046325684,1,9670.309542537969,56514.39997115228,29.0,37.0,10.516304969787598,1381,2026-02-20 19:35:08,2026-02-20 19:35:08
1100.0,22,9,5.775125026702881,5,2565.145808647472,64686.81406850254,13.60547857657059,54.82401743705436,5.516304969787598,1388,2026-02-20 19:43:46,2026-02-20 19:43:46
1100.0,22,21,6.040425777435303,3,8445.734835467338,61001.67796723632,26.346754801346968,46.78674358572268,5.516304969787598,1399,2026-02-20 19:43:46,2026-02-20 19:43:46
1100.0,22,26,2.1301116943359375,3,15303.516190661503,62288.561507771505,41.205281070934326,49.59343379900916,5.516304969787598,1403,2026-02-20 19:43:46,2026-02-20 19:43:46
1100.0,22,27,7.592351913452148,2,15670.30954253797,54333.067759087535,42.0,32.242519172339016,5.516304969787598,1404,2026-02-20 19:43:46,2026-02-20 19:43:46
1100.0,22,36,8.458466529846191,4,18168.202303536837,68246.10724364557,47.41210098216421,62.58682813920751,5.516304969787598,1413,2026-02-20 19:43:46,2026-02-20 19:43:46
1100.0,22,41,10.885380744934082,1,2747.232619461046,59265.434341336615,14.0,43.0,10.516304969787598,1416,2026-02-20 19:43:46,2026-02-20 19:43:46
1100.0,22,42,15.5,1,8747.232619461045,49178.30831732735,27.0,21.0,10.516304969787598,1417,2026-02-20 19:43:46,2026-02-20 19:43:46
1100.0,22,44,19.29391098022461,2,-3714.305842077416,42205.79157574561,0.0,5.792956095751317,15.516304969787598,1418,2026-02-20 19:43:46,2026-02-20 19:43:46
1100.0,23,1,8.39686107635498,3,-3644.71809044625,48749.08340346043,0.15077346186752694,20.06386139296798,5.516304969787598,1419,2026-02-20 19:52:24,2026-02-20 19:52:24
1100.0,23,13,5.791100978851318,1,7362.617234845662,47344.28540387112,24.0,17.0,5.516304969787598,1428,2026-02-20 19:52:24,2026-02-20 19:52:24
1100.0,23,20,9.47036361694336,1,16131.848004076432,55138.8827860601,43.0,34.0,5.516304969787598,1433,2026-02-20 19:52:24,2026-02-20 19:52:24
1100.0,23,28,12.249481201171875,1,3208.771080999507,62016.46871152097,15.0,49.0,10.516304969787598,1438,2026-02-20 19:52:24,2026-02-20 19:52:24
1100.0,23,29,10.77499008178711,1,3670.309542537969,55138.8827860601,16.0,34.0,10.516304969787598,1439,2026-02-20 19:52:24,2026-02-20 19:52:24
1100.0,23,31,10.621503829956055,1,11978.001850230277,62474.974439885016,34.0,50.0,10.516304969787598,1440,2026-02-20 19:52:24,2026-02-20 19:52:24
1100.0,23,32,12.703478813171387,1,20285.694157922582,65226.00881006937,52.0,56.0,10.516304969787598,1441,2026-02-20 19:52:24,2026-02-20 19:52:24
1100.0,23,34,17.5,1,-483.536611308185,41383.71093513838,7.0,4.0,15.516304969787598,1442,2026-02-20 19:52:24,2026-02-20 19:52:24
1100.0,23,35,17.04131317138672,2,9670.309542537969,56679.65087928277,29.0,37.36041187254108,15.516304969787598,1443,2026-02-20 19:52:24,2026-02-20 19:52:24
1400.0,0,5,2.047788143157959,2,-526.2679330635905,73980.06818656487,6.907415469529955,75.09258453047005,6.2827277183532715,4,2026-02-20 16:30:58,2026-02-20 16:30:58
1400.0,0,19,7.443857192993164,11,11706.698223017724,40067.66542769152,33.4121754743728,1.1297076000718942,6.2827277183532715,18,2026-02-20 16:30:58,2026-02-20 16:30:58
1400.0,0,38,8.647099494934082,33,18800.652767879732,49229.69709988649,48.78241032157382,21.112078823404225,6.2827277183532715,36,2026-02-20 16:30:58,2026-02-20 16:30:58
1400.0,0,59,8.5,20,24877.896299371765,57084.344576487754,61.949771306473224,38.24304794919147,6.2827277183532715,57,2026-02-20 16:30:58,2026-02-20 16:30:58
1400.0,0,61,7.866001605987549,1,23978.001850230277,89068.30668500037,60.0,108.0,6.2827277183532715,58,2026-02-20 16:30:58,2026-02-20 16:30:58
1400.0,0,74,13.195178031921387,3,-1644.3807908789565,58879.20012233689,4.484837610929995,42.15762400531439,11.282727718353271,69,2026-02-20 16:30:58,2026-02-20 16:30:58
1400.0,0,89,12.058807373046875,10,4280.628090014031,41865.73721294775,17.3223568528648,5.051298267372236,11.282727718353271,83,2026-02-20 16:30:58,2026-02-20 16:30:58
1400.0,0,105,10.476597785949707,10,9440.3487453248,49590.93727010777,28.501751606038134,21.89994285186506,11.282727718353271,97,2026-02-20 16:30:58,2026-02-20 16:30:58
1400.0,0,117,12.003778457641602,2,16266.272495598752,62016.46871152097,43.29125306496503,49.0,11.282727718353271,109,2026-02-20 16:30:58,2026-02-20 16:30:58
1400.0,0,130,11.929240226745605,6,25127.656009331557,62729.258066720235,62.49091734471944,50.55459203910602,11.282727718353271,121,2026-02-20 16:30:58,2026-02-20 16:30:58
1400.0,0,133,16.647165298461914,2,-970.2873875715891,46427.27394714301,5.945373318095958,15.0,16.28272771835327,123,2026-02-20 16:30:58,2026-02-20 16:30:58
1400.0,0,134,16.614627838134766,1,3208.771080999507,51470.83695914764,15.0,26.0,16.28272771835327,124,2026-02-20 16:30:58,2026-02-20 16:30:58
1400.0,0,135,17.026098251342773,1,5054.924927153354,77605.66347589891,19.0,83.0,16.28272771835327,125,2026-02-20 16:30:58,2026-02-20 16:30:58
1400.0,0,136,16.493873596191406,1,8747.232619461045,57889.917156244446,27.0,40.0,16.28272771835327,126,2026-02-20 16:30:58,2026-02-20 16:30:58
1400.0,0,138,21.135547637939453,6,26033.184414938427,68598.27632190542,64.45289555686766,63.354908135757114,16.28272771835327,128,2026-02-20 16:30:58,2026-02-20 16:30:58
1400.0,1,6,6.829246997833252,2,-3252.7673805389545,68792.46544471354,1.0,63.77843419180223,6.2827277183532715,132,2026-02-20 16:39:43,2026-02-20 16:39:43
1400.0,1,23,5.933775424957275,11,11641.623137237315,41715.16785727703,33.271179455181915,4.722906828931641,6.2827277183532715,148,2026-02-20 16:39:43,2026-02-20 16:39:43
1400.0,1,43,6.440787315368652,2,18901.0787733072,43034.161095632044,49.0,7.59962822358284,6.2827277183532715,167,2026-02-20 16:39:43,2026-02-20 16:39:43
1400.0,1,83,13.206135749816895,8,4342.295977459879,71207.92071231647,17.45597060899747,69.04653689625754,11.282727718353271,200,2026-02-20 16:39:43,2026-02-20 16:39:43
1400.0,1,84,11.700360298156738,3,4527.897328484942,78078.48845116263,17.858106869551772,84.03123024645896,11.282727718353271,201,2026-02-20 16:39:43,2026-02-20 16:39:43
1400.0,1,101,11.336540222167969,2,11516.463388691815,66585.87729753125,33.0,58.96587022437841,11.282727718353271,216,2026-02-20 16:39:43,2026-02-20 16:39:43
1400.0,1,103,12.0,1,12901.078773307201,47344.28540387112,36.0,17.0,11.282727718353271,218,2026-02-20 16:39:43,2026-02-20 16:39:43
1400.0,1,108,11.511947631835938,1,15670.30954253797,71186.5832788021,42.0,69.0,11.282727718353271,223,2026-02-20 16:39:43,2026-02-20 16:39:43
1400.0,1,110,12.921929359436035,9,17127.79289320421,65455.39757277345,45.157880593110185,56.500296394382104,11.282727718353271,225,2026-02-20 16:39:43,2026-02-20 16:39:43
1400.0,1,113,13.248634338378906,5,19636.915304434664,53644.20132616552,50.59431248410951,30.740102974879772,11.282727718353271,228,2026-02-20 16:39:43,2026-02-20 16:39:43
1400.0,1,116,11.569748878479004,5,20617.23144544845,61035.50911164212,52.71833078963938,46.86052923836111,11.282727718353271,231,2026-02-20 16:39:43,2026-02-20 16:39:43
1400.0,1,128,11.509577751159668,2,26232.14411497611,76230.14629080675,64.8839749069493,80.0,11.282727718353271,241,2026-02-20 16:39:43,2026-02-20 16:39:43
1400.0,1,131,17.307710647583008,2,-2616.3141063283547,41383.71093513838,2.3789820941229665,4.0,16.28272771835327,243,2026-02-20 16:39:43,2026-02-20 16:39:43
1400.0,1,132,19.0,3,-21.998149769723568,46229.354472162246,8.0,14.568338053949871,16.28272771835327,244,2026-02-20 16:39:43,2026-02-20 16:39:43
1400.0,1,133,16.774755477905273,5,2749.7706339722386,51008.61945918314,14.005499031440918,24.991904634182685,16.28272771835327,245,2026-02-20 16:39:43,2026-02-20 16:39:43
1400.0,1,134,15.101524353027344,5,3415.8673316301583,61342.19558157382,15.448708543033078,47.529411764705884,16.28272771835327,246,2026-02-20 16:39:43,2026-02-20 16:39:43
1400.0,1,142,16.72749137878418,2,22593.386465614894,72490.59434790492,57.0,71.84404531597782,16.28272771835327,254,2026-02-20 16:39:43,2026-02-20 16:39:43
1400.0,2,17,8.859366416931152,16,6662.2110494494855,81261.96053717064,22.482453264974954,90.9743759675966,6.2827277183532715,268,2026-02-20 16:48:29,2026-02-20 16:48:29
1400.0,2,22,5.243691444396973,2,10044.476779265633,74024.41476430465,29.810695679576607,75.18930432042339,6.2827277183532715,273,2026-02-20 16:48:29,2026-02-20 16:48:29
1400.0,2,77,11.77405834197998,18,4316.417374238119,76409.33221316575,17.39990030201699,80.39080410837687,11.282727718353271,319,2026-02-20 16:48:29,2026-02-20 16:48:29
1400.0,2,80,11.935482025146484,2,4593.386465614893,70890.14313582962,18.0,68.35346469054991,11.282727718353271,322,2026-02-20 16:48:29,2026-02-20 16:48:29
1400.0,2,87,14.202221870422363,28,10139.477953838232,56689.65475978111,30.01653155781724,37.382230314229965,11.282727718353271,329,2026-02-20 16:48:29,2026-02-20 16:48:29
1400.0,2,94,8.968886375427246,4,11170.32252440001,48244.76991993501,32.250028127367756,18.963954778224494,11.282727718353271,336,2026-02-20 16:48:29,2026-02-20 16:48:29
1400.0,2,98,12.320779800415039,21,17089.139878262784,69901.77295091272,45.07413239407043,66.19783145900143,11.282727718353271,340,2026-02-20 16:48:29,2026-02-20 16:48:29
1400.0,2,100,13.109187126159668,8,17538.235368357375,56699.33337028013,46.04717262260871,37.40333934275522,11.282727718353271,342,2026-02-20 16:48:29,2026-02-20 16:48:29
1400.0,2,105,15.0,9,20600.204331091616,61557.03916249678,52.68143870853291,47.997985149142146,11.282727718353271,347,2026-02-20 16:48:29,2026-02-20 16:48:29
1400.0,2,106,12.276277542114258,9,20835.053916420435,65908.7762331434,53.190279476745346,57.48911427019709,11.282727718353271,348,2026-02-20 16:48:29,2026-02-20 16:48:29
1400.0,2,113,12.998497009277344,1,22593.386465614894,47802.79113223518,57.0,18.0,11.282727718353271,355,2026-02-20 16:48:29,2026-02-20 16:48:29
1400.0,2,114,12.961124420166016,1,22593.386465614894,48719.8025889633,57.0,20.0,11.282727718353271,356,2026-02-20 16:48:29,2026-02-20 16:48:29
1400.0,2,123,12.500000953674316,2,25362.61723484566,54702.09673856531,63.0,33.04737057691026,11.282727718353271,365,2026-02-20 16:48:29,2026-02-20 16:48:29
1400.0,2,125,11.912397384643555,6,26119.04829579394,72015.84118548645,64.63893396538793,70.80860969751265,11.282727718353271,367,2026-02-20 16:48:29,2026-02-20 16:48:29
1400.0,2,128,18.432174682617188,1,-2329.690457462031,45510.26249041489,3.0,13.0,16.28272771835327,369,2026-02-20 16:48:29,2026-02-20 16:48:29
1400.0,2,130,16.457258224487305,5,3493.8631676097457,55528.11363696229,15.61769952098885,34.84891164237132,16.28272771835327,371,2026-02-20 16:48:29,2026-02-20 16:48:29
1400.0,2,131,17.54938316345215,1,3670.309542537969,62016.46871152097,16.0,49.0,16.28272771835327,372,2026-02-20 16:48:29,2026-02-20 16:48:29
1400.0,2,132,16.64043426513672,1,4131.848004076431,61099.45725479285,17.0,47.0,16.28272771835327,373,2026-02-20 16:48:29,2026-02-20 16:48:29
1400.0,3,27,7.779125690460205,26,11294.96829830561,66659.18599930365,32.52009397082989,59.125756344087236,6.2827277183532715,394,2026-02-20 16:57:07,2026-02-20 16:57:07
1400.0,3,45,6.57938289642334,1,20747.232619461043,44134.74530532272,53.0,10.0,6.2827277183532715,412,2026-02-20 16:57:07,2026-02-20 16:57:07
1400.0,3,51,12.236858367919922,5,-3513.510642968404,51540.468999356046,0.43505626473619224,26.15186732880493,11.282727718353271,417,2026-02-20 16:57:07,2026-02-20 16:57:07
1400.0,3,61,13.995302200317383,12,3486.9938711163454,67104.18345134286,15.60281604525315,60.096294822694574,11.282727718353271,423,2026-02-20 16:57:07,2026-02-20 16:57:07
1400.0,3,63,11.341931343078613,1,4131.848004076431,80356.69784608326,17.0,89.0,11.282727718353271,425,2026-02-20 16:57:07,2026-02-20 16:57:07
1400.0,3,72,12.98471736907959,17,9844.976492076812,50703.43391607402,29.37844505733416,24.32629562598552,11.282727718353271,434,2026-02-20 16:57:07,2026-02-20 16:57:07
1400.0,3,84,14.798129081726074,18,17591.106733595643,77176.25490038181,46.16172724729162,82.06346082730693,11.282727718353271,446,2026-02-20 16:57:07,2026-02-20 16:57:07
1400.0,3,85,11.973296165466309,37,19883.294142960774,60346.02247059703,51.12813330091608,45.3567603683294,11.282727718353271,447,2026-02-20 16:57:07,2026-02-20 16:57:07
1400.0,3,87,12.000000953674316,1,19362.61723484566,53304.85987260387,50.0,30.0,11.282727718353271,449,2026-02-20 16:57:07,2026-02-20 16:57:07
1400.0,3,89,11.342568397521973,1,20747.232619461043,54221.87132933199,53.0,32.0,11.282727718353271,451,2026-02-20 16:57:07,2026-02-20 16:57:07
1400.0,3,98,11.880264282226562,1,23978.001850230277,53304.85987260387,60.0,30.0,11.282727718353271,459,2026-02-20 16:57:07,2026-02-20 16:57:07
1400.0,3,105,16.35002899169922,1,1824.155696384123,41383.71093513838,12.0,4.0,16.28272771835327,464,2026-02-20 16:57:07,2026-02-20 16:57:07
1400.0,3,106,21.208087921142578,2,1824.155696384123,48970.61741481056,12.0,20.54702659166804,16.28272771835327,465,2026-02-20 16:57:07,2026-02-20 16:57:07
1400.0,3,113,22.24373435974121,32,11183.443870255658,61488.26676800666,32.278457710054994,47.84799270578599,16.28272771835327,472,2026-02-20 16:57:07,2026-02-20 16:57:07
1400.0,3,115,18.328372955322266,2,22131.848004076433,70458.53733897574,56.0,67.41213338288263,16.28272771835327,474,2026-02-20 16:57:07,2026-02-20 16:57:07
1400.0,3,116,16.29075050354004,2,24899.106244034323,63391.985896613136,61.99572618657543,52.0,16.28272771835327,475,2026-02-20 16:57:07,2026-02-20 16:57:07
1400.0,4,3,8.487586975097656,15,-3302.778317459092,50146.545358125666,0.891642970006369,23.111722887853492,6.2827277183532715,477,2026-02-20 17:05:52,2026-02-20 17:05:52
1400.0,4,15,9.049975395202637,41,5530.122837497623,74398.1070753844,20.029595472412584,76.0043264411133,6.2827277183532715,488,2026-02-20 17:05:52,2026-02-20 17:05:52
1400.0,4,22,6.882364273071289,4,8742.833751980033,82158.09393462149,26.990469120457806,92.92884096555477,6.2827277183532715,495,2026-02-20 17:05:52,2026-02-20 17:05:52
1400.0,4,26,8.492777824401855,3,11824.831223794801,72269.88220297589,33.6681303093898,71.36267260616125,6.2827277183532715,499,2026-02-20 17:05:52,2026-02-20 17:05:52
1400.0,4,53,12.095364570617676,5,-3612.7647041779132,44947.609846092404,0.22000579878225573,11.772855801976501,11.282727718353271,521,2026-02-20 17:05:52,2026-02-20 17:05:52
1400.0,4,58,8.70495891571045,4,3729.5058622206398,47075.84305682985,16.128258692645787,16.414527822805894,11.282727718353271,525,2026-02-20 17:05:52,2026-02-20 17:05:52
1400.0,4,72,12.103301048278809,4,10194.786777687137,51118.5365249514,30.1363673428232,25.23163351643775,11.282727718353271,537,2026-02-20 17:05:52,2026-02-20 17:05:52
1400.0,4,76,11.817694664001465,2,16892.417154799463,77605.66347589891,44.647899826566565,83.0,11.282727718353271,540,2026-02-20 17:05:52,2026-02-20 17:05:52
1400.0,4,77,12.44616985321045,2,17301.39849195196,78981.18066099109,45.53402605706365,86.0,11.282727718353271,541,2026-02-20 17:05:52,2026-02-20 17:05:52
1400.0,4,91,13.661372184753418,11,23608.108094396295,65158.90121272966,59.19856352902637,55.853638475621345,11.282727718353271,555,2026-02-20 17:05:52,2026-02-20 17:05:52
1400.0,4,92,11.819634437561035,34,25306.02359347234,70380.0248920424,62.87738044369114,67.24089790625409,11.282727718353271,556,2026-02-20 17:05:52,2026-02-20 17:05:52
1400.0,4,93,10.682751655578613,3,24138.66311554811,75743.76022580554,60.34809940818864,78.93919304620987,11.282727718353271,557,2026-02-20 17:05:52,2026-02-20 17:05:52
1400.0,4,94,13.128256797790527,7,25425.80172534683,57572.90634242335,63.136899729419206,39.30860010200487,11.282727718353271,558,2026-02-20 17:05:52,2026-02-20 17:05:52
1400.0,4,99,16.84265899658203,3,2726.87908881904,54950.29890959121,13.955900683608988,33.588698974074426,16.28272771835327,562,2026-02-20 17:05:52,2026-02-20 17:05:52
1400.0,4,103,19.1708984375,6,5332.294575837987,64325.789245345484,19.60096757215004,54.03662308007392,16.28272771835327,566,2026-02-20 17:05:52,2026-02-20 17:05:52
1400.0,4,105,16.990554809570312,1,10593.386465614893,56514.39997115228,31.0,37.0,16.28272771835327,568,2026-02-20 17:05:52,2026-02-20 17:05:52
1400.0,4,106,18.009090423583984,41,11325.04286373796,66524.13897293864,32.58525552926665,58.83121907222618,16.28272771835327,569,2026-02-20 17:05:52,2026-02-20 17:05:52
1400.0,5,2,6.331889629364014,1,-3714.305842077416,61099.45725479285,0.0,47.0,6.2827277183532715,570,2026-02-20 17:14:38,2026-02-20 17:14:38
1400.0,5,3,7.193541049957275,1,-3714.305842077416,63391.985896613136,0.0,52.0,6.2827277183532715,571,2026-02-20 17:14:38,2026-02-20 17:14:38
1400.0,5,10,7.284956932067871,8,3709.802985268735,75834.38174612974,16.08556912591666,79.13683838566406,6.2827277183532715,578,2026-02-20 17:14:38,2026-02-20 17:14:38
1400.0,5,56,12.986903190612793,5,16492.615010129135,68761.9652518935,43.78166184644752,63.71191333735431,11.282727718353271,615,2026-02-20 17:14:38,2026-02-20 17:14:38
1400.0,5,64,11.599949836730957,3,19972.86968505904,78512.3295800625,51.322213642128986,84.97743680847469,11.282727718353271,622,2026-02-20 17:14:38,2026-02-20 17:14:38
1400.0,5,80,18.938718795776367,2,2896.870789184419,59265.434341336615,14.324216034400642,43.0,16.28272771835327,634,2026-02-20 17:14:38,2026-02-20 17:14:38
1400.0,5,81,16.61104965209961,2,3670.309542537969,55879.52247992073,16.0,35.61533356737597,16.28272771835327,635,2026-02-20 17:14:38,2026-02-20 17:14:38
1400.0,5,82,16.5,1,5054.924927153354,63850.49162497719,19.0,53.0,16.28272771835327,636,2026-02-20 17:14:38,2026-02-20 17:14:38
1400.0,5,83,15.432164192199707,6,10951.810302398888,75666.75634090179,31.776584979698658,78.77124774009887,16.28272771835327,637,2026-02-20 17:14:38,2026-02-20 17:14:38
1400.0,5,84,18.160350799560547,9,11139.265912312338,56579.475889056106,32.1827388011778,37.14193043593156,16.28272771835327,638,2026-02-20 17:14:38,2026-02-20 17:14:38
1400.0,5,85,16.437166213989258,2,10819.058822348881,62933.48016824908,31.488956772923643,51.0,16.28272771835327,639,2026-02-20 17:14:38,2026-02-20 17:14:38
1400.0,5,87,16.328594207763672,1,19362.61723484566,61099.45725479285,50.0,47.0,16.28272771835327,641,2026-02-20 17:14:38,2026-02-20 17:14:38
1400.0,5,89,17.685819625854492,2,24439.54031176874,69565.5424879543,61.0,65.46451354788594,16.28272771835327,643,2026-02-20 17:14:38,2026-02-20 17:14:38
1400.0,5,90,13.897102355957031,4,25697.43664070391,64209.183048653955,63.7254420460262,53.78230521777027,16.28272771835327,644,2026-02-20 17:14:38,2026-02-20 17:14:38
1400.0,6,4,8.011310577392578,4,-3676.406953701906,61189.5996494807,0.08211425814693822,47.19660036747955,6.2827277183532715,646,2026-02-20 17:23:24,2026-02-20 17:23:24
1400.0,6,35,9.014622688293457,6,18072.633878588924,80146.3875537755,47.205036061443735,88.54131370821001,6.2827277183532715,672,2026-02-20 17:23:24,2026-02-20 17:23:24
1400.0,6,41,13.864823341369629,4,-3377.505154826306,45716.293466465024,0.7297348223774052,13.449353112305166,11.282727718353271,677,2026-02-20 17:23:24,2026-02-20 17:23:24
1400.0,6,43,12.259989738464355,2,-3714.305842077416,52429.3092721646,0.0,28.0904260377221,11.282727718353271,679,2026-02-20 17:23:24,2026-02-20 17:23:24
1400.0,6,52,11.967188835144043,2,5318.748143665726,73937.61764898646,19.571616969110142,75.0,11.282727718353271,685,2026-02-20 17:23:24,2026-02-20 17:23:24
1400.0,6,63,11.661681175231934,3,12158.964827520203,67437.17173287222,34.39208645079484,60.82254154313895,11.282727718353271,694,2026-02-20 17:23:24,2026-02-20 17:23:24
1400.0,6,65,12.120673179626465,11,17519.955375505022,73213.36659192595,46.00756597142861,73.42041001397162,11.282727718353271,696,2026-02-20 17:23:24,2026-02-20 17:23:24
1400.0,6,82,17.0,1,3208.771080999507,46885.77967550707,15.0,16.0,16.28272771835327,709,2026-02-20 17:23:24,2026-02-20 17:23:24
1400.0,6,83,16.40772819519043,1,4593.386465614893,55138.8827860601,18.0,34.0,16.28272771835327,710,2026-02-20 17:23:24,2026-02-20 17:23:24
1400.0,6,84,16.6403865814209,2,4768.33772852935,63850.49162497719,18.379061069647992,53.0,16.28272771835327,711,2026-02-20 17:23:24,2026-02-20 17:23:24
1400.0,6,85,17.397783279418945,1,5516.4633886918145,54680.377057696045,20.0,33.0,16.28272771835327,712,2026-02-20 17:23:24,2026-02-20 17:23:24
1400.0,6,87,14.623261451721191,5,10932.003869181086,78357.98063143773,31.733671041060088,84.64080208599155,16.28272771835327,714,2026-02-20 17:23:24,2026-02-20 17:23:24
1400.0,6,88,24.312034606933594,50,12628.0948112388,61293.72028963717,35.4085347488518,47.4236872580359,16.28272771835327,715,2026-02-20 17:23:24,2026-02-20 17:23:24
1400.0,6,90,17.978309631347656,2,22131.848004076433,70914.14581626991,56.0,68.40581448457743,16.28272771835327,717,2026-02-20 17:23:24,2026-02-20 17:23:24
1400.0,6,91,16.331621170043945,1,24439.54031176874,63391.985896613136,61.0,52.0,16.28272771835327,718,2026-02-20 17:23:24,2026-02-20 17:23:24
1400.0,6,92,16.712234497070312,1,24901.0787733072,64308.997353341256,62.0,54.0,16.28272771835327,719,2026-02-20 17:23:24,2026-02-20 17:23:24
1400.0,6,93,17.77142906188965,2,25074.291855647047,71645.08900716617,62.375295011736334,70.0,16.28272771835327,720,2026-02-20 17:23:24,2026-02-20 17:23:24
1400.0,6,94,16.655872344970703,1,25824.15569638412,62474.974439885016,64.0,50.0,16.28272771835327,721,2026-02-20 17:23:24,2026-02-20 17:23:24
1400.0,7,13,9.4396333694458,12,2076.234095333905,42267.59800244568,12.546169864391194,5.927755778452324,6.2827277183532715,730,2026-02-20 17:32:09,2026-02-20 17:32:09
1400.0,7,19,9.501212120056152,9,5465.851814898805,78711.28154580267,19.890341590115145,85.41135061463373,6.2827277183532715,735,2026-02-20 17:32:09,2026-02-20 17:32:09
1400.0,7,26,7.097959041595459,1,10131.84800407643,46427.27394714301,30.0,15.0,6.2827277183532715,741,2026-02-20 17:32:09,2026-02-20 17:32:09
1400.0,7,31,9.0,2,12235.039214984134,84024.74367299573,34.55691429030002,97.0,6.2827277183532715,744,2026-02-20 17:32:09,2026-02-20 17:32:09
1400.0,7,37,7.944700241088867,8,17315.43227926109,76596.8464604263,45.56443259623343,80.7997722753169,6.2827277183532715,750,2026-02-20 17:32:09,2026-02-20 17:32:09
1400.0,7,38,7.387443542480469,8,17498.687932421835,78374.8905007398,45.96148651141504,84.67768247429638,6.2827277183532715,751,2026-02-20 17:32:09,2026-02-20 17:32:09
1400.0,7,52,15.17948055267334,7,-3459.8745238768583,57563.363519292776,0.5512678561012082,39.287787225435956,11.282727718353271,764,2026-02-20 17:32:09,2026-02-20 17:32:09
1400.0,7,53,11.425895690917969,1,-2791.228919000493,40925.20520677432,2.0,3.0,11.282727718353271,765,2026-02-20 17:32:09,2026-02-20 17:32:09
1400.0,7,54,13.495055198669434,3,-2697.12061508438,48555.20118785646,2.2039013251515778,19.641004700870077,11.282727718353271,766,2026-02-20 17:32:09,2026-02-20 17:32:09
1400.0,7,64,11.013859748840332,3,5231.864999098948,68128.4429119825,19.383370155882123,62.33020248682385,11.282727718353271,775,2026-02-20 17:32:09,2026-02-20 17:32:09
1400.0,7,76,11.78870964050293,2,11697.86261260015,74117.82491276578,33.393031651801394,75.3930316518014,11.282727718353271,785,2026-02-20 17:32:09,2026-02-20 17:32:09
1400.0,7,80,11.698446273803711,1,20285.694157922582,61099.45725479285,52.0,47.0,11.282727718353271,789,2026-02-20 17:32:09,2026-02-20 17:32:09
1400.0,7,87,13.240647315979004,11,25717.814150232472,72733.16642599565,63.769593316671425,72.37309449265055,11.282727718353271,795,2026-02-20 17:32:09,2026-02-20 17:32:09
1400.0,7,90,16.89312171936035,1,1824.155696384123,58806.92861297256,12.0,42.0,16.28272771835327,797,2026-02-20 17:32:09,2026-02-20 17:32:09
1400.0,7,91,17.700613021850586,5,10785.278374789747,58552.98530755899,31.415765803212185,41.44615020117713,16.28272771835327,798,2026-02-20 17:32:09,2026-02-20 17:32:09
1400.0,7,92,20.494556427001953,79,13299.348904213824,66080.37203029128,36.86291861696435,57.863364331935976,16.28272771835327,799,2026-02-20 17:32:09,2026-02-20 17:32:09
1400.0,7,93,17.160398483276367,3,22131.848004076433,66852.3180074655,56.0,59.54697683537953,16.28272771835327,800,2026-02-20 17:32:09,2026-02-20 17:32:09
1400.0,8,17,8.270289421081543,6,5805.8333076595545,72759.87838036485,20.626968157763436,72.43135320724615,6.2827277183532715,811,2026-02-20 17:40:55,2026-02-20 17:40:55
1400.0,8,25,8.828310012817383,2,10181.709029123767,45968.76821877895,30.108032220935897,14.0,6.2827277183532715,816,2026-02-20 17:40:55,2026-02-20 17:40:55
1400.0,8,44,6.591879844665527,1,23054.924927153355,86317.27231481601,58.0,102.0,6.2827277183532715,835,2026-02-20 17:40:55,2026-02-20 17:40:55
1400.0,8,46,7.577470779418945,1,23978.001850230277,86775.77804318006,60.0,103.0,6.2827277183532715,837,2026-02-20 17:40:55,2026-02-20 17:40:55
1400.0,8,57,14.992130279541016,10,1962.8803404457788,54302.63225346508,12.300570062133588,32.176139400528854,11.282727718353271,846,2026-02-20 17:40:55,2026-02-20 17:40:55
1400.0,8,60,12.525025367736816,1,5054.924927153354,78522.67493262704,19.0,85.0,11.282727718353271,848,2026-02-20 17:40:55,2026-02-20 17:40:55
1400.0,8,65,14.273614883422852,14,10454.863325109807,56201.749616178815,30.69986652890565,36.31811025330263,11.282727718353271,853,2026-02-20 17:40:55,2026-02-20 17:40:55
1400.0,8,69,11.214212417602539,5,12331.529542623415,63796.803160866024,34.7659766668518,52.882905576114105,11.282727718353271,857,2026-02-20 17:40:55,2026-02-20 17:40:55
1400.0,8,73,11.556272506713867,2,15208.771080999506,77814.46869484088,41.0,83.45540373004057,11.282727718353271,860,2026-02-20 17:40:55,2026-02-20 17:40:55
1400.0,8,74,11.864583969116211,5,16932.869229443666,64038.03193919254,44.73554598829568,53.40902501891194,11.282727718353271,861,2026-02-20 17:40:55,2026-02-20 17:40:55
1400.0,8,87,17.608291625976562,1,-3252.7673805389545,45510.26249041489,1.0,13.0,16.28272771835327,872,2026-02-20 17:40:55,2026-02-20 17:40:55
1400.0,8,88,17.29977798461914,3,4001.844271608756,62362.09801180513,16.71832524632004,49.75381675495608,16.28272771835327,873,2026-02-20 17:40:55,2026-02-20 17:40:55
1400.0,8,89,15.885862350463867,58,13796.532418217912,71239.88933507998,37.94014956397321,69.11626039323014,16.28272771835327,874,2026-02-20 17:40:55,2026-02-20 17:40:55
1400.0,8,90,19.740116119384766,2,23054.924927153355,71276.19657181877,58.0,69.19544639788124,16.28272771835327,875,2026-02-20 17:40:55,2026-02-20 17:40:55
1400.0,9,4,6.904037952423096,1,-3714.305842077416,65684.51453843343,0.0,57.0,6.2827277183532715,879,2026-02-20 17:49:34,2026-02-20 17:49:34
1400.0,9,20,8.595582008361816,5,6037.362842755914,79351.32963367534,21.128615483805547,86.8072941073276,6.2827277183532715,893,2026-02-20 17:49:34,2026-02-20 17:49:34
1400.0,9,42,6.325892448425293,1,25362.61723484566,89526.81241336442,63.0,109.0,6.2827277183532715,911,2026-02-20 17:49:34,2026-02-20 17:49:34
1400.0,9,45,13.378506660461426,6,-3560.5342717897875,60517.43004224918,0.33317173562319546,45.730599910669966,11.282727718353271,913,2026-02-20 17:49:34,2026-02-20 17:49:34
1400.0,9,48,12.10712718963623,1,2747.232619461046,49178.30831732735,14.0,21.0,11.282727718353271,915,2026-02-20 17:49:34,2026-02-20 17:49:34
1400.0,9,50,11.28937816619873,1,3670.309542537969,49636.81404569141,16.0,22.0,11.282727718353271,917,2026-02-20 17:49:34,2026-02-20 17:49:34
1400.0,9,51,11.877280235290527,3,4907.867631169833,71645.08900716617,18.68137585870237,70.0,11.282727718353271,918,2026-02-20 17:49:34,2026-02-20 17:49:34
1400.0,9,53,11.45866870880127,1,7362.617234845662,52846.35414423981,24.0,29.0,11.282727718353271,920,2026-02-20 17:49:34,2026-02-20 17:49:34
1400.0,9,54,11.290889739990234,2,7822.392820021864,64308.997353341256,24.99618043454844,54.0,11.282727718353271,921,2026-02-20 17:49:34,2026-02-20 17:49:34
1400.0,9,66,13.161869049072266,7,17264.12036137948,70435.17207060984,45.4532567741566,67.36117378320813,11.282727718353271,931,2026-02-20 17:49:34,2026-02-20 17:49:34
1400.0,9,70,13.562749862670898,20,24610.944078668635,71241.8612838829,61.37137482828311,69.12056120929617,11.282727718353271,935,2026-02-20 17:49:34,2026-02-20 17:49:34
1400.0,9,73,14.05994701385498,5,24044.135342351678,77179.11486628647,60.1432892329297,82.06969840674756,11.282727718353271,938,2026-02-20 17:49:34,2026-02-20 17:49:34
1400.0,9,78,16.326744079589844,9,2627.329075509923,58060.00898201859,13.7402089881059,40.370969903431806,16.28272771835327,942,2026-02-20 17:49:34,2026-02-20 17:49:34
1400.0,9,79,17.80684471130371,22,14264.622327348929,74708.20607029086,38.954344367090414,76.68065167703325,16.28272771835327,943,2026-02-20 17:49:34,2026-02-20 17:49:34
1400.0,9,82,19.000001907348633,1,14285.694157922584,57431.41142788039,39.0,39.0,16.28272771835327,946,2026-02-20 17:49:34,2026-02-20 17:49:34
1400.0,10,3,7.297072887420654,5,-3459.3568718090496,53169.47607097146,0.5523894355814601,29.704728222010544,6.2827277183532715,950,2026-02-20 17:58:20,2026-02-20 17:58:20
1400.0,10,5,9.39054012298584,17,-3524.405845136064,64088.96033880369,0.4114499933729301,53.52009974810424,6.2827277183532715,951,2026-02-20 17:58:20,2026-02-20 17:58:20
1400.0,10,10,7.240606307983398,1,-1406.6135343851083,41383.71093513838,5.0,4.0,6.2827277183532715,956,2026-02-20 17:58:20,2026-02-20 17:58:20
1400.0,10,61,11.513036727905273,2,1661.461063058911,56972.90569951633,11.647494961128707,38.0,11.282727718353271,993,2026-02-20 17:58:20,2026-02-20 17:58:20
1400.0,10,63,12.418746948242188,1,3208.771080999507,49178.30831732735,15.0,21.0,11.282727718353271,995,2026-02-20 17:58:20,2026-02-20 17:58:20
1400.0,10,67,11.807385444641113,3,4209.487243940467,65932.92537807622,17.168218353038746,57.54178350296543,11.282727718353271,999,2026-02-20 17:58:20,2026-02-20 17:58:20
1400.0,10,68,11.897795677185059,3,4881.089271923841,64250.94616431849,18.623356080336055,53.873390482535754,11.282727718353271,1000,2026-02-20 17:58:20,2026-02-20 17:58:20
1400.0,10,69,14.430747985839844,11,5667.355781766441,75239.37770826365,20.326933518328357,77.83913586842601,11.282727718353271,1001,2026-02-20 17:58:20,2026-02-20 17:58:20
1400.0,10,76,12.35149097442627,6,14497.30913030605,60195.94853512057,39.45849910683084,45.02944944025896,11.282727718353271,1007,2026-02-20 17:58:20,2026-02-20 17:58:20
1400.0,10,81,12.170577049255371,1,15670.30954253797,66601.52599516153,42.0,59.0,11.282727718353271,1010,2026-02-20 17:58:20,2026-02-20 17:58:20
1400.0,10,84,14.426490783691406,6,23441.47466160412,74914.88676003032,58.83752442464332,77.13142181348694,11.282727718353271,1013,2026-02-20 17:58:20,2026-02-20 17:58:20
1400.0,10,87,12.08201789855957,2,25184.481531680256,95487.38688209717,62.61403930980829,122.0,11.282727718353271,1016,2026-02-20 17:58:20,2026-02-20 17:58:20
1400.0,10,93,18.5,1,8747.232619461045,57889.917156244446,27.0,40.0,16.28272771835327,1021,2026-02-20 17:58:20,2026-02-20 17:58:20
1400.0,10,94,17.3948917388916,3,14803.968163775657,78352.99759415867,40.12292701268166,84.62993409248392,16.28272771835327,1022,2026-02-20 17:58:20,2026-02-20 17:58:20
1400.0,11,2,7.212802410125732,2,-3703.939815527154,51012.33123078358,0.0224597241922338,25.0,6.2827277183532715,1026,2026-02-20 18:06:58,2026-02-20 18:06:58
1400.0,11,3,8.206361770629883,13,-3054.606136146464,57861.707802341305,1.4293493628503964,39.9384754602657,6.2827277183532715,1027,2026-02-20 18:06:58,2026-02-20 18:06:58
1400.0,11,5,8.198552131652832,1,-3252.7673805389545,67518.53745188966,1.0,61.0,6.2827277183532715,1029,2026-02-20 18:06:58,2026-02-20 18:06:58
1400.0,11,7,8.812198638916016,5,-2110.906203655128,44402.32066578452,3.474032549914957,10.583581281343001,6.2827277183532715,1031,2026-02-20 18:06:58,2026-02-20 18:06:58
1400.0,11,38,7.9982781410217285,13,15447.293121080964,54940.888647537766,41.51679775350982,33.56817521292749,6.2827277183532715,1057,2026-02-20 18:06:58,2026-02-20 18:06:58
1400.0,11,53,6.888476371765137,8,20133.91278807462,57670.13820101599,51.671140365329414,39.52066257489818,6.2827277183532715,1068,2026-02-20 18:06:58,2026-02-20 18:06:58
1400.0,11,65,6.577624797821045,1,25824.15569638412,60182.44579806473,64.0,45.0,6.2827277183532715,1079,2026-02-20 18:06:58,2026-02-20 18:06:58
1400.0,11,66,9.567623138427734,2,26053.037259625056,95487.38688209717,64.49591005368869,122.0,6.2827277183532715,1080,2026-02-20 18:06:58,2026-02-20 18:06:58
1400.0,11,71,14.029792785644531,11,5884.940436784889,78292.26198650878,20.798366937534993,84.49746986381095,11.282727718353271,1083,2026-02-20 18:06:58,2026-02-20 18:06:58
1400.0,11,73,14.445162773132324,4,7036.221573882719,53338.259954130626,23.29280940124696,30.072845505433325,11.282727718353271,1085,2026-02-20 18:06:58,2026-02-20 18:06:58
1400.0,11,81,12.25127124786377,4,15429.264960339335,78689.97777318774,41.477736738569625,85.3648871327249,11.282727718353271,1092,2026-02-20 18:06:58,2026-02-20 18:06:58
1400.0,11,82,14.699737548828125,9,15520.039553224564,64453.45715165477,41.67441502315429,54.31506650708367,11.282727718353271,1093,2026-02-20 18:06:58,2026-02-20 18:06:58
1400.0,11,85,12.781570434570312,1,19362.61723484566,70269.571822074,50.0,67.0,11.282727718353271,1096,2026-02-20 18:06:58,2026-02-20 18:06:58
1400.0,11,87,11.322132110595703,1,20285.694157922582,74854.62910571457,52.0,77.0,11.282727718353271,1098,2026-02-20 18:06:58,2026-02-20 18:06:58
1400.0,11,88,11.368311882019043,1,23516.463388691816,73937.61764898646,59.0,75.0,11.282727718353271,1099,2026-02-20 18:06:58,2026-02-20 18:06:58
1400.0,11,90,16.430971145629883,1,5054.924927153354,61557.962983156904,19.0,48.0,16.28272771835327,1100,2026-02-20 18:06:58,2026-02-20 18:06:58
1400.0,11,91,18.648666381835938,1,6901.078773307199,63391.985896613136,23.0,52.0,16.28272771835327,1101,2026-02-20 18:06:58,2026-02-20 18:06:58
1400.0,12,9,7.914215564727783,7,-1152.3940701479567,48373.03253947231,5.550808839180495,19.243695273495817,6.2827277183532715,1110,2026-02-20 18:15:37,2026-02-20 18:15:37
1400.0,12,10,5.742055892944336,6,-978.5730697867725,63714.83168233869,5.927421006629727,52.70412595907463,6.2827277183532715,1111,2026-02-20 18:15:37,2026-02-20 18:15:37
1400.0,12,30,8.0,4,9863.210623044464,52170.72140299607,29.417952341097408,27.526446455414213,6.2827277183532715,1125,2026-02-20 18:15:37,2026-02-20 18:15:37
1400.0,12,52,7.4737420082092285,10,25581.1080803608,92934.08652660987,63.473396831949465,116.43125745757325,6.2827277183532715,1145,2026-02-20 18:15:37,2026-02-20 18:15:37
1400.0,12,59,10.111356735229492,4,791.8704125058135,57945.144889067145,9.76338188493033,40.12045156561021,11.282727718353271,1150,2026-02-20 18:15:37,2026-02-20 18:15:37
1400.0,12,66,12.0,1,5516.4633886918145,79439.68638935515,20.0,87.0,11.282727718353271,1155,2026-02-20 18:15:37,2026-02-20 18:15:37
1400.0,12,67,13.655973434448242,3,8547.112125054558,75334.5863568388,26.56640559545261,78.0467857246554,11.282727718353271,1156,2026-02-20 18:15:37,2026-02-20 18:15:37
1400.0,12,76,10.606842041015625,3,21534.7305106458,61532.03423897952,54.706245430900296,47.94344946513559,11.282727718353271,1163,2026-02-20 18:15:37,2026-02-20 18:15:37
1400.0,12,77,11.702146530151367,4,23448.35540144756,67258.23498629808,58.852432694304106,60.432280886608915,11.282727718353271,1164,2026-02-20 18:15:37,2026-02-20 18:15:37
1400.0,12,82,12.904128074645996,6,25518.090974006638,73169.63831668146,63.33685976818212,73.32503874042067,11.282727718353271,1169,2026-02-20 18:15:37,2026-02-20 18:15:37
1400.0,12,86,16.98929786682129,1,5516.4633886918145,64767.503081705305,20.0,55.0,16.28272771835327,1172,2026-02-20 18:15:37,2026-02-20 18:15:37
1400.0,12,88,16.687355041503906,2,9208.771080999508,57747.91387620133,28.0,39.690291153940905,16.28272771835327,1174,2026-02-20 18:15:37,2026-02-20 18:15:37
1400.0,12,89,16.508211135864258,1,17516.463388691816,68435.54890861777,46.0,63.0,16.28272771835327,1175,2026-02-20 18:15:37,2026-02-20 18:15:37
1400.0,13,4,5.171367645263672,4,-2668.2834155579562,50513.86561447314,2.2663819241254965,23.91284757098028,6.2827277183532715,1179,2026-02-20 18:24:23,2026-02-20 18:24:23
1400.0,13,10,10.979683876037598,1,901.0787733071993,46885.77967550707,10.0,16.0,6.2827277183532715,1184,2026-02-20 18:24:23,2026-02-20 18:24:23
1400.0,13,12,7.70285701751709,10,2396.8184666126954,67948.81034834658,13.24076933549524,61.93842425478987,6.2827277183532715,1186,2026-02-20 18:24:23,2026-02-20 18:24:23
1400.0,13,13,8.92811107635498,1,1824.155696384123,46885.77967550707,12.0,16.0,6.2827277183532715,1187,2026-02-20 18:24:23,2026-02-20 18:24:23
1400.0,13,50,7.2865309715271,2,26285.694157922582,97561.23762693194,65.0,126.52306398054012,6.2827277183532715,1218,2026-02-20 18:24:23,2026-02-20 18:24:23
1400.0,13,52,11.404902458190918,2,901.0787733071993,60947.49124653468,10.0,46.66856246529267,11.282727718353271,1219,2026-02-20 18:24:23,2026-02-20 18:24:23
1400.0,13,56,11.478080749511719,1,9208.771080999508,53763.365600967925,28.0,31.0,11.282727718353271,1222,2026-02-20 18:24:23,2026-02-20 18:24:23
1400.0,13,57,12.424535751342773,1,13824.155696384123,54680.377057696045,38.0,33.0,11.282727718353271,1223,2026-02-20 18:24:23,2026-02-20 18:24:23
1400.0,13,58,12.437819480895996,1,13824.155696384123,55597.38851442416,38.0,35.0,11.282727718353271,1224,2026-02-20 18:24:23,2026-02-20 18:24:23
1400.0,13,59,11.722538948059082,2,14285.694157922584,62856.970434319745,39.0,50.83313243609339,11.282727718353271,1225,2026-02-20 18:24:23,2026-02-20 18:24:23
1400.0,13,61,12.130443572998047,5,15662.865903050886,70771.59727578626,41.98387211444465,68.09491642667909,11.282727718353271,1227,2026-02-20 18:24:23,2026-02-20 18:24:23
1400.0,13,68,13.587738037109375,6,24560.38837465818,70626.23147960808,61.26183746959379,67.77787394021583,11.282727718353271,1234,2026-02-20 18:24:23,2026-02-20 18:24:23
1400.0,13,72,16.52345848083496,1,6439.540311768738,78522.67493262704,22.0,85.0,16.28272771835327,1237,2026-02-20 18:24:23,2026-02-20 18:24:23
1400.0,14,2,5.392138957977295,3,-2438.477721606395,55445.84730103129,2.764294261020545,34.669488941973384,6.2827277183532715,1238,2026-02-20 18:33:09,2026-02-20 18:33:09
1400.0,14,12,6.322865009307861,21,4206.309025599686,68359.00995801805,17.161332213300387,62.8330687145986,6.2827277183532715,1247,2026-02-20 18:33:09,2026-02-20 18:33:09
1400.0,14,13,7.733895301818848,9,3307.3562266122553,74824.39034783094,15.213601148827621,76.93404933458187,6.2827277183532715,1248,2026-02-20 18:33:09,2026-02-20 18:33:09
1400.0,14,15,6.972232818603516,3,4326.45512124419,53640.95916543847,17.42164875386348,30.7330318293597,6.2827277183532715,1250,2026-02-20 18:33:09,2026-02-20 18:33:09
1400.0,14,20,11.268160820007324,20,6605.091880472636,79370.486116504,22.35869506552511,86.84907435486565,6.2827277183532715,1255,2026-02-20 18:33:09,2026-02-20 18:33:09
1400.0,14,36,8.784730911254883,13,17703.124069907426,77881.85045664727,46.40443147596716,83.60236320652697,6.2827277183532715,1268,2026-02-20 18:33:09,2026-02-20 18:33:09
1400.0,14,55,13.119813919067383,7,4916.13613675613,61960.27932021594,18.69929095413935,48.87745105932371,11.282727718353271,1283,2026-02-20 18:33:09,2026-02-20 18:33:09
1400.0,14,58,9.535029411315918,4,16588.262828789895,67038.34184263597,43.98889878687917,59.952694416780766,11.282727718353271,1285,2026-02-20 18:33:09,2026-02-20 18:33:09
1400.0,14,59,11.448736190795898,1,22593.386465614894,69811.06609370995,57.0,66.0,11.282727718353271,1286,2026-02-20 18:33:09,2026-02-20 18:33:09
1400.0,14,60,11.545641899108887,1,25362.61723484566,70269.571822074,63.0,67.0,11.282727718353271,1287,2026-02-20 18:33:09,2026-02-20 18:33:09
1400.0,14,62,17.480422973632812,1,-2791.228919000493,45510.26249041489,2.0,13.0,16.28272771835327,1288,2026-02-20 18:33:09,2026-02-20 18:33:09
1400.0,14,63,20.503463745117188,33,15402.502269701215,58693.18711317826,41.4197509088537,41.75193003542153,16.28272771835327,1289,2026-02-20 18:33:09,2026-02-20 18:33:09
1400.0,15,2,7.222559452056885,1,-2791.228919000493,73937.61764898646,2.0,75.0,6.2827277183532715,1292,2026-02-20 18:41:47,2026-02-20 18:41:47
1400.0,15,4,6.396169185638428,10,1513.863034002347,59477.49635009737,11.327699231506152,43.46250678157803,6.2827277183532715,1294,2026-02-20 18:41:47,2026-02-20 18:41:47
1400.0,15,6,6.579459190368652,1,-483.536611308185,53304.85987260387,7.0,30.0,6.2827277183532715,1296,2026-02-20 18:41:47,2026-02-20 18:41:47
1400.0,15,14,7.119097709655762,1,3208.771080999507,46885.77967550707,15.0,16.0,6.2827277183532715,1304,2026-02-20 18:41:47,2026-02-20 18:41:47
1400.0,15,19,5.946755886077881,16,4966.278751763528,66472.63109867969,18.807933286655377,58.718880510082755,6.2827277183532715,1308,2026-02-20 18:41:47,2026-02-20 18:41:47
1400.0,15,22,9.68121337890625,14,5150.464248277639,71981.0943012666,19.207001862435952,70.73282681832414,6.2827277183532715,1311,2026-02-20 18:41:47,2026-02-20 18:41:47
1400.0,15,29,7.612670421600342,3,10672.970449292503,63392.65957620072,31.17243196463482,52.00146929372069,6.2827277183532715,1317,2026-02-20 18:41:47,2026-02-20 18:41:47
1400.0,15,36,6.235253810882568,17,17996.581112853553,77808.6910175053,47.0402550690171,83.44280262829167,6.2827277183532715,1322,2026-02-20 18:41:47,2026-02-20 18:41:47
1400.0,15,40,9.373297691345215,32,24329.355830517125,73402.94602087389,60.76126695728817,73.83388233769668,6.2827277183532715,1326,2026-02-20 18:41:47,2026-02-20 18:41:47
1400.0,15,50,11.378862380981445,2,4522.662913244686,78522.67493262704,17.84676563653122,85.0,11.282727718353271,1335,2026-02-20 18:41:47,2026-02-20 18:41:47
1400.0,15,53,11.518752098083496,6,17328.6692306653,71773.5986675069,45.59311265760921,70.28027929072827,11.282727718353271,1336,2026-02-20 18:41:47,2026-02-20 18:41:47
1400.0,15,55,17.611186981201172,1,10593.386465614893,57889.917156244446,31.0,40.0,16.28272771835327,1337,2026-02-20 18:41:47,2026-02-20 18:41:47
1400.0,15,56,22.221641540527344,67,16949.49134538937,63649.391576802416,44.7715605728447,52.56140123070589,16.28272771835327,1338,2026-02-20 18:41:47,2026-02-20 18:41:47
1400.0,16,1,6.095518589019775,2,-3511.9425730020653,48977.27476148405,0.4384537496632595,20.56154625033674,6.2827277183532715,1339,2026-02-20 18:50:24,2026-02-20 18:50:24
1400.0,16,9,7.188146114349365,2,1580.4686674210136,69811.06609370995,11.472011437246596,66.0,6.2827277183532715,1346,2026-02-20 18:50:24,2026-02-20 18:50:24
1400.0,16,19,6.575521945953369,3,6707.612014891061,76238.87157437016,22.5808220234317,80.01902982454449,6.2827277183532715,1356,2026-02-20 18:50:24,2026-02-20 18:50:24
1400.0,16,20,6.30987024307251,2,7809.038755322597,81273.70930281139,24.96724662770003,91.0,6.2827277183532715,1357,2026-02-20 18:50:24,2026-02-20 18:50:24
1400.0,16,21,5.925806999206543,4,12678.983537523061,78049.3648699304,35.51879365580103,83.96771177890102,6.2827277183532715,1358,2026-02-20 18:50:24,2026-02-20 18:50:24
1400.0,16,27,7.859555721282959,5,23117.4989068549,71308.7798701522,58.13557695602002,69.26651050093983,6.2827277183532715,1363,2026-02-20 18:50:24,2026-02-20 18:50:24
1400.0,16,28,5.173834800720215,3,25644.275828295216,77327.6400386007,63.61026028580737,82.39363148571731,6.2827277183532715,1364,2026-02-20 18:50:24,2026-02-20 18:50:24
1400.0,16,31,13.118250846862793,1,-1868.1519959235698,58806.92861297256,4.0,42.0,11.282727718353271,1366,2026-02-20 18:50:24,2026-02-20 18:50:24
1400.0,16,34,23.44230079650879,82,18325.99446060304,68328.17380929786,47.753983989140984,62.76581514106045,16.28272771835327,1367,2026-02-20 18:50:24,2026-02-20 18:50:24
1400.0,17,1,6.357907772064209,1,-3714.305842077416,57431.41142788039,0.0,39.0,6.2827277183532715,1369,2026-02-20 18:59:03,2026-02-20 18:59:03
1400.0,17,2,6.33220911026001,1,-3714.305842077416,58348.4228846085,0.0,41.0,6.2827277183532715,1370,2026-02-20 18:59:03,2026-02-20 18:59:03
1400.0,17,3,6.390183448791504,1,-3252.7673805389545,48719.8025889633,1.0,20.0,6.2827277183532715,1371,2026-02-20 18:59:03,2026-02-20 18:59:03
1400.0,17,4,6.67720890045166,1,-3252.7673805389545,61099.45725479285,1.0,47.0,6.2827277183532715,1372,2026-02-20 18:59:03,2026-02-20 18:59:03
1400.0,17,6,7.167456150054932,1,-21.998149769723568,53304.85987260387,8.0,30.0,6.2827277183532715,1374,2026-02-20 18:59:03,2026-02-20 18:59:03
1400.0,17,10,6.485799789428711,1,1824.155696384123,53763.365600967925,12.0,31.0,6.2827277183532715,1377,2026-02-20 18:59:03,2026-02-20 18:59:03
1400.0,17,13,6.285533428192139,2,3199.00380500627,65226.00881006937,14.97883756868132,56.0,6.2827277183532715,1380,2026-02-20 18:59:03,2026-02-20 18:59:03
1400.0,17,16,6.295059680938721,2,4577.335986827398,45494.31747806961,17.965223962627096,12.965223962627096,6.2827277183532715,1383,2026-02-20 18:59:03,2026-02-20 18:59:03
1400.0,17,17,6.771064281463623,2,4398.54480530741,76688.65201917081,17.577843069333788,81.0,6.2827277183532715,1384,2026-02-20 18:59:03,2026-02-20 18:59:03
1400.0,17,19,10.00967025756836,5,6628.721137061167,82020.91306137727,22.409891788133596,92.62964977827411,6.2827277183532715,1386,2026-02-20 18:59:03,2026-02-20 18:59:03
1400.0,17,25,7.5723347663879395,5,24371.480877649494,75048.67196681887,60.85253789274164,77.42320705958603,6.2827277183532715,1391,2026-02-20 18:59:03,2026-02-20 18:59:03
1400.0,17,27,14.367216110229492,1,2285.694157922584,59265.434341336615,13.0,43.0,11.282727718353271,1392,2026-02-20 18:59:03,2026-02-20 18:59:03
1400.0,17,33,20.28757667541504,29,19464.703439776415,72001.67155417417,50.22118677734997,70.77770576232555,16.28272771835327,1396,2026-02-20 18:59:03,2026-02-20 18:59:03
1400.0,18,2,9.0,1,-1868.1519959235698,44593.25103368678,4.0,11.0,6.2827277183532715,1399,2026-02-20 19:07:41,2026-02-20 19:07:41
1400.0,18,3,7.378700256347656,4,-957.5670716821575,53306.038950661525,5.9729340025230595,30.002571566688736,6.2827277183532715,1400,2026-02-20 19:07:41,2026-02-20 19:07:41
1400.0,18,6,6.608003616333008,1,901.0787733071993,42759.228120230546,10.0,7.0,6.2827277183532715,1403,2026-02-20 19:07:41,2026-02-20 19:07:41
1400.0,18,12,7.804413795471191,2,2747.232619461046,72690.23280679552,14.0,72.27945636221038,6.2827277183532715,1408,2026-02-20 19:07:41,2026-02-20 19:07:41
1400.0,18,17,7.273643493652344,2,5978.001850230277,72180.21548458154,21.0,71.16710968764706,6.2827277183532715,1412,2026-02-20 19:07:41,2026-02-20 19:07:41
1400.0,18,18,6.758322715759277,1,6439.540311768738,46427.27394714301,22.0,15.0,6.2827277183532715,1413,2026-02-20 19:07:41,2026-02-20 19:07:41
1400.0,18,19,8.463652610778809,5,6641.489854041354,79330.18974442712,22.43755734159067,86.76118805468644,6.2827277183532715,1414,2026-02-20 19:07:41,2026-02-20 19:07:41
1400.0,18,20,7.868582725524902,1,10131.84800407643,61099.45725479285,30.0,47.0,6.2827277183532715,1415,2026-02-20 19:07:41,2026-02-20 19:07:41
1400.0,18,25,6.692613124847412,2,17456.307284730752,61557.962983156904,45.86966177475103,48.0,6.2827277183532715,1418,2026-02-20 19:07:41,2026-02-20 19:07:41
1400.0,18,30,11.5,2,2285.694157922584,59236.91488105342,13.0,42.937799118922776,11.282727718353271,1421,2026-02-20 19:07:41,2026-02-20 19:07:41
1400.0,18,32,12.103468894958496,1,15670.30954253797,71186.5832788021,42.0,69.0,11.282727718353271,1422,2026-02-20 19:07:41,2026-02-20 19:07:41
1400.0,18,40,17.5,1,5054.924927153354,63850.49162497719,19.0,53.0,16.28272771835327,1428,2026-02-20 19:07:41,2026-02-20 19:07:41
1400.0,18,42,18.68705177307129,2,20502.199554381084,78064.16920426297,52.46909502566009,84.0,16.28272771835327,1430,2026-02-20 19:07:41,2026-02-20 19:07:41
1400.0,19,3,6.286355972290039,2,-945.7228149391066,49178.30831732735,5.99859655879967,21.0,6.2827277183532715,1434,2026-02-20 19:17:35,2026-02-20 19:17:35
1400.0,19,5,3.380082607269287,3,-5.127911170633796,58706.88111524507,8.036552183631361,41.78179662425493,6.2827277183532715,1436,2026-02-20 19:17:35,2026-02-20 19:17:35
1400.0,19,9,6.47634220123291,2,2213.0907495310653,69811.06609370995,12.842692615151709,66.0,6.2827277183532715,1440,2026-02-20 19:17:35,2026-02-20 19:17:35
1400.0,19,10,8.0,1,2285.694157922584,43217.7338485946,13.0,8.0,6.2827277183532715,1441,2026-02-20 19:17:35,2026-02-20 19:17:35
1400.0,19,13,7.122908115386963,1,4593.386465614893,53763.365600967925,18.0,31.0,6.2827277183532715,1444,2026-02-20 19:17:35,2026-02-20 19:17:35
1400.0,19,14,6.847823619842529,2,4774.362383710852,65864.3012779098,18.392114489207913,57.39211448920791,6.2827277183532715,1445,2026-02-20 19:17:35,2026-02-20 19:17:35
1400.0,19,15,7.0,2,5054.924927153354,63040.567878984635,19.0,51.23355806505983,6.2827277183532715,1446,2026-02-20 19:17:35,2026-02-20 19:17:35
1400.0,19,16,6.627231121063232,1,7824.155696384123,45968.76821877895,25.0,14.0,6.2827277183532715,1447,2026-02-20 19:17:35,2026-02-20 19:17:35
1400.0,19,18,10.17096996307373,3,8747.232619461045,57704.366559308015,27.0,39.59531455016173,6.2827277183532715,1449,2026-02-20 19:17:35,2026-02-20 19:17:35
1400.0,19,21,6.436651706695557,2,17384.619371154306,61557.962983156904,45.71433796200206,48.0,6.2827277183532715,1451,2026-02-20 19:17:35,2026-02-20 19:17:35
1400.0,19,23,7.678184986114502,1,17054.924927153355,75771.64056244268,45.0,79.0,6.2827277183532715,1453,2026-02-20 19:17:35,2026-02-20 19:17:35
1400.0,19,25,6.8774309158325195,1,23054.924927153355,71645.08900716617,58.0,70.0,6.2827277183532715,1454,2026-02-20 19:17:35,2026-02-20 19:17:35
1400.0,19,31,11.5,14,21255.79931477488,79315.9231955073,54.10189450651331,86.73007274240733,11.282727718353271,1458,2026-02-20 19:17:35,2026-02-20 19:17:35
1400.0,19,36,21.151321411132812,1,23516.463388691816,62933.48016824908,59.0,51.0,16.28272771835327,1461,2026-02-20 19:17:35,2026-02-20 19:17:35
1400.0,20,4,7.023924827575684,3,-522.1685426016409,63391.985896613136,6.916297482197512,52.0,6.2827277183532715,1465,2026-02-20 19:26:21,2026-02-20 19:26:21
1400.0,20,6,7.768810749053955,10,1769.025970779021,54265.4448814306,11.880552261188946,32.095033822705076,6.2827277183532715,1467,2026-02-20 19:26:21,2026-02-20 19:26:21
1400.0,20,16,9.2978515625,2,5289.261052305512,80356.69784608326,19.50772827116301,89.0,6.2827277183532715,1477,2026-02-20 19:26:21,2026-02-20 19:26:21
1400.0,20,22,9.524293899536133,1,15208.771080999506,54680.377057696045,41.0,33.0,6.2827277183532715,1481,2026-02-20 19:26:21,2026-02-20 19:26:21
1400.0,20,23,6.913537502288818,2,16332.380945685416,62016.46871152097,43.4344880401528,49.0,6.2827277183532715,1482,2026-02-20 19:26:21,2026-02-20 19:26:21
1400.0,20,27,7.557036399841309,3,19814.665740953707,81063.0102429195,50.97943842990077,90.54046580695153,6.2827277183532715,1486,2026-02-20 19:26:21,2026-02-20 19:26:21
1400.0,20,28,7.659451484680176,1,19824.15569638412,73020.60619225835,51.0,73.0,6.2827277183532715,1487,2026-02-20 19:26:21,2026-02-20 19:26:21
1400.0,20,30,7.44505500793457,3,23072.033770795057,84560.00816161642,58.037069161223684,98.16741068978683,6.2827277183532715,1489,2026-02-20 19:26:21,2026-02-20 19:26:21
1400.0,20,32,9.28547191619873,9,25253.772693192997,73187.73639530776,62.76417015975257,73.36451061068686,6.2827277183532715,1491,2026-02-20 19:26:21,2026-02-20 19:26:21
1400.0,20,39,20.684364318847656,3,6968.5770479479115,63189.69382799852,23.146246261721544,51.55880143670966,16.28272771835327,1495,2026-02-20 19:26:21,2026-02-20 19:26:21
1400.0,21,1,6.502100944519043,1,-3252.7673805389545,58348.4228846085,1.0,41.0,6.2827277183532715,1496,2026-02-20 19:35:08,2026-02-20 19:35:08
1400.0,21,5,9.56387710571289,12,2869.6413490936516,53430.78869851039,14.26521891420398,30.27465049641982,6.2827277183532715,1500,2026-02-20 19:35:08,2026-02-20 19:35:08
1400.0,21,6,7.308685779571533,7,2373.7740465725583,61759.56927120274,13.19083975874161,48.43970287735588,6.2827277183532715,1501,2026-02-20 19:35:08,2026-02-20 19:35:08
1400.0,21,10,8.061433792114258,2,4384.262312445204,76688.65201917081,17.546897668132342,81.0,6.2827277183532715,1505,2026-02-20 19:35:08,2026-02-20 19:35:08
1400.0,21,12,5.994167804718018,4,5048.654353824521,66679.56873120424,18.98641375778753,59.17021103819395,6.2827277183532715,1507,2026-02-20 19:35:08,2026-02-20 19:35:08
1400.0,21,14,6.405447006225586,1,5978.001850230277,84024.74367299573,21.0,97.0,6.2827277183532715,1509,2026-02-20 19:35:08,2026-02-20 19:35:08
1400.0,21,16,6.797119140625,2,9082.045128330556,55138.8827860601,27.725427102550604,34.0,6.2827277183532715,1511,2026-02-20 19:35:08,2026-02-20 19:35:08
1400.0,21,18,7.1794023513793945,2,9557.48463104791,56514.39997115228,28.755546025104874,37.0,6.2827277183532715,1513,2026-02-20 19:35:08,2026-02-20 19:35:08
1400.0,21,19,7.2685866355896,1,15670.30954253797,54680.377057696045,42.0,33.0,6.2827277183532715,1514,2026-02-20 19:35:08,2026-02-20 19:35:08
1400.0,21,20,7.70285177230835,3,16173.08943483596,64308.997353341256,43.08935643331231,54.0,6.2827277183532715,1515,2026-02-20 19:35:08,2026-02-20 19:35:08
1400.0,21,21,7.5,1,15670.30954253797,71645.08900716617,42.0,70.0,6.2827277183532715,1516,2026-02-20 19:35:08,2026-02-20 19:35:08
1400.0,21,22,6.537160873413086,3,16672.372192491304,62016.46871152097,44.17113574156556,49.0,6.2827277183532715,1517,2026-02-20 19:35:08,2026-02-20 19:35:08
1400.0,21,23,6.790470600128174,4,19395.79095707759,77166.48250390342,50.071876398169174,82.04214725176392,6.2827277183532715,1518,2026-02-20 19:35:08,2026-02-20 19:35:08
1400.0,21,26,6.9281392097473145,7,25857.376079549333,73100.82724654327,64.07197749685795,73.17496194555987,6.2827277183532715,1521,2026-02-20 19:35:08,2026-02-20 19:35:08
1400.0,22,3,7.5,1,-2791.228919000493,46885.77967550707,2.0,16.0,6.2827277183532715,1525,2026-02-20 19:43:46,2026-02-20 19:43:46
1400.0,22,5,9.109381675720215,3,-945.0750728466464,40072.501804016785,6.0,1.140255726357076,6.2827277183532715,1527,2026-02-20 19:43:46,2026-02-20 19:43:46
1400.0,22,11,7.665374755859375,10,2861.459512409362,53555.92103282097,14.247491601388019,30.547563846394848,6.2827277183532715,1533,2026-02-20 19:43:46,2026-02-20 19:43:46
1400.0,22,17,9.273581504821777,3,5707.323030038613,78598.3194027791,20.41352922291806,85.16498042548336,6.2827277183532715,1539,2026-02-20 19:43:46,2026-02-20 19:43:46
1400.0,22,21,8.611774444580078,9,10542.191120787547,59331.84373103415,30.889076752874086,43.144838735024045,6.2827277183532715,1543,2026-02-20 19:43:46,2026-02-20 19:43:46
1400.0,22,22,7.499999523162842,1,12901.078773307201,52846.35414423981,36.0,29.0,6.2827277183532715,1544,2026-02-20 19:43:46,2026-02-20 19:43:46
1400.0,22,33,3.7272281646728516,4,25707.165581454756,73280.72420339283,63.74652141765304,73.56731681861986,6.2827277183532715,1554,2026-02-20 19:43:46,2026-02-20 19:43:46
1400.0,22,35,13.537245750427246,1,17516.463388691816,70728.07755043806,46.0,68.0,11.282727718353271,1555,2026-02-20 19:43:46,2026-02-20 19:43:46
1400.0,23,1,8.471835136413574,1,-3714.305842077416,48719.8025889633,0.0,20.0,6.2827277183532715,1556,2026-02-20 19:52:24,2026-02-20 19:52:24
1400.0,23,3,7.5,3,234.43852056260366,42654.04828911924,8.555612785720042,6.770603016266356,6.2827277183532715,1558,2026-02-20 19:52:24,2026-02-20 19:52:24
1400.0,23,17,6.689635753631592,7,11846.688805023083,62772.20138776209,33.71548840205108,50.64825132924201,6.2827277183532715,1569,2026-02-20 19:52:24,2026-02-20 19:52:24
1400.0,23,18,7.650385856628418,3,14747.232619461045,52274.580242929296,40.0,27.75296236025098,6.2827277183532715,1570,2026-02-20 19:52:24,2026-02-20 19:52:24
1400.0,23,20,6.618781566619873,3,15605.271917394997,55987.56378298494,41.85908514552356,35.850971415238185,6.2827277183532715,1572,2026-02-20 19:52:24,2026-02-20 19:52:24
1400.0,23,23,7.0602288246154785,1,24439.54031176874,74854.62910571457,61.0,77.0,6.2827277183532715,1574,2026-02-20 19:52:24,2026-02-20 19:52:24
1400.0,23,24,7.362944602966309,1,25362.61723484566,70269.571822074,63.0,67.0,6.2827277183532715,1575,2026-02-20 19:52:24,2026-02-20 19:52:24
1400.0,23,26,15.30140209197998,1,3670.309542537969,62016.46871152097,16.0,49.0,11.282727718353271,1576,2026-02-20 19:52:24,2026-02-20 19:52:24
1400.0,23,27,12.682390213012695,1,5054.924927153354,59723.94006970068,19.0,44.0,11.282727718353271,1577,2026-02-20 19:52:24,2026-02-20 19:52:24
1400.0,23,28,14.903485298156738,1,10131.84800407643,56972.90569951633,30.0,38.0,11.282727718353271,1578,2026-02-20 19:52:24,2026-02-20 19:52:24
1400.0,23,29,11.907463073730469,1,20285.694157922582,65226.00881006937,52.0,56.0,11.282727718353271,1579,2026-02-20 19:52:24,2026-02-20 19:52:24
1700.0,0,31,9.499999046325684,2,6439.540311768738,94143.02300281152,22.0,119.06794529245619,6.234287738800049,24,2026-02-20 16:30:58,2026-02-20 16:30:58
1700.0,0,48,8.919634819030762,19,11313.83317722752,70351.72039254806,32.56096787516069,67.17916585419154,6.234287738800049,40,2026-02-20 16:30:58,2026-02-20 16:30:58
1700.0,0,64,6.222098350524902,2,15641.113314356457,89555.81679541142,41.93674150560672,109.06325849439328,6.234287738800049,56,2026-02-20 16:30:58,2026-02-20 16:30:58
1700.0,0,86,7.234461784362793,2,20516.542873851402,41383.71093513838,52.50017221784578,4.0,6.234287738800049,73,2026-02-20 16:30:58,2026-02-20 16:30:58
1700.0,0,106,6.830397129058838,6,24998.59728196965,89501.20592632092,62.21129010210198,108.94415230724628,6.234287738800049,92,2026-02-20 16:30:58,2026-02-20 16:30:58
1700.0,0,118,6.502885818481445,11,-1439.2617905418,46854.66786300027,4.929262111660501,15.932145204340625,11.234287738800049,103,2026-02-20 16:30:58,2026-02-20 16:30:58
1700.0,0,124,11.251141548156738,7,-573.1668361806319,60935.300975706494,6.805801179443032,46.6419755110322,11.234287738800049,109,2026-02-20 16:30:58,2026-02-20 16:30:58
1700.0,0,125,11.751814842224121,10,206.59659077351412,54567.566341298894,8.495288604510348,32.75396007199373,11.234287738800049,110,2026-02-20 16:30:58,2026-02-20 16:30:58
1700.0,0,135,11.5,14,4567.12820060776,61215.08122965877,17.943107092484546,47.25217563863043,11.234287738800049,120,2026-02-20 16:30:58,2026-02-20 16:30:58
1700.0,0,141,11.855674743652344,2,3934.4099864760947,67977.0431802537,16.572217628532606,62.0,11.234287738800049,126,2026-02-20 16:30:58,2026-02-20 16:30:58
1700.0,0,162,10.030586242675781,2,15041.419231517872,64475.24954689383,40.637404326123125,54.362595673876875,11.234287738800049,144,2026-02-20 16:30:58,2026-02-20 16:30:58
1700.0,0,163,13.0,1,16593.386465614894,45968.76821877895,44.0,14.0,11.234287738800049,145,2026-02-20 16:30:58,2026-02-20 16:30:58
1700.0,0,164,12.598494529724121,3,16893.613305967032,73950.88884358718,44.65049148742963,75.02894444666607,11.234287738800049,146,2026-02-20 16:30:58,2026-02-20 16:30:58
1700.0,0,166,12.926846504211426,3,18313.219657140013,83107.73221626761,47.72630524830443,95.0,11.234287738800049,148,2026-02-20 16:30:58,2026-02-20 16:30:58
1700.0,0,167,11.622933387756348,2,19052.539594194106,61099.45725479285,49.328165111921635,47.0,11.234287738800049,149,2026-02-20 16:30:58,2026-02-20 16:30:58
1700.0,0,179,17.003145217895508,1,5054.924927153354,77605.66347589891,19.0,83.0,16.23428773880005,159,2026-02-20 16:30:58,2026-02-20 16:30:58
1700.0,0,180,15.119447708129883,2,9525.506284394669,63077.33193549546,28.686259607356185,51.313740392643815,16.23428773880005,160,2026-02-20 16:30:58,2026-02-20 16:30:58
1700.0,0,181,17.02912139892578,2,10131.84800407643,57545.0884041572,30.0,39.247929238926645,16.23428773880005,161,2026-02-20 16:30:58,2026-02-20 16:30:58
1700.0,0,183,16.254030227661133,2,21670.309542537972,68861.07804394241,55.0,63.92807812203986,16.23428773880005,163,2026-02-20 16:30:58,2026-02-20 16:30:58
1700.0,1,23,6.237948894500732,1,9670.309542537969,39549.688021682145,29.0,0.0,6.234287738800049,179,2026-02-20 16:39:43,2026-02-20 16:39:43
1700.0,1,42,7.786040306091309,4,18794.89204881297,83730.79603232027,48.769928763595836,96.35890083265863,6.234287738800049,197,2026-02-20 16:39:43,2026-02-20 16:39:43
1700.0,1,47,7.5,1,22593.386465614894,42759.228120230546,57.0,7.0,6.234287738800049,202,2026-02-20 16:39:43,2026-02-20 16:39:43
1700.0,1,62,11.891087532043457,2,-1868.1519959235698,64662.378562869526,4.0,54.770723652219424,11.234287738800049,216,2026-02-20 16:39:43,2026-02-20 16:39:43
1700.0,1,72,13.217782020568848,22,4519.937802404217,72192.20576529631,17.840861229710203,71.19326046390357,11.234287738800049,224,2026-02-20 16:39:43,2026-02-20 16:39:43
1700.0,1,73,12.41341781616211,9,4974.896445870642,45435.614823938005,18.82660495722079,12.83719360117217,11.234287738800049,225,2026-02-20 16:39:43,2026-02-20 16:39:43
1700.0,1,74,11.826669692993164,3,4489.065321034598,78074.46306172044,17.773970853409363,84.02245088080839,11.234287738800049,226,2026-02-20 16:39:43,2026-02-20 16:39:43
1700.0,1,108,11.356402397155762,2,20285.694157922582,57850.59592322906,52.0,39.914240476000856,11.234287738800049,257,2026-02-20 16:39:43,2026-02-20 16:39:43
1700.0,1,115,13.995857238769531,28,25553.17096144979,70780.69275334784,63.41286640764228,68.11475364353139,11.234287738800049,264,2026-02-20 16:39:43,2026-02-20 16:39:43
1700.0,1,118,17.75572395324707,8,3090.5667958983618,61312.867483918715,14.743890715614185,47.46544724727281,16.23428773880005,266,2026-02-20 16:39:43,2026-02-20 16:39:43
1700.0,1,119,16.829431533813477,2,3670.309542537969,55476.399285867694,16.0,34.73612275469676,16.23428773880005,267,2026-02-20 16:39:43,2026-02-20 16:39:43
1700.0,1,122,15.284257888793945,2,17696.264358704124,66422.90648327675,46.38956876836,58.61043123164,16.23428773880005,270,2026-02-20 16:39:43,2026-02-20 16:39:43
1700.0,2,6,5.786313056945801,11,-3148.627817002276,67903.46752125166,1.2256357209961366,61.8395316471518,6.234287738800049,275,2026-02-20 16:48:29,2026-02-20 16:48:29
1700.0,2,17,8.51070499420166,2,1475.2062084137922,40120.0429102647,11.243942776064284,1.2439427760642834,6.234287738800049,284,2026-02-20 16:48:29,2026-02-20 16:48:29
1700.0,2,38,6.451877117156982,2,11895.462935859094,81273.70930281139,33.8211656855291,91.0,6.234287738800049,304,2026-02-20 16:48:29,2026-02-20 16:48:29
1700.0,2,73,14.043140411376953,6,1424.5026412389905,45767.219958850685,11.134085047185547,13.560423681842787,11.234287738800049,333,2026-02-20 16:48:29,2026-02-20 16:48:29
1700.0,2,80,7.9452033042907715,15,4153.052235181979,76986.28653797873,17.04594250072869,81.64914024055898,11.234287738800049,338,2026-02-20 16:48:29,2026-02-20 16:48:29
1700.0,2,105,11.650473594665527,8,17491.381412283736,56680.13050053119,45.94565571778249,37.361457925444554,11.234287738800049,361,2026-02-20 16:48:29,2026-02-20 16:48:29
1700.0,2,106,13.657686233520508,8,17625.416033469686,58497.58976545341,46.23606406368538,41.3253326438846,11.234287738800049,362,2026-02-20 16:48:29,2026-02-20 16:48:29
1700.0,2,119,12.5,2,25362.61723484566,54688.27928684538,63.0,33.017234744650914,11.234287738800049,374,2026-02-20 16:48:29,2026-02-20 16:48:29
1700.0,2,121,12.257933616638184,2,25681.751860829496,64308.997353341256,63.69145835629831,54.0,11.234287738800049,376,2026-02-20 16:48:29,2026-02-20 16:48:29
1700.0,2,124,16.51536750793457,1,-945.0750728466464,58348.4228846085,6.0,41.0,16.23428773880005,378,2026-02-20 16:48:29,2026-02-20 16:48:29
1700.0,2,125,17.13929557800293,1,3670.309542537969,55138.8827860601,16.0,34.0,16.23428773880005,379,2026-02-20 16:48:29,2026-02-20 16:48:29
1700.0,2,126,16.25341796875,1,3670.309542537969,56055.894242788214,16.0,36.0,16.23428773880005,380,2026-02-20 16:48:29,2026-02-20 16:48:29
1700.0,2,127,18.01960563659668,1,3670.309542537969,62016.46871152097,16.0,49.0,16.23428773880005,381,2026-02-20 16:48:29,2026-02-20 16:48:29
1700.0,2,128,16.718053817749023,1,4131.848004076431,61099.45725479285,17.0,47.0,16.23428773880005,382,2026-02-20 16:48:29,2026-02-20 16:48:29
1700.0,2,129,16.65169906616211,1,5054.924927153354,62016.46871152097,19.0,49.0,16.23428773880005,383,2026-02-20 16:48:29,2026-02-20 16:48:29
1700.0,2,130,19.151552200317383,1,9208.771080999508,57889.917156244446,28.0,40.0,16.23428773880005,384,2026-02-20 16:48:29,2026-02-20 16:48:29
1700.0,2,131,16.859285354614258,1,17054.924927153355,70728.07755043806,45.0,68.0,16.23428773880005,385,2026-02-20 16:48:29,2026-02-20 16:48:29
1700.0,2,132,17.0,1,26285.694157922582,72103.59473553023,65.0,71.0,16.23428773880005,386,2026-02-20 16:48:29,2026-02-20 16:48:29
1700.0,3,29,8.860227584838867,2,7537.089975552103,45968.76821877895,24.378024271530624,14.0,6.234287738800049,409,2026-02-20 16:57:07,2026-02-20 16:57:07
1700.0,3,30,6.31146240234375,1,7824.155696384123,86317.27231481601,25.0,102.0,6.234287738800049,410,2026-02-20 16:57:07,2026-02-20 16:57:07
1700.0,3,39,7.6599440574646,1,11978.001850230277,84024.74367299573,34.0,97.0,6.234287738800049,418,2026-02-20 16:57:07,2026-02-20 16:57:07
1700.0,3,60,11.873844146728516,1,-945.0750728466464,63850.49162497719,6.0,53.0,11.234287738800049,437,2026-02-20 16:57:07,2026-02-20 16:57:07
1700.0,3,63,16.0,4,1112.5383055647121,49758.89485828037,10.458162319891278,22.2662579877127,11.234287738800049,440,2026-02-20 16:57:07,2026-02-20 16:57:07
1700.0,3,69,12.79507064819336,3,3674.57488674476,67977.0431802537,16.009241579114715,62.0,11.234287738800049,444,2026-02-20 16:57:07,2026-02-20 16:57:07
1700.0,3,71,11.345762252807617,1,4131.848004076431,80356.69784608326,17.0,89.0,11.234287738800049,446,2026-02-20 16:57:07,2026-02-20 16:57:07
1700.0,3,87,14.700082778930664,18,17589.674075729585,77185.17754233023,46.1586231552485,82.08292109006146,11.234287738800049,460,2026-02-20 16:57:07,2026-02-20 16:57:07
1700.0,3,89,14.028016090393066,1,17516.463388691816,68435.54890861777,46.0,63.0,11.234287738800049,462,2026-02-20 16:57:07,2026-02-20 16:57:07
1700.0,3,90,12.77381706237793,15,19835.333762630653,60393.43076694699,51.024219143534154,45.46015775993694,11.234287738800049,463,2026-02-20 16:57:07,2026-02-20 16:57:07
1700.0,3,98,12.509685516357422,16,21886.075115350202,71351.74887662614,55.467492074426495,69.36022581094754,11.234287738800049,471,2026-02-20 16:57:07,2026-02-20 16:57:07
1700.0,3,100,12.102883338928223,1,23978.001850230277,53304.85987260387,60.0,30.0,11.234287738800049,473,2026-02-20 16:57:07,2026-02-20 16:57:07
1700.0,3,103,9.803516387939453,4,24715.911263486545,63273.05670502601,61.59880372872192,51.74061569086287,11.234287738800049,476,2026-02-20 16:57:07,2026-02-20 16:57:07
1700.0,3,111,17.354280471801758,4,3712.5727947515416,61345.2752853685,16.091570379796075,47.536128592008495,16.23428773880005,483,2026-02-20 16:57:07,2026-02-20 16:57:07
1700.0,3,116,25.09056854248047,42,11214.278627964373,62118.32496541943,32.34526635175721,49.22214826903446,16.23428773880005,488,2026-02-20 16:57:07,2026-02-20 16:57:07
1700.0,4,28,8.447330474853516,7,5609.319600721983,74457.52523764093,20.201188459398697,76.13391732423824,6.234287738800049,513,2026-02-20 17:05:52,2026-02-20 17:05:52
1700.0,4,32,0.7713777422904968,5,8747.653687634047,82165.1458577079,27.000912314374837,92.94422119452503,6.234287738800049,517,2026-02-20 17:05:52,2026-02-20 17:05:52
1700.0,4,70,12.662347793579102,2,2969.1735760842553,48719.8025889633,14.48087207268362,20.0,11.234287738800049,548,2026-02-20 17:05:52,2026-02-20 17:05:52
1700.0,4,81,12.968613624572754,10,10762.02958201812,56238.358485190955,31.36539341887366,36.39795411728827,11.234287738800049,556,2026-02-20 17:05:52,2026-02-20 17:05:52
1700.0,4,83,11.37347412109375,4,16592.52404964259,61996.04255038641,43.998131432060006,48.955450586828135,11.234287738800049,558,2026-02-20 17:05:52,2026-02-20 17:05:52
1700.0,4,85,11.496406555175781,2,16962.130137049175,77605.66347589891,44.798944621440945,83.0,11.234287738800049,560,2026-02-20 17:05:52,2026-02-20 17:05:52
1700.0,4,87,13.18517017364502,2,17231.47651849468,78981.18066099109,45.3825284479062,86.0,11.234287738800049,562,2026-02-20 17:05:52,2026-02-20 17:05:52
1700.0,4,95,12.45529842376709,6,22447.857448714123,63018.4731601536,56.68468713004833,51.18536953116763,11.234287738800049,570,2026-02-20 17:05:52,2026-02-20 17:05:52
1700.0,4,101,10.813005447387695,4,24171.064313553,75730.9640274625,60.418302003865904,78.91128456535249,11.234287738800049,576,2026-02-20 17:05:52,2026-02-20 17:05:52
1700.0,4,102,15.884212493896484,5,25435.813757471384,57583.73860245886,63.15859246568907,39.33222523766928,11.234287738800049,577,2026-02-20 17:05:52,2026-02-20 17:05:52
1700.0,4,104,11.686834335327148,4,25512.511547706472,72875.13917902102,63.32477101119842,72.68273675935009,11.234287738800049,579,2026-02-20 17:05:52,2026-02-20 17:05:52
1700.0,4,109,21.099580764770508,2,2747.232619461046,54960.18486378369,14.0,33.61026021874578,16.23428773880005,583,2026-02-20 17:05:52,2026-02-20 17:05:52
1700.0,4,110,16.71196746826172,2,3670.309542537969,54132.20541236676,16.0,31.804438829400997,16.23428773880005,584,2026-02-20 17:05:52,2026-02-20 17:05:52
1700.0,4,112,16.406953811645508,6,5458.203583306781,64253.34517772557,19.87377042166576,53.87862272557804,16.23428773880005,586,2026-02-20 17:05:52,2026-02-20 17:05:52
1700.0,4,114,17.051895141601562,30,11281.884633992082,67372.62385463704,32.49174603148391,60.681762760580476,16.23428773880005,588,2026-02-20 17:05:52,2026-02-20 17:05:52
1700.0,5,1,8.647832870483398,3,-3714.305842077416,50327.88481574111,0.0,23.507223851958045,6.234287738800049,590,2026-02-20 17:14:38,2026-02-20 17:14:38
1700.0,5,11,7.0729169845581055,6,4100.658172554734,75508.79845533088,16.93242203170299,78.42674193395656,6.234287738800049,598,2026-02-20 17:14:38,2026-02-20 17:14:38
1700.0,5,20,7.765166282653809,1,10593.386465614893,46885.77967550707,31.0,16.0,6.234287738800049,605,2026-02-20 17:14:38,2026-02-20 17:14:38
1700.0,5,31,7.0,1,16131.848004076432,52846.35414423981,43.0,29.0,6.234287738800049,616,2026-02-20 17:14:38,2026-02-20 17:14:38
1700.0,5,44,11.656601905822754,1,-2329.690457462031,59265.434341336615,3.0,43.0,11.234287738800049,627,2026-02-20 17:14:38,2026-02-20 17:14:38
1700.0,5,48,11.92408561706543,5,5252.394875363896,70226.56592903184,19.427851554456176,66.90620424046698,11.234287738800049,629,2026-02-20 17:14:38,2026-02-20 17:14:38
1700.0,5,49,12.12150764465332,1,5054.924927153354,46427.27394714301,19.0,15.0,11.234287738800049,630,2026-02-20 17:14:38,2026-02-20 17:14:38
1700.0,5,50,11.574931144714355,5,6817.5997086901,69012.95516875626,22.819128693329617,64.25932180214775,11.234287738800049,631,2026-02-20 17:14:38,2026-02-20 17:14:38
1700.0,5,58,14.02439022064209,10,16583.20121409675,69486.09787691585,43.97793195504402,65.2912450233641,11.234287738800049,636,2026-02-20 17:14:38,2026-02-20 17:14:38
1700.0,5,59,12.315165519714355,1,16593.386465614894,60640.95152642879,44.0,46.0,11.234287738800049,637,2026-02-20 17:14:38,2026-02-20 17:14:38
1700.0,5,62,11.656594276428223,4,19986.660355494587,78485.19625751593,51.35209342807268,84.91825909079733,11.234287738800049,640,2026-02-20 17:14:38,2026-02-20 17:14:38
1700.0,5,63,11.301736831665039,1,20285.694157922582,57431.41142788039,52.0,39.0,11.234287738800049,641,2026-02-20 17:14:38,2026-02-20 17:14:38
1700.0,5,71,16.175724029541016,14,24665.2922858821,70403.50967833734,61.48912927724562,67.29211817427283,11.234287738800049,649,2026-02-20 17:14:38,2026-02-20 17:14:38
1700.0,5,72,13.238499641418457,1,24439.54031176874,56514.39997115228,61.0,37.0,11.234287738800049,650,2026-02-20 17:14:38,2026-02-20 17:14:38
1700.0,5,76,19.11345863342285,2,2885.94456673215,59265.434341336615,14.300542552420726,43.0,16.23428773880005,653,2026-02-20 17:14:38,2026-02-20 17:14:38
1700.0,5,78,15.253423690795898,4,10805.898183467447,75908.97662116865,31.4604420553472,79.29952964648004,16.23428773880005,655,2026-02-20 17:14:38,2026-02-20 17:14:38
1700.0,5,79,19.129276275634766,8,11210.504833414267,56487.69945421065,32.337089796898645,36.941766230409165,16.23428773880005,656,2026-02-20 17:14:38,2026-02-20 17:14:38
1700.0,5,80,16.723222732543945,2,11516.463388691815,62827.12972504942,33.0,50.76804991383834,16.23428773880005,657,2026-02-20 17:14:38,2026-02-20 17:14:38
1700.0,6,42,8.929096221923828,6,17713.306941693318,58053.77357664436,46.426494364836586,40.35737049782246,6.234287738800049,694,2026-02-20 17:23:24,2026-02-20 17:23:24
1700.0,6,43,9.692063331604004,9,18064.59527594611,80243.14491061476,47.187619089050976,88.75234129380748,6.234287738800049,695,2026-02-20 17:23:24,2026-02-20 17:23:24
1700.0,6,51,7.264753818511963,3,21675.045357390365,84157.90700747342,55.01026093218018,97.29042894393667,6.234287738800049,702,2026-02-20 17:23:24,2026-02-20 17:23:24
1700.0,6,56,14.202274322509766,6,-3020.769774200034,47724.99453467995,1.502661480400994,17.8303257893139,11.234287738800049,706,2026-02-20 17:23:24,2026-02-20 17:23:24
1700.0,6,65,11.42857551574707,1,4593.386465614893,75771.64056244268,18.0,79.0,11.234287738800049,712,2026-02-20 17:23:24,2026-02-20 17:23:24
1700.0,6,80,13.887849807739258,6,17286.28707069365,73531.10454295178,45.501284644337304,74.11339579663462,11.234287738800049,723,2026-02-20 17:23:24,2026-02-20 17:23:24
1700.0,6,81,11.747217178344727,9,17888.872346786688,66045.99591442084,46.80688607587222,57.788390097714114,11.234287738800049,724,2026-02-20 17:23:24,2026-02-20 17:23:24
1700.0,6,98,16.499217987060547,1,4593.386465614893,55138.8827860601,18.0,34.0,16.23428773880005,739,2026-02-20 17:23:24,2026-02-20 17:23:24
1700.0,6,101,17.437204360961914,1,5516.4633886918145,54680.377057696045,20.0,33.0,16.23428773880005,742,2026-02-20 17:23:24,2026-02-20 17:23:24
1700.0,6,102,16.7197322845459,2,6721.643728613822,63213.72990558059,22.611224069831014,51.61122406983101,16.23428773880005,743,2026-02-20 17:23:24,2026-02-20 17:23:24
1700.0,6,103,16.368545532226562,1,9208.771080999508,52846.35414423981,28.0,29.0,16.23428773880005,744,2026-02-20 17:23:24,2026-02-20 17:23:24
1700.0,6,104,18.936922073364258,1,9208.771080999508,57889.917156244446,28.0,40.0,16.23428773880005,745,2026-02-20 17:23:24,2026-02-20 17:23:24
1700.0,6,105,14.86527156829834,5,10954.863360719126,78363.33932115494,31.783199939392507,84.65248937665272,16.23428773880005,746,2026-02-20 17:23:24,2026-02-20 17:23:24
1700.0,6,106,22.61905860900879,70,12642.179505696815,62043.79049387866,35.439051586844165,49.059588748117015,16.23428773880005,747,2026-02-20 17:23:24,2026-02-20 17:23:24
1700.0,6,107,19.5,1,25362.61723484566,71645.08900716617,63.0,70.0,16.23428773880005,748,2026-02-20 17:23:24,2026-02-20 17:23:24
1700.0,7,6,7.0,1,901.0787733071993,50553.825502419524,10.0,24.0,6.234287738800049,752,2026-02-20 17:32:09,2026-02-20 17:32:09
1700.0,7,10,8.739287376403809,2,2502.0702876656537,42300.72239186649,13.46881494777665,6.0,6.234287738800049,755,2026-02-20 17:32:09,2026-02-20 17:32:09
1700.0,7,34,6.541341304779053,17,17411.701435305407,77482.76550874236,45.77301576766278,82.73195979994614,6.234287738800049,774,2026-02-20 17:32:09,2026-02-20 17:32:09
1700.0,7,51,14.356168746948242,7,-3372.3010342548428,57621.25896815083,0.7410104169489083,39.41405707393846,11.234287738800049,787,2026-02-20 17:32:09,2026-02-20 17:32:09
1700.0,7,52,11.681905746459961,3,-3447.5956448196953,66198.80398078338,0.5778720940583946,58.12166415932236,11.234287738800049,788,2026-02-20 17:32:09,2026-02-20 17:32:09
1700.0,7,54,13.238273620605469,2,1017.0013155745521,72103.59473553023,10.251165508245931,71.0,11.234287738800049,790,2026-02-20 17:32:09,2026-02-20 17:32:09
1700.0,7,59,13.096576690673828,5,5312.3424994314155,68911.66407394444,19.557738073269135,64.03840614385658,11.234287738800049,794,2026-02-20 17:32:09,2026-02-20 17:32:09
1700.0,7,60,11.527000427246094,1,5516.4633886918145,78522.67493262704,20.0,85.0,11.234287738800049,795,2026-02-20 17:32:09,2026-02-20 17:32:09
1700.0,7,65,13.364566802978516,6,9731.485803047077,84438.51109346701,29.1325485644364,97.90242584743183,11.234287738800049,800,2026-02-20 17:32:09,2026-02-20 17:32:09
1700.0,7,71,11.65196704864502,2,17079.1985834313,72103.59473553023,45.05259292193555,71.0,11.234287738800049,804,2026-02-20 17:32:09,2026-02-20 17:32:09
1700.0,7,72,11.638952255249023,1,20285.694157922582,61099.45725479285,52.0,47.0,11.234287738800049,805,2026-02-20 17:32:09,2026-02-20 17:32:09
1700.0,7,78,12.176749229431152,7,25708.723437523873,72950.52504700511,63.74989677246946,72.84715317406548,11.234287738800049,810,2026-02-20 17:32:09,2026-02-20 17:32:09
1700.0,7,81,17.469751358032227,1,1824.155696384123,58806.92861297256,12.0,42.0,16.23428773880005,812,2026-02-20 17:32:09,2026-02-20 17:32:09
1700.0,7,82,17.669294357299805,5,11015.331115796556,58852.46970192106,31.91421340872694,42.09932501631112,16.23428773880005,813,2026-02-20 17:32:09,2026-02-20 17:32:09
1700.0,7,84,21.813777923583984,74,13375.011027733315,66785.91991131962,37.02685321792325,59.40216273156719,16.23428773880005,815,2026-02-20 17:32:09,2026-02-20 17:32:09
1700.0,7,86,16.2957763671875,2,22593.386465614894,68372.93024683559,57.0,62.86342883434497,16.23428773880005,817,2026-02-20 17:32:09,2026-02-20 17:32:09
1700.0,8,8,6.540034770965576,1,-483.536611308185,67977.0431802537,7.0,62.0,6.234287738800049,822,2026-02-20 17:40:55,2026-02-20 17:40:55
1700.0,8,69,12.423721313476562,2,-3537.7543312679313,44593.25103368678,0.3825282734205497,11.0,11.234287738800049,872,2026-02-20 17:40:55,2026-02-20 17:40:55
1700.0,8,73,12.704769134521484,10,-537.8277490755295,58631.54669478975,6.882369201504087,41.6174924164883,11.234287738800049,876,2026-02-20 17:40:55,2026-02-20 17:40:55
1700.0,8,74,11.772092819213867,2,-1122.4213286671193,46885.77967550707,5.615749779055642,16.0,11.234287738800049,877,2026-02-20 17:40:55,2026-02-20 17:40:55
1700.0,8,76,14.82231330871582,2,1135.3797891035786,45510.26249041489,10.507652200892155,13.0,11.234287738800049,879,2026-02-20 17:40:55,2026-02-20 17:40:55
1700.0,8,79,12.483319282531738,1,5054.924927153354,78522.67493262704,19.0,85.0,11.234287738800049,881,2026-02-20 17:40:55,2026-02-20 17:40:55
1700.0,8,80,12.674263000488281,10,8000.993049133325,59304.29554518241,25.38314759762327,43.08475620137713,11.234287738800049,882,2026-02-20 17:40:55,2026-02-20 17:40:55
1700.0,8,88,14.0,1,11054.924927153354,90443.82387009253,32.0,111.0,11.234287738800049,890,2026-02-20 17:40:55,2026-02-20 17:40:55
1700.0,8,94,11.623641967773438,1,16131.848004076432,64308.997353341256,43.0,54.0,11.234287738800049,895,2026-02-20 17:40:55,2026-02-20 17:40:55
1700.0,8,95,11.418572425842285,1,16593.386465614894,65684.51453843343,44.0,57.0,11.234287738800049,896,2026-02-20 17:40:55,2026-02-20 17:40:55
1700.0,8,101,13.731912612915039,4,23129.114427904624,86775.77804318006,58.160743918294415,103.0,11.234287738800049,901,2026-02-20 17:40:55,2026-02-20 17:40:55
1700.0,8,102,13.58944034576416,5,23670.78199091679,67989.09097183529,59.33435697148744,62.02627620733239,11.234287738800049,902,2026-02-20 17:40:55,2026-02-20 17:40:55
1700.0,8,106,17.398529052734375,3,3926.1588710856086,62375.35468450457,16.55434021185322,49.78272952938693,16.23428773880005,905,2026-02-20 17:40:55,2026-02-20 17:40:55
1700.0,8,109,21.404117584228516,25,14022.338732072014,70866.37710906325,38.429396577323764,68.30163103767241,16.23428773880005,908,2026-02-20 17:40:55,2026-02-20 17:40:55
1700.0,8,111,17.265363693237305,1,23516.463388691816,73479.11192062241,59.0,74.0,16.23428773880005,910,2026-02-20 17:40:55,2026-02-20 17:40:55
1700.0,9,3,8.554574966430664,8,-2917.657696178669,67175.96196974718,1.7260709827806187,60.25284361579345,6.234287738800049,912,2026-02-20 17:49:34,2026-02-20 17:49:34
1700.0,9,5,8.5,2,-945.0750728466464,47935.19235141594,6.0,18.28876677212555,6.234287738800049,914,2026-02-20 17:49:34,2026-02-20 17:49:34
1700.0,9,6,7.499999523162842,2,907.2093028361202,50095.31977405547,10.013282813979329,23.0,6.234287738800049,915,2026-02-20 17:49:34,2026-02-20 17:49:34
1700.0,9,8,8.0,2,2028.5246458403665,51012.33123078358,12.442799390488528,25.0,6.234287738800049,917,2026-02-20 17:49:34,2026-02-20 17:49:34
1700.0,9,16,8.946216583251953,5,6055.620901545221,79328.31027488298,21.16817461118238,86.75708893568343,6.234287738800049,923,2026-02-20 17:49:34,2026-02-20 17:49:34
1700.0,9,42,4.253699779510498,3,18892.314262377342,85689.7538816103,48.981010226318645,100.63138365698356,6.234287738800049,946,2026-02-20 17:49:34,2026-02-20 17:49:34
1700.0,9,56,10.695805549621582,9,24088.053758991042,85880.799076736,60.23844580231499,101.04805281356606,6.234287738800049,957,2026-02-20 17:49:34,2026-02-20 17:49:34
1700.0,9,59,6.276721000671387,1,26285.694157922582,57431.41142788039,65.0,39.0,6.234287738800049,959,2026-02-20 17:49:34,2026-02-20 17:49:34
1700.0,9,62,13.73675537109375,7,-3486.2907782001616,60588.306492734366,0.49403263840071804,45.885181295591956,11.234287738800049,961,2026-02-20 17:49:34,2026-02-20 17:49:34
1700.0,9,69,12.639307975769043,3,4829.300138712462,72103.59473553023,18.511146291711402,71.0,11.234287738800049,967,2026-02-20 17:49:34,2026-02-20 17:49:34
1700.0,9,76,9.189908027648926,8,11283.553068142513,61201.796685168214,32.49536097214318,47.22320207588357,11.234287738800049,974,2026-02-20 17:49:34,2026-02-20 17:49:34
1700.0,9,84,12.008368492126465,7,17382.12581704866,71172.00681097018,45.708935261439834,68.96820875524513,11.234287738800049,981,2026-02-20 17:49:34,2026-02-20 17:49:34
1700.0,9,85,12.02079963684082,5,22414.6677900417,70271.22908052953,56.61277620292475,67.00361447710031,11.234287738800049,982,2026-02-20 17:49:34,2026-02-20 17:49:34
1700.0,9,89,12.524332046508789,5,24012.607110523477,77142.94374596186,60.0749780639686,81.99080927170085,11.234287738800049,986,2026-02-20 17:49:34,2026-02-20 17:49:34
1700.0,9,91,12.113274574279785,2,24155.247711126765,91819.3410551847,60.38403269860906,114.0,11.234287738800049,988,2026-02-20 17:49:34,2026-02-20 17:49:34
1700.0,9,95,13.314696311950684,2,25399.293636551167,64308.997353341256,63.0794655370286,54.0,11.234287738800049,992,2026-02-20 17:49:34,2026-02-20 17:49:34
1700.0,9,97,20.43547821044922,6,2583.08185391089,58416.20060387998,13.644340007974662,41.14782305885972,16.23428773880005,993,2026-02-20 17:49:34,2026-02-20 17:49:34
1700.0,9,98,19.320842742919922,24,14418.150220264193,75816.61453549894,39.286988135073486,79.09808813777904,16.23428773880005,994,2026-02-20 17:49:34,2026-02-20 17:49:34
1700.0,10,32,5.298244476318359,5,15265.867158276284,54610.64474165628,41.123708167433016,32.84791396982417,6.234287738800049,1019,2026-02-20 17:58:20,2026-02-20 17:58:20
1700.0,10,48,8.774539947509766,12,22466.856183987948,82030.21975098614,56.725851056474944,92.64994764814388,6.234287738800049,1032,2026-02-20 17:58:20,2026-02-20 17:58:20
1700.0,10,58,12.718754768371582,5,-3542.496604969217,63304.46072765047,0.3722533470677643,51.809107796155665,11.234287738800049,1041,2026-02-20 17:58:20,2026-02-20 17:58:20
1700.0,10,60,12.301939964294434,1,1824.155696384123,56972.90569951633,12.0,38.0,11.234287738800049,1043,2026-02-20 17:58:20,2026-02-20 17:58:20
1700.0,10,62,12.181757926940918,3,3389.249536121457,63226.86812124253,15.391036652764225,51.63987848971975,11.234287738800049,1045,2026-02-20 17:58:20,2026-02-20 17:58:20
1700.0,10,63,12.082529067993164,3,4889.477715237204,64239.003312458604,18.641531040848342,53.84734314850898,11.234287738800049,1046,2026-02-20 17:58:20,2026-02-20 17:58:20
1700.0,10,64,12.255203247070312,3,4755.631556932745,66939.71154306048,18.35153103118868,59.73758194713418,11.234287738800049,1047,2026-02-20 17:58:20,2026-02-20 17:58:20
1700.0,10,65,14.665240287780762,10,5603.506771662028,75397.7571970518,20.18859399643546,78.1845611902715,11.234287738800049,1048,2026-02-20 17:58:20,2026-02-20 17:58:20
1700.0,10,66,13.451242446899414,3,7075.434224110903,55169.882633311514,23.377770143408025,34.06761059968001,11.234287738800049,1049,2026-02-20 17:58:20,2026-02-20 17:58:20
1700.0,10,71,13.374303817749023,12,14591.149966818653,60625.91630318392,39.66182091927482,45.967208210683616,11.234287738800049,1054,2026-02-20 17:58:20,2026-02-20 17:58:20
1700.0,10,82,13.960443496704102,7,23415.98464999643,74929.8886367774,58.782296066159994,77.16414087416389,11.234287738800049,1064,2026-02-20 17:58:20,2026-02-20 17:58:20
1700.0,10,87,17.4180850982666,6,14865.043866458407,78406.8178213602,40.25525770182762,84.74731589138436,16.23428773880005,1068,2026-02-20 17:58:20,2026-02-20 17:58:20
1700.0,11,1,11.228254318237305,13,-2950.4042996463227,58002.38966367318,1.6551200086007025,40.245302294979034,6.234287738800049,1071,2026-02-20 18:06:58,2026-02-20 18:06:58
1700.0,11,4,5.545078754425049,11,-1190.7770835562353,63487.61913431403,5.467645643462558,52.20857588419258,6.234287738800049,1074,2026-02-20 18:06:58,2026-02-20 18:06:58
1700.0,11,13,8.60122013092041,23,4369.026912141481,68757.56238467255,17.513887634140943,63.702310693486254,6.234287738800049,1082,2026-02-20 18:06:58,2026-02-20 18:06:58
1700.0,11,24,7.90427827835083,3,8516.847275481221,71665.76903710174,26.50083175471038,70.04510310047674,6.234287738800049,1091,2026-02-20 18:06:58,2026-02-20 18:06:58
1700.0,11,36,6.113778591156006,12,15518.889765563214,55110.90270917816,41.671923816554695,33.938975512952105,6.234287738800049,1099,2026-02-20 18:06:58,2026-02-20 18:06:58
1700.0,11,44,9.207000732421875,17,20145.622336047443,75143.32478946568,51.69651105260387,77.62964466067015,6.234287738800049,1105,2026-02-20 18:06:58,2026-02-20 18:06:58
1700.0,11,47,6.777695178985596,8,20098.038490058847,57882.260864738026,51.593412719628574,39.983301644815356,6.234287738800049,1107,2026-02-20 18:06:58,2026-02-20 18:06:58
1700.0,11,61,8.549222946166992,6,25727.828425531025,87654.90259375142,63.79129091315163,104.91736873977136,6.234287738800049,1119,2026-02-20 18:06:58,2026-02-20 18:06:58
1700.0,11,68,14.284708976745605,11,5910.371159573802,78319.67653128394,20.85346683691097,84.55726092655945,11.234287738800049,1124,2026-02-20 18:06:58,2026-02-20 18:06:58
1700.0,11,71,10.418879508972168,5,9941.102643437389,63558.65137459789,29.58671838528208,52.36349704632789,11.234287738800049,1127,2026-02-20 18:06:58,2026-02-20 18:06:58
1700.0,11,72,11.5,1,10131.84800407643,54680.377057696045,30.0,33.0,11.234287738800049,1128,2026-02-20 18:06:58,2026-02-20 18:06:58
1700.0,11,74,13.094688415527344,5,13006.638342186552,60483.74189485076,36.228712399238596,45.65712613419477,11.234287738800049,1130,2026-02-20 18:06:58,2026-02-20 18:06:58
1700.0,11,76,14.65286922454834,21,15684.116683334481,64939.32780046891,42.02991547172577,55.37474933928672,11.234287738800049,1132,2026-02-20 18:06:58,2026-02-20 18:06:58
1700.0,11,77,12.19507122039795,4,15406.00621463763,78646.11875906363,41.427342789549265,85.2692307179608,11.234287738800049,1133,2026-02-20 18:06:58,2026-02-20 18:06:58
1700.0,11,82,14.8690767288208,6,16398.62922313034,88689.81316677402,43.5780259746168,107.1745064569274,11.234287738800049,1138,2026-02-20 18:06:58,2026-02-20 18:06:58
1700.0,11,88,11.71262264251709,4,19518.87876912025,80156.57957602182,50.33856665759494,88.5635424866436,11.234287738800049,1144,2026-02-20 18:06:58,2026-02-20 18:06:58
1700.0,11,89,11.604846000671387,1,23978.001850230277,67518.53745188966,60.0,61.0,11.234287738800049,1145,2026-02-20 18:06:58,2026-02-20 18:06:58
1700.0,11,90,12.126212120056152,2,26285.694157922582,77298.7887753507,65.0,82.3307069430885,11.234287738800049,1146,2026-02-20 18:06:58,2026-02-20 18:06:58
1700.0,11,92,13.214277267456055,3,5075.863954386944,61545.13730687878,19.045367892339446,47.97202722783009,16.23428773880005,1147,2026-02-20 18:06:58,2026-02-20 18:06:58
1700.0,12,4,6.253309726715088,1,-3252.7673805389545,44593.25103368678,1.0,11.0,6.234287738800049,1151,2026-02-20 18:15:37,2026-02-20 18:15:37
1700.0,12,32,6.902127742767334,2,13047.373880991883,80356.69784608326,36.31697273331681,89.0,6.234287738800049,1169,2026-02-20 18:15:37,2026-02-20 18:15:37
1700.0,12,43,6.6073527336120605,9,18776.491465910705,85727.74077338059,48.730060833974264,100.71423298561861,6.234287738800049,1179,2026-02-20 18:15:37,2026-02-20 18:15:37
1700.0,12,55,5.590437412261963,4,24490.998776448556,58662.18646782018,61.1114933401396,41.68431769507261,6.234287738800049,1189,2026-02-20 18:15:37,2026-02-20 18:15:37
1700.0,12,56,9.591205596923828,12,24900.842641583116,78618.54921168515,61.999488381264484,85.20910159487036,6.234287738800049,1190,2026-02-20 18:15:37,2026-02-20 18:15:37
1700.0,12,60,7.204777717590332,1,24901.0787733072,87234.28377154413,62.0,104.0,6.234287738800049,1193,2026-02-20 18:15:37,2026-02-20 18:15:37
1700.0,12,69,14.499999046325684,6,4180.049229591144,61189.350856711826,17.10443598861521,47.196057750989766,11.234287738800049,1201,2026-02-20 18:15:37,2026-02-20 18:15:37
1700.0,12,78,14.136638641357422,3,8798.355918033536,75397.07119181975,27.110767146907065,78.18306501434694,11.234287738800049,1209,2026-02-20 18:15:37,2026-02-20 18:15:37
1700.0,12,82,15.553912162780762,11,15262.383914224485,66512.12028057793,41.11616113865412,58.80500633023146,11.234287738800049,1213,2026-02-20 18:15:37,2026-02-20 18:15:37
1700.0,12,83,12.955401420593262,11,16722.258548724505,69187.99432502328,44.27922284673749,64.64108182266385,11.234287738800049,1214,2026-02-20 18:15:37,2026-02-20 18:15:37
1700.0,12,92,14.895162582397461,5,25629.430432630306,65875.84307533446,63.578095261866736,57.417287124380515,11.234287738800049,1223,2026-02-20 18:15:37,2026-02-20 18:15:37
1700.0,12,93,11.902863502502441,4,25620.627859146745,73291.00313357715,63.55902301931902,73.58973514307786,11.234287738800049,1224,2026-02-20 18:15:37,2026-02-20 18:15:37
1700.0,12,95,16.371475219726562,1,9208.771080999508,57889.917156244446,28.0,40.0,16.23428773880005,1225,2026-02-20 18:15:37,2026-02-20 18:15:37
1700.0,13,12,6.30479621887207,30,4353.9698599405765,57263.418964553406,17.48126402103898,38.633608801516225,6.234287738800049,1234,2026-02-20 18:24:23,2026-02-20 18:24:23
1700.0,13,41,7.559608459472656,44,22708.342122131802,68195.36077197657,57.24907058911997,62.47615019446281,6.234287738800049,1255,2026-02-20 18:24:23,2026-02-20 18:24:23
1700.0,13,59,11.96717357635498,3,907.9149528244697,60958.69605625708,10.01481172228742,46.69300013101691,11.234287738800049,1271,2026-02-20 18:24:23,2026-02-20 18:24:23
1700.0,13,61,12.108575820922852,1,2747.232619461046,68894.05463698183,14.0,64.0,11.234287738800049,1273,2026-02-20 18:24:23,2026-02-20 18:24:23
1700.0,13,66,12.65296745300293,1,13824.155696384123,54680.377057696045,38.0,33.0,11.234287738800049,1277,2026-02-20 18:24:23,2026-02-20 18:24:23
1700.0,13,67,12.875518798828125,1,13824.155696384123,55597.38851442416,38.0,35.0,11.234287738800049,1278,2026-02-20 18:24:23,2026-02-20 18:24:23
1700.0,13,69,10.009886741638184,2,15354.197359476262,71500.61831340428,41.31509027003297,69.68490972996703,11.234287738800049,1280,2026-02-20 18:24:23,2026-02-20 18:24:23
1700.0,13,70,11.903022766113281,3,17318.765770786424,63850.49162497719,45.57165516120498,53.0,11.234287738800049,1281,2026-02-20 18:24:23,2026-02-20 18:24:23
1700.0,13,72,11.293951988220215,1,18901.0787733072,77605.66347589891,49.0,83.0,11.234287738800049,1283,2026-02-20 18:24:23,2026-02-20 18:24:23
1700.0,13,73,11.471817970275879,1,20747.232619461043,73937.61764898646,53.0,75.0,11.234287738800049,1284,2026-02-20 18:24:23,2026-02-20 18:24:23
1700.0,13,75,16.687480926513672,1,6439.540311768738,78522.67493262704,22.0,85.0,16.23428773880005,1285,2026-02-20 18:24:23,2026-02-20 18:24:23
1700.0,14,2,10.049247741699219,1,-3714.305842077416,66601.52599516153,0.0,59.0,6.234287738800049,1287,2026-02-20 18:33:09,2026-02-20 18:33:09
1700.0,14,4,6.524738311767578,2,-2599.4117073967286,58538.979680299984,2.415603958474823,41.415603958474826,6.234287738800049,1289,2026-02-20 18:33:09,2026-02-20 18:33:09
1700.0,14,18,8.6034574508667,2,5308.416838400875,54680.377057696045,19.54923247436963,33.0,6.234287738800049,1301,2026-02-20 18:33:09,2026-02-20 18:33:09
1700.0,14,22,5.958962440490723,11,9382.987988819577,58505.708447851415,28.377469966943483,41.34303947260181,6.234287738800049,1304,2026-02-20 18:33:09,2026-02-20 18:33:09
1700.0,14,35,8.805007934570312,17,15966.058099821625,74758.10736853506,42.64078854078125,76.78948630036989,6.234287738800049,1316,2026-02-20 18:33:09,2026-02-20 18:33:09
1700.0,14,49,7.114546775817871,6,21133.892521349913,85277.99029540284,53.83776312075922,99.7333281677389,6.234287738800049,1329,2026-02-20 18:33:09,2026-02-20 18:33:09
1700.0,14,51,3.739157199859619,3,21998.105698930907,69238.16210034928,55.710225005518026,64.75049763193846,6.234287738800049,1331,2026-02-20 18:33:09,2026-02-20 18:33:09
1700.0,14,52,7.651199817657471,56,24942.371980274627,73633.46218479026,62.089468615096095,74.33663759167976,6.234287738800049,1332,2026-02-20 18:33:09,2026-02-20 18:33:09
1700.0,14,66,12.144523620605469,1,2747.232619461046,70269.571822074,14.0,67.0,11.234287738800049,1345,2026-02-20 18:33:09,2026-02-20 18:33:09
1700.0,14,67,13.705816268920898,8,4766.488181936501,61918.37018952814,18.37505371869682,48.786047336108886,11.234287738800049,1346,2026-02-20 18:33:09,2026-02-20 18:33:09
1700.0,14,68,11.279306411743164,2,6836.992129359671,78981.18066099109,22.861145604780354,86.0,11.234287738800049,1347,2026-02-20 18:33:09,2026-02-20 18:33:09
1700.0,14,70,11.1102876663208,6,17026.37536459428,67932.98334566671,44.93814261445534,61.903905596241515,11.234287738800049,1348,2026-02-20 18:33:09,2026-02-20 18:33:09
1700.0,14,72,17.294898986816406,40,15748.853846440717,59433.924210911486,42.17017932512262,43.36747604043255,16.23428773880005,1349,2026-02-20 18:33:09,2026-02-20 18:33:09
1700.0,15,3,6.943785667419434,1,-1868.1519959235698,46885.77967550707,4.0,16.0,6.234287738800049,1353,2026-02-20 18:41:47,2026-02-20 18:41:47
1700.0,15,4,6.520584583282471,11,1364.6691154695295,59460.01980719929,11.004445741351715,43.424390479388244,6.234287738800049,1354,2026-02-20 18:41:47,2026-02-20 18:41:47
1700.0,15,7,9.077763557434082,11,2060.0664413922705,64337.2552255002,12.511139947517654,54.061630357945084,6.234287738800049,1357,2026-02-20 18:41:47,2026-02-20 18:41:47
1700.0,15,31,5.259653568267822,18,18041.425611878807,77815.07805576762,47.13741815023848,83.45673274490134,6.234287738800049,1379,2026-02-20 18:41:47,2026-02-20 18:41:47
1700.0,15,32,7.0426483154296875,19,17414.52328507582,72096.59233029434,45.77912977549867,70.98472776935444,6.234287738800049,1380,2026-02-20 18:41:47,2026-02-20 18:41:47
1700.0,15,41,5.882625579833984,4,23845.8619362088,84848.60981608737,59.71369685295346,98.79685027280071,6.234287738800049,1388,2026-02-20 18:41:47,2026-02-20 18:41:47
1700.0,15,44,6.9310197830200195,4,24979.917929738876,86215.51231299342,62.17081817226863,101.77806165653443,6.234287738800049,1391,2026-02-20 18:41:47,2026-02-20 18:41:47
1700.0,15,51,13.500000953674316,2,4133.298944763813,78522.67493262704,17.003143704822662,85.0,11.234287738800049,1397,2026-02-20 18:41:47,2026-02-20 18:41:47
1700.0,15,54,13.0,1,24439.54031176874,73020.60619225835,61.0,73.0,11.234287738800049,1399,2026-02-20 18:41:47,2026-02-20 18:41:47
1700.0,15,56,19.355775833129883,84,16935.46817163225,64493.82015411746,44.74117702970427,54.40309812798992,16.23428773880005,1400,2026-02-20 18:41:47,2026-02-20 18:41:47
1700.0,16,13,7.743318557739258,4,1930.5172053137412,70396.40280259735,12.230449936014173,67.2766180936842,6.234287738800049,1411,2026-02-20 18:50:24,2026-02-20 18:50:24
1700.0,16,20,6.610157012939453,1,5516.4633886918145,79898.19211771921,20.0,88.0,6.234287738800049,1418,2026-02-20 18:50:24,2026-02-20 18:50:24
1700.0,16,21,7.502861499786377,2,7087.163875447505,70728.07755043806,23.40318438797066,68.0,6.234287738800049,1419,2026-02-20 18:50:24,2026-02-20 18:50:24
1700.0,16,23,6.6210808753967285,1,7362.617234845662,81273.70930281139,24.0,91.0,6.234287738800049,1421,2026-02-20 18:50:24,2026-02-20 18:50:24
1700.0,16,25,8.867494583129883,3,12726.054925323178,78125.01583465814,35.62078166270128,84.13270636903987,6.234287738800049,1423,2026-02-20 18:50:24,2026-02-20 18:50:24
1700.0,16,27,7.40735387802124,1,13362.617234845662,63850.49162497719,37.0,53.0,6.234287738800049,1425,2026-02-20 18:50:24,2026-02-20 18:50:24
1700.0,16,28,6.3059892654418945,1,13362.617234845662,66143.02026679748,37.0,58.0,6.234287738800049,1426,2026-02-20 18:50:24,2026-02-20 18:50:24
1700.0,16,30,8.449898719787598,1,14285.694157922584,63391.985896613136,39.0,52.0,6.234287738800049,1427,2026-02-20 18:50:24,2026-02-20 18:50:24
1700.0,16,32,8.77918815612793,3,18634.708059288485,76270.72088123915,48.422863452959454,80.08849309380967,6.234287738800049,1429,2026-02-20 18:50:24,2026-02-20 18:50:24
1700.0,16,33,7.364189147949219,2,21729.725000979943,85858.76658645195,55.12873349329094,101.0,6.234287738800049,1430,2026-02-20 18:50:24,2026-02-20 18:50:24
1700.0,16,35,7.540118217468262,1,24901.0787733072,89985.31814172846,62.0,110.0,6.234287738800049,1432,2026-02-20 18:50:24,2026-02-20 18:50:24
1700.0,16,37,5.61787223815918,3,25476.087121170036,77570.77402700348,63.24585142036948,82.92390618756299,6.234287738800049,1434,2026-02-20 18:50:24,2026-02-20 18:50:24
1700.0,16,40,13.244464874267578,1,-1868.1519959235698,58806.92861297256,4.0,42.0,11.234287738800049,1436,2026-02-20 18:50:24,2026-02-20 18:50:24
1700.0,16,41,12.081122398376465,1,-945.0750728466464,76230.14629080675,6.0,80.0,11.234287738800049,1437,2026-02-20 18:50:24,2026-02-20 18:50:24
1700.0,16,44,20.039289474487305,47,18165.902697690057,68277.0769576092,47.407118502829526,62.65437301825214,16.23428773880005,1438,2026-02-20 18:50:24,2026-02-20 18:50:24
1700.0,17,3,7.298251628875732,3,-3232.2895620200525,61099.45725479285,1.0443686067909541,47.0,6.234287738800049,1443,2026-02-20 18:59:03,2026-02-20 18:59:03
1700.0,17,4,6.576757431030273,1,-2791.228919000493,48719.8025889633,2.0,20.0,6.234287738800049,1444,2026-02-20 18:59:03,2026-02-20 18:59:03
1700.0,17,15,7.089682579040527,2,4360.371737625427,76688.65201917081,17.495134756022825,81.0,6.234287738800049,1454,2026-02-20 18:59:03,2026-02-20 18:59:03
1700.0,17,18,6.926109790802002,3,6673.854472720897,65684.51453843343,22.50768068206301,57.0,6.234287738800049,1457,2026-02-20 18:59:03,2026-02-20 18:59:03
1700.0,17,19,9.986836433410645,5,6662.494481997104,82000.02653163775,22.483067368828127,92.58409630217243,6.234287738800049,1458,2026-02-20 18:59:03,2026-02-20 18:59:03
1700.0,17,20,7.0273237228393555,1,8285.694157922584,60640.95152642879,26.0,46.0,6.234287738800049,1459,2026-02-20 18:59:03,2026-02-20 18:59:03
1700.0,17,28,6.414000988006592,1,23516.463388691816,68894.05463698183,59.0,64.0,6.234287738800049,1466,2026-02-20 18:59:03,2026-02-20 18:59:03
1700.0,17,30,7.5,1,24439.54031176874,68894.05463698183,61.0,64.0,6.234287738800049,1468,2026-02-20 18:59:03,2026-02-20 18:59:03
1700.0,17,32,11.530035972595215,2,2285.694157922584,59225.05902589145,13.0,42.91194152450566,11.234287738800049,1469,2026-02-20 18:59:03,2026-02-20 18:59:03
1700.0,17,42,15.61463451385498,3,19305.02764791691,72277.82220635597,49.875222561654375,71.37998973632756,16.23428773880005,1477,2026-02-20 18:59:03,2026-02-20 18:59:03
1700.0,18,2,8.0,1,-1406.6135343851083,42759.228120230546,5.0,7.0,6.234287738800049,1480,2026-02-20 19:07:41,2026-02-20 19:07:41
1700.0,18,8,7.821073532104492,3,1913.7448805155489,56244.61753206232,12.194109898951423,36.411605084951645,6.234287738800049,1486,2026-02-20 19:07:41,2026-02-20 19:07:41
1700.0,18,11,6.397500038146973,2,5370.2034589469495,80043.49098489186,19.68310348555279,88.31689651444721,6.234287738800049,1488,2026-02-20 19:07:41,2026-02-20 19:07:41
1700.0,18,12,8.100506782531738,1,5978.001850230277,72562.10046389428,21.0,72.0,6.234287738800049,1489,2026-02-20 19:07:41,2026-02-20 19:07:41
1700.0,18,13,8.35631275177002,2,6439.540311768738,79480.43003497632,22.0,87.08886180281007,6.234287738800049,1490,2026-02-20 19:07:41,2026-02-20 19:07:41
1700.0,18,15,7.941750526428223,1,15208.771080999506,62933.48016824908,41.0,51.0,6.234287738800049,1492,2026-02-20 19:07:41,2026-02-20 19:07:41
1700.0,18,17,1.5103158950805664,5,17144.47998152808,70617.8081183732,45.19403595114523,67.75950260761562,6.234287738800049,1494,2026-02-20 19:07:41,2026-02-20 19:07:41
1700.0,18,22,16.032255172729492,2,5054.924927153354,63928.83931250497,19.0,53.17087613672204,11.234287738800049,1497,2026-02-20 19:07:41,2026-02-20 19:07:41
1700.0,18,26,11.5,1,24901.0787733072,84024.74367299573,62.0,97.0,11.234287738800049,1500,2026-02-20 19:07:41,2026-02-20 19:07:41
1700.0,18,30,18.662128448486328,2,20533.35757458177,78064.16920426297,52.536604069428236,84.0,16.23428773880005,1503,2026-02-20 19:07:41,2026-02-20 19:07:41
1700.0,19,6,6.5624613761901855,3,-2304.9186231285084,63229.66414604071,3.0536723077226324,51.645976613745724,6.234287738800049,1509,2026-02-20 19:17:35,2026-02-20 19:17:35
1700.0,19,8,2.539525032043457,3,24.373439869234904,58759.629646092355,8.100471777551077,41.89684105572908,6.234287738800049,1511,2026-02-20 19:17:35,2026-02-20 19:17:35
1700.0,19,11,4.071572780609131,3,1615.613396351904,61953.30038598077,11.548158349930192,48.86223001887985,6.234287738800049,1514,2026-02-20 19:17:35,2026-02-20 19:17:35
1700.0,19,13,7.39525032043457,1,1824.155696384123,70728.07755043806,12.0,68.0,6.234287738800049,1516,2026-02-20 19:17:35,2026-02-20 19:17:35
1700.0,19,15,7.243037700653076,1,4593.386465614893,53763.365600967925,18.0,31.0,6.234287738800049,1518,2026-02-20 19:17:35,2026-02-20 19:17:35
1700.0,19,18,9.008899688720703,1,6439.540311768738,81273.70930281139,22.0,91.0,6.234287738800049,1521,2026-02-20 19:17:35,2026-02-20 19:17:35
1700.0,19,20,10.466072082519531,3,8747.232619461045,57702.51902761744,27.0,39.59128508754811,6.234287738800049,1523,2026-02-20 19:17:35,2026-02-20 19:17:35
1700.0,19,21,9.207717895507812,2,8775.341486231535,62933.48016824908,27.060902544669396,51.0,6.234287738800049,1524,2026-02-20 19:17:35,2026-02-20 19:17:35
1700.0,19,22,7.694258213043213,1,8747.232619461045,83566.23794463166,27.0,96.0,6.234287738800049,1525,2026-02-20 19:17:35,2026-02-20 19:17:35
1700.0,19,25,6.6183695793151855,1,17054.924927153355,70728.07755043806,45.0,68.0,6.234287738800049,1527,2026-02-20 19:17:35,2026-02-20 19:17:35
1700.0,19,27,6.30244779586792,1,17516.463388691816,61557.962983156904,46.0,48.0,6.234287738800049,1529,2026-02-20 19:17:35,2026-02-20 19:17:35
1700.0,19,36,17.33814811706543,1,19362.61723484566,81273.70930281139,50.0,91.0,16.23428773880005,1535,2026-02-20 19:17:35,2026-02-20 19:17:35
1700.0,20,2,6.5799880027771,1,-3252.7673805389545,57889.917156244446,1.0,40.0,6.234287738800049,1537,2026-02-20 19:26:21,2026-02-20 19:26:21
1700.0,20,5,8.659231185913086,6,-619.6897861055268,63589.8141003482,6.7050014546057595,52.431462883661055,6.234287738800049,1540,2026-02-20 19:26:21,2026-02-20 19:26:21
1700.0,20,8,9.466384887695312,7,1850.5253739124255,54332.28298632146,12.057134301311322,32.24080758463677,6.234287738800049,1543,2026-02-20 19:26:21,2026-02-20 19:26:21
1700.0,20,14,9.219120025634766,2,5289.306874764379,80356.69784608326,19.507827553157224,89.0,6.234287738800049,1549,2026-02-20 19:26:21,2026-02-20 19:26:21
1700.0,20,16,7.892494201660156,1,7362.617234845662,85400.26085808789,24.0,100.0,6.234287738800049,1551,2026-02-20 19:26:21,2026-02-20 19:26:21
1700.0,20,17,7.319725036621094,4,8531.360833270794,60680.677741513995,26.53227779658779,46.08664278901584,6.234287738800049,1552,2026-02-20 19:26:21,2026-02-20 19:26:21
1700.0,20,18,10.225332260131836,1,15208.771080999506,54680.377057696045,41.0,33.0,6.234287738800049,1553,2026-02-20 19:26:21,2026-02-20 19:26:21
1700.0,20,19,7.312942028045654,2,16218.864395924998,62016.46871152097,43.188535515671894,49.0,6.234287738800049,1554,2026-02-20 19:26:21,2026-02-20 19:26:21
1700.0,20,22,6.500000476837158,1,18901.0787733072,73020.60619225835,49.0,73.0,6.234287738800049,1557,2026-02-20 19:26:21,2026-02-20 19:26:21
1700.0,20,27,7.654834270477295,1,22593.386465614894,66601.52599516153,57.0,59.0,6.234287738800049,1561,2026-02-20 19:26:21,2026-02-20 19:26:21
1700.0,20,28,7.218820095062256,1,23516.463388691816,67977.0431802537,59.0,62.0,6.234287738800049,1562,2026-02-20 19:26:21,2026-02-20 19:26:21
1700.0,20,31,8.289886474609375,10,25352.06745359731,73076.3429443213,62.97714214062857,73.12156173547015,6.234287738800049,1565,2026-02-20 19:26:21,2026-02-20 19:26:21
1700.0,20,33,8.098634719848633,2,24649.353439044113,90443.82387009253,61.454595109096644,111.0,6.234287738800049,1567,2026-02-20 19:26:21,2026-02-20 19:26:21
1700.0,20,38,11.9996919631958,2,20928.945745363104,85400.26085808789,53.393711772787796,100.0,11.234287738800049,1571,2026-02-20 19:26:21,2026-02-20 19:26:21
1700.0,21,7,5.518849849700928,20,2253.5342948928273,63177.177675617706,12.93032029676886,51.53150373548905,6.234287738800049,1578,2026-02-20 19:35:08,2026-02-20 19:35:08
1700.0,21,8,8.163981437683105,5,2919.7654642504353,57885.273222822194,14.373821163710344,39.98987159126927,6.234287738800049,1579,2026-02-20 19:35:08,2026-02-20 19:35:08
1700.0,21,10,8.649551391601562,3,4316.680438467823,76783.08173501033,17.40047027451468,81.2059510056209,6.234287738800049,1581,2026-02-20 19:35:08,2026-02-20 19:35:08
1700.0,21,14,7.574324131011963,3,6281.809020506806,84368.92796391125,21.65824886893248,97.75066519265432,6.234287738800049,1585,2026-02-20 19:35:08,2026-02-20 19:35:08
1700.0,21,17,8.447558403015137,2,8747.232619461045,63552.73529718521,27.0,52.350594094310715,6.234287738800049,1588,2026-02-20 19:35:08,2026-02-20 19:35:08
1700.0,21,19,9.657835006713867,3,16308.642565662925,62016.46871152097,43.3830548834374,49.0,6.234287738800049,1590,2026-02-20 19:35:08,2026-02-20 19:35:08
1700.0,21,22,8.078150749206543,1,19362.61723484566,66143.02026679748,50.0,58.0,6.234287738800049,1593,2026-02-20 19:35:08,2026-02-20 19:35:08
1700.0,21,23,6.788069725036621,2,19626.429365883538,77147.15774753486,50.571592950582065,82.0,6.234287738800049,1594,2026-02-20 19:35:08,2026-02-20 19:35:08
1700.0,21,28,7.102114677429199,4,26037.693155990837,73206.98422103531,64.46266449581455,73.40649007688945,6.234287738800049,1597,2026-02-20 19:35:08,2026-02-20 19:35:08
1700.0,21,31,12.085190773010254,2,20999.499549810098,85400.26085808789,53.54657834908962,100.0,11.234287738800049,1599,2026-02-20 19:35:08,2026-02-20 19:35:08
1700.0,22,1,6.486344814300537,1,-3714.305842077416,44134.74530532272,0.0,10.0,6.234287738800049,1601,2026-02-20 19:43:46,2026-02-20 19:43:46
1700.0,22,2,9.0,1,-2329.690457462031,42300.72239186649,3.0,6.0,6.234287738800049,1602,2026-02-20 19:43:46,2026-02-20 19:43:46
1700.0,22,14,6.815669536590576,1,5516.4633886918145,67977.0431802537,20.0,62.0,6.234287738800049,1613,2026-02-20 19:43:46,2026-02-20 19:43:46
1700.0,22,15,9.264266967773438,2,5727.632663818125,78522.67493262704,20.45753342944034,85.0,6.234287738800049,1614,2026-02-20 19:43:46,2026-02-20 19:43:46
1700.0,22,18,10.07469367980957,13,10554.149075717913,59414.29330393219,30.914985655223212,43.324661074850034,6.234287738800049,1617,2026-02-20 19:43:46,2026-02-20 19:43:46
1700.0,22,20,7.502882480621338,4,17771.58380403241,65857.58526722899,46.55276089990462,57.37746688446637,6.234287738800049,1619,2026-02-20 19:43:46,2026-02-20 19:43:46
1700.0,22,21,7.868206024169922,1,17516.463388691816,71645.08900716617,46.0,70.0,6.234287738800049,1620,2026-02-20 19:43:46,2026-02-20 19:43:46
1700.0,22,23,6.524003028869629,1,18439.54031176874,71186.5832788021,48.0,69.0,6.234287738800049,1622,2026-02-20 19:43:46,2026-02-20 19:43:46
1700.0,22,25,7.160582065582275,1,20747.232619461043,80815.20357444731,53.0,90.0,6.234287738800049,1624,2026-02-20 19:43:46,2026-02-20 19:43:46
1700.0,22,26,2.8899245262145996,4,25734.30535257186,73254.86292495544,63.80532425507344,73.51091342638817,6.234287738800049,1625,2026-02-20 19:43:46,2026-02-20 19:43:46
1700.0,22,28,11.417905807495117,1,4131.848004076431,61099.45725479285,17.0,47.0,11.234287738800049,1626,2026-02-20 19:43:46,2026-02-20 19:43:46
1700.0,23,12,8.145133018493652,8,11799.964330986524,63567.42655920229,33.61425204163854,52.38263570493466,6.234287738800049,1636,2026-02-20 19:52:24,2026-02-20 19:52:24
1700.0,23,13,5.674465656280518,2,13449.863865987712,72016.92139518553,37.18903436747444,70.81096563252557,6.234287738800049,1637,2026-02-20 19:52:24,2026-02-20 19:52:24
1700.0,23,15,6.829641342163086,3,15588.66181471416,55952.53695515605,41.82309658971508,35.774577979645,6.234287738800049,1639,2026-02-20 19:52:24,2026-02-20 19:52:24
1700.0,23,17,7.200689315795898,2,17978.001850230277,68492.11100051497,47.0,63.1233617998602,6.234287738800049,1641,2026-02-20 19:52:24,2026-02-20 19:52:24
1700.0,23,18,7.076908111572266,1,24439.54031176874,74854.62910571457,61.0,77.0,6.234287738800049,1642,2026-02-20 19:52:24,2026-02-20 19:52:24
1700.0,23,20,12.041943550109863,2,3232.276223808962,63391.985896613136,15.050927809420486,52.0,11.234287738800049,1643,2026-02-20 19:52:24,2026-02-20 19:52:24
2000.0,0,1,7.413029670715332,1,-3714.305842077416,39549.688021682145,0.0,0.0,5.543242931365967,1,2026-02-20 16:30:58,2026-02-20 16:30:58
2000.0,0,48,6.229275226593018,3,15410.399251414972,89648.92585890065,41.43686103590017,109.2663291601,5.543242931365967,40,2026-02-20 16:30:58,2026-02-20 16:30:58
2000.0,0,56,5.782430171966553,3,24198.78874595752,75771.64056244268,60.47837160740903,79.0,5.543242931365967,47,2026-02-20 16:30:58,2026-02-20 16:30:58
2000.0,0,57,6.488927364349365,9,24832.7602814344,89729.77200201328,61.851976600942265,109.44265442303856,5.543242931365967,48,2026-02-20 16:30:58,2026-02-20 16:30:58
2000.0,0,59,10.76651668548584,1,-1868.1519959235698,45510.26249041489,4.0,13.0,10.543242931365967,49,2026-02-20 16:30:58,2026-02-20 16:30:58
2000.0,0,63,14.5,2,2747.232619461046,56207.62560159368,14.0,36.33092576475945,10.543242931365967,53,2026-02-20 16:30:58,2026-02-20 16:30:58
2000.0,0,64,10.420574188232422,6,4171.176642102313,66019.86458677282,17.08521204905608,57.731397728739225,10.543242931365967,54,2026-02-20 16:30:58,2026-02-20 16:30:58
2000.0,0,68,10.668007850646973,1,4593.386465614893,42759.228120230546,18.0,7.0,10.543242931365967,57,2026-02-20 16:30:58,2026-02-20 16:30:58
2000.0,0,71,10.635153770446777,1,6901.078773307199,94570.37542536904,23.0,120.0,10.543242931365967,60,2026-02-20 16:30:58,2026-02-20 16:30:58
2000.0,0,72,12.575650215148926,12,9588.014977729492,63523.92622940541,28.821695109581633,52.28776157991098,10.543242931365967,61,2026-02-20 16:30:58,2026-02-20 16:30:58
2000.0,0,73,10.435321807861328,2,10447.135619926106,56201.18408559541,30.683123167674296,36.316876832325704,10.543242931365967,62,2026-02-20 16:30:58,2026-02-20 16:30:58
2000.0,0,79,13.17709732055664,6,16874.43534594283,74624.60621055019,44.60893924071053,76.49832056409613,10.543242931365967,68,2026-02-20 16:30:58,2026-02-20 16:30:58
2000.0,0,85,12.396602630615234,5,25427.130633026245,64198.06651183913,63.13977902939126,53.7580600750662,10.543242931365967,72,2026-02-20 16:30:58,2026-02-20 16:30:58
2000.0,0,88,15.557464599609375,1,4131.848004076431,75313.13483407864,17.0,78.0,15.543242931365967,74,2026-02-20 16:30:58,2026-02-20 16:30:58
2000.0,0,89,17.522071838378906,3,21022.78803439201,69900.09810950217,53.59703673235043,66.19417863351434,15.543242931365967,75,2026-02-20 16:30:58,2026-02-20 16:30:58
2000.0,1,4,5.547238349914551,2,-2329.690457462031,41383.60833330043,3.0,3.9997762256137697,5.543242931365967,81,2026-02-20 16:39:43,2026-02-20 16:39:43
2000.0,1,17,6.306931495666504,1,4131.848004076431,40925.20520677432,17.0,3.0,5.543242931365967,89,2026-02-20 16:39:43,2026-02-20 16:39:43
2000.0,1,37,6.135108470916748,5,11305.48826471093,77951.50948710724,32.54288723137475,83.75428940101207,5.543242931365967,105,2026-02-20 16:39:43,2026-02-20 16:39:43
2000.0,1,45,6.695181846618652,1,16131.848004076432,88151.29522827224,43.0,106.0,5.543242931365967,113,2026-02-20 16:39:43,2026-02-20 16:39:43
2000.0,1,46,9.15648078918457,9,17439.294886066156,79230.03523794029,45.8328015776444,86.54275129306914,5.543242931365967,114,2026-02-20 16:39:43,2026-02-20 16:39:43
2000.0,1,56,5.6470255851745605,2,26285.694157922582,61490.7980418408,65.0,47.85351340853309,5.543242931365967,124,2026-02-20 16:39:43,2026-02-20 16:39:43
2000.0,1,60,11.694993019104004,1,3208.771080999507,58806.92861297256,15.0,42.0,10.543242931365967,127,2026-02-20 16:39:43,2026-02-20 16:39:43
2000.0,1,61,12.274619102478027,4,3891.381746392798,50329.40330677771,16.478989775018796,23.51053567761837,10.543242931365967,128,2026-02-20 16:39:43,2026-02-20 16:39:43
2000.0,1,62,12.903375625610352,28,4385.6228851039505,72575.9467854814,17.549845575559626,72.03019879737712,10.543242931365967,129,2026-02-20 16:39:43,2026-02-20 16:39:43
2000.0,1,64,12.380902290344238,1,5054.924927153354,56514.39997115228,19.0,37.0,10.543242931365967,131,2026-02-20 16:39:43,2026-02-20 16:39:43
2000.0,1,65,10.702510833740234,8,5369.512706568719,67601.60434328653,19.68160685539996,61.18116871013423,10.543242931365967,132,2026-02-20 16:39:43,2026-02-20 16:39:43
2000.0,1,66,12.138714790344238,2,5276.54527488172,78981.18066099109,19.480177420078128,86.0,10.543242931365967,133,2026-02-20 16:39:43,2026-02-20 16:39:43
2000.0,1,69,12.083816528320312,1,10131.84800407643,56514.39997115228,30.0,37.0,10.543242931365967,136,2026-02-20 16:39:43,2026-02-20 16:39:43
2000.0,1,70,11.915238380432129,1,11516.463388691815,53304.85987260387,33.0,30.0,10.543242931365967,137,2026-02-20 16:39:43,2026-02-20 16:39:43
2000.0,1,76,13.534248352050781,12,16852.60950339119,71368.13541937254,44.56164991518198,69.39596482516852,10.543242931365967,142,2026-02-20 16:39:43,2026-02-20 16:39:43
2000.0,1,85,15.482528686523438,4,17647.16836051967,66319.07562800804,46.28319410562702,58.3839763612959,15.543242931365967,149,2026-02-20 16:39:43,2026-02-20 16:39:43
2000.0,1,86,15.603900909423828,1,22131.848004076433,73479.11192062241,56.0,74.0,15.543242931365967,150,2026-02-20 16:39:43,2026-02-20 16:39:43
2000.0,2,16,6.0,1,4593.386465614893,45968.76821877895,18.0,14.0,5.543242931365967,161,2026-02-20 16:48:29,2026-02-20 16:48:29
2000.0,2,34,5.797752380371094,1,14747.232619461045,86775.77804318006,40.0,103.0,5.543242931365967,175,2026-02-20 16:48:29,2026-02-20 16:48:29
2000.0,2,42,10.613718032836914,1,-3252.7673805389545,67977.0431802537,1.0,62.0,10.543242931365967,182,2026-02-20 16:48:29,2026-02-20 16:48:29
2000.0,2,46,9.0,5,3167.5242732895076,56745.80532268967,14.910631916628335,37.504694570257726,10.543242931365967,186,2026-02-20 16:48:29,2026-02-20 16:48:29
2000.0,2,52,10.66679573059082,12,4893.448255821399,75971.62051818258,18.650133878780764,79.43615585012083,10.543242931365967,191,2026-02-20 16:48:29,2026-02-20 16:48:29
2000.0,2,62,11.708671569824219,2,11372.280478273511,73479.11192062241,32.687603694093674,74.0,10.543242931365967,200,2026-02-20 16:48:29,2026-02-20 16:48:29
2000.0,2,73,5.800401210784912,3,18357.81652807718,62124.695720065545,47.82293180200162,49.2360428711125,10.543242931365967,208,2026-02-20 16:48:29,2026-02-20 16:48:29
2000.0,2,77,11.1262845993042,1,23054.924927153355,59723.94006970068,58.0,44.0,10.543242931365967,212,2026-02-20 16:48:29,2026-02-20 16:48:29
2000.0,2,78,11.05195426940918,3,23955.947602421395,68894.05463698183,59.95221579641409,64.0,10.543242931365967,213,2026-02-20 16:48:29,2026-02-20 16:48:29
2000.0,2,86,16.669660568237305,1,3208.771080999507,63391.985896613136,15.0,52.0,15.543242931365967,220,2026-02-20 16:48:29,2026-02-20 16:48:29
2000.0,2,87,20.316844940185547,1,10131.84800407643,56514.39997115228,30.0,37.0,15.543242931365967,221,2026-02-20 16:48:29,2026-02-20 16:48:29
2000.0,2,88,15.721602439880371,1,11978.001850230277,62933.48016824908,34.0,51.0,15.543242931365967,222,2026-02-20 16:48:29,2026-02-20 16:48:29
2000.0,2,89,16.82663917541504,3,17074.40210293912,70728.07755043806,45.04220054753582,68.0,15.543242931365967,223,2026-02-20 16:48:29,2026-02-20 16:48:29
2000.0,3,14,6.213466644287109,2,8517.174740634007,54221.87132933199,26.50154126254142,32.0,5.543242931365967,236,2026-02-20 16:57:07,2026-02-20 16:57:07
2000.0,3,20,6.811774253845215,2,10369.86788661061,56277.94409867161,30.51570974549072,36.484290254509276,5.543242931365967,242,2026-02-20 16:57:07,2026-02-20 16:57:07
2000.0,3,40,11.475253105163574,10,3657.2369001940697,68416.86830592348,15.971675941588218,62.95925764600381,10.543242931365967,259,2026-02-20 16:57:07,2026-02-20 16:57:07
2000.0,3,41,11.244793891906738,1,4593.386465614893,79898.19211771921,18.0,88.0,10.543242931365967,260,2026-02-20 16:57:07,2026-02-20 16:57:07
2000.0,3,52,12.373027801513672,13,22062.51746658137,71486.98373578468,55.84978383542736,69.65517274572426,10.543242931365967,268,2026-02-20 16:57:07,2026-02-20 16:57:07
2000.0,3,56,12.5,7,24657.0714796563,63457.09329137561,61.47131753042305,52.141999086892056,10.543242931365967,272,2026-02-20 16:57:07,2026-02-20 16:57:07
2000.0,3,63,22.69700813293457,2,11054.924927153354,64070.8608433826,32.0,53.480624787811664,15.543242931365967,278,2026-02-20 16:57:07,2026-02-20 16:57:07
2000.0,3,64,16.554576873779297,2,16599.735148576085,74396.12337735051,44.01375547974924,76.0,15.543242931365967,279,2026-02-20 16:57:07,2026-02-20 16:57:07
2000.0,3,65,15.57451057434082,1,17516.463388691816,68435.54890861777,46.0,63.0,15.543242931365967,280,2026-02-20 16:57:07,2026-02-20 16:57:07
2000.0,4,5,5.781661033630371,2,1158.1218446252785,78319.52326564018,10.556926654522504,84.5569266545225,5.543242931365967,283,2026-02-20 17:05:52,2026-02-20 17:05:52
2000.0,4,10,6.11298942565918,22,5719.223482139984,75349.17278630346,20.439313535804366,78.07859869570967,5.543242931365967,287,2026-02-20 17:05:52,2026-02-20 17:05:52
2000.0,4,14,5.609315872192383,2,11054.924927153354,75656.73827905113,32.0,78.74939836891127,5.543242931365967,291,2026-02-20 17:05:52,2026-02-20 17:05:52
2000.0,4,32,11.0,2,-3484.074534923032,55597.38851442416,0.4988344988344988,35.0,10.543242931365967,304,2026-02-20 17:05:52,2026-02-20 17:05:52
2000.0,4,34,10.647134780883789,1,3208.771080999507,58348.4228846085,15.0,41.0,10.543242931365967,306,2026-02-20 17:05:52,2026-02-20 17:05:52
2000.0,4,37,13.033145904541016,19,6181.569406086704,66048.700400503,21.441063037688924,57.794288575998785,10.543242931365967,309,2026-02-20 17:05:52,2026-02-20 17:05:52
2000.0,4,46,10.970226287841797,1,17054.924927153355,78064.16920426297,45.0,84.0,10.543242931365967,317,2026-02-20 17:05:52,2026-02-20 17:05:52
2000.0,4,48,13.597635269165039,8,20332.591935175773,65414.12286247636,52.101611850715244,56.41027634066466,10.543242931365967,319,2026-02-20 17:05:52,2026-02-20 17:05:52
2000.0,4,65,17.894811630249023,46,11156.38422821487,68130.07634463921,32.219828485633286,62.33376499990854,15.543242931365967,335,2026-02-20 17:05:52,2026-02-20 17:05:52
2000.0,5,1,6.5,1,-3714.305842077416,49636.81404569141,0.0,22.0,5.543242931365967,336,2026-02-20 17:14:38,2026-02-20 17:14:38
2000.0,5,11,7.697945594787598,14,4126.519165849009,75708.96123687408,16.988454183840588,78.86329652675823,5.543242931365967,344,2026-02-20 17:14:38,2026-02-20 17:14:38
2000.0,5,32,6.0,1,25362.61723484566,83107.73221626761,63.0,95.0,5.543242931365967,359,2026-02-20 17:14:38,2026-02-20 17:14:38
2000.0,5,38,11.814998626708984,1,1824.155696384123,60640.95152642879,12.0,46.0,10.543242931365967,364,2026-02-20 17:14:38,2026-02-20 17:14:38
2000.0,5,39,10.55738639831543,1,3670.309542537969,50553.825502419524,16.0,24.0,10.543242931365967,365,2026-02-20 17:14:38,2026-02-20 17:14:38
2000.0,5,40,7.956361293792725,14,5942.521804316146,69659.45984769084,20.92312656718605,65.6693471059565,10.543242931365967,366,2026-02-20 17:14:38,2026-02-20 17:14:38
2000.0,5,49,11.601140022277832,1,19824.15569638412,78981.18066099109,51.0,86.0,10.543242931365967,371,2026-02-20 17:14:38,2026-02-20 17:14:38
2000.0,5,61,13.77253532409668,6,11477.698242155766,72525.52821631604,32.916008849171895,71.92023600728234,15.543242931365967,381,2026-02-20 17:14:38,2026-02-20 17:14:38
2000.0,5,62,18.652421951293945,2,11387.342095244905,55725.661361939055,32.720237197531695,35.279762802468305,15.543242931365967,382,2026-02-20 17:14:38,2026-02-20 17:14:38
2000.0,5,63,15.926146507263184,1,11054.924927153354,63850.49162497719,32.0,53.0,15.543242931365967,383,2026-02-20 17:14:38,2026-02-20 17:14:38
2000.0,5,67,15.722089767456055,1,16593.386465614894,69811.06609370995,44.0,66.0,15.543242931365967,387,2026-02-20 17:14:38,2026-02-20 17:14:38
2000.0,5,68,16.748029708862305,3,24555.20983535732,70394.09230390452,61.25061730110859,67.27157890104188,15.543242931365967,388,2026-02-20 17:14:38,2026-02-20 17:14:38
2000.0,6,9,8.954955101013184,40,5297.7952856767415,74991.44521735037,19.526219110134008,77.29839564300309,5.543242931365967,395,2026-02-20 17:23:24,2026-02-20 17:23:24
2000.0,6,45,8.420985221862793,8,2824.6179791881373,65951.3361592909,14.167668279408698,57.581937376899305,10.543242931365967,420,2026-02-20 17:23:24,2026-02-20 17:23:24
2000.0,6,50,11.681229591369629,1,6901.078773307199,58348.4228846085,23.0,41.0,10.543242931365967,425,2026-02-20 17:23:24,2026-02-20 17:23:24
2000.0,6,53,11.029409408569336,1,9670.309542537969,53763.365600967925,29.0,31.0,10.543242931365967,427,2026-02-20 17:23:24,2026-02-20 17:23:24
2000.0,6,62,10.650406837463379,16,18108.0049540483,65929.99697390127,47.28167339160572,57.53539665980558,10.543242931365967,435,2026-02-20 17:23:24,2026-02-20 17:23:24
2000.0,6,65,10.973800659179688,2,17524.750733342138,78064.16920426297,46.01795591340903,84.0,10.543242931365967,438,2026-02-20 17:23:24,2026-02-20 17:23:24
2000.0,6,77,12.411429405212402,7,25439.905676379618,72351.96211066417,63.16745828999024,71.54168870696581,10.543242931365967,450,2026-02-20 17:23:24,2026-02-20 17:23:24
2000.0,6,79,13.97871208190918,3,10422.273827418643,79743.42115435017,30.629255950574795,87.6624448642741,15.543242931365967,451,2026-02-20 17:23:24,2026-02-20 17:23:24
2000.0,6,81,18.703584671020508,10,12823.368190237372,62767.509984425495,35.83162707001537,50.638019388730946,15.543242931365967,453,2026-02-20 17:23:24,2026-02-20 17:23:24
2000.0,7,1,7.54835319519043,1,-3714.305842077416,43217.7338485946,0.0,8.0,5.543242931365967,454,2026-02-20 17:32:09,2026-02-20 17:32:09
2000.0,7,2,3.5,7,-2973.5653728904467,57669.83001423729,1.6049376832384332,39.51999042020167,5.543242931365967,455,2026-02-20 17:32:09,2026-02-20 17:32:09
2000.0,7,17,6.0,5,5923.35205799204,79439.68638935515,20.881592116817153,87.0,5.543242931365967,465,2026-02-20 17:32:09,2026-02-20 17:32:09
2000.0,7,39,6.0500335693359375,2,23883.278636135004,61099.45725479285,59.79476636946024,47.0,5.543242931365967,480,2026-02-20 17:32:09,2026-02-20 17:32:09
2000.0,7,40,9.166316986083984,1,24439.54031176874,89985.31814172846,61.0,110.0,5.543242931365967,481,2026-02-20 17:32:09,2026-02-20 17:32:09
2000.0,7,41,6.358022212982178,1,24439.54031176874,91360.83532682064,61.0,113.0,5.543242931365967,482,2026-02-20 17:32:09,2026-02-20 17:32:09
2000.0,7,44,11.687729835510254,3,-3714.305842077416,66215.7923848748,0.0,58.15871583183264,10.543242931365967,483,2026-02-20 17:32:09,2026-02-20 17:32:09
2000.0,7,45,14.333502769470215,3,987.138958220912,72214.22997832697,10.18646373397971,71.24129522479791,10.543242931365967,484,2026-02-20 17:32:09,2026-02-20 17:32:09
2000.0,7,46,13.425187110900879,2,2518.918163812995,57889.917156244446,13.505318679429223,40.0,10.543242931365967,485,2026-02-20 17:32:09,2026-02-20 17:32:09
2000.0,7,48,12.245713233947754,2,4131.848004076431,63644.00336407254,17.0,52.54964955041805,10.543242931365967,487,2026-02-20 17:32:09,2026-02-20 17:32:09
2000.0,7,49,13.090924263000488,7,5372.842558762886,68999.05635154516,19.688821535153988,64.22900851192847,10.543242931365967,488,2026-02-20 17:32:09,2026-02-20 17:32:09
2000.0,7,54,12.604296684265137,2,12901.078773307201,74035.2558694167,36.0,75.21294874718055,10.543242931365967,492,2026-02-20 17:32:09,2026-02-20 17:32:09
2000.0,7,57,12.042140007019043,2,17131.63477181789,72103.59473553023,45.16620466343983,71.0,10.543242931365967,494,2026-02-20 17:32:09,2026-02-20 17:32:09
2000.0,7,58,10.592992782592773,1,17978.001850230277,78981.18066099109,47.0,86.0,10.543242931365967,495,2026-02-20 17:32:09,2026-02-20 17:32:09
2000.0,7,61,11.090170860290527,1,22593.386465614894,75313.13483407864,57.0,78.0,10.543242931365967,497,2026-02-20 17:32:09,2026-02-20 17:32:09
2000.0,7,67,16.169902801513672,76,13346.810238432794,67275.4372518764,36.96575150777212,60.46979899055866,15.543242931365967,502,2026-02-20 17:32:09,2026-02-20 17:32:09
2000.0,7,70,16.68246841430664,1,13362.617234845662,62016.46871152097,37.0,49.0,15.543242931365967,505,2026-02-20 17:32:09,2026-02-20 17:32:09
2000.0,7,72,16.324260711669922,2,22593.386465614894,68275.44807150906,57.0,62.650820421197466,15.543242931365967,507,2026-02-20 17:32:09,2026-02-20 17:32:09
2000.0,8,1,6.560311317443848,7,-2371.030137358464,56031.83672904198,2.9104306935577293,35.94753061465105,5.543242931365967,508,2026-02-20 17:40:55,2026-02-20 17:40:55
2000.0,8,2,5.805060863494873,1,-3714.305842077416,73937.61764898646,0.0,75.0,5.543242931365967,509,2026-02-20 17:40:55,2026-02-20 17:40:55
2000.0,8,10,4.2188720703125,6,5019.96578316192,79781.77634440172,18.92425518801856,87.74609745066249,5.543242931365967,516,2026-02-20 17:40:55,2026-02-20 17:40:55
2000.0,8,13,6.02709436416626,5,6040.260080231196,73904.26814336635,21.134892831668658,74.92726480050946,5.543242931365967,519,2026-02-20 17:40:55,2026-02-20 17:40:55
2000.0,8,19,6.304361820220947,1,11054.924927153354,90902.32959845659,32.0,112.0,5.543242931365967,522,2026-02-20 17:40:55,2026-02-20 17:40:55
2000.0,8,25,8.550458908081055,6,21294.62307115461,78341.16492009032,54.186012645336056,84.60412705598175,5.543242931365967,527,2026-02-20 17:40:55,2026-02-20 17:40:55
2000.0,8,27,7.054676532745361,1,22593.386465614894,88151.29522827224,57.0,106.0,5.543242931365967,528,2026-02-20 17:40:55,2026-02-20 17:40:55
2000.0,8,29,5.867348670959473,1,23978.001850230277,85400.26085808789,60.0,100.0,5.543242931365967,530,2026-02-20 17:40:55,2026-02-20 17:40:55
2000.0,8,31,5.858468055725098,1,24901.0787733072,90443.82387009253,62.0,111.0,5.543242931365967,532,2026-02-20 17:40:55,2026-02-20 17:40:55
2000.0,8,32,6.8484086990356445,1,25362.61723484566,93194.85824027687,63.0,117.0,5.543242931365967,533,2026-02-20 17:40:55,2026-02-20 17:40:55
2000.0,8,36,13.057330131530762,1,4131.848004076431,62933.48016824908,17.0,51.0,10.543242931365967,536,2026-02-20 17:40:55,2026-02-20 17:40:55
2000.0,8,39,11.807008743286133,4,11212.665313819041,63579.00374173428,32.341770837775655,52.407885514949676,10.543242931365967,539,2026-02-20 17:40:55,2026-02-20 17:40:55
2000.0,8,53,10.825693130493164,8,23673.528177614025,67976.74345201638,59.34030704266478,61.99934629336388,10.543242931365967,551,2026-02-20 17:40:55,2026-02-20 17:40:55
2000.0,8,57,14.79573917388916,59,13920.89706202898,72050.96589167858,38.209606292230525,70.88521660560397,15.543242931365967,554,2026-02-20 17:40:55,2026-02-20 17:40:55
2000.0,8,59,16.11390495300293,1,23516.463388691816,73020.60619225835,59.0,73.0,15.543242931365967,556,2026-02-20 17:40:55,2026-02-20 17:40:55
2000.0,9,1,6.968300819396973,5,-3542.341073219881,66748.45913760319,0.3725903325246594,59.32046086526752,5.543242931365967,557,2026-02-20 17:49:34,2026-02-20 17:49:34
2000.0,9,7,7.72986364364624,1,3670.309542537969,50553.825502419524,16.0,24.0,5.543242931365967,563,2026-02-20 17:49:34,2026-02-20 17:49:34
2000.0,9,11,6.427309513092041,5,6257.606442230946,80187.38722454023,21.605809949334784,88.63073390130342,5.543242931365967,566,2026-02-20 17:49:34,2026-02-20 17:49:34
2000.0,9,18,2.3869144916534424,10,15509.251864329235,65026.69988677745,41.65104169721441,55.56530767019413,5.543242931365967,572,2026-02-20 17:49:34,2026-02-20 17:49:34
2000.0,9,31,8.560196876525879,10,24865.38146634659,78239.55511436924,61.92265583491868,84.38251628988812,5.543242931365967,583,2026-02-20 17:49:34,2026-02-20 17:49:34
2000.0,9,36,12.8491849899292,6,5042.839907073777,72246.87864781456,18.973815789827583,71.31250190220211,10.543242931365967,586,2026-02-20 17:49:34,2026-02-20 17:49:34
2000.0,9,39,12.003586769104004,8,17315.471512030148,71169.05597380141,45.56451760056638,68.96177298577439,10.543242931365967,588,2026-02-20 17:49:34,2026-02-20 17:49:34
2000.0,9,41,12.614846229553223,6,22367.764787478394,70305.88600229565,56.51115303070425,67.07920114837219,10.543242931365967,590,2026-02-20 17:49:34,2026-02-20 17:49:34
2000.0,9,45,6.89640998840332,3,23863.85724506006,89982.12887870733,59.75268668879786,109.99304422426191,10.543242931365967,594,2026-02-20 17:49:34,2026-02-20 17:49:34
2000.0,9,51,17.965057373046875,32,14544.09376071319,76359.7441256935,39.55986580604631,80.28265259705512,15.543242931365967,599,2026-02-20 17:49:34,2026-02-20 17:49:34
2000.0,10,1,6.223809242248535,1,-3714.305842077416,58348.4228846085,0.0,41.0,5.543242931365967,601,2026-02-20 17:58:20,2026-02-20 17:58:20
2000.0,10,10,7.250093936920166,3,3626.0080617618796,56184.25029375533,15.904013458318474,36.279944269017285,5.543242931365967,609,2026-02-20 17:58:20,2026-02-20 17:58:20
2000.0,10,39,5.898842811584473,2,19318.63573212411,89526.81241336442,49.90470674410331,109.0,5.543242931365967,632,2026-02-20 17:58:20,2026-02-20 17:58:20
2000.0,10,54,7.503273010253906,10,24850.55248572674,83151.5326578323,61.89052637690901,95.09552866813894,5.543242931365967,645,2026-02-20 17:58:20,2026-02-20 17:58:20
2000.0,10,61,12.518250465393066,1,-3714.305842077416,65226.00881006937,0.0,56.0,10.543242931365967,651,2026-02-20 17:58:20,2026-02-20 17:58:20
2000.0,10,62,10.70650577545166,1,3670.309542537969,64767.503081705305,16.0,55.0,10.543242931365967,652,2026-02-20 17:58:20,2026-02-20 17:58:20
2000.0,10,63,12.850318908691406,1,5054.924927153354,67060.0317235256,19.0,60.0,10.543242931365967,653,2026-02-20 17:58:20,2026-02-20 17:58:20
2000.0,10,64,13.030962944030762,8,5319.231543421953,75729.74808706639,19.572664335248632,78.90863260198346,10.543242931365967,654,2026-02-20 17:58:20,2026-02-20 17:58:20
2000.0,10,70,9.24294376373291,3,17636.338209466237,70507.41374130084,46.25972877834458,67.51873271044063,10.543242931365967,659,2026-02-20 17:58:20,2026-02-20 17:58:20
2000.0,10,74,10.770026206970215,2,25362.61723484566,72868.42471567693,63.0,72.66809252934657,10.543242931365967,663,2026-02-20 17:58:20,2026-02-20 17:58:20
2000.0,10,75,9.618461608886719,4,26049.79950094016,95454.32571633415,64.48889490987142,121.92789366911296,10.543242931365967,664,2026-02-20 17:58:20,2026-02-20 17:58:20
2000.0,10,79,16.230850219726562,3,15569.853259358826,77685.98400729516,41.78234471977852,83.17517890492411,15.543242931365967,667,2026-02-20 17:58:20,2026-02-20 17:58:20
2000.0,11,1,6.071723937988281,1,-3714.305842077416,58348.4228846085,0.0,41.0,5.543242931365967,669,2026-02-20 18:06:58,2026-02-20 18:06:58
2000.0,11,2,10.360725402832031,5,-2933.4934876817806,67894.58637981539,1.6917601011905437,61.82016189692435,5.543242931365967,670,2026-02-20 18:06:58,2026-02-20 18:06:58
2000.0,11,10,8.115116119384766,18,5862.031114965156,78315.55673447413,20.748730073592238,84.54827565864467,5.543242931365967,677,2026-02-20 18:06:58,2026-02-20 18:06:58
2000.0,11,54,10.750834465026855,1,4593.386465614893,67977.0431802537,18.0,62.0,10.543242931365967,710,2026-02-20 18:06:58,2026-02-20 18:06:58
2000.0,11,55,11.146858215332031,1,4593.386465614893,68894.05463698183,18.0,64.0,10.543242931365967,711,2026-02-20 18:06:58,2026-02-20 18:06:58
2000.0,11,57,10.615898132324219,2,14747.232619461045,79378.82440063053,40.0,86.8672601344769,10.543242931365967,712,2026-02-20 18:06:58,2026-02-20 18:06:58
2000.0,11,60,11.83255386352539,2,15678.871222153613,89526.81241336442,42.01855030583389,109.0,10.543242931365967,715,2026-02-20 18:06:58,2026-02-20 18:06:58
2000.0,11,64,12.477631568908691,2,16849.766511184844,88609.80095663629,44.55549009873489,107.0,10.543242931365967,719,2026-02-20 18:06:58,2026-02-20 18:06:58
2000.0,11,67,11.18657398223877,2,22225.99816529246,66601.52599516153,56.20399201596806,59.0,10.543242931365967,722,2026-02-20 18:06:58,2026-02-20 18:06:58
2000.0,11,68,10.6527099609375,1,23516.463388691816,74396.12337735051,59.0,76.0,10.543242931365967,723,2026-02-20 18:06:58,2026-02-20 18:06:58
2000.0,11,69,11.6156587600708,2,24150.432042568962,67689.8346189051,60.37359875006715,61.37359875006715,10.543242931365967,724,2026-02-20 18:06:58,2026-02-20 18:06:58
2000.0,11,70,11.465588569641113,2,26097.526809852283,95487.38688209717,64.59230407918102,122.0,10.543242931365967,725,2026-02-20 18:06:58,2026-02-20 18:06:58
2000.0,11,72,14.738755226135254,2,15475.46596733385,64502.5606266343,41.57783892039107,54.42216107960893,15.543242931365967,726,2026-02-20 18:06:58,2026-02-20 18:06:58
2000.0,12,29,6.773987770080566,8,18798.152841473402,85634.32905577254,48.776993814360104,100.5105022319346,5.543242931365967,750,2026-02-20 18:15:37,2026-02-20 18:15:37
2000.0,12,36,5.999999523162842,7,25331.275543873708,86995.92568040019,62.9320930028941,103.48014151972671,5.543242931365967,754,2026-02-20 18:15:37,2026-02-20 18:15:37
2000.0,12,43,11.0,1,2285.694157922584,66601.52599516153,13.0,59.0,10.543242931365967,758,2026-02-20 18:15:37,2026-02-20 18:15:37
2000.0,12,44,14.38339900970459,1,5978.001850230277,65226.00881006937,21.0,56.0,10.543242931365967,759,2026-02-20 18:15:37,2026-02-20 18:15:37
2000.0,12,45,11.478153228759766,3,5978.001850230277,73206.74641885182,21.0,73.40597143084257,10.543242931365967,760,2026-02-20 18:15:37,2026-02-20 18:15:37
2000.0,12,50,10.956089973449707,11,22524.574376577337,65737.92274434195,56.85090714041863,57.11648318135321,10.543242931365967,764,2026-02-20 18:15:37,2026-02-20 18:15:37
2000.0,12,56,12.540733337402344,4,26149.163877741066,92739.02381358307,64.70418439294005,116.00582610315422,10.543242931365967,770,2026-02-20 18:15:37,2026-02-20 18:15:37
2000.0,12,58,16.18844223022461,1,15208.771080999506,66143.02026679748,41.0,58.0,15.543242931365967,771,2026-02-20 18:15:37,2026-02-20 18:15:37
2000.0,13,27,6.947086334228516,8,18263.59103919721,75810.98345183066,47.61877657609502,79.08580675650083,5.543242931365967,790,2026-02-20 18:24:23,2026-02-20 18:24:23
2000.0,13,38,6.683810234069824,3,26106.314120995372,91933.0021791169,64.61134325332438,114.24789466499738,5.543242931365967,800,2026-02-20 18:24:23,2026-02-20 18:24:23
2000.0,13,42,13.55587100982666,2,1362.6172348456612,63117.353301967974,11.0,51.40102690619581,10.543242931365967,802,2026-02-20 18:24:23,2026-02-20 18:24:23
2000.0,13,43,10.766474723815918,1,1824.155696384123,68435.54890861777,12.0,63.0,10.543242931365967,803,2026-02-20 18:24:23,2026-02-20 18:24:23
2000.0,13,44,12.204367637634277,1,2747.232619461046,68894.05463698183,14.0,64.0,10.543242931365967,804,2026-02-20 18:24:23,2026-02-20 18:24:23
2000.0,13,46,12.939918518066406,8,6838.901711843398,78920.387645987,22.865283033495096,85.8674105660119,10.543242931365967,806,2026-02-20 18:24:23,2026-02-20 18:24:23
2000.0,13,47,13.139082908630371,1,10131.84800407643,62933.48016824908,30.0,51.0,10.543242931365967,807,2026-02-20 18:24:23,2026-02-20 18:24:23
2000.0,13,48,11.478799819946289,1,13824.155696384123,54680.377057696045,38.0,33.0,10.543242931365967,808,2026-02-20 18:24:23,2026-02-20 18:24:23
2000.0,13,49,9.194637298583984,3,15220.48656678097,71548.53606981106,41.025383552526506,69.78941825285452,10.543242931365967,809,2026-02-20 18:24:23,2026-02-20 18:24:23
2000.0,13,51,12.593244552612305,4,17147.620640081794,63866.67862878638,45.20084071134495,53.0353038202313,10.543242931365967,811,2026-02-20 18:24:23,2026-02-20 18:24:23
2000.0,13,53,13.144457817077637,4,23062.01238874791,70728.07755043806,58.0153561667882,68.0,10.543242931365967,813,2026-02-20 18:24:23,2026-02-20 18:24:23
2000.0,13,54,12.170063018798828,2,26285.694157922582,97007.6974069779,65.0,125.31579396031796,10.543242931365967,814,2026-02-20 18:24:23,2026-02-20 18:24:23
2000.0,14,1,10.5,1,-3714.305842077416,66601.52599516153,0.0,59.0,5.543242931365967,815,2026-02-20 18:33:09,2026-02-20 18:33:09
2000.0,14,2,10.498047828674316,15,1541.8120406643407,65266.65334581546,11.388255412607139,56.08864564438728,5.543242931365967,816,2026-02-20 18:33:09,2026-02-20 18:33:09
2000.0,14,5,7.96389627456665,7,3358.0674050647144,75332.49078477742,15.32347536880795,78.04221528653053,5.543242931365967,818,2026-02-20 18:33:09,2026-02-20 18:33:09
2000.0,14,9,6.70761775970459,4,7069.9747830223305,79473.13209745874,23.365941354382784,87.07294501689853,5.543242931365967,822,2026-02-20 18:33:09,2026-02-20 18:33:09
2000.0,14,12,7.7951788902282715,1,9208.771080999508,63391.985896613136,28.0,52.0,5.543242931365967,825,2026-02-20 18:33:09,2026-02-20 18:33:09
2000.0,14,33,5.6736979484558105,1,24439.54031176874,91360.83532682064,61.0,113.0,5.543242931365967,843,2026-02-20 18:33:09,2026-02-20 18:33:09
2000.0,14,41,12.303833961486816,1,2747.232619461046,70269.571822074,14.0,67.0,10.543242931365967,849,2026-02-20 18:33:09,2026-02-20 18:33:09
2000.0,14,43,15.505579948425293,2,15369.932541103886,62016.46871152097,41.34918316355949,49.0,10.543242931365967,851,2026-02-20 18:33:09,2026-02-20 18:33:09
2000.0,14,44,10.879903793334961,1,15208.771080999506,73479.11192062241,41.0,74.0,10.543242931365967,852,2026-02-20 18:33:09,2026-02-20 18:33:09
2000.0,14,45,11.264729499816895,8,16995.522928866598,67943.68804829117,44.87129567037869,61.92725252946883,10.543242931365967,853,2026-02-20 18:33:09,2026-02-20 18:33:09
2000.0,14,47,11.873873710632324,1,25824.15569638412,71645.08900716617,64.0,70.0,10.543242931365967,855,2026-02-20 18:33:09,2026-02-20 18:33:09
2000.0,15,1,7.303806781768799,2,-2670.4836225890904,74516.07526585207,2.2616148088913723,76.26161480889137,5.543242931365967,856,2026-02-20 18:41:47,2026-02-20 18:41:47
2000.0,15,7,4.747804164886475,8,5003.242372846122,67718.94354127537,18.88802113233433,61.43708524667893,5.543242931365967,862,2026-02-20 18:41:47,2026-02-20 18:41:47
2000.0,15,10,8.29088020324707,10,6778.9208349157525,78976.39693030494,22.735324466818533,85.98956669373966,5.543242931365967,865,2026-02-20 18:41:47,2026-02-20 18:41:47
2000.0,15,19,8.351468086242676,12,17456.530297964822,71327.86369727227,45.870144970091516,69.3081322865349,5.543242931365967,870,2026-02-20 18:41:47,2026-02-20 18:41:47
2000.0,15,23,5.729983329772949,8,19597.198537457294,78779.07895475825,50.508259488991875,85.55921661665182,5.543242931365967,873,2026-02-20 18:41:47,2026-02-20 18:41:47
2000.0,15,26,5.177591800689697,18,24115.73084908085,73856.0305337425,60.298412830842906,74.82205867844864,5.543242931365967,876,2026-02-20 18:41:47,2026-02-20 18:41:47
2000.0,15,30,6.999999523162842,1,26285.694157922582,88609.80095663629,65.0,107.0,5.543242931365967,880,2026-02-20 18:41:47,2026-02-20 18:41:47
2000.0,15,32,10.955198287963867,1,11516.463388691815,73937.61764898646,33.0,75.0,10.543242931365967,881,2026-02-20 18:41:47,2026-02-20 18:41:47
2000.0,15,38,20.900623321533203,41,17047.85379539415,66320.10891104185,44.98467921452172,58.386229949353584,15.543242931365967,883,2026-02-20 18:41:47,2026-02-20 18:41:47
2000.0,16,2,5.79625129699707,1,901.0787733071993,65226.00881006937,10.0,56.0,5.543242931365967,887,2026-02-20 18:50:24,2026-02-20 18:50:24
2000.0,16,3,8.691178321838379,4,1984.585622323283,70387.01849973603,12.34759817286818,67.25615094947906,5.543242931365967,888,2026-02-20 18:50:24,2026-02-20 18:50:24
2000.0,16,6,7.427459716796875,2,7080.965589932341,70728.07755043806,23.38975476935447,68.0,5.543242931365967,891,2026-02-20 18:50:24,2026-02-20 18:50:24
2000.0,16,7,9.5,2,12981.091306287304,66143.02026679748,36.173360488123556,58.0,5.543242931365967,892,2026-02-20 18:50:24,2026-02-20 18:50:24
2000.0,16,8,9.43855094909668,6,13347.087363399463,71458.9414493753,36.966351945199904,69.59401257983178,5.543242931365967,893,2026-02-20 18:50:24,2026-02-20 18:50:24
2000.0,16,10,7.807593822479248,2,13362.617234845662,79224.57762141358,37.0,86.53084824325082,5.543242931365967,894,2026-02-20 18:50:24,2026-02-20 18:50:24
2000.0,16,11,7.581928730010986,1,18439.54031176874,77147.15774753486,48.0,82.0,5.543242931365967,895,2026-02-20 18:50:24,2026-02-20 18:50:24
2000.0,16,12,7.450163841247559,9,25352.32361651243,90007.56587232563,62.977697160278,110.04852225222257,5.543242931365967,896,2026-02-20 18:50:24,2026-02-20 18:50:24
2000.0,16,14,10.878355026245117,3,-989.0707170593632,76423.5541371226,5.90467610420578,80.42182209370846,10.543242931365967,897,2026-02-20 18:50:24,2026-02-20 18:50:24
2000.0,16,17,20.76318359375,77,18121.31647253195,68587.61979613325,47.31051501498696,63.331666276140254,15.543242931365967,898,2026-02-20 18:50:24,2026-02-20 18:50:24
2000.0,17,3,4.5,5,1940.6329449414388,69255.04029928012,12.252367371874184,64.78730894723233,5.543242931365967,901,2026-02-20 18:59:03,2026-02-20 18:59:03
2000.0,17,5,6.551845550537109,3,3451.292477782842,74649.71749079089,15.525463026363893,76.55308821188603,5.543242931365967,903,2026-02-20 18:59:03,2026-02-20 18:59:03
2000.0,17,9,6.623722553253174,2,7637.649942741308,82190.72075953949,24.595904200440568,93.0,5.543242931365967,907,2026-02-20 18:59:03,2026-02-20 18:59:03
2000.0,17,14,7.47653865814209,1,23516.463388691816,68894.05463698183,59.0,64.0,5.543242931365967,910,2026-02-20 18:59:03,2026-02-20 18:59:03
2000.0,17,15,6.982931613922119,6,25851.318168311864,92498.25165709,64.05885202251011,115.48070255158565,5.543242931365967,911,2026-02-20 18:59:03,2026-02-20 18:59:03
2000.0,17,27,16.2567081451416,5,19397.78221014964,72414.9716986555,50.07619077982529,71.67911248183584,15.543242931365967,919,2026-02-20 18:59:03,2026-02-20 18:59:03
2000.0,18,1,5.921661376953125,1,-3714.305842077416,64308.997353341256,0.0,54.0,5.543242931365967,921,2026-02-20 19:07:41,2026-02-20 19:07:41
2000.0,18,3,6.584665775299072,4,1120.0600031626466,65950.91227625044,10.474459331353469,57.581012888906564,5.543242931365967,923,2026-02-20 19:07:41,2026-02-20 19:07:41
2000.0,18,6,6.699613571166992,6,7179.400969943788,79669.3599414124,23.60303142604594,87.50091751934426,5.543242931365967,926,2026-02-20 19:07:41,2026-02-20 19:07:41
2000.0,18,9,5.612049102783203,13,16412.669439244717,71124.86129292099,43.60844644286462,68.86538448254215,5.543242931365967,929,2026-02-20 19:07:41,2026-02-20 19:07:41
2000.0,18,19,16.004880905151367,2,18354.212292315708,77147.15774753486,47.81512262451843,82.0,15.543242931365967,935,2026-02-20 19:07:41,2026-02-20 19:07:41
2000.0,19,1,6.158400058746338,2,1362.6172348456612,64517.429824155006,11.0,54.454590767180676,5.543242931365967,936,2026-02-20 19:17:35,2026-02-20 19:17:35
2000.0,19,2,7.391068458557129,1,1824.155696384123,70728.07755043806,12.0,68.0,5.543242931365967,937,2026-02-20 19:17:35,2026-02-20 19:17:35
2000.0,19,3,6.313250541687012,1,2747.232619461046,70728.07755043806,14.0,68.0,5.543242931365967,938,2026-02-20 19:17:35,2026-02-20 19:17:35
2000.0,19,4,5.85936975479126,1,5054.924927153354,69352.56036534588,19.0,65.0,5.543242931365967,939,2026-02-20 19:17:35,2026-02-20 19:17:35
2000.0,19,6,6.84349250793457,2,17350.144608281196,70728.07755043806,45.639642642443654,68.0,5.543242931365967,941,2026-02-20 19:17:35,2026-02-20 19:17:35
2000.0,19,7,6.163402557373047,5,17333.025976991183,76807.54037541353,45.60255227464862,81.25929524733947,5.543242931365967,942,2026-02-20 19:17:35,2026-02-20 19:17:35
2000.0,19,11,6.706422805786133,2,24323.215900750412,85400.26085808789,60.74796377612696,100.0,5.543242931365967,946,2026-02-20 19:17:35,2026-02-20 19:17:35
2000.0,20,3,8.13978385925293,2,-945.0750728466464,64329.759676535185,6.0,54.04528258189491,5.543242931365967,949,2026-02-20 19:26:21,2026-02-20 19:26:21
2000.0,20,4,5.633368015289307,1,5054.924927153354,66143.02026679748,19.0,58.0,5.543242931365967,950,2026-02-20 19:26:21,2026-02-20 19:26:21
2000.0,20,5,6.567325115203857,1,5054.924927153354,81273.70930281139,19.0,91.0,5.543242931365967,951,2026-02-20 19:26:21,2026-02-20 19:26:21
2000.0,20,6,6.9996209144592285,1,15670.30954253797,71186.5832788021,42.0,69.0,5.543242931365967,952,2026-02-20 19:26:21,2026-02-20 19:26:21
2000.0,20,7,5.833906650543213,1,18439.54031176874,73937.61764898646,48.0,75.0,5.543242931365967,953,2026-02-20 19:26:21,2026-02-20 19:26:21
2000.0,20,12,6.3919358253479,2,23516.463388691816,67796.49733231623,59.0,61.60622989688336,5.543242931365967,957,2026-02-20 19:26:21,2026-02-20 19:26:21
2000.0,20,16,7.4902472496032715,6,25040.84923985695,74441.67103430933,62.302836010857796,76.09933934112739,5.543242931365967,961,2026-02-20 19:26:21,2026-02-20 19:26:21
2000.0,20,17,8.170907020568848,2,24645.028876049364,90443.82387009253,61.44522522260802,111.0,5.543242931365967,962,2026-02-20 19:26:21,2026-02-20 19:26:21
2000.0,20,21,12.5,1,19824.15569638412,85400.26085808789,51.0,100.0,10.543242931365967,965,2026-02-20 19:26:21,2026-02-20 19:26:21
2000.0,21,1,5.713992118835449,1,3208.771080999507,67518.53745188966,15.0,61.0,5.543242931365967,966,2026-02-20 19:35:08,2026-02-20 19:35:08
2000.0,21,2,7.049105644226074,1,13362.617234845662,76230.14629080675,37.0,80.0,5.543242931365967,967,2026-02-20 19:35:08,2026-02-20 19:35:08
2000.0,21,3,6.320889472961426,1,17516.463388691816,70728.07755043806,46.0,68.0,5.543242931365967,968,2026-02-20 19:35:08,2026-02-20 19:35:08
2000.0,21,4,8.053237915039062,1,19362.61723484566,66143.02026679748,50.0,58.0,5.543242931365967,969,2026-02-20 19:35:08,2026-02-20 19:35:08
2000.0,21,5,4.9180498123168945,2,19450.404541778862,78435.46446922956,50.1902058316886,84.8097941683114,5.543242931365967,970,2026-02-20 19:35:08,2026-02-20 19:35:08
2000.0,21,6,6.792323589324951,1,23516.463388691816,68894.05463698183,59.0,64.0,5.543242931365967,971,2026-02-20 19:35:08,2026-02-20 19:35:08
2000.0,21,8,6.4615349769592285,6,25847.666006991218,73332.2061477314,64.05093900631537,73.67959882766313,5.543242931365967,973,2026-02-20 19:35:08,2026-02-20 19:35:08
2000.0,22,3,7.003913879394531,2,3314.5660821607767,65789.614368907,15.229222502516084,57.22922250251608,5.543242931365967,976,2026-02-20 19:43:46,2026-02-20 19:43:46
2000.0,22,5,5.701350688934326,5,17466.33223558881,66081.34254427653,45.89138250161015,57.865481020834764,5.543242931365967,978,2026-02-20 19:43:46,2026-02-20 19:43:46
2000.0,22,6,7.552713871002197,7,17753.08883866359,71738.92795904347,46.51268847493884,70.20466255069947,5.543242931365967,979,2026-02-20 19:43:46,2026-02-20 19:43:46
2000.0,22,8,6.694395542144775,8,23115.27298416217,90343.05846347084,58.1307541235191,110.78023086651235,5.543242931365967,981,2026-02-20 19:43:46,2026-02-20 19:43:46
2000.0,23,1,6.5,1,-3714.305842077416,49178.30831732735,0.0,21.0,5.543242931365967,982,2026-02-20 19:52:24,2026-02-20 19:52:24
2000.0,23,4,8.5,4,1895.5790434842474,68019.40886631767,12.154750585383603,62.092399469500904,5.543242931365967,985,2026-02-20 19:52:24,2026-02-20 19:52:24
2000.0,23,8,5.811152935028076,3,13502.533247094236,71936.22163039877,37.30315135987191,70.63495962039853,5.543242931365967,989,2026-02-20 19:52:24,2026-02-20 19:52:24
2000.0,23,11,9.0,1,23516.463388691816,87692.78949990819,59.0,105.0,5.543242931365967,992,2026-02-20 19:52:24,2026-02-20 19:52:24
