height,frame,idx,reflectivity,num,y,x,hdim_1,hdim_2,threshold_value,feature,time,timestr
500.0,0,1,10.152216911315918,1,1512.8120426950027,70751.86430216009,6.0,68.0,5.760443449020386,1,2026-02-20 11:32:35,2026-02-20 11:32:35
500.0,0,3,7.020445346832275,2,13051.273581156542,43562.4761479238,31.0,8.74521027416787,5.760443449020386,3,2026-02-20 11:32:35,2026-02-20 11:32:35
500.0,0,8,6.368651390075684,3,28109.211632794457,80119.30119352994,63.625532445215484,88.41478462550988,5.760443449020386,7,2026-02-20 11:32:35,2026-02-20 11:32:35
500.0,0,10,11.190443992614746,1,13051.273581156542,64786.742366186365,31.0,55.0,10.760443449020386,8,2026-02-20 11:32:35,2026-02-20 11:32:35
500.0,1,1,9.682251930236816,4,2161.0886243112145,71894.69556775354,7.404599260168459,70.49061236504123,5.760443449020386,9,2026-02-20 11:36:48,2026-02-20 11:36:48
500.0,1,7,8.660811424255371,1,17205.119735002692,65704.45343325924,40.0,57.0,5.760443449020386,12,2026-02-20 11:36:48,2026-02-20 11:36:48
500.0,1,8,6.961551189422607,3,21187.02823011608,77640.16080349188,48.627468406079004,83.01190679393808,5.760443449020386,13,2026-02-20 11:36:48,2026-02-20 11:36:48
500.0,1,9,4.698369026184082,3,26719.433547778943,78330.68236890004,60.61434659434853,84.51678472378731,5.760443449020386,14,2026-02-20 11:36:48,2026-02-20 11:36:48
500.0,1,16,16.01253890991211,1,8435.888965771926,45973.66549119231,21.0,14.0,15.760443449020386,18,2026-02-20 11:36:48,2026-02-20 11:36:48
500.0,2,1,7.63672399520874,1,-1256.4187265357668,82223.2526405711,0.0,93.0,5.760443449020386,19,2026-02-20 11:41:11,2026-02-20 11:41:11
500.0,2,2,5.898382186889648,1,-1256.4187265357668,83140.96370764397,0.0,95.0,5.760443449020386,20,2026-02-20 11:41:11,2026-02-20 11:41:11
500.0,2,3,8.58401870727539,2,2435.8889657719255,73721.62980256786,8.0,74.4721143875492,5.760443449020386,21,2026-02-20 11:41:11,2026-02-20 11:41:11
500.0,2,7,8.969649314880371,3,21683.041740965054,79681.14751327666,49.70216434625178,87.45990090235549,5.760443449020386,23,2026-02-20 11:41:11,2026-02-20 11:41:11
500.0,2,8,6.5,1,27820.50435038731,80846.68603996179,63.0,90.0,5.760443449020386,24,2026-02-20 11:41:11,2026-02-20 11:41:11
500.0,2,9,10.0,1,28282.04281192577,82223.2526405711,64.0,93.0,5.760443449020386,25,2026-02-20 11:41:11,2026-02-20 11:41:11
500.0,2,12,13.444127082824707,2,14234.149652848366,47149.665491656866,33.562898155332284,16.56289815533228,10.760443449020386,27,2026-02-20 11:41:11,2026-02-20 11:41:11
500.0,3,2,7.193892002105713,2,-1256.4187265357668,84346.88414830535,0.0,97.6281048228126,5.760443449020386,29,2026-02-20 11:45:33,2026-02-20 11:45:33
500.0,3,3,6.017783164978027,2,5666.658196541156,79138.58068564818,15.0,86.27746593541309,5.760443449020386,30,2026-02-20 11:45:33,2026-02-20 11:45:33
500.0,3,6,7.188060283660889,2,27358.96588884885,83931.8897579969,62.0,96.72369295463692,5.760443449020386,32,2026-02-20 11:45:33,2026-02-20 11:45:33
500.0,3,9,13.176336288452148,1,13974.350504233464,48726.79869241095,33.0,20.0,10.760443449020386,34,2026-02-20 11:45:33,2026-02-20 11:45:33
500.0,4,6,13.4805269241333,1,10743.581273464233,53774.2095613118,26.0,31.0,10.760443449020386,37,2026-02-20 11:49:56,2026-02-20 11:49:56
500.0,4,7,15.227643013000488,1,13051.273581156542,52856.49849423891,31.0,29.0,10.760443449020386,38,2026-02-20 11:49:56,2026-02-20 11:49:56
500.0,5,1,8.523699760437012,10,7687.71674484717,61131.871544471855,19.378960187996363,47.03481149383535,5.760443449020386,39,2026-02-20 11:54:09,2026-02-20 11:54:09
500.0,5,9,11.74614143371582,1,7512.812042695003,43220.532289973664,19.0,8.0,10.760443449020386,43,2026-02-20 11:54:09,2026-02-20 11:54:09
500.0,5,10,13.575057029724121,1,11666.658196541157,55609.63169545756,28.0,35.0,10.760443449020386,44,2026-02-20 11:54:09,2026-02-20 11:54:09
500.0,5,11,11.127735137939453,1,14435.888965771926,53315.35402777536,34.0,30.0,10.760443449020386,45,2026-02-20 11:54:09,2026-02-20 11:54:09
500.0,6,1,6.904615879058838,1,2435.8889657719255,41843.96568936435,8.0,5.0,5.760443449020386,46,2026-02-20 11:58:32,2026-02-20 11:58:32
500.0,6,3,8.307381629943848,1,7512.812042695003,42302.821222900784,19.0,6.0,5.760443449020386,47,2026-02-20 11:58:32,2026-02-20 11:58:32
500.0,6,12,13.786222457885742,1,12128.196658079618,57903.909363139755,29.0,40.0,10.760443449020386,49,2026-02-20 11:58:32,2026-02-20 11:58:32
500.0,6,13,12.351944923400879,1,13512.812042695003,56527.34276253044,32.0,37.0,10.760443449020386,50,2026-02-20 11:58:32,2026-02-20 11:58:32
500.0,6,14,14.266222953796387,2,20638.256325782633,52856.49849423891,47.438462613356535,29.0,10.760443449020386,51,2026-02-20 11:58:32,2026-02-20 11:58:32
500.0,6,16,17.15777587890625,1,7512.812042695003,63410.17576557704,19.0,52.0,15.760443449020386,52,2026-02-20 11:58:32,2026-02-20 11:58:32
500.0,6,17,20.896135330200195,1,10743.581273464233,48267.943158874514,26.0,19.0,15.760443449020386,53,2026-02-20 11:58:32,2026-02-20 11:58:32
500.0,7,1,9.109891891479492,1,2435.8889657719255,41843.96568936435,8.0,5.0,5.760443449020386,54,2026-02-20 12:02:45,2026-02-20 12:02:45
500.0,7,5,9.077811241149902,2,11325.848634270686,61115.89809789484,27.261579281747313,47.0,5.760443449020386,57,2026-02-20 12:02:45,2026-02-20 12:02:45
500.0,7,10,12.988354682922363,5,7359.342312219638,66317.29013325101,18.66748225063671,58.33557657084046,10.760443449020386,60,2026-02-20 12:02:45,2026-02-20 12:02:45
500.0,7,14,16.016904830932617,1,15358.96588884885,57903.909363139755,36.0,40.0,15.760443449020386,62,2026-02-20 12:02:45,2026-02-20 12:02:45
500.0,8,1,7.783738136291504,2,-1256.4187265357668,39811.57794390633,0.0,0.5707459169246101,5.760443449020386,63,2026-02-20 12:07:07,2026-02-20 12:07:07
500.0,8,2,6.520802974700928,2,-1256.4187265357668,44508.18695242383,0.0,10.806231086560281,5.760443449020386,64,2026-02-20 12:07:07,2026-02-20 12:07:07
500.0,8,12,5.320481300354004,7,15128.779712139338,60520.21102280455,35.50126328379606,45.70179820977796,5.760443449020386,72,2026-02-20 12:07:07,2026-02-20 12:07:07
500.0,8,13,9.5,1,28743.58127346423,83599.81924118042,65.0,96.0,5.760443449020386,73,2026-02-20 12:07:07,2026-02-20 12:07:07
500.0,8,16,8.43859577178955,3,7053.321099245123,69794.42355826676,18.004436289191926,65.91341571820168,10.760443449020386,74,2026-02-20 12:07:07,2026-02-20 12:07:07
500.0,8,18,16.43882179260254,1,4282.042811925772,39549.688021682145,12.0,0.0,15.760443449020386,75,2026-02-20 12:07:07,2026-02-20 12:07:07
500.0,9,3,8.499601364135742,1,4282.042811925772,45973.66549119231,12.0,14.0,5.760443449020386,77,2026-02-20 12:11:20,2026-02-20 12:11:20
500.0,9,4,8.766618728637695,1,5205.119735002695,41385.110155827904,14.0,4.0,5.760443449020386,78,2026-02-20 12:11:20,2026-02-20 12:11:20
500.0,9,10,5.854966640472412,2,17151.475604105963,60657.0425643584,39.883771049723755,46.0,5.760443449020386,81,2026-02-20 12:11:20,2026-02-20 12:11:20
500.0,9,12,11.927003860473633,1,-1256.4187265357668,42302.821222900784,0.0,6.0,10.760443449020386,82,2026-02-20 12:11:20,2026-02-20 12:11:20
500.0,9,13,11.656373023986816,5,6870.793707300819,71410.5361360861,17.6089602733126,69.43546669002671,10.760443449020386,83,2026-02-20 12:11:20,2026-02-20 12:11:20
500.0,9,16,11.651032447814941,1,12128.196658079618,66163.30896679568,29.0,58.0,10.760443449020386,86,2026-02-20 12:11:20,2026-02-20 12:11:20
500.0,10,4,7.083730220794678,4,9117.531454517697,68356.44368634059,22.476892058949172,62.779575616408536,5.760443449020386,88,2026-02-20 12:15:43,2026-02-20 12:15:43
500.0,10,8,6.617879390716553,4,14355.333120648129,65626.98668707832,33.825462335565106,56.83117399591132,5.760443449020386,92,2026-02-20 12:15:43,2026-02-20 12:15:43
500.0,10,10,5.834178924560547,1,19974.350504233465,49185.65422594739,46.0,21.0,5.760443449020386,94,2026-02-20 12:15:43,2026-02-20 12:15:43
500.0,10,11,8.188117027282715,1,27358.96588884885,51021.07636009315,62.0,25.0,5.760443449020386,95,2026-02-20 12:15:43,2026-02-20 12:15:43
500.0,10,13,13.045069694519043,4,-849.0465314453693,44330.965264882776,0.8826397560291946,10.420005630859237,10.760443449020386,96,2026-02-20 12:15:43,2026-02-20 12:15:43
500.0,10,15,12.609830856323242,14,6770.368766465338,74589.63158581281,17.391372901502393,76.3637811972642,10.760443449020386,98,2026-02-20 12:15:43,2026-02-20 12:15:43
500.0,11,1,6.250797271728516,1,-1256.4187265357668,40008.54355521859,0.0,1.0,5.760443449020386,99,2026-02-20 12:20:06,2026-02-20 12:20:06
500.0,11,2,10.241052627563477,1,-794.8802649973053,46891.37655826519,1.0,16.0,5.760443449020386,100,2026-02-20 12:20:06,2026-02-20 12:20:06
500.0,11,3,8.684798240661621,1,128.19665807961792,47809.08762533807,3.0,18.0,5.760443449020386,101,2026-02-20 12:20:06,2026-02-20 12:20:06
500.0,11,9,8.529175758361816,1,28743.58127346423,58821.62043021264,65.0,42.0,5.760443449020386,105,2026-02-20 12:20:06,2026-02-20 12:20:06
500.0,11,14,16.196775436401367,2,6412.121868012824,76258.13070459737,16.615171288188613,80.0,15.760443449020386,106,2026-02-20 12:20:06,2026-02-20 12:20:06
500.0,11,15,19.382226943969727,3,8469.940017340212,41385.110155827904,21.07377727839795,4.0,15.760443449020386,107,2026-02-20 12:20:06,2026-02-20 12:20:06
500.0,12,3,6.785881042480469,2,2147.391962894267,41385.110155827904,7.37492316043174,4.0,5.760443449020386,110,2026-02-20 12:24:19,2026-02-20 12:24:19
500.0,12,12,4.91103982925415,3,28483.10134282208,39844.8609709219,64.435626816942,0.6432807881052109,5.760443449020386,114,2026-02-20 12:24:19,2026-02-20 12:24:19
500.0,12,13,6.935372829437256,1,28743.58127346423,62033.609164967726,65.0,49.0,5.760443449020386,115,2026-02-20 12:24:19,2026-02-20 12:24:19
500.0,12,15,15.005202293395996,1,1974.350504233464,46891.37655826519,7.0,16.0,10.760443449020386,116,2026-02-20 12:24:19,2026-02-20 12:24:19
500.0,12,21,16.856473922729492,1,6589.73511961808,77634.6973052067,17.0,83.0,15.760443449020386,119,2026-02-20 12:24:19,2026-02-20 12:24:19
500.0,12,22,14.485760688781738,2,8265.04799865959,41554.95802257537,20.629844571256605,4.370155428743395,15.760443449020386,120,2026-02-20 12:24:19,2026-02-20 12:24:19
500.0,13,2,6.59527063369751,4,-331.784485232977,51416.429617537135,2.003374189489378,25.861607256639054,5.760443449020386,122,2026-02-20 12:28:24,2026-02-20 12:28:24
500.0,13,9,7.0,1,4743.581273464233,54691.92062838467,13.0,33.0,5.760443449020386,127,2026-02-20 12:28:24,2026-02-20 12:28:24
500.0,13,18,5.853473663330078,1,14435.888965771926,39549.688021682145,34.0,0.0,5.760443449020386,130,2026-02-20 12:28:24,2026-02-20 12:28:24
500.0,13,20,7.539169788360596,6,28504.607054938668,39889.62189869574,64.48222252652795,0.7408298520314104,5.760443449020386,132,2026-02-20 12:28:24,2026-02-20 12:28:24
500.0,13,34,15.883872032165527,1,1512.8120426950027,44138.24335704655,6.0,10.0,15.760443449020386,139,2026-02-20 12:28:24,2026-02-20 12:28:24
500.0,13,35,22.33374786376953,2,5834.110539273272,39549.688021682145,15.362813409252917,0.0,15.760443449020386,140,2026-02-20 12:28:24,2026-02-20 12:28:24
500.0,13,37,16.05413818359375,2,6772.618440213403,81764.39710703466,17.3962471946232,92.0,15.760443449020386,142,2026-02-20 12:28:24,2026-02-20 12:28:24
500.0,13,40,16.459211349487305,5,8750.253800857037,46304.40828258889,21.681123809351075,14.72079939593954,15.760443449020386,145,2026-02-20 12:28:24,2026-02-20 12:28:24
500.0,14,7,8.527983665466309,10,6303.520935588678,78560.38300790168,16.379869267936296,85.01737940384122,5.760443449020386,148,2026-02-20 12:32:47,2026-02-20 12:32:47
500.0,14,11,6.91909646987915,9,14352.788285890014,40219.32248126209,33.81994852692252,1.459357925617711,5.760443449020386,150,2026-02-20 12:32:47,2026-02-20 12:32:47
500.0,14,12,7.626710414886475,1,21820.50435038731,41385.110155827904,50.0,4.0,5.760443449020386,151,2026-02-20 12:32:47,2026-02-20 12:32:47
500.0,14,13,6.209186553955078,1,22743.58127346423,41843.96568936435,52.0,5.0,5.760443449020386,152,2026-02-20 12:32:47,2026-02-20 12:32:47
500.0,14,16,7.387458324432373,12,28178.19532862426,40063.593966894114,63.774997119513394,1.119973298025297,5.760443449020386,155,2026-02-20 12:32:47,2026-02-20 12:32:47
500.0,14,20,12.123130798339844,1,-794.8802649973053,54233.065094848236,1.0,32.0,10.760443449020386,158,2026-02-20 12:32:47,2026-02-20 12:32:47
500.0,14,21,12.177562713623047,2,1739.9375437606905,47576.03730990596,6.49210525230899,17.492105252308992,10.760443449020386,159,2026-02-20 12:32:47,2026-02-20 12:32:47
500.0,14,24,15.224958419799805,28,7072.586846022055,84013.22801922474,18.046178740541947,96.90095628761003,10.760443449020386,162,2026-02-20 12:32:47,2026-02-20 12:32:47
500.0,14,30,17.729211807250977,5,8700.303207008757,48172.20045261539,21.572897522679803,18.791344553434445,15.760443449020386,165,2026-02-20 12:32:47,2026-02-20 12:32:47
500.0,15,6,8.466755867004395,1,3820.5043503873103,39549.688021682145,11.0,0.0,5.760443449020386,171,2026-02-20 12:37:09,2026-02-20 12:37:09
500.0,15,7,9.12126350402832,1,3820.5043503873103,41385.110155827904,11.0,4.0,5.760443449020386,172,2026-02-20 12:37:09,2026-02-20 12:37:09
500.0,15,15,9.13885498046875,8,15080.340640924498,42316.121646356434,35.39631196283057,6.028986080549452,5.760443449020386,177,2026-02-20 12:37:09,2026-02-20 12:37:09
500.0,15,19,8.38016128540039,3,21949.62668152827,41648.682147529806,50.27976505080541,4.574411710087766,5.760443449020386,181,2026-02-20 12:37:09,2026-02-20 12:37:09
500.0,15,20,7.073169231414795,1,23666.658196541153,47350.232091801634,54.0,17.0,5.760443449020386,182,2026-02-20 12:37:09,2026-02-20 12:37:09
500.0,15,24,6.007564067840576,3,28222.597309277968,40981.44909962478,63.87120141092976,3.120287265379407,5.760443449020386,186,2026-02-20 12:37:09,2026-02-20 12:37:09
500.0,15,26,6.457762718200684,2,28603.671038473098,62951.3202320406,64.69686115751921,51.0,5.760443449020386,188,2026-02-20 12:37:09,2026-02-20 12:37:09
500.0,15,29,11.024786949157715,1,1974.350504233464,56068.487228993996,7.0,36.0,10.760443449020386,190,2026-02-20 12:37:09,2026-02-20 12:37:09
500.0,15,30,11.722086906433105,3,3746.4928549013116,49475.687280263555,10.839641759780337,21.6320792343526,10.760443449020386,191,2026-02-20 12:37:09,2026-02-20 12:37:09
500.0,15,32,14.104464530944824,8,7344.705966831793,86697.64431168561,18.635770168963045,102.7511991119078,10.760443449020386,193,2026-02-20 12:37:09,2026-02-20 12:37:09
500.0,15,33,8.93513011932373,6,8818.54806030499,50941.383689581795,21.829094704821635,24.826322960742864,10.760443449020386,194,2026-02-20 12:37:09,2026-02-20 12:37:09
500.0,15,34,11.0,2,10515.538440816023,39549.688021682145,25.505907195928877,0.0,10.760443449020386,195,2026-02-20 12:37:09,2026-02-20 12:37:09
500.0,16,13,7.695641994476318,3,10282.042811925772,59996.14213588111,25.0,44.55967645549858,5.760443449020386,201,2026-02-20 12:41:22,2026-02-20 12:41:22
500.0,16,19,6.9018402099609375,1,22743.58127346423,46891.37655826519,52.0,16.0,5.760443449020386,206,2026-02-20 12:41:22,2026-02-20 12:41:22
500.0,16,20,5.821299076080322,1,23205.119735002692,41385.110155827904,53.0,4.0,5.760443449020386,207,2026-02-20 12:41:22,2026-02-20 12:41:22
500.0,16,22,7.450351715087891,14,28281.58923770414,40657.01823565183,63.99901725585313,2.41324367483463,5.760443449020386,209,2026-02-20 12:41:22,2026-02-20 12:41:22
500.0,16,24,5.965783596038818,1,28743.58127346423,50562.22082655672,65.0,24.0,5.760443449020386,211,2026-02-20 12:41:22,2026-02-20 12:41:22
500.0,16,26,10.799102783203125,4,1871.7047407923833,58082.24458077539,6.777600845877658,40.38865221099371,10.760443449020386,212,2026-02-20 12:41:22,2026-02-20 12:41:22
500.0,16,28,13.7808256149292,4,3435.6753590923167,51964.31766268313,10.166203852194181,27.055638940039206,10.760443449020386,213,2026-02-20 12:41:22,2026-02-20 12:41:22
500.0,16,30,11.672080993652344,2,6804.932688793486,82223.2526405711,17.466261399880047,93.0,10.760443449020386,214,2026-02-20 12:41:22,2026-02-20 12:41:22
500.0,16,31,8.832514762878418,6,7434.701898622201,88025.75005067003,18.83076135450893,105.64558665203091,10.760443449020386,215,2026-02-20 12:41:22,2026-02-20 12:41:22
500.0,16,33,11.378410339355469,1,13051.273581156542,40467.399088755024,31.0,2.0,10.760443449020386,216,2026-02-20 12:41:22,2026-02-20 12:41:22
500.0,16,35,17.933168411254883,1,1512.8120426950027,41843.96568936435,6.0,5.0,15.760443449020386,217,2026-02-20 12:41:22,2026-02-20 12:41:22
500.0,16,36,19.750667572021484,1,5666.658196541156,42761.67675643723,15.0,7.0,15.760443449020386,218,2026-02-20 12:41:22,2026-02-20 12:41:22
500.0,16,37,18.895021438598633,2,9498.133636284792,51479.93189362959,23.301530119444543,26.0,15.760443449020386,219,2026-02-20 12:41:22,2026-02-20 12:41:22
500.0,17,2,9.930647850036621,12,1588.4556739521868,60915.55763672975,6.163894534390566,46.56339098796292,5.760443449020386,220,2026-02-20 12:45:27,2026-02-20 12:45:27
500.0,17,3,7.9740705490112305,5,1949.7189734489941,54795.46541796884,6.946631683300315,33.22565880111794,5.760443449020386,221,2026-02-20 12:45:27,2026-02-20 12:45:27
500.0,17,5,9.004709243774414,5,3706.205292120341,53855.00926811029,10.752352040421567,31.176089642366875,5.760443449020386,223,2026-02-20 12:45:27,2026-02-20 12:45:27
500.0,17,6,8.896435737609863,16,6320.608349796706,85020.86680848018,16.416891998720356,99.09693893489224,5.760443449020386,224,2026-02-20 12:45:27,2026-02-20 12:45:27
500.0,17,8,12.06424331665039,3,6941.197601749056,91696.11284931688,17.761502044617114,113.64453736830329,5.760443449020386,226,2026-02-20 12:45:27,2026-02-20 12:45:27
500.0,17,23,8.473071098327637,4,17666.658196541153,41077.11694092339,41.0,3.3287795561038966,5.760443449020386,235,2026-02-20 12:45:27,2026-02-20 12:45:27
500.0,17,26,7.236274242401123,1,23205.119735002692,41385.110155827904,53.0,4.0,5.760443449020386,238,2026-02-20 12:45:27,2026-02-20 12:45:27
500.0,17,31,6.582403182983398,1,28743.58127346423,45514.80995765587,65.0,13.0,5.760443449020386,240,2026-02-20 12:45:27,2026-02-20 12:45:27
500.0,17,32,5.992784023284912,1,28743.58127346423,46432.52102472875,65.0,15.0,5.760443449020386,241,2026-02-20 12:45:27,2026-02-20 12:45:27
500.0,17,34,11.750319480895996,2,-1256.4187265357668,45407.670278474296,0.0,12.766506729567284,10.760443449020386,242,2026-02-20 12:45:27,2026-02-20 12:45:27
500.0,17,37,11.419038772583008,6,10194.359854970555,63433.994071144785,24.81002025993036,52.05190807090016,10.760443449020386,243,2026-02-20 12:45:27,2026-02-20 12:45:27
500.0,17,41,13.264391899108887,1,14435.888965771926,48267.943158874514,34.0,19.0,10.760443449020386,246,2026-02-20 12:45:27,2026-02-20 12:45:27
500.0,17,42,13.46121883392334,1,23205.119735002692,51021.07636009315,53.0,25.0,10.760443449020386,247,2026-02-20 12:45:27,2026-02-20 12:45:27
500.0,17,43,11.54035472869873,1,23666.658196541153,48726.79869241095,54.0,20.0,10.760443449020386,248,2026-02-20 12:45:27,2026-02-20 12:45:27
500.0,17,44,11.205279350280762,1,28282.04281192577,40008.54355521859,64.0,1.0,10.760443449020386,249,2026-02-20 12:45:27,2026-02-20 12:45:27
500.0,17,46,19.23455238342285,1,7051.273581156542,42761.67675643723,18.0,7.0,15.760443449020386,250,2026-02-20 12:45:27,2026-02-20 12:45:27
500.0,17,47,15.824478149414062,1,9820.504350387311,53774.2095613118,24.0,31.0,15.760443449020386,251,2026-02-20 12:45:27,2026-02-20 12:45:27
500.0,17,48,20.0,1,10282.042811925772,57903.909363139755,25.0,40.0,15.760443449020386,252,2026-02-20 12:45:27,2026-02-20 12:45:27
500.0,18,3,3.081871747970581,3,2429.221172293115,62738.11374266732,7.985553114129244,50.535351600251886,5.760443449020386,254,2026-02-20 12:49:40,2026-02-20 12:49:40
500.0,18,4,9.191694259643555,7,2892.133087060351,56766.21904081209,8.988528929458255,37.52059147340037,5.760443449020386,255,2026-02-20 12:49:40,2026-02-20 12:49:40
500.0,18,5,7.0343804359436035,1,3358.9658888488484,46432.52102472875,10.0,15.0,5.760443449020386,256,2026-02-20 12:49:40,2026-02-20 12:49:40
500.0,18,8,8.522176742553711,1,5666.658196541156,75799.27517106093,15.0,79.0,5.760443449020386,258,2026-02-20 12:49:40,2026-02-20 12:49:40
500.0,18,16,7.2136664390563965,8,15914.10186654386,46362.7101298804,37.20279461833919,14.847858661940261,5.760443449020386,262,2026-02-20 12:49:40,2026-02-20 12:49:40
500.0,18,17,9.268189430236816,6,16285.095718339231,39729.000200981456,38.006614630562495,0.39078133790244063,5.760443449020386,263,2026-02-20 12:49:40,2026-02-20 12:49:40
500.0,18,27,8.595918655395508,33,28385.574806611756,41397.5305651714,64.22431932181964,4.027068234848925,5.760443449020386,272,2026-02-20 12:49:40,2026-02-20 12:49:40
500.0,18,29,15.650270462036133,1,-1256.4187265357668,39549.688021682145,0.0,0.0,10.760443449020386,273,2026-02-20 12:49:40,2026-02-20 12:49:40
500.0,18,30,12.07308578491211,1,4282.042811925772,39549.688021682145,12.0,0.0,10.760443449020386,274,2026-02-20 12:49:40,2026-02-20 12:49:40
500.0,18,31,12.747419357299805,4,7343.555706268605,86834.61474381543,18.633277937742804,103.04970359124616,10.760443449020386,275,2026-02-20 12:49:40,2026-02-20 12:49:40
500.0,18,32,11.028433799743652,1,9820.504350387311,66622.16450033212,24.0,59.0,10.760443449020386,276,2026-02-20 12:49:40,2026-02-20 12:49:40
500.0,18,34,9.99887752532959,5,10496.63499536495,55299.91341908675,25.464949730784884,34.325020068988195,10.760443449020386,277,2026-02-20 12:49:40,2026-02-20 12:49:40
500.0,18,35,11.5,1,23666.658196541153,48267.943158874514,54.0,19.0,10.760443449020386,278,2026-02-20 12:49:40,2026-02-20 12:49:40
500.0,18,37,17.066299438476562,2,10743.581273464233,44436.977580076455,26.0,10.651041997309125,15.760443449020386,279,2026-02-20 12:49:40,2026-02-20 12:49:40
500.0,19,19,8.465662002563477,1,11205.119735002694,44138.24335704655,27.0,10.0,5.760443449020386,287,2026-02-20 12:53:47,2026-02-20 12:53:47
500.0,19,32,6.029789924621582,3,22743.58127346423,58921.67252115079,52.0,42.218047040137094,5.760443449020386,296,2026-02-20 12:53:47,2026-02-20 12:53:47
500.0,19,37,7.994174957275391,1,28743.58127346423,45514.80995765587,65.0,13.0,5.760443449020386,299,2026-02-20 12:53:47,2026-02-20 12:53:47
500.0,19,42,11.073357582092285,1,1974.350504233464,60198.187030821966,7.0,45.0,10.760443449020386,302,2026-02-20 12:53:47,2026-02-20 12:53:47
500.0,19,43,11.910874366760254,1,2435.8889657719255,64786.742366186365,8.0,55.0,10.760443449020386,303,2026-02-20 12:53:47,2026-02-20 12:53:47
500.0,19,44,13.609601020812988,3,2897.4274273103874,43580.88238468555,9.0,8.785323633202456,10.760443449020386,304,2026-02-20 12:53:47,2026-02-20 12:53:47
500.0,19,46,11.203213691711426,2,8290.17733590726,88647.23011008126,20.684291468626554,107.0,10.760443449020386,305,2026-02-20 12:53:47,2026-02-20 12:53:47
500.0,19,47,11.01718807220459,2,8533.957809977848,63048.819001008655,21.212482495779497,51.2124824957795,10.760443449020386,306,2026-02-20 12:53:47,2026-02-20 12:53:47
500.0,19,49,11.922764778137207,1,10282.042811925772,71210.71983569654,25.0,69.0,10.760443449020386,307,2026-02-20 12:53:47,2026-02-20 12:53:47
500.0,19,51,10.953679084777832,1,15820.504350387311,49185.65422594739,37.0,21.0,10.760443449020386,309,2026-02-20 12:53:47,2026-02-20 12:53:47
500.0,19,52,14.397549629211426,3,16397.251685812415,41131.376597170485,38.24961922675439,3.447029533016903,10.760443449020386,310,2026-02-20 12:53:47,2026-02-20 12:53:47
500.0,19,54,14.676607131958008,1,22743.58127346423,50562.22082655672,52.0,24.0,10.760443449020386,312,2026-02-20 12:53:47,2026-02-20 12:53:47
500.0,19,56,11.059229850769043,1,28743.58127346423,40008.54355521859,65.0,1.0,10.760443449020386,313,2026-02-20 12:53:47,2026-02-20 12:53:47
500.0,19,58,18.741004943847656,7,-916.6288729078664,39646.8281120367,0.7362113495271178,0.21170081486408052,15.760443449020386,314,2026-02-20 12:53:47,2026-02-20 12:53:47
500.0,19,59,20.58695411682129,1,5666.658196541156,52856.49849423891,15.0,29.0,15.760443449020386,315,2026-02-20 12:53:47,2026-02-20 12:53:47
500.0,19,60,17.454788208007812,1,10282.042811925772,57903.909363139755,25.0,40.0,15.760443449020386,316,2026-02-20 12:53:47,2026-02-20 12:53:47
500.0,19,61,15.969182968139648,1,11205.119735002694,57903.909363139755,27.0,40.0,15.760443449020386,317,2026-02-20 12:53:47,2026-02-20 12:53:47
500.0,19,62,20.683725357055664,3,25743.92792454187,54842.69695311174,58.500751077334876,33.32859214656305,15.760443449020386,318,2026-02-20 12:53:47,2026-02-20 12:53:47
500.0,20,7,7.0,1,3820.5043503873103,46432.52102472875,11.0,15.0,5.760443449020386,323,2026-02-20 12:58:10,2026-02-20 12:58:10
500.0,20,8,10.087759017944336,1,7051.273581156542,91400.36331129991,18.0,113.0,5.760443449020386,324,2026-02-20 12:58:10,2026-02-20 12:58:10
500.0,20,12,7.5,1,8897.427427310387,90482.65224422702,22.0,111.0,5.760443449020386,326,2026-02-20 12:58:10,2026-02-20 12:58:10
500.0,20,40,6.039990425109863,23,28692.513632947284,43114.221295361065,64.88935344554662,7.768312710989338,5.760443449020386,349,2026-02-20 12:58:10,2026-02-20 12:58:10
500.0,20,46,10.928239822387695,1,3358.9658888488484,62492.46469850416,10.0,50.0,10.760443449020386,352,2026-02-20 12:58:10,2026-02-20 12:58:10
500.0,20,47,11.665446281433105,2,8496.604514540291,63410.17576557704,21.13155035566479,52.0,10.760443449020386,353,2026-02-20 12:58:10,2026-02-20 12:58:10
500.0,20,48,11.302528381347656,2,8648.357713594633,73046.14196984228,21.460348953615863,73.0,10.760443449020386,354,2026-02-20 12:58:10,2026-02-20 12:58:10
500.0,20,51,11.062079429626465,4,12459.98279376211,58632.73782844488,29.718869960645403,41.588361503865876,10.760443449020386,357,2026-02-20 12:58:10,2026-02-20 12:58:10
500.0,20,52,11.793294906616211,1,13051.273581156542,40467.399088755024,31.0,2.0,10.760443449020386,358,2026-02-20 12:58:10,2026-02-20 12:58:10
500.0,20,57,21.258024215698242,12,-1003.5525197082153,40776.58995465063,0.5478767814596951,2.6738305268166744,15.760443449020386,360,2026-02-20 12:58:10,2026-02-20 12:58:10
500.0,20,58,19.68767547607422,3,-1256.4187265357668,45814.51701191863,0.0,13.653162122624726,15.760443449020386,361,2026-02-20 12:58:10,2026-02-20 12:58:10
500.0,20,60,22.510826110839844,1,19051.273581156544,53315.35402777536,44.0,30.0,15.760443449020386,363,2026-02-20 12:58:10,2026-02-20 12:58:10
500.0,20,61,22.5,1,25512.812042695004,57903.909363139755,58.0,40.0,15.760443449020386,364,2026-02-20 12:58:10,2026-02-20 12:58:10
500.0,21,17,7.617128372192383,5,16202.18943239569,40735.60823692002,37.82698434435149,2.584517628234506,5.760443449020386,376,2026-02-20 13:02:31,2026-02-20 13:02:31
500.0,21,27,6.8592610359191895,1,23205.119735002692,54233.065094848236,53.0,32.0,5.760443449020386,383,2026-02-20 13:02:31,2026-02-20 13:02:31
500.0,21,29,0.9087291955947876,4,24704.740157296026,61924.93953318145,56.24917758163554,48.76317245005472,5.760443449020386,385,2026-02-20 13:02:31,2026-02-20 13:02:31
500.0,21,34,7.571672439575195,3,28743.58127346423,43675.81422075469,65.0,8.99221192184853,5.760443449020386,390,2026-02-20 13:02:31,2026-02-20 13:02:31
500.0,21,44,12.69456672668457,3,8767.942564666568,77480.33145147483,21.719449464271722,82.66358506665017,10.760443449020386,398,2026-02-20 13:02:31,2026-02-20 13:02:31
500.0,21,45,13.001341819763184,1,11205.119735002694,64786.742366186365,27.0,55.0,10.760443449020386,399,2026-02-20 13:02:31,2026-02-20 13:02:31
500.0,21,46,13.5,1,17205.119735002692,59280.47596374908,40.0,43.0,10.760443449020386,400,2026-02-20 13:02:31,2026-02-20 13:02:31
500.0,21,47,13.639429092407227,1,20897.427427310387,48726.79869241095,48.0,20.0,10.760443449020386,401,2026-02-20 13:02:31,2026-02-20 13:02:31
500.0,21,48,9.970612525939941,3,21588.97104621995,39858.656938043976,49.49834450763739,0.6733468243928126,10.760443449020386,402,2026-02-20 13:02:31,2026-02-20 13:02:31
500.0,21,50,22.424850463867188,30,-526.2653297147991,40693.64822927876,1.58199902644543,2.4930727080482473,15.760443449020386,403,2026-02-20 13:02:31,2026-02-20 13:02:31
500.0,21,51,17.281726837158203,9,-630.9426862594214,46106.82486934848,1.355198087265415,14.290198915396966,15.760443449020386,404,2026-02-20 13:02:31,2026-02-20 13:02:31
500.0,22,30,12.151117324829102,3,-1104.259201943107,47059.8310634305,0.32967896995076296,16.36711882684952,10.760443449020386,425,2026-02-20 13:06:54,2026-02-20 13:06:54
500.0,22,31,11.266535758972168,1,8897.427427310387,80387.83050642534,22.0,89.0,10.760443449020386,426,2026-02-20 13:06:54,2026-02-20 13:06:54
500.0,22,32,12.5,2,12878.725303978033,64327.88683264992,30.626145399446568,54.0,10.760443449020386,427,2026-02-20 13:06:54,2026-02-20 13:06:54
500.0,22,33,12.896953582763672,2,18291.625992394314,47809.08762533807,42.35409689101517,18.0,10.760443449020386,428,2026-02-20 13:06:54,2026-02-20 13:06:54
500.0,22,34,11.927328109741211,2,18128.19665807962,53178.51739342749,42.0,29.701787110872893,10.760443449020386,429,2026-02-20 13:06:54,2026-02-20 13:06:54
500.0,22,35,10.492255210876465,4,22097.246519179833,40455.31990282076,50.5996080323838,1.9736754053260066,10.760443449020386,430,2026-02-20 13:06:54,2026-02-20 13:06:54
500.0,22,36,13.95514965057373,1,28743.58127346423,65245.59789972281,65.0,56.0,10.760443449020386,431,2026-02-20 13:06:54,2026-02-20 13:06:54
500.0,22,38,20.7333927154541,36,256.43271924590533,41982.977160164286,3.277844799193623,5.302952586685769,15.760443449020386,432,2026-02-20 13:06:54,2026-02-20 13:06:54
500.0,23,5,8.408903121948242,7,9415.510936341987,82277.47594522084,23.122514269568466,93.1181707545986,5.760443449020386,435,2026-02-20 13:11:16,2026-02-20 13:11:16
500.0,23,13,9.622307777404785,4,18134.467506957204,55664.54417876503,42.01358683923476,35.11967270588251,5.760443449020386,442,2026-02-20 13:11:16,2026-02-20 13:11:16
500.0,23,15,4.6204304695129395,4,18058.69549506182,58952.42869549416,41.849414146794764,42.28507505243181,5.760443449020386,444,2026-02-20 13:11:16,2026-02-20 13:11:16
500.0,23,25,10.5,2,26897.427427310387,63472.31204586094,61.0,52.13541578065979,5.760443449020386,452,2026-02-20 13:11:16,2026-02-20 13:11:16
500.0,23,26,7.537974834442139,2,28413.478711297546,59739.33149728552,64.28477778197218,44.0,5.760443449020386,453,2026-02-20 13:11:16,2026-02-20 13:11:16
500.0,23,39,14.39388656616211,5,22929.487694193114,39781.095994096824,52.40279724491258,0.5043155317997283,10.760443449020386,461,2026-02-20 13:11:16,2026-02-20 13:11:16
500.0,23,42,13.168013572692871,1,28743.58127346423,68457.58663447789,65.0,63.0,10.760443449020386,464,2026-02-20 13:11:16,2026-02-20 13:11:16
500.0,23,47,19.682266235351562,8,1603.1599156049272,43630.01689605473,6.19575372463817,8.892404201656092,15.760443449020386,468,2026-02-20 13:11:16,2026-02-20 13:11:16
500.0,23,50,16.07073974609375,1,20897.427427310387,48726.79869241095,48.0,20.0,15.760443449020386,471,2026-02-20 13:11:16,2026-02-20 13:11:16
500.0,24,6,7.225564479827881,2,8897.427427310387,77446.42381984291,22.0,82.58968897266477,5.760443449020386,475,2026-02-20 13:15:30,2026-02-20 13:15:30
500.0,24,7,5.965315341949463,1,9820.504350387311,84517.5303082533,24.0,98.0,5.760443449020386,476,2026-02-20 13:15:30,2026-02-20 13:15:30
500.0,24,9,5.870119571685791,1,17205.119735002692,60657.0425643584,40.0,46.0,5.760443449020386,478,2026-02-20 13:15:30,2026-02-20 13:15:30
500.0,24,12,5.928137302398682,1,17666.658196541153,61574.75363143128,41.0,48.0,5.760443449020386,481,2026-02-20 13:15:30,2026-02-20 13:15:30
500.0,24,13,6.069518566131592,1,17666.658196541153,64327.88683264992,41.0,54.0,5.760443449020386,482,2026-02-20 13:15:30,2026-02-20 13:15:30
500.0,24,27,7.918154239654541,2,28743.58127346423,70487.27024363293,65.0,67.42336086373871,5.760443449020386,494,2026-02-20 13:15:30,2026-02-20 13:15:30
500.0,24,36,11.948905944824219,14,23230.068668094485,42204.87845586642,53.054056021698884,5.786549883621303,10.760443449020386,501,2026-02-20 13:15:30,2026-02-20 13:15:30
500.0,24,39,16.738147735595703,1,-794.8802649973053,46891.37655826519,1.0,16.0,15.760443449020386,502,2026-02-20 13:15:30,2026-02-20 13:15:30
500.0,24,40,15.982839584350586,1,23666.658196541153,49185.65422594739,54.0,21.0,15.760443449020386,503,2026-02-20 13:15:30,2026-02-20 13:15:30
500.0,25,8,6.875749588012695,15,9229.80127237396,79367.58616050781,22.720143330971073,86.77654561980671,5.760443449020386,508,2026-02-20 13:19:53,2026-02-20 13:19:53
500.0,25,9,6.275562763214111,2,9663.371420299665,61574.75363143128,23.659545318143437,48.0,5.760443449020386,509,2026-02-20 13:19:53,2026-02-20 13:19:53
500.0,25,25,7.321409702301025,2,24589.735119618083,72293.89202879382,56.0,71.3605952504249,5.760443449020386,522,2026-02-20 13:19:53,2026-02-20 13:19:53
500.0,25,30,8.029888153076172,1,28743.58127346423,47809.08762533807,65.0,18.0,5.760443449020386,526,2026-02-20 13:19:53,2026-02-20 13:19:53
500.0,25,34,13.571065902709961,3,1841.2948614011586,47065.41563403398,6.711712773863338,16.379289477948447,10.760443449020386,529,2026-02-20 13:19:53,2026-02-20 13:19:53
500.0,25,35,12.454325675964355,1,18128.19665807962,60657.0425643584,42.0,46.0,10.760443449020386,530,2026-02-20 13:19:53,2026-02-20 13:19:53
500.0,25,40,12.21319580078125,3,23786.252491352367,43822.44999186754,54.25912097209096,9.31178041431655,10.760443449020386,535,2026-02-20 13:19:53,2026-02-20 13:19:53
500.0,25,41,11.98844051361084,1,28743.58127346423,40467.399088755024,65.0,2.0,10.760443449020386,536,2026-02-20 13:19:53,2026-02-20 13:19:53
500.0,26,10,7.325761318206787,10,3718.793325312828,54584.90964359859,10.779626112338622,32.76678719778895,5.760443449020386,544,2026-02-20 13:24:15,2026-02-20 13:24:15
500.0,26,16,6.102120399475098,8,17695.219790971256,60149.78108916773,41.06188345459855,44.89450722914647,5.760443449020386,548,2026-02-20 13:24:15,2026-02-20 13:24:15
500.0,26,32,6.685138702392578,2,24020.439052337486,76258.13070459737,54.766525187558706,80.0,5.760443449020386,562,2026-02-20 13:24:15,2026-02-20 13:24:15
500.0,26,34,7.848723411560059,1,27358.96588884885,64327.88683264992,62.0,54.0,5.760443449020386,564,2026-02-20 13:24:15,2026-02-20 13:24:15
500.0,26,37,11.290897369384766,1,-1256.4187265357668,53774.2095613118,0.0,31.0,10.760443449020386,566,2026-02-20 13:24:15,2026-02-20 13:24:15
500.0,26,38,14.499999046325684,1,-794.8802649973053,47350.232091801634,1.0,17.0,10.760443449020386,567,2026-02-20 13:24:15,2026-02-20 13:24:15
500.0,26,39,12.200401306152344,1,8897.427427310387,65704.45343325924,22.0,57.0,10.760443449020386,568,2026-02-20 13:24:15,2026-02-20 13:24:15
500.0,26,40,11.47696304321289,1,9358.965888848848,62951.3202320406,23.0,51.0,10.760443449020386,569,2026-02-20 13:24:15,2026-02-20 13:24:15
500.0,26,41,12.175992965698242,2,9605.642407023197,80387.83050642534,23.534465789377755,89.0,10.760443449020386,570,2026-02-20 13:24:15,2026-02-20 13:24:15
500.0,26,43,9.73983097076416,10,23079.65153009679,48364.3544577139,52.72815222270388,19.210112533886942,10.760443449020386,572,2026-02-20 13:24:15,2026-02-20 13:24:15
500.0,26,46,11.1713228225708,2,25051.273581156544,40628.10293840603,57.0,2.350227550733557,10.760443449020386,575,2026-02-20 13:24:15,2026-02-20 13:24:15
500.0,27,17,6.5,2,17720.259732022187,55609.63169545756,41.1161366602089,35.0,5.760443449020386,588,2026-02-20 13:28:37,2026-02-20 13:28:37
500.0,27,19,8.684953689575195,2,17910.66333845797,65704.45343325924,41.528677807486424,57.0,5.760443449020386,590,2026-02-20 13:28:37,2026-02-20 13:28:37
500.0,27,20,6.891353607177734,2,18128.19665807962,61796.58326415233,42.0,48.483441119280805,5.760443449020386,591,2026-02-20 13:28:37,2026-02-20 13:28:37
500.0,27,22,6.515328407287598,1,19512.812042695004,39549.688021682145,45.0,0.0,5.760443449020386,593,2026-02-20 13:28:37,2026-02-20 13:28:37
500.0,27,27,10.732202529907227,1,22743.58127346423,59280.47596374908,52.0,43.0,5.760443449020386,597,2026-02-20 13:28:37,2026-02-20 13:28:37
500.0,27,29,8.5,1,24128.19665807962,79011.26390581601,55.0,86.0,5.760443449020386,598,2026-02-20 13:28:37,2026-02-20 13:28:37
500.0,27,31,6.9698486328125,1,25512.812042695004,59739.33149728552,58.0,44.0,5.760443449020386,600,2026-02-20 13:28:37,2026-02-20 13:28:37
500.0,27,32,8.831637382507324,1,26435.888965771926,59280.47596374908,60.0,43.0,5.760443449020386,601,2026-02-20 13:28:37,2026-02-20 13:28:37
500.0,27,35,5.7995686531066895,2,28743.58127346423,48244.76692975303,65.0,18.949491228877942,5.760443449020386,604,2026-02-20 13:28:37,2026-02-20 13:28:37
500.0,27,37,12.037861824035645,2,-1256.4187265357668,58597.530067985186,0.0,41.511631993406795,10.760443449020386,605,2026-02-20 13:28:37,2026-02-20 13:28:37
500.0,27,39,11.108927726745605,1,1051.2735811565408,49185.65422594739,5.0,21.0,10.760443449020386,607,2026-02-20 13:28:37,2026-02-20 13:28:37
500.0,27,40,12.499999046325684,1,8897.427427310387,84517.5303082533,22.0,98.0,10.760443449020386,608,2026-02-20 13:28:37,2026-02-20 13:28:37
500.0,27,41,12.245438575744629,1,9358.965888848848,83140.96370764397,23.0,95.0,10.760443449020386,609,2026-02-20 13:28:37,2026-02-20 13:28:37
500.0,27,48,17.967754364013672,1,23666.658196541153,49185.65422594739,54.0,21.0,15.760443449020386,613,2026-02-20 13:28:37,2026-02-20 13:28:37
500.0,27,49,18.22130012512207,5,24659.31309595998,40565.16138109505,56.15075228207411,2.213056801530895,15.760443449020386,614,2026-02-20 13:28:37,2026-02-20 13:28:37
500.0,28,3,7.537087440490723,3,-525.1819364060948,53955.3484378637,1.5843463786142895,31.39476232346126,5.760443449020386,615,2026-02-20 13:33:00,2026-02-20 13:33:00
500.0,28,8,6.1463623046875,1,3820.5043503873103,61115.89809789484,11.0,47.0,5.760443449020386,620,2026-02-20 13:33:00,2026-02-20 13:33:00
500.0,28,9,7.535118103027344,1,5666.658196541156,58821.62043021264,15.0,42.0,5.760443449020386,621,2026-02-20 13:33:00,2026-02-20 13:33:00
500.0,28,10,6.5,1,15820.504350387311,46432.52102472875,37.0,15.0,5.760443449020386,622,2026-02-20 13:33:00,2026-02-20 13:33:00
500.0,28,11,7.027032375335693,2,17205.119735002692,60945.43740642702,40.0,46.62850902079341,5.760443449020386,623,2026-02-20 13:33:00,2026-02-20 13:33:00
500.0,28,25,8.446760177612305,2,28743.58127346423,50807.16676183679,65.0,24.533819290337963,5.760443449020386,634,2026-02-20 13:33:00,2026-02-20 13:33:00
500.0,28,26,8.942145347595215,2,28743.58127346423,54872.97853410284,65.0,33.39458586087595,5.760443449020386,635,2026-02-20 13:33:00,2026-02-20 13:33:00
500.0,28,28,12.242791175842285,1,-1256.4187265357668,61115.89809789484,0.0,47.0,10.760443449020386,636,2026-02-20 13:33:00,2026-02-20 13:33:00
500.0,28,29,12.161002159118652,1,-1256.4187265357668,62951.3202320406,0.0,51.0,10.760443449020386,637,2026-02-20 13:33:00,2026-02-20 13:33:00
500.0,28,30,13.712031364440918,1,-794.8802649973053,66163.30896679568,1.0,58.0,10.760443449020386,638,2026-02-20 13:33:00,2026-02-20 13:33:00
500.0,28,32,14.750633239746094,5,22873.19259337767,51359.872173353186,52.280824526479115,25.738349629673,10.760443449020386,640,2026-02-20 13:33:00,2026-02-20 13:33:00
500.0,28,40,16.079832077026367,2,23205.119735002692,58765.330387393304,53.0,41.87732513023106,15.760443449020386,645,2026-02-20 13:33:00,2026-02-20 13:33:00
500.0,28,41,12.454122543334961,6,24963.079078262293,42160.23149136235,56.80891191039579,5.689249183856438,15.760443449020386,646,2026-02-20 13:33:00,2026-02-20 13:33:00
500.0,29,1,4.578974723815918,23,-722.0888417916241,59300.74923923222,1.157714750278976,43.04418226217496,5.760443449020386,647,2026-02-20 13:37:13,2026-02-20 13:37:13
500.0,29,28,6.087937355041504,1,26897.427427310387,63410.17576557704,61.0,52.0,5.760443449020386,665,2026-02-20 13:37:13,2026-02-20 13:37:13
500.0,29,35,12.749619483947754,1,-794.8802649973053,68916.44216801433,1.0,64.0,10.760443449020386,670,2026-02-20 13:37:13,2026-02-20 13:37:13
500.0,29,36,11.578865051269531,1,-333.34180345884374,66622.16450033212,2.0,59.0,10.760443449020386,671,2026-02-20 13:37:13,2026-02-20 13:37:13
500.0,29,37,10.847136497497559,3,9635.751632845773,59734.2166731212,23.59970244532667,43.98885308383468,10.760443449020386,672,2026-02-20 13:37:13,2026-02-20 13:37:13
500.0,29,48,20.0,1,23666.658196541153,56986.19829606688,54.0,38.0,15.760443449020386,680,2026-02-20 13:37:13,2026-02-20 13:37:13
500.0,29,50,18.985307693481445,8,25337.25062321254,44421.590939953894,57.61961692445466,10.617509351415164,15.760443449020386,682,2026-02-20 13:37:13,2026-02-20 13:37:13
500.0,30,7,7.049302101135254,3,380.93768110760186,54305.93989658354,3.5476055498939654,32.158818618081504,5.760443449020386,688,2026-02-20 13:41:36,2026-02-20 13:41:36
500.0,30,15,7.079181671142578,1,17666.658196541153,65245.59789972281,41.0,56.0,5.760443449020386,692,2026-02-20 13:41:36,2026-02-20 13:41:36
500.0,30,16,7.784514427185059,8,18968.414584304133,40095.90254951695,43.82047217348644,1.1903845282742473,5.760443449020386,693,2026-02-20 13:41:36,2026-02-20 13:41:36
500.0,30,19,6.028086185455322,8,22191.845557931774,41285.41241190051,50.80457261634634,3.7827252007641348,5.760443449020386,694,2026-02-20 13:41:36,2026-02-20 13:41:36
500.0,30,30,7.413527965545654,14,28528.661585152397,40598.693113126494,64.53434067532436,2.286133684298347,5.760443449020386,702,2026-02-20 13:41:36,2026-02-20 13:41:36
500.0,30,33,13.462662696838379,2,-794.8802649973053,68116.60418628917,1.0,62.25688495993337,10.760443449020386,704,2026-02-20 13:41:36,2026-02-20 13:41:36
500.0,30,34,13.764010429382324,1,2897.4274273103874,46432.52102472875,9.0,15.0,10.760443449020386,705,2026-02-20 13:41:36,2026-02-20 13:41:36
500.0,30,35,12.933455467224121,1,7974.350504233464,39549.688021682145,20.0,0.0,10.760443449020386,706,2026-02-20 13:41:36,2026-02-20 13:41:36
500.0,30,36,10.803059577941895,1,9358.965888848848,58362.7648966762,23.0,41.0,10.760443449020386,707,2026-02-20 13:41:36,2026-02-20 13:41:36
500.0,30,37,10.871209144592285,1,9358.965888848848,63410.17576557704,23.0,52.0,10.760443449020386,708,2026-02-20 13:41:36,2026-02-20 13:41:36
500.0,30,39,13.43665599822998,4,21151.014694848618,52190.32128409833,48.549439079666165,27.548176579660492,10.760443449020386,710,2026-02-20 13:41:36,2026-02-20 13:41:36
500.0,30,40,14.106000900268555,2,24128.19665807962,59362.777790747794,55.0,43.179363265741635,10.760443449020386,711,2026-02-20 13:41:36,2026-02-20 13:41:36
500.0,30,45,22.07845687866211,5,25774.000591713888,47390.58155803483,58.565908522874246,17.087935010660583,15.760443449020386,714,2026-02-20 13:41:36,2026-02-20 13:41:36
500.0,31,2,7.380002021789551,13,-1102.2468214876415,68997.74839822398,0.3340391276042716,64.17719352664884,5.760443449020386,716,2026-02-20 13:45:59,2026-02-20 13:45:59
500.0,31,21,7.816091537475586,16,28501.55797640539,41667.882987029305,64.47561618970585,4.616256774811116,5.760443449020386,728,2026-02-20 13:45:59,2026-02-20 13:45:59
500.0,31,23,11.483208656311035,1,1974.350504233464,59280.47596374908,7.0,43.0,10.760443449020386,729,2026-02-20 13:45:59,2026-02-20 13:45:59
500.0,31,24,11.07240104675293,2,9820.504350387311,64231.84275239876,24.0,53.790687758495714,10.760443449020386,730,2026-02-20 13:45:59,2026-02-20 13:45:59
500.0,31,25,11.053462982177734,2,20402.3729381368,43220.532289973664,46.927381940123894,8.0,10.760443449020386,731,2026-02-20 13:45:59,2026-02-20 13:45:59
500.0,31,27,15.524507522583008,2,21358.96588884885,53079.07131055022,49.0,29.48506076541329,10.760443449020386,733,2026-02-20 13:45:59,2026-02-20 13:45:59
500.0,31,33,17.78318214416504,3,23591.522823090934,58692.42818691475,53.83720669085786,41.718446801104925,15.760443449020386,736,2026-02-20 13:45:59,2026-02-20 13:45:59
500.0,31,34,19.034818649291992,6,26031.606629087044,49389.3512007219,59.124054937182756,21.44392398017868,15.760443449020386,737,2026-02-20 13:45:59,2026-02-20 13:45:59
500.0,32,1,7.282365322113037,9,-992.8611758970842,62959.6997155879,0.5710413597171458,51.01826170316117,5.760443449020386,738,2026-02-20 13:50:22,2026-02-20 13:50:22
500.0,32,10,7.6004509925842285,1,6589.73511961808,69375.29770155076,17.0,65.0,5.760443449020386,746,2026-02-20 13:50:22,2026-02-20 13:50:22
500.0,32,11,7.6851396560668945,4,7422.152845637518,45900.133851985105,18.803571739708783,13.839749912918144,5.760443449020386,747,2026-02-20 13:50:22,2026-02-20 13:50:22
500.0,32,15,6.239879608154297,2,18535.39973507115,57445.05382960332,42.88227333348165,39.0,5.760443449020386,750,2026-02-20 13:50:22,2026-02-20 13:50:22
500.0,32,28,9.394941329956055,16,26902.837483985248,41013.26604473331,61.0117217894622,3.1896270527048927,5.760443449020386,758,2026-02-20 13:50:22,2026-02-20 13:50:22
500.0,32,35,14.0,1,-1256.4187265357668,68457.58663447789,0.0,63.0,10.760443449020386,763,2026-02-20 13:50:22,2026-02-20 13:50:22
500.0,32,36,11.562338829040527,1,10743.581273464233,62033.609164967726,26.0,49.0,10.760443449020386,764,2026-02-20 13:50:22,2026-02-20 13:50:22
500.0,32,37,12.028409004211426,2,19512.812042695004,43390.627256666274,45.0,8.370693942343179,10.760443449020386,765,2026-02-20 13:50:22,2026-02-20 13:50:22
500.0,32,39,12.086302757263184,2,23439.79954081042,62033.609164967726,53.508472912583414,49.0,10.760443449020386,767,2026-02-20 13:50:22,2026-02-20 13:50:22
500.0,32,46,18.117849349975586,5,26298.672461891383,51820.617617817894,59.70269757492549,26.742468379018142,15.760443449020386,772,2026-02-20 13:50:22,2026-02-20 13:50:22
500.0,33,4,5.909565448760986,1,6589.73511961808,72128.43090276941,17.0,71.0,5.760443449020386,775,2026-02-20 13:54:45,2026-02-20 13:54:45
500.0,33,16,4.104099750518799,3,22633.900641410546,39824.40410659631,51.762358630550345,0.5986984243099343,5.760443449020386,781,2026-02-20 13:54:45,2026-02-20 13:54:45
500.0,33,23,10.609867095947266,14,27403.44056451007,42482.096417114146,62.09636179726598,6.390700735004052,5.760443449020386,785,2026-02-20 13:54:45,2026-02-20 13:54:45
500.0,33,29,11.41466236114502,2,131.48779454675588,61574.75363143128,3.007130795678799,48.0,10.760443449020386,789,2026-02-20 13:54:45,2026-02-20 13:54:45
500.0,33,30,13.626349449157715,1,9358.965888848848,47809.08762533807,23.0,18.0,10.760443449020386,790,2026-02-20 13:54:45,2026-02-20 13:54:45
500.0,33,31,13.827982902526855,1,9820.504350387311,52397.64296070248,24.0,28.0,10.760443449020386,791,2026-02-20 13:54:45,2026-02-20 13:54:45
500.0,33,32,11.315855979919434,1,10282.042811925772,50103.36529302027,25.0,23.0,10.760443449020386,792,2026-02-20 13:54:45,2026-02-20 13:54:45
500.0,33,33,15.691511154174805,2,10925.047476002566,65245.59789972281,26.393176772166388,56.0,10.760443449020386,793,2026-02-20 13:54:45,2026-02-20 13:54:45
500.0,33,46,18.0,2,24128.19665807962,63744.48492477266,55.0,52.72857170669615,15.760443449020386,803,2026-02-20 13:54:45,2026-02-20 13:54:45
500.0,33,47,16.285030364990234,3,26174.30327868098,53550.24166475732,59.43323101130295,30.511898887154437,15.760443449020386,804,2026-02-20 13:54:45,2026-02-20 13:54:45
500.0,34,1,8.422959327697754,3,-1142.9712021425498,65492.84618475513,0.24580296951863706,56.53883688211573,5.760443449020386,805,2026-02-20 13:59:07,2026-02-20 13:59:07
500.0,34,6,7.595419406890869,5,8104.5437019612855,51284.11330558676,20.282085261743614,25.573245665071013,5.760443449020386,810,2026-02-20 13:59:07,2026-02-20 13:59:07
500.0,34,9,9.89549446105957,1,11205.119735002694,67539.875567405,27.0,61.0,5.760443449020386,812,2026-02-20 13:59:07,2026-02-20 13:59:07
500.0,34,13,9.07498836517334,1,19512.812042695004,57445.05382960332,45.0,39.0,5.760443449020386,816,2026-02-20 13:59:07,2026-02-20 13:59:07
500.0,34,15,9.475173950195312,12,20872.69062662629,45744.42005018883,47.94640359851778,13.500397348950642,5.760443449020386,818,2026-02-20 13:59:07,2026-02-20 13:59:07
500.0,34,21,10.447940826416016,1,23205.119735002692,69834.1532350872,53.0,66.0,5.760443449020386,823,2026-02-20 13:59:07,2026-02-20 13:59:07
500.0,34,27,6.502701282501221,15,27585.552466073525,44539.16568686066,62.4909375839868,10.873744131893032,5.760443449020386,828,2026-02-20 13:59:07,2026-02-20 13:59:07
500.0,34,30,11.0,1,7974.350504233464,63410.17576557704,20.0,52.0,10.760443449020386,830,2026-02-20 13:59:07,2026-02-20 13:59:07
500.0,34,35,17.256084442138672,5,26740.512749526446,56811.258664909714,60.66001819813479,37.61874791002543,15.760443449020386,833,2026-02-20 13:59:07,2026-02-20 13:59:07
500.0,35,3,10.06821060180664,1,9820.504350387311,67539.875567405,24.0,61.0,5.760443449020386,835,2026-02-20 14:03:30,2026-02-20 14:03:30
500.0,35,4,9.97724723815918,1,11666.658196541157,70293.00876862365,28.0,67.0,5.760443449020386,836,2026-02-20 14:03:30,2026-02-20 14:03:30
500.0,35,6,8.335298538208008,3,18672.094213737964,59214.89075425349,43.17844470392641,42.857067846626755,5.760443449020386,838,2026-02-20 14:03:30,2026-02-20 14:03:30
500.0,35,12,7.7513346672058105,2,21620.119483604012,68457.58663447789,49.565832788636186,63.0,5.760443449020386,842,2026-02-20 14:03:30,2026-02-20 14:03:30
500.0,35,16,6.753533363342285,4,23333.006927854927,43001.47890421924,53.277088917846505,7.522609253360942,5.760443449020386,845,2026-02-20 14:03:30,2026-02-20 14:03:30
500.0,35,21,5.233796119689941,19,28100.83400426887,46545.33972338608,63.60738091674338,15.245869757280321,5.760443449020386,849,2026-02-20 14:03:30,2026-02-20 14:03:30
500.0,35,23,5.866216659545898,1,27820.50435038731,39549.688021682145,63.0,0.0,5.760443449020386,851,2026-02-20 14:03:30,2026-02-20 14:03:30
500.0,35,26,11.057552337646484,1,3820.5043503873103,64786.742366186365,11.0,55.0,10.760443449020386,853,2026-02-20 14:03:30,2026-02-20 14:03:30
500.0,35,27,11.891955375671387,3,20897.427427310387,48660.99559045443,48.0,19.856592985924415,10.760443449020386,854,2026-02-20 14:03:30,2026-02-20 14:03:30
500.0,35,33,18.617704391479492,14,26538.414283864015,59394.82017814057,60.222138189199526,43.24919436736489,15.760443449020386,858,2026-02-20 14:03:30,2026-02-20 14:03:30
500.0,36,1,7.121659755706787,1,-1256.4187265357668,39549.688021682145,0.0,0.0,5.760443449020386,859,2026-02-20 14:07:52,2026-02-20 14:07:52
500.0,36,2,5.972614765167236,1,7974.350504233464,81305.54157349822,20.0,91.0,5.760443449020386,860,2026-02-20 14:07:52,2026-02-20 14:07:52
500.0,36,8,6.17392635345459,1,9820.504350387311,69375.29770155076,24.0,65.0,5.760443449020386,864,2026-02-20 14:07:52,2026-02-20 14:07:52
500.0,36,28,12.060600280761719,1,9358.965888848848,58362.7648966762,23.0,41.0,10.760443449020386,876,2026-02-20 14:07:52,2026-02-20 14:07:52
500.0,36,30,12.421802520751953,1,10282.042811925772,57903.909363139755,25.0,40.0,10.760443449020386,877,2026-02-20 14:07:52,2026-02-20 14:07:52
500.0,36,33,14.349835395812988,1,21820.50435038731,69375.29770155076,50.0,65.0,10.760443449020386,880,2026-02-20 14:07:52,2026-02-20 14:07:52
500.0,36,40,12.095721244812012,1,28743.58127346423,46432.52102472875,65.0,15.0,10.760443449020386,884,2026-02-20 14:07:52,2026-02-20 14:07:52
500.0,36,41,11.313078880310059,1,28743.58127346423,48267.943158874514,65.0,19.0,10.760443449020386,885,2026-02-20 14:07:52,2026-02-20 14:07:52
500.0,36,43,17.130855560302734,1,9820.504350387311,48267.943158874514,24.0,19.0,15.760443449020386,886,2026-02-20 14:07:52,2026-02-20 14:07:52
500.0,36,44,24.0,1,23205.119735002692,49185.65422594739,53.0,21.0,15.760443449020386,887,2026-02-20 14:07:52,2026-02-20 14:07:52
500.0,36,45,24.7747802734375,10,24065.673386564173,57925.848426490054,54.86453291171653,40.04781257225169,15.760443449020386,888,2026-02-20 14:07:52,2026-02-20 14:07:52
500.0,36,46,16.764476776123047,10,27187.617014008425,61215.889964171285,61.628744104512414,47.217915790414025,15.760443449020386,889,2026-02-20 14:07:52,2026-02-20 14:07:52
500.0,37,1,9.98991584777832,1,-1256.4187265357668,43220.532289973664,0.0,8.0,5.760443449020386,890,2026-02-20 14:12:16,2026-02-20 14:12:16
500.0,37,7,7.506643295288086,3,10061.026759201693,68457.58663447789,24.521131885764497,63.0,5.760443449020386,893,2026-02-20 14:12:16,2026-02-20 14:12:16
500.0,37,28,2.405864953994751,3,28274.289240109218,44478.24610293251,63.983200594397466,10.740979940386758,5.760443449020386,907,2026-02-20 14:12:16,2026-02-20 14:12:16
500.0,37,31,6.786907196044922,6,28544.00510597221,50658.96365460316,64.56758497043396,24.210835047146194,5.760443449020386,910,2026-02-20 14:12:16,2026-02-20 14:12:16
500.0,37,34,11.006684303283691,2,9358.965888848848,54118.394384664,23.0,31.750094088872682,10.760443449020386,912,2026-02-20 14:12:16,2026-02-20 14:12:16
500.0,37,35,12.849916458129883,2,9600.997913198955,56527.34276253044,23.52440271942523,37.0,10.760443449020386,913,2026-02-20 14:12:16,2026-02-20 14:12:16
500.0,37,37,10.884477615356445,1,18589.735119618083,43679.38782351011,43.0,9.0,10.760443449020386,914,2026-02-20 14:12:16,2026-02-20 14:12:16
500.0,37,40,15.268241882324219,6,23358.934403173786,51837.3370997427,53.333265114370704,26.778905733921427,10.760443449020386,917,2026-02-20 14:12:16,2026-02-20 14:12:16
500.0,37,48,16.10435676574707,1,9358.965888848848,61574.75363143128,23.0,48.0,15.760443449020386,922,2026-02-20 14:12:16,2026-02-20 14:12:16
500.0,37,50,20.53714942932129,6,27420.657404625705,63533.27233131301,62.133664950849855,52.26826867442843,15.760443449020386,924,2026-02-20 14:12:16,2026-02-20 14:12:16
500.0,38,7,7.143983364105225,7,10333.60646602111,70263.68599983834,25.1117212505399,66.93609585884406,5.760443449020386,928,2026-02-20 14:16:39,2026-02-20 14:16:39
500.0,38,21,6.032995700836182,11,28190.280318646073,47233.85029222193,63.801181264560654,16.74636505158227,5.760443449020386,938,2026-02-20 14:16:39,2026-02-20 14:16:39
500.0,38,24,12.559584617614746,6,-1116.6603836788797,44390.24463430522,0.3028097428565887,10.54919524521471,10.760443449020386,939,2026-02-20 14:16:39,2026-02-20 14:16:39
500.0,38,28,10.7722806930542,2,19051.273581156544,45509.9455293704,44.0,12.989398780378714,10.760443449020386,942,2026-02-20 14:16:39,2026-02-20 14:16:39
500.0,38,29,11.316526412963867,1,19512.812042695004,57903.909363139755,45.0,40.0,10.760443449020386,943,2026-02-20 14:16:39,2026-02-20 14:16:39
500.0,38,41,18.338794708251953,2,10282.042811925772,58965.870950702585,25.0,42.31437023190761,15.760443449020386,948,2026-02-20 14:16:39,2026-02-20 14:16:39
500.0,38,42,14.226785659790039,3,23561.539578005697,53708.40693271702,53.77224299317318,30.8565940175383,15.760443449020386,949,2026-02-20 14:16:39,2026-02-20 14:16:39
500.0,38,43,20.35991859436035,8,24612.13730537019,62835.05001254027,56.04853806912956,50.746608221973,15.760443449020386,950,2026-02-20 14:16:39,2026-02-20 14:16:39
500.0,38,45,15.978166580200195,1,26435.888965771926,57903.909363139755,60.0,40.0,15.760443449020386,952,2026-02-20 14:16:39,2026-02-20 14:16:39
500.0,38,48,16.258800506591797,1,27820.50435038731,56527.34276253044,63.0,37.0,15.760443449020386,955,2026-02-20 14:16:39,2026-02-20 14:16:39
500.0,39,2,7.3668317794799805,1,-333.34180345884374,39549.688021682145,2.0,0.0,5.760443449020386,956,2026-02-20 14:21:02,2026-02-20 14:21:02
500.0,39,6,6.874091625213623,1,7974.350504233464,79011.26390581601,20.0,86.0,5.760443449020386,958,2026-02-20 14:21:02,2026-02-20 14:21:02
500.0,39,10,9.0,1,15820.504350387311,40467.399088755024,37.0,2.0,5.760443449020386,962,2026-02-20 14:21:02,2026-02-20 14:21:02
500.0,39,12,6.9072113037109375,2,18838.581071112225,47350.232091801634,43.539166228237306,17.0,5.760443449020386,963,2026-02-20 14:21:02,2026-02-20 14:21:02
500.0,39,19,7.560842990875244,2,22503.608890882802,51021.07636009315,51.480059837740235,25.0,5.760443449020386,970,2026-02-20 14:21:02,2026-02-20 14:21:02
500.0,39,21,6.234095096588135,2,22743.58127346423,48177.293857076445,52.0,18.8024447888872,5.760443449020386,971,2026-02-20 14:21:02,2026-02-20 14:21:02
500.0,39,26,11.57688045501709,7,28103.69753095006,50524.96528109804,63.61358522455262,23.918807679681784,5.760443449020386,974,2026-02-20 14:21:02,2026-02-20 14:21:02
500.0,39,29,15.181863784790039,1,-1256.4187265357668,45514.80995765587,0.0,13.0,10.760443449020386,975,2026-02-20 14:21:02,2026-02-20 14:21:02
500.0,39,37,16.399181365966797,8,28106.660944704578,68406.68339312743,63.620005954354085,62.88906477610034,10.760443449020386,978,2026-02-20 14:21:02,2026-02-20 14:21:02
500.0,39,41,17.72467613220215,9,10353.335811554982,62158.70273178317,25.15446816586329,49.27262080910594,15.760443449020386,981,2026-02-20 14:21:02,2026-02-20 14:21:02
500.0,39,44,17.0,1,19051.273581156544,61115.89809789484,44.0,47.0,15.760443449020386,984,2026-02-20 14:21:02,2026-02-20 14:21:02
500.0,39,45,17.019668579101562,6,23159.884872356208,56282.56505592457,52.901991130932615,36.46654733632752,15.760443449020386,985,2026-02-20 14:21:02,2026-02-20 14:21:02
500.0,39,47,20.475963592529297,3,27358.96588884885,60342.26017895527,62.0,45.31398367809346,15.760443449020386,987,2026-02-20 14:21:02,2026-02-20 14:21:02
500.0,40,1,8.450252532958984,6,-761.4194104997936,47991.44056627373,1.072498518077942,18.39740817666566,5.760443449020386,988,2026-02-20 14:25:24,2026-02-20 14:25:24
500.0,40,3,8.319367408752441,1,2435.8889657719255,40926.25462229147,8.0,3.0,5.760443449020386,990,2026-02-20 14:25:24,2026-02-20 14:25:24
500.0,40,12,7.037282466888428,1,13974.350504233464,39549.688021682145,33.0,0.0,5.760443449020386,997,2026-02-20 14:25:24,2026-02-20 14:25:24
500.0,40,13,8.345229148864746,6,19060.643746508762,39828.45291583789,44.020302024929805,0.6075221366674493,5.760443449020386,998,2026-02-20 14:25:24,2026-02-20 14:25:24
500.0,40,14,9.380085945129395,5,19064.021728005504,45134.75594681455,44.027620984839416,12.171734929483776,5.760443449020386,999,2026-02-20 14:25:24,2026-02-20 14:25:24
500.0,40,16,6.88601016998291,5,18747.284293590634,63118.076765161204,43.3413565436072,51.3634183766629,5.760443449020386,1001,2026-02-20 14:25:24,2026-02-20 14:25:24
500.0,40,29,4.06304407119751,2,27002.74233253673,45410.107249097426,61.228182294657074,12.771817705342926,5.760443449020386,1009,2026-02-20 14:25:24,2026-02-20 14:25:24
500.0,40,33,14.163886070251465,31,9886.07209387329,64022.16309479159,24.14206344421962,53.33372550723733,10.760443449020386,1011,2026-02-20 14:25:24,2026-02-20 14:25:24
500.0,40,34,11.346098899841309,1,7974.350504233464,71210.71983569654,20.0,69.0,10.760443449020386,1012,2026-02-20 14:25:24,2026-02-20 14:25:24
500.0,40,49,12.534226417541504,7,27997.56734507047,70618.95999535806,63.383636488480185,67.71035697057475,10.760443449020386,1023,2026-02-20 14:25:24,2026-02-20 14:25:24
500.0,40,52,22.197826385498047,11,23223.5595085505,58860.208060789795,53.039952842686915,42.084095380259996,15.760443449020386,1025,2026-02-20 14:25:24,2026-02-20 14:25:24
500.0,40,55,15.38858413696289,3,28124.087401060726,61870.474436969474,63.65776327645907,48.64447475060188,15.760443449020386,1028,2026-02-20 14:25:24,2026-02-20 14:25:24
500.0,41,1,7.188790798187256,1,128.19665807961792,50103.36529302027,3.0,23.0,5.760443449020386,1029,2026-02-20 14:29:47,2026-02-20 14:29:47
500.0,41,8,10.666424751281738,1,12589.735119618079,39549.688021682145,30.0,0.0,5.760443449020386,1034,2026-02-20 14:29:47,2026-02-20 14:29:47
500.0,41,10,8.805367469787598,5,19077.374399858087,64890.62546889606,44.05655177385334,55.22639609880927,5.760443449020386,1035,2026-02-20 14:29:47,2026-02-20 14:29:47
500.0,41,26,3.358250856399536,2,26975.835855909336,45436.85731808907,61.169884928631056,12.830115071368947,5.760443449020386,1044,2026-02-20 14:29:47,2026-02-20 14:29:47
500.0,41,27,5.787379264831543,2,27353.87790184873,46886.318147787795,61.98897602816641,15.988976028166409,5.760443449020386,1045,2026-02-20 14:29:47,2026-02-20 14:29:47
500.0,41,38,9.666264533996582,2,8255.025236392632,72308.24326935982,20.60812858634486,71.39187141365514,10.760443449020386,1051,2026-02-20 14:29:47,2026-02-20 14:29:47
500.0,41,44,13.812972068786621,1,19051.273581156544,41385.110155827904,44.0,4.0,10.760443449020386,1056,2026-02-20 14:29:47,2026-02-20 14:29:47
500.0,41,45,11.782036781311035,1,19051.273581156544,42302.821222900784,44.0,6.0,10.760443449020386,1057,2026-02-20 14:29:47,2026-02-20 14:29:47
500.0,41,46,11.929187774658203,1,20897.427427310387,48726.79869241095,48.0,20.0,10.760443449020386,1058,2026-02-20 14:29:47,2026-02-20 14:29:47
500.0,41,49,12.511317253112793,3,24128.19665807962,70209.65133026043,55.0,66.81833620329088,10.760443449020386,1059,2026-02-20 14:29:47,2026-02-20 14:29:47
500.0,41,54,10.824126243591309,1,28743.58127346423,73046.14196984228,65.0,73.0,10.760443449020386,1062,2026-02-20 14:29:47,2026-02-20 14:29:47
500.0,41,56,19.38450050354004,2,4868.208524147822,39549.688021682145,13.270025709814442,0.0,15.760443449020386,1063,2026-02-20 14:29:47,2026-02-20 14:29:47
500.0,41,58,19.436416625976562,6,9841.08196784004,59979.501992062025,24.044584837814245,44.52341200491903,15.760443449020386,1065,2026-02-20 14:29:47,2026-02-20 14:29:47
500.0,41,59,22.84522819519043,8,23410.56218878744,60802.6075039998,53.44512531653362,46.317234791786255,15.760443449020386,1066,2026-02-20 14:29:47,2026-02-20 14:29:47
500.0,41,61,16.281801223754883,1,25512.812042695004,53315.35402777536,58.0,30.0,15.760443449020386,1068,2026-02-20 14:29:47,2026-02-20 14:29:47
500.0,41,62,17.04783821105957,2,28375.302984645503,63410.17576557704,64.20206370755942,52.0,15.760443449020386,1069,2026-02-20 14:29:47,2026-02-20 14:29:47
500.0,42,1,4.279211521148682,7,-366.3746283780812,52452.851527108636,1.9284288793416522,28.120317970191316,5.760443449020386,1070,2026-02-20 14:34:10,2026-02-20 14:34:10
500.0,42,23,7.815476894378662,2,23454.009711626964,73046.14196984228,53.53926161601925,73.0,5.760443449020386,1082,2026-02-20 14:34:10,2026-02-20 14:34:10
500.0,42,25,7.2270073890686035,2,24268.933598337197,71669.57536923297,55.30493003722474,70.0,5.760443449020386,1084,2026-02-20 14:34:10,2026-02-20 14:34:10
500.0,42,27,8.210686683654785,2,26435.888965771926,40947.51090273478,60.0,3.0463245594522754,5.760443449020386,1085,2026-02-20 14:34:10,2026-02-20 14:34:10
500.0,42,30,7.433539390563965,1,27820.50435038731,47809.08762533807,63.0,18.0,5.760443449020386,1087,2026-02-20 14:34:10,2026-02-20 14:34:10
500.0,42,31,7.486443996429443,1,27820.50435038731,76258.13070459737,63.0,80.0,5.760443449020386,1088,2026-02-20 14:34:10,2026-02-20 14:34:10
500.0,42,34,11.635008811950684,1,1974.350504233464,46432.52102472875,7.0,15.0,10.760443449020386,1090,2026-02-20 14:34:10,2026-02-20 14:34:10
500.0,42,35,16.48570442199707,2,6787.168282825519,43024.24680785077,17.427771853616118,7.572228146383884,10.760443449020386,1091,2026-02-20 14:34:10,2026-02-20 14:34:10
500.0,42,39,12.75667667388916,13,9452.070456714604,62583.45083179715,23.201726563709137,50.198289279834434,10.760443449020386,1095,2026-02-20 14:34:10,2026-02-20 14:34:10
500.0,42,44,10.814281463623047,3,9883.45431685224,72117.0553708113,24.136391594007346,70.97520890318039,10.760443449020386,1100,2026-02-20 14:34:10,2026-02-20 14:34:10
500.0,42,46,11.095534324645996,1,19974.350504233465,44138.24335704655,46.0,10.0,10.760443449020386,1102,2026-02-20 14:34:10,2026-02-20 14:34:10
500.0,42,47,11.935723304748535,4,20479.101765678417,51897.16372210785,47.09362773313073,26.90928799585921,10.760443449020386,1103,2026-02-20 14:34:10,2026-02-20 14:34:10
500.0,42,55,24.528400421142578,9,23404.28379906696,63093.21170308539,53.43152213880592,51.309229072495256,15.760443449020386,1107,2026-02-20 14:34:10,2026-02-20 14:34:10
500.0,42,56,15.984941482543945,2,28743.58127346423,66562.47805371307,65.0,58.869923227995,15.760443449020386,1108,2026-02-20 14:34:10,2026-02-20 14:34:10
500.0,43,1,5.811537742614746,1,-1256.4187265357668,44597.09889058299,0.0,11.0,5.760443449020386,1109,2026-02-20 14:38:24,2026-02-20 14:38:24
500.0,43,7,10.017226219177246,1,6128.196658079618,79470.11943935245,16.0,87.0,5.760443449020386,1112,2026-02-20 14:38:24,2026-02-20 14:38:24
500.0,43,15,6.5,1,19512.812042695004,39549.688021682145,45.0,0.0,5.760443449020386,1117,2026-02-20 14:38:24,2026-02-20 14:38:24
500.0,43,16,8.265101432800293,14,20260.270441502384,46195.338656159605,46.61949319741599,14.483100123602826,5.760443449020386,1118,2026-02-20 14:38:24,2026-02-20 14:38:24
500.0,43,28,9.027173042297363,10,26633.37367896051,42870.276008724184,60.42788354524193,7.236674169427514,5.760443449020386,1125,2026-02-20 14:38:24,2026-02-20 14:38:24
500.0,43,33,7.39872407913208,3,28148.390655359817,78603.71978501051,63.71042032744043,85.11182476614259,5.760443449020386,1128,2026-02-20 14:38:24,2026-02-20 14:38:24
500.0,43,34,5.878151893615723,3,28282.04281192577,51391.1403431552,64.0,25.806493451675166,5.760443449020386,1129,2026-02-20 14:38:24,2026-02-20 14:38:24
500.0,43,36,9.067631721496582,4,1324.0601282296207,49198.964141629775,5.591037518658339,21.029006767292966,10.760443449020386,1130,2026-02-20 14:38:24,2026-02-20 14:38:24
500.0,43,43,12.222489356994629,6,10169.902485305669,72323.03149520497,24.75702929232311,71.42409991427095,10.760443449020386,1136,2026-02-20 14:38:24,2026-02-20 14:38:24
500.0,43,46,9.479731559753418,2,16624.667852080613,53892.431737707986,38.74235425366882,31.25764574633118,10.760443449020386,1139,2026-02-20 14:38:24,2026-02-20 14:38:24
500.0,43,50,11.742424011230469,2,20897.427427310387,51389.309935896425,48.0,25.80250438076941,10.760443449020386,1143,2026-02-20 14:38:24,2026-02-20 14:38:24
500.0,43,52,10.964808464050293,2,22743.58127346423,55974.00617532052,52.0,35.79409411728066,10.760443449020386,1145,2026-02-20 14:38:24,2026-02-20 14:38:24
500.0,43,59,22.33590316772461,6,5451.870110175959,40064.60472732789,14.534625812875406,1.1221760837822539,15.760443449020386,1149,2026-02-20 14:38:24,2026-02-20 14:38:24
500.0,43,60,16.160860061645508,3,23441.33619473872,65213.61654595221,53.511802329428065,55.93030191109581,15.760443449020386,1150,2026-02-20 14:38:24,2026-02-20 14:38:24
500.0,43,61,16.744247436523438,2,28622.05876766891,66163.30896679568,64.73670123744347,58.0,15.760443449020386,1151,2026-02-20 14:38:24,2026-02-20 14:38:24
500.0,44,3,9.272897720336914,5,2066.4520389526024,51405.26444345083,7.1995533252248,25.837274600126772,5.760443449020386,1153,2026-02-20 14:42:37,2026-02-20 14:42:37
500.0,44,11,7.842196941375732,2,8910.373325915669,56068.487228993996,22.02804944697811,36.0,5.760443449020386,1157,2026-02-20 14:42:37,2026-02-20 14:42:37
500.0,44,14,8.545680046081543,17,16872.57751084483,56284.71569378092,39.279491847657965,36.471234297035565,5.760443449020386,1159,2026-02-20 14:42:37,2026-02-20 14:42:37
500.0,44,17,7.499999523162842,1,18589.735119618083,40467.399088755024,43.0,2.0,5.760443449020386,1162,2026-02-20 14:42:37,2026-02-20 14:42:37
500.0,44,27,9.081374168395996,10,27242.254621169766,44992.36079870097,61.74712558669532,11.861408175840573,5.760443449020386,1168,2026-02-20 14:42:37,2026-02-20 14:42:37
500.0,44,28,2.5697412490844727,3,28577.515752342664,68683.74980597221,64.64019137090327,63.49288535271931,5.760443449020386,1169,2026-02-20 14:42:37,2026-02-20 14:42:37
500.0,44,29,5.886220455169678,2,28743.58127346423,54671.61312996937,65.0,32.95574315458553,5.760443449020386,1170,2026-02-20 14:42:37,2026-02-20 14:42:37
500.0,44,30,7.417598247528076,1,28743.58127346423,80387.83050642534,65.0,89.0,5.760443449020386,1171,2026-02-20 14:42:37,2026-02-20 14:42:37
500.0,44,35,13.265235900878906,33,8779.70813180212,72315.7275929723,21.74494152639875,71.40818226329185,10.760443449020386,1174,2026-02-20 14:42:37,2026-02-20 14:42:37
500.0,44,37,11.760628700256348,3,8268.94363237605,39632.58564994618,20.638285110975602,0.18066171639064227,10.760443449020386,1176,2026-02-20 14:42:37,2026-02-20 14:42:37
500.0,44,39,11.973679542541504,1,9820.504350387311,48267.943158874514,24.0,19.0,10.760443449020386,1178,2026-02-20 14:42:37,2026-02-20 14:42:37
500.0,44,40,11.48182487487793,1,20897.427427310387,47350.232091801634,48.0,17.0,10.760443449020386,1179,2026-02-20 14:42:37,2026-02-20 14:42:37
500.0,44,51,16.227210998535156,1,-1256.4187265357668,45514.80995765587,0.0,13.0,15.760443449020386,1185,2026-02-20 14:42:37,2026-02-20 14:42:37
500.0,44,52,16.69575309753418,1,21820.50435038731,52856.49849423891,50.0,29.0,15.760443449020386,1186,2026-02-20 14:42:37,2026-02-20 14:42:37
500.0,44,54,11.22818374633789,3,23570.48733093957,67708.04293654869,53.79162979119657,61.36649306122039,15.760443449020386,1188,2026-02-20 14:42:37,2026-02-20 14:42:37
500.0,44,55,15.813334465026855,4,27603.45951705485,63671.92311692524,62.529736194446336,52.57043520720102,15.760443449020386,1189,2026-02-20 14:42:37,2026-02-20 14:42:37
500.0,45,1,5.961785793304443,1,-1256.4187265357668,49185.65422594739,0.0,21.0,5.760443449020386,1190,2026-02-20 14:47:00,2026-02-20 14:47:00
500.0,45,2,7.41818380355835,4,1917.7588455200157,53420.67899532728,6.877384739454195,30.229538405563463,5.760443449020386,1191,2026-02-20 14:47:00,2026-02-20 14:47:00
500.0,45,15,6.64088249206543,3,22631.627665089007,40955.45037418317,51.75743384852035,3.063627328773157,5.760443449020386,1197,2026-02-20 14:47:00,2026-02-20 14:47:00
500.0,45,25,11.405499458312988,1,5666.658196541156,43679.38782351011,15.0,9.0,10.760443449020386,1203,2026-02-20 14:47:00,2026-02-20 14:47:00
500.0,45,29,10.930959701538086,1,7051.273581156542,41843.96568936435,18.0,5.0,10.760443449020386,1207,2026-02-20 14:47:00,2026-02-20 14:47:00
500.0,45,31,11.9910888671875,25,8604.351809342115,73645.92200177454,21.36500282773541,74.30712171499749,10.760443449020386,1209,2026-02-20 14:47:00,2026-02-20 14:47:00
500.0,45,32,11.695446968078613,1,9358.965888848848,60198.187030821966,23.0,45.0,10.760443449020386,1210,2026-02-20 14:47:00,2026-02-20 14:47:00
500.0,45,35,11.778968811035156,1,17666.658196541153,58362.7648966762,41.0,41.0,10.760443449020386,1213,2026-02-20 14:47:00,2026-02-20 14:47:00
500.0,45,36,11.89342975616455,1,17666.658196541153,59280.47596374908,41.0,43.0,10.760443449020386,1214,2026-02-20 14:47:00,2026-02-20 14:47:00
500.0,45,38,8.914717674255371,2,22504.515780639238,51258.75216265728,51.482024765545845,25.517975234454155,10.760443449020386,1215,2026-02-20 14:47:00,2026-02-20 14:47:00
500.0,45,46,12.913397789001465,1,28743.58127346423,48267.943158874514,65.0,19.0,10.760443449020386,1221,2026-02-20 14:47:00,2026-02-20 14:47:00
500.0,45,48,17.224369049072266,1,22282.04281192577,65704.45343325924,51.0,57.0,15.760443449020386,1222,2026-02-20 14:47:00,2026-02-20 14:47:00
500.0,45,49,18.731416702270508,1,22743.58127346423,63410.17576557704,52.0,52.0,15.760443449020386,1223,2026-02-20 14:47:00,2026-02-20 14:47:00
500.0,45,50,9.603915214538574,2,28193.80288608708,63956.75828532166,63.80881349401617,53.19118650598383,15.760443449020386,1224,2026-02-20 14:47:00,2026-02-20 14:47:00
500.0,45,51,18.110183715820312,2,27905.99495115266,65245.59789972281,63.18522963499159,56.0,15.760443449020386,1225,2026-02-20 14:47:00,2026-02-20 14:47:00
500.0,46,12,9.832798957824707,1,10743.581273464233,70293.00876862365,26.0,67.0,5.760443449020386,1232,2026-02-20 14:51:12,2026-02-20 14:51:12
500.0,46,27,6.588824272155762,4,23509.97493061366,42512.808054316316,53.66051959049043,6.457631685940762,5.760443449020386,1240,2026-02-20 14:51:12,2026-02-20 14:51:12
500.0,46,40,12.40481948852539,37,8485.58218069415,75480.99222508975,21.10766863233148,78.30635478334946,10.760443449020386,1248,2026-02-20 14:51:12,2026-02-20 14:51:12
500.0,46,52,11.924396514892578,1,17205.119735002692,63410.17576557704,40.0,52.0,10.760443449020386,1256,2026-02-20 14:51:12,2026-02-20 14:51:12
500.0,46,53,11.555550575256348,1,17666.658196541153,60198.187030821966,41.0,45.0,10.760443449020386,1257,2026-02-20 14:51:12,2026-02-20 14:51:12
500.0,46,54,10.890509605407715,3,22074.85782793898,51661.72369481908,50.55109920136196,26.396185265084206,10.760443449020386,1258,2026-02-20 14:51:12,2026-02-20 14:51:12
500.0,46,60,11.482827186584473,9,23291.585330230362,73040.74607130243,53.187342122993286,72.98824052856406,10.760443449020386,1264,2026-02-20 14:51:12,2026-02-20 14:51:12
500.0,46,65,11.671968460083008,1,28743.58127346423,48267.943158874514,65.0,19.0,10.760443449020386,1267,2026-02-20 14:51:12,2026-02-20 14:51:12
500.0,46,68,23.5,1,-1256.4187265357668,45514.80995765587,0.0,13.0,15.760443449020386,1269,2026-02-20 14:51:12,2026-02-20 14:51:12
500.0,46,69,16.191450119018555,1,7974.350504233464,39549.688021682145,20.0,0.0,15.760443449020386,1270,2026-02-20 14:51:12,2026-02-20 14:51:12
500.0,46,70,16.185504913330078,1,8897.427427310387,43679.38782351011,22.0,9.0,15.760443449020386,1271,2026-02-20 14:51:12,2026-02-20 14:51:12
500.0,46,71,19.55059051513672,2,9820.504350387311,62629.752955941796,24.0,50.29919712720809,15.760443449020386,1272,2026-02-20 14:51:12,2026-02-20 14:51:12
500.0,46,73,15.860770225524902,1,23666.658196541153,61115.89809789484,54.0,47.0,15.760443449020386,1274,2026-02-20 14:51:12,2026-02-20 14:51:12
500.0,46,74,17.890228271484375,1,28282.04281192577,57445.05382960332,64.0,39.0,15.760443449020386,1275,2026-02-20 14:51:12,2026-02-20 14:51:12
500.0,47,17,7.247905731201172,5,24153.413452561635,42761.09602690339,55.054636388044365,6.998734395705417,5.760443449020386,1280,2026-02-20 14:55:35,2026-02-20 14:55:35
500.0,47,21,13.907525062561035,21,6427.927574917811,77775.38499268518,16.649416986482752,83.30660562463787,10.760443449020386,1281,2026-02-20 14:55:35,2026-02-20 14:55:35
500.0,47,31,11.981059074401855,1,20897.427427310387,48726.79869241095,48.0,20.0,10.760443449020386,1287,2026-02-20 14:55:35,2026-02-20 14:55:35
500.0,47,34,11.79026985168457,2,22282.04281192577,70616.1039032834,51.0,67.70413258868129,10.760443449020386,1290,2026-02-20 14:55:35,2026-02-20 14:55:35
500.0,47,35,11.513056755065918,2,23550.88394064778,54576.81936947624,53.74915577889769,32.74915577889769,10.760443449020386,1291,2026-02-20 14:55:35,2026-02-20 14:55:35
500.0,47,46,20.507877349853516,4,10282.042811925772,40063.74732430574,25.0,1.1203075152253004,15.760443449020386,1300,2026-02-20 14:55:35,2026-02-20 14:55:35
500.0,47,47,16.54183578491211,1,11205.119735002694,62951.3202320406,27.0,51.0,15.760443449020386,1301,2026-02-20 14:55:35,2026-02-20 14:55:35
500.0,47,48,16.651634216308594,1,17666.658196541153,62951.3202320406,41.0,51.0,15.760443449020386,1302,2026-02-20 14:55:35,2026-02-20 14:55:35
500.0,47,49,20.241130828857422,2,24589.735119618083,61183.470088390866,56.0,47.14726201507312,15.760443449020386,1303,2026-02-20 14:55:35,2026-02-20 14:55:35
500.0,48,9,8.079728126525879,1,10282.042811925772,74422.70857045162,25.0,76.0,5.760443449020386,1305,2026-02-20 14:59:58,2026-02-20 14:59:58
500.0,48,11,8.054037094116211,3,17843.128308076,65091.5216555433,41.3823519083255,55.664216222931806,5.760443449020386,1307,2026-02-20 14:59:58,2026-02-20 14:59:58
500.0,48,16,8.963210105895996,2,21358.96588884885,71697.90025865471,49.0,70.06172942756827,5.760443449020386,1310,2026-02-20 14:59:58,2026-02-20 14:59:58
500.0,48,20,6.510262966156006,6,23336.248246512005,77929.75442374195,53.28411177493685,83.64302835417767,5.760443449020386,1312,2026-02-20 14:59:58,2026-02-20 14:59:58
500.0,48,35,10.581181526184082,9,6703.315421145219,78897.87465585879,17.2460906533088,85.75288682020826,10.760443449020386,1323,2026-02-20 14:59:58,2026-02-20 14:59:58
500.0,48,42,12.198575019836426,4,9480.57087188626,67907.5571175772,23.263477463247725,61.80130133189946,10.760443449020386,1329,2026-02-20 14:59:58,2026-02-20 14:59:58
500.0,48,50,15.490189552307129,3,21108.22021743896,52856.49849423891,48.45671771194524,29.0,10.760443449020386,1336,2026-02-20 14:59:58,2026-02-20 14:59:58
500.0,48,56,11.87615966796875,1,24128.19665807962,46891.37655826519,55.0,16.0,10.760443449020386,1341,2026-02-20 14:59:58,2026-02-20 14:59:58
500.0,48,60,19.719738006591797,1,5666.658196541156,40467.399088755024,15.0,2.0,15.760443449020386,1344,2026-02-20 14:59:58,2026-02-20 14:59:58
500.0,48,63,16.020647048950195,5,11044.094713477562,42737.33535067761,26.651112453362213,6.946951918456739,15.760443449020386,1347,2026-02-20 14:59:58,2026-02-20 14:59:58
500.0,48,65,16.709232330322266,7,26038.522243217278,61568.24312202356,59.13903876779826,47.98581141790413,15.760443449020386,1349,2026-02-20 14:59:58,2026-02-20 14:59:58
500.0,49,6,6.563607215881348,7,8194.072990840446,70429.43328738214,20.47606538764846,67.29731475113104,5.760443449020386,1352,2026-02-20 15:04:11,2026-02-20 15:04:11
500.0,49,15,7.789204120635986,2,21358.96588884885,73251.22074840951,49.0,73.4469353937756,5.760443449020386,1357,2026-02-20 15:04:11,2026-02-20 15:04:11
500.0,49,17,6.5,1,21820.50435038731,81305.54157349822,50.0,91.0,5.760443449020386,1359,2026-02-20 15:04:11,2026-02-20 15:04:11
500.0,49,25,5.828940391540527,1,23666.658196541153,79928.9749728889,54.0,88.0,5.760443449020386,1365,2026-02-20 15:04:11,2026-02-20 15:04:11
500.0,49,27,6.951348781585693,1,26435.888965771926,41843.96568936435,60.0,5.0,5.760443449020386,1366,2026-02-20 15:04:11,2026-02-20 15:04:11
500.0,49,38,12.857516288757324,1,22743.58127346423,49644.50975948383,52.0,22.0,10.760443449020386,1373,2026-02-20 15:04:11,2026-02-20 15:04:11
500.0,49,47,16.448753356933594,1,6589.73511961808,81305.54157349822,17.0,91.0,15.760443449020386,1379,2026-02-20 15:04:11,2026-02-20 15:04:11
500.0,49,49,18.8948974609375,16,11567.070729298737,44915.193273817786,27.78422715430809,11.693234275248285,15.760443449020386,1381,2026-02-20 15:04:11,2026-02-20 15:04:11
500.0,49,50,17.821990966796875,2,23425.119574259923,58581.4858745202,53.47666631839067,41.47666631839067,15.760443449020386,1382,2026-02-20 15:04:11,2026-02-20 15:04:11
500.0,49,51,17.82211685180664,2,27104.775809691248,61574.75363143128,61.44925482849187,48.0,15.760443449020386,1383,2026-02-20 15:04:11,2026-02-20 15:04:11
500.0,50,17,7.010135173797607,4,20544.785413723686,66020.11869263012,47.23594230389548,57.68794040019092,5.760443449020386,1393,2026-02-20 15:08:24,2026-02-20 15:08:24
500.0,50,29,7.624777793884277,4,24361.23729962598,67853.77320652168,55.50492139001711,61.68408816321215,5.760443449020386,1402,2026-02-20 15:08:24,2026-02-20 15:08:24
500.0,50,31,6.0,1,26897.427427310387,45973.66549119231,61.0,14.0,5.760443449020386,1404,2026-02-20 15:08:24,2026-02-20 15:08:24
500.0,50,37,11.267738342285156,2,6128.196658079618,83194.56731939666,16.0,95.11682023607642,10.760443449020386,1408,2026-02-20 15:08:24,2026-02-20 15:08:24
500.0,50,43,11.183415412902832,1,10743.581273464233,70293.00876862365,26.0,67.0,10.760443449020386,1411,2026-02-20 15:08:24,2026-02-20 15:08:24
500.0,50,44,12.075630187988281,1,19974.350504233465,52397.64296070248,46.0,28.0,10.760443449020386,1412,2026-02-20 15:08:24,2026-02-20 15:08:24
500.0,50,46,12.152434349060059,1,21358.96588884885,51479.93189362959,49.0,26.0,10.760443449020386,1414,2026-02-20 15:08:24,2026-02-20 15:08:24
500.0,50,53,16.17456817626953,2,7512.812042695003,53697.37677774225,19.0,30.832555612923755,15.760443449020386,1418,2026-02-20 15:08:24,2026-02-20 15:08:24
500.0,50,55,18.627614974975586,8,12316.655982109882,46706.92171352074,29.408328535398905,15.598011070449902,15.760443449020386,1420,2026-02-20 15:08:24,2026-02-20 15:08:24
500.0,50,56,21.180683135986328,9,23833.288746802362,58446.89022793756,54.36103285889928,41.183337292705176,15.760443449020386,1421,2026-02-20 15:08:24,2026-02-20 15:08:24
500.0,51,5,7.5620293617248535,2,7182.404843849774,84976.38584178974,18.284117735835338,99.0,5.760443449020386,1424,2026-02-20 15:12:46,2026-02-20 15:12:46
500.0,51,9,6.744141101837158,5,9463.239716908489,73704.64412167874,23.225926627462552,74.43509689588203,5.760443449020386,1427,2026-02-20 15:12:46,2026-02-20 15:12:46
500.0,51,13,6.44643497467041,4,21551.39526728275,51907.80306200397,49.41693031994012,26.932474683429746,5.760443449020386,1429,2026-02-20 15:12:46,2026-02-20 15:12:46
500.0,51,17,8.190369606018066,1,22743.58127346423,73046.14196984228,52.0,73.0,5.760443449020386,1431,2026-02-20 15:12:46,2026-02-20 15:12:46
500.0,51,18,6.2600998878479,1,24128.19665807962,70293.00876862365,55.0,67.0,5.760443449020386,1432,2026-02-20 15:12:46,2026-02-20 15:12:46
500.0,51,22,6.939624309539795,1,28743.58127346423,45514.80995765587,65.0,13.0,5.760443449020386,1434,2026-02-20 15:12:46,2026-02-20 15:12:46
500.0,51,23,8.60359001159668,1,28743.58127346423,48267.943158874514,65.0,19.0,5.760443449020386,1435,2026-02-20 15:12:46,2026-02-20 15:12:46
500.0,51,24,7.051759719848633,1,28743.58127346423,51479.93189362959,65.0,26.0,5.760443449020386,1436,2026-02-20 15:12:46,2026-02-20 15:12:46
500.0,51,33,11.007322311401367,3,11092.900682239106,62452.43567259593,26.756858719012225,49.91276333620796,10.760443449020386,1441,2026-02-20 15:12:46,2026-02-20 15:12:46
500.0,51,43,18.5,1,-1256.4187265357668,45514.80995765587,0.0,13.0,15.760443449020386,1447,2026-02-20 15:12:46,2026-02-20 15:12:46
500.0,51,44,19.398250579833984,3,5508.393003704857,39762.21178285253,14.657092082188019,0.4631605061672531,15.760443449020386,1448,2026-02-20 15:12:46,2026-02-20 15:12:46
500.0,51,48,18.513816833496094,10,13274.671868037942,48942.5265793909,31.48402962157637,20.470143370217876,15.760443449020386,1452,2026-02-20 15:12:46,2026-02-20 15:12:46
500.0,51,49,16.73869514465332,4,24193.86684855978,60597.65289704199,55.14228541270701,45.87057000956556,15.760443449020386,1453,2026-02-20 15:12:46,2026-02-20 15:12:46
500.0,52,6,9.855847358703613,13,9140.394579634352,76513.37176794697,22.526428830035258,80.5562558249705,5.760443449020386,1457,2026-02-20 15:17:08,2026-02-20 15:17:08
500.0,52,8,5.8060784339904785,4,10437.932494100203,64373.439530619915,25.3377609780446,54.09927459655748,5.760443449020386,1458,2026-02-20 15:17:08,2026-02-20 15:17:08
500.0,52,10,6.4071173667907715,2,13974.350504233464,39840.102612588555,33.0,0.6329107304605442,5.760443449020386,1460,2026-02-20 15:17:08,2026-02-20 15:17:08
500.0,52,15,8.752516746520996,1,24128.19665807962,72128.43090276941,55.0,71.0,5.760443449020386,1463,2026-02-20 15:17:08,2026-02-20 15:17:08
500.0,52,17,5.961392879486084,1,24589.735119618083,73046.14196984228,56.0,73.0,5.760443449020386,1465,2026-02-20 15:17:08,2026-02-20 15:17:08
500.0,52,21,10.193361282348633,1,28743.58127346423,48267.943158874514,65.0,19.0,5.760443449020386,1468,2026-02-20 15:17:08,2026-02-20 15:17:08
500.0,52,24,7.9258246421813965,3,7496.344678503695,57747.802843089725,18.964320710918834,39.65979157133204,10.760443449020386,1470,2026-02-20 15:17:08,2026-02-20 15:17:08
500.0,52,25,12.500000953674316,2,7282.088533877291,87729.51904300839,18.50009906422829,105.0,10.760443449020386,1471,2026-02-20 15:17:08,2026-02-20 15:17:08
500.0,52,34,11.640890121459961,3,28619.681346539135,63649.03666185196,64.73155015832896,52.520557950852194,10.760443449020386,1477,2026-02-20 15:17:08,2026-02-20 15:17:08
500.0,52,36,17.687063217163086,8,13782.476831858115,51299.65870526141,32.58427370985341,25.607124301239665,15.760443449020386,1478,2026-02-20 15:17:08,2026-02-20 15:17:08
500.0,52,38,23.612869262695312,2,23863.215019801813,57903.909363139755,54.425873117064754,40.0,15.760443449020386,1480,2026-02-20 15:17:08,2026-02-20 15:17:08
500.0,53,5,8.475059509277344,7,8667.012449748996,78339.14515610145,21.500767548616984,84.53522797353128,5.760443449020386,1482,2026-02-20 15:21:30,2026-02-20 15:21:30
500.0,53,8,6.530272960662842,6,11062.320015615818,67954.39918575517,26.6906006079951,61.903385898292186,5.760443449020386,1483,2026-02-20 15:21:30,2026-02-20 15:21:30
500.0,53,25,11.827844619750977,4,8522.387729537117,59054.31885569616,21.187413988157914,42.507127861551744,10.760443449020386,1496,2026-02-20 15:21:30,2026-02-20 15:21:30
500.0,53,30,13.489434242248535,4,15181.365460327412,39805.569802854516,35.615199071536885,0.5576521638526748,10.760443449020386,1500,2026-02-20 15:21:30,2026-02-20 15:21:30
500.0,53,35,17.585737228393555,2,14435.888965771926,54403.448406173855,34.0,32.371322341941614,15.760443449020386,1503,2026-02-20 15:21:30,2026-02-20 15:21:30
500.0,53,36,22.673377990722656,1,24128.19665807962,63869.031299113485,55.0,53.0,15.760443449020386,1504,2026-02-20 15:21:30,2026-02-20 15:21:30
500.0,53,37,15.950080871582031,1,25051.273581156544,64327.88683264992,57.0,54.0,15.760443449020386,1505,2026-02-20 15:21:30,2026-02-20 15:21:30
500.0,54,2,5.932294845581055,1,7512.812042695003,81305.54157349822,19.0,91.0,5.760443449020386,1507,2026-02-20 15:25:53,2026-02-20 15:25:53
500.0,54,4,8.499090194702148,5,10783.641759330429,70633.24036879347,26.086797719376758,67.74147869057528,5.760443449020386,1508,2026-02-20 15:25:53,2026-02-20 15:25:53
500.0,54,8,8.6722993850708,5,20326.742317223277,67233.57817541769,46.76351559481126,60.332475322621356,5.760443449020386,1510,2026-02-20 15:25:53,2026-02-20 15:25:53
500.0,54,11,10.5,2,27472.213433832614,54691.92062838467,62.24536968079816,33.0,5.760443449020386,1512,2026-02-20 15:25:53,2026-02-20 15:25:53
500.0,54,21,10.559349060058594,4,16128.898346987477,41596.6674090646,37.66818699263369,4.461054161439884,10.760443449020386,1518,2026-02-20 15:25:53,2026-02-20 15:25:53
500.0,54,22,8.091767311096191,3,25346.411153906345,61084.8136676704,57.639464740957905,46.932256608120504,10.760443449020386,1519,2026-02-20 15:25:53,2026-02-20 15:25:53
500.0,54,23,13.018179893493652,3,25674.876622256073,59465.751392601705,58.351139922382316,43.40377725735308,10.760443449020386,1520,2026-02-20 15:25:53,2026-02-20 15:25:53
500.0,54,24,8.806596755981445,3,28226.987285203937,63193.504957828234,63.88071302543603,51.527801689392504,10.760443449020386,1521,2026-02-20 15:25:53,2026-02-20 15:25:53
500.0,54,26,21.37384796142578,9,12119.850389931878,57164.999451643795,28.98191641901323,38.38966764593395,15.760443449020386,1522,2026-02-20 15:25:53,2026-02-20 15:25:53
500.0,55,7,4.0,10,19962.973193124,68781.6444830203,45.97534915926282,63.70623066489983,5.760443449020386,1526,2026-02-20 15:30:06,2026-02-20 15:30:06
500.0,55,15,12.289787292480469,1,7051.273581156542,42302.821222900784,18.0,6.0,10.760443449020386,1529,2026-02-20 15:30:06,2026-02-20 15:30:06
500.0,55,16,13.47783374786377,4,9194.908450805558,63123.696807219494,22.64454221757287,51.37566633195065,10.760443449020386,1530,2026-02-20 15:30:06,2026-02-20 15:30:06
500.0,55,20,10.87142276763916,1,11205.119735002694,73046.14196984228,27.0,73.0,10.760443449020386,1532,2026-02-20 15:30:06,2026-02-20 15:30:06
500.0,55,24,12.945962905883789,3,16760.68739406188,43964.893911256055,39.037063261294904,9.622213456914253,10.760443449020386,1536,2026-02-20 15:30:06,2026-02-20 15:30:06
500.0,55,34,17.29472541809082,4,13737.96310943293,57275.37402171267,32.48782731126551,38.630210827833075,15.760443449020386,1544,2026-02-20 15:30:06,2026-02-20 15:30:06
500.0,55,35,16.819965362548828,2,26819.694615352764,63410.17576557704,60.83157890742515,52.0,15.760443449020386,1545,2026-02-20 15:30:06,2026-02-20 15:30:06
500.0,56,2,9.352242469787598,3,2541.721386748698,53508.370485236475,8.229303578783007,30.42064755321467,5.760443449020386,1547,2026-02-20 15:34:19,2026-02-20 15:34:19
500.0,56,11,10.431599617004395,1,20435.888965771926,71210.71983569654,47.0,69.0,5.760443449020386,1552,2026-02-20 15:34:19,2026-02-20 15:34:19
500.0,56,16,11.37079906463623,1,2897.4274273103874,44138.24335704655,9.0,10.0,10.760443449020386,1554,2026-02-20 15:34:19,2026-02-20 15:34:19
500.0,56,18,11.2949857711792,26,12995.833894652567,62391.91969948527,30.87988067924139,49.7808787479493,10.760443449020386,1555,2026-02-20 15:34:19,2026-02-20 15:34:19
500.0,56,22,9.80774211883545,5,17176.755397131325,45671.2195367593,39.938543934612035,13.34086889592018,10.760443449020386,1559,2026-02-20 15:34:19,2026-02-20 15:34:19
500.0,56,24,11.992955207824707,2,27329.216631430165,60686.61888902626,61.93554327559285,46.06445672440715,10.760443449020386,1561,2026-02-20 15:34:19,2026-02-20 15:34:19
500.0,56,26,17.681406021118164,1,6589.73511961808,62951.3202320406,17.0,51.0,15.760443449020386,1562,2026-02-20 15:34:19,2026-02-20 15:34:19
500.0,57,8,10.522130966186523,12,17720.771791459087,47600.93460487552,41.117246122322186,17.546364802755452,5.760443449020386,1568,2026-02-20 15:38:42,2026-02-20 15:38:42
500.0,57,9,7.136718273162842,1,25974.350504233465,73046.14196984228,59.0,73.0,5.760443449020386,1569,2026-02-20 15:38:42,2026-02-20 15:38:42
500.0,57,16,14.347679138183594,21,13174.389085625191,63221.112565715266,31.266750259682073,51.58796792008882,10.760443449020386,1573,2026-02-20 15:38:42,2026-02-20 15:38:42
500.0,57,21,14.485675811767578,2,27358.96588884885,60349.483780792296,62.0,45.32972632759656,10.760443449020386,1578,2026-02-20 15:38:42,2026-02-20 15:38:42
500.0,57,22,13.724417686462402,2,27463.95268097403,62492.46469850416,62.2274713829379,50.0,10.760443449020386,1579,2026-02-20 15:38:42,2026-02-20 15:38:42
500.0,57,25,17.30389404296875,1,-1256.4187265357668,45514.80995765587,0.0,13.0,15.760443449020386,1581,2026-02-20 15:38:42,2026-02-20 15:38:42
500.0,58,1,6.6052141189575195,2,1382.611327903031,49515.06590283632,5.717898451284062,21.71789845128406,5.760443449020386,1582,2026-02-20 15:43:04,2026-02-20 15:43:04
500.0,58,13,9.59010124206543,1,26435.888965771926,74881.56410398806,60.0,77.0,5.760443449020386,1591,2026-02-20 15:43:04,2026-02-20 15:43:04
500.0,58,14,6.0,1,26435.888965771926,76716.98623813382,60.0,81.0,5.760443449020386,1592,2026-02-20 15:43:04,2026-02-20 15:43:04
500.0,58,19,14.806341171264648,7,13600.526863000943,63244.61656085897,32.19004877732954,51.63919100322908,10.760443449020386,1594,2026-02-20 15:43:04,2026-02-20 15:43:04
500.0,58,23,15.628854751586914,1,17666.658196541153,54233.065094848236,41.0,32.0,10.760443449020386,1598,2026-02-20 15:43:04,2026-02-20 15:43:04
500.0,58,24,10.993924140930176,9,27895.665502427386,61751.73940121722,63.162849162753496,48.38571131184121,10.760443449020386,1599,2026-02-20 15:43:04,2026-02-20 15:43:04
500.0,58,27,21.163524627685547,2,9209.137854260069,43679.38782351011,22.67537259172431,9.0,15.760443449020386,1601,2026-02-20 15:43:04,2026-02-20 15:43:04
500.0,59,13,8.539027214050293,1,11666.658196541157,55609.63169545756,28.0,35.0,5.760443449020386,1610,2026-02-20 15:47:27,2026-02-20 15:47:27
500.0,59,20,7.607446193695068,2,16743.58127346423,54004.80765552131,39.0,31.50255053574766,5.760443449020386,1616,2026-02-20 15:47:27,2026-02-20 15:47:27
500.0,59,21,6.314148426055908,2,18018.548588124486,52397.64296070248,41.76242918176388,28.0,5.760443449020386,1617,2026-02-20 15:47:27,2026-02-20 15:47:27
500.0,59,23,6.304978847503662,1,28743.58127346423,58362.7648966762,65.0,41.0,5.760443449020386,1618,2026-02-20 15:47:27,2026-02-20 15:47:27
500.0,59,28,11.720501899719238,1,3358.9658888488484,62033.609164967726,10.0,49.0,10.760443449020386,1620,2026-02-20 15:47:27,2026-02-20 15:47:27
500.0,59,30,11.735010147094727,7,13762.091038776265,66818.72864137946,32.5401044915094,59.42837914480926,10.760443449020386,1622,2026-02-20 15:47:27,2026-02-20 15:47:27
500.0,59,33,11.794234275817871,2,28282.04281192577,64243.724486875275,64.0,53.81658204026439,10.760443449020386,1625,2026-02-20 15:47:27,2026-02-20 15:47:27
500.0,59,35,24.5,2,2435.8889657719255,43450.00515668829,8.0,8.500098287899142,15.760443449020386,1626,2026-02-20 15:47:27,2026-02-20 15:47:27
500.0,60,5,4.491829872131348,3,2849.7501212324114,61335.67883363542,8.896699170164386,47.478975886041326,5.760443449020386,1630,2026-02-20 15:51:50,2026-02-20 15:51:50
500.0,60,11,6.360311508178711,1,4743.581273464233,54691.92062838467,13.0,33.0,5.760443449020386,1634,2026-02-20 15:51:50,2026-02-20 15:51:50
500.0,60,20,6.85132360458374,1,10282.042811925772,71669.57536923297,25.0,70.0,5.760443449020386,1640,2026-02-20 15:51:50,2026-02-20 15:51:50
500.0,60,24,6.001145839691162,1,15358.96588884885,62951.3202320406,36.0,51.0,5.760443449020386,1643,2026-02-20 15:51:50,2026-02-20 15:51:50
500.0,60,26,4.622546195983887,2,15589.133018814951,73276.16833739524,36.49869544825989,73.50130455174012,5.760443449020386,1645,2026-02-20 15:51:50,2026-02-20 15:51:50
500.0,60,27,9.519742012023926,2,17205.119735002692,54701.50832876962,40.0,33.020894812602684,5.760443449020386,1646,2026-02-20 15:51:50,2026-02-20 15:51:50
500.0,60,39,11.0,1,10282.042811925772,39549.688021682145,25.0,0.0,10.760443449020386,1652,2026-02-20 15:51:50,2026-02-20 15:51:50
500.0,60,40,11.149786949157715,1,13974.350504233464,67998.73110094146,33.0,62.0,10.760443449020386,1653,2026-02-20 15:51:50,2026-02-20 15:51:50
500.0,60,41,11.989229202270508,1,28282.04281192577,64327.88683264992,64.0,54.0,10.760443449020386,1654,2026-02-20 15:51:50,2026-02-20 15:51:50
500.0,60,43,17.580032348632812,2,2348.1445350887125,43220.532289973664,7.8098870668530385,8.0,15.760443449020386,1655,2026-02-20 15:51:50,2026-02-20 15:51:50
500.0,60,44,22.56747055053711,3,3995.323350540735,48751.706660067255,11.37877450033242,20.05428280980799,15.760443449020386,1656,2026-02-20 15:51:50,2026-02-20 15:51:50
500.0,60,46,16.995018005371094,3,10185.694288237215,46063.85180138276,24.791244865341458,14.196546197221123,15.760443449020386,1658,2026-02-20 15:51:50,2026-02-20 15:51:50
500.0,61,1,7.323269844055176,1,-1256.4187265357668,40467.399088755024,0.0,2.0,5.760443449020386,1659,2026-02-20 15:56:13,2026-02-20 15:56:13
500.0,61,2,7.691233158111572,1,-1256.4187265357668,58362.7648966762,0.0,41.0,5.760443449020386,1660,2026-02-20 15:56:13,2026-02-20 15:56:13
500.0,61,4,6.204817771911621,2,3281.3602659186868,44138.24335704655,9.831854483651316,10.0,5.760443449020386,1662,2026-02-20 15:56:13,2026-02-20 15:56:13
500.0,61,5,6.607501983642578,2,3192.0062299350116,45973.66549119231,9.638254072353353,14.0,5.760443449020386,1663,2026-02-20 15:56:13,2026-02-20 15:56:13
500.0,61,6,9.651494026184082,2,3009.0777930640293,64786.742366186365,9.241909125799557,55.0,5.760443449020386,1664,2026-02-20 15:56:13,2026-02-20 15:56:13
500.0,61,9,6.492523670196533,2,5883.040278128746,49185.65422594739,15.468827843439778,21.0,5.760443449020386,1667,2026-02-20 15:56:13,2026-02-20 15:56:13
500.0,61,11,7.594671726226807,2,6589.73511961808,48084.86224402894,17.0,18.601005324193103,5.760443449020386,1669,2026-02-20 15:56:13,2026-02-20 15:56:13
500.0,61,12,6.5,1,10282.042811925772,53774.2095613118,25.0,31.0,5.760443449020386,1670,2026-02-20 15:56:13,2026-02-20 15:56:13
500.0,61,16,8.427445411682129,42,14574.426620426253,69900.591757083,34.30016491841771,66.1447918073119,5.760443449020386,1674,2026-02-20 15:56:13,2026-02-20 15:56:13
500.0,61,19,5.940627098083496,7,18358.84680542371,58712.422262680666,42.49974198591219,41.76202059351802,5.760443449020386,1677,2026-02-20 15:56:13,2026-02-20 15:56:13
500.0,61,27,6.6701178550720215,2,28570.384283042677,62951.3202320406,64.62473985408663,51.0,5.760443449020386,1685,2026-02-20 15:56:13,2026-02-20 15:56:13
500.0,61,28,6.463473796844482,5,28743.58127346423,57693.21504213492,65.0,39.54082645711823,5.760443449020386,1686,2026-02-20 15:56:13,2026-02-20 15:56:13
500.0,62,1,9.2896089553833,6,1682.8459658338459,41187.93074281029,6.3684068334674935,3.570279971349733,5.760443449020386,1687,2026-02-20 16:04:50,2026-02-20 16:04:50
500.0,62,2,6.0400071144104,1,1974.350504233464,58821.62043021264,7.0,42.0,5.760443449020386,1688,2026-02-20 16:04:50,2026-02-20 16:04:50
500.0,62,4,7.0,1,3358.9658888488484,62492.46469850416,10.0,50.0,5.760443449020386,1690,2026-02-20 16:04:50,2026-02-20 16:04:50
500.0,62,5,6.5,1,3358.9658888488484,67081.02003386857,10.0,60.0,5.760443449020386,1691,2026-02-20 16:04:50,2026-02-20 16:04:50
500.0,62,6,6.06103515625,1,3820.5043503873103,51021.07636009315,11.0,25.0,5.760443449020386,1692,2026-02-20 16:04:50,2026-02-20 16:04:50
500.0,62,7,6.5,1,5205.119735002695,57903.909363139755,14.0,40.0,5.760443449020386,1693,2026-02-20 16:04:50,2026-02-20 16:04:50
500.0,62,8,7.053842544555664,2,7255.566163318863,45717.914984858064,18.442633928018363,13.442633928018362,5.760443449020386,1694,2026-02-20 16:04:50,2026-02-20 16:04:50
500.0,62,10,5.9055681228637695,1,8435.888965771926,56527.34276253044,21.0,37.0,5.760443449020386,1696,2026-02-20 16:04:50,2026-02-20 16:04:50
500.0,62,11,6.59482479095459,1,9358.965888848848,53774.2095613118,23.0,31.0,5.760443449020386,1697,2026-02-20 16:04:50,2026-02-20 16:04:50
500.0,62,12,9.096428871154785,2,9820.504350387311,63192.67156883317,24.0,51.52598545544924,5.760443449020386,1698,2026-02-20 16:04:50,2026-02-20 16:04:50
500.0,62,13,6.436919212341309,1,11205.119735002694,51938.78742716603,27.0,27.0,5.760443449020386,1699,2026-02-20 16:04:50,2026-02-20 16:04:50
500.0,62,14,6.192972660064697,1,12128.196658079618,50562.22082655672,29.0,24.0,5.760443449020386,1700,2026-02-20 16:04:50,2026-02-20 16:04:50
500.0,62,17,5.824014663696289,1,13974.350504233464,79011.26390581601,33.0,86.0,5.760443449020386,1703,2026-02-20 16:04:50,2026-02-20 16:04:50
500.0,62,18,8.601741790771484,14,15607.581064387836,72136.49703170371,36.5386662136678,71.01757879843386,5.760443449020386,1704,2026-02-20 16:04:50,2026-02-20 16:04:50
500.0,62,20,6.217539310455322,2,15820.504350387311,56384.798172150666,37.0,36.68934756157092,5.760443449020386,1706,2026-02-20 16:04:50,2026-02-20 16:04:50
500.0,62,23,9.150525093078613,13,20028.01413541886,74679.123288624,46.116271200901686,76.55881361219765,5.760443449020386,1709,2026-02-20 16:04:50,2026-02-20 16:04:50
500.0,62,28,12.903702735900879,1,28743.58127346423,59739.33149728552,65.0,44.0,10.760443449020386,1712,2026-02-20 16:04:50,2026-02-20 16:04:50
500.0,63,8,7.875045299530029,1,2897.4274273103874,62492.46469850416,9.0,50.0,5.760443449020386,1719,2026-02-20 16:13:26,2026-02-20 16:13:26
500.0,63,11,6.6397905349731445,1,5205.119735002695,61115.89809789484,14.0,47.0,5.760443449020386,1722,2026-02-20 16:13:26,2026-02-20 16:13:26
500.0,63,21,6.608166694641113,1,9358.965888848848,63410.17576557704,23.0,52.0,5.760443449020386,1727,2026-02-20 16:13:26,2026-02-20 16:13:26
500.0,63,26,7.121875286102295,1,13051.273581156542,40008.54355521859,31.0,1.0,5.760443449020386,1731,2026-02-20 16:13:26,2026-02-20 16:13:26
500.0,63,30,6.796905040740967,3,16282.042811925772,74707.1870997297,38.0,76.6199740626109,5.760443449020386,1733,2026-02-20 16:13:26,2026-02-20 16:13:26
500.0,63,35,7.408891201019287,1,19051.273581156544,40008.54355521859,44.0,1.0,5.760443449020386,1738,2026-02-20 16:13:26,2026-02-20 16:13:26
500.0,63,40,6.49350118637085,1,21820.50435038731,66622.16450033212,50.0,59.0,5.760443449020386,1743,2026-02-20 16:13:26,2026-02-20 16:13:26
500.0,63,41,7.607194423675537,1,28282.04281192577,62951.3202320406,64.0,51.0,5.760443449020386,1744,2026-02-20 16:13:26,2026-02-20 16:13:26
500.0,63,48,11.46464729309082,1,9358.965888848848,53774.2095613118,23.0,31.0,10.760443449020386,1748,2026-02-20 16:13:26,2026-02-20 16:13:26
500.0,63,49,10.815113067626953,1,11666.658196541157,53774.2095613118,28.0,31.0,10.760443449020386,1749,2026-02-20 16:13:26,2026-02-20 16:13:26
500.0,63,50,11.037368774414062,1,13051.273581156542,52856.49849423891,31.0,29.0,10.760443449020386,1750,2026-02-20 16:13:26,2026-02-20 16:13:26
500.0,63,51,11.409347534179688,1,16282.042811925772,62033.609164967726,38.0,49.0,10.760443449020386,1751,2026-02-20 16:13:26,2026-02-20 16:13:26
500.0,63,53,24.645139694213867,3,7051.273581156542,39951.839227794415,18.0,0.8764222652233278,15.760443449020386,1752,2026-02-20 16:13:26,2026-02-20 16:13:26
500.0,63,54,19.0,3,8258.324963670335,48375.51435182191,20.61527799544655,19.234433683556865,15.760443449020386,1753,2026-02-20 16:13:26,2026-02-20 16:13:26
500.0,64,3,6.758311748504639,4,3110.3578301762936,52824.34074727726,9.461349206209464,28.92991749121165,5.760443449020386,1755,2026-02-20 16:22:12,2026-02-20 16:22:12
500.0,64,4,6.883123874664307,1,2897.4274273103874,61115.89809789484,9.0,47.0,5.760443449020386,1756,2026-02-20 16:22:12,2026-02-20 16:22:12
500.0,64,10,10.491876602172852,1,5666.658196541156,67539.875567405,15.0,61.0,5.760443449020386,1762,2026-02-20 16:22:12,2026-02-20 16:22:12
500.0,64,19,5.982271671295166,1,9358.965888848848,63869.031299113485,23.0,53.0,5.760443449020386,1769,2026-02-20 16:22:12,2026-02-20 16:22:12
500.0,64,34,8.821385383605957,7,2504.648703775367,44949.49913877765,8.14897943234079,11.767998253129223,10.760443449020386,1780,2026-02-20 16:22:12,2026-02-20 16:22:12
500.0,64,37,11.575444221496582,1,9358.965888848848,56527.34276253044,23.0,37.0,10.760443449020386,1782,2026-02-20 16:22:12,2026-02-20 16:22:12
500.0,64,38,12.480229377746582,4,12775.125780676677,40194.78848071652,30.401679765626962,1.4058901154847687,10.760443449020386,1783,2026-02-20 16:22:12,2026-02-20 16:22:12
500.0,64,39,12.23022747039795,1,20435.888965771926,62492.46469850416,47.0,50.0,10.760443449020386,1784,2026-02-20 16:22:12,2026-02-20 16:22:12
500.0,64,40,11.063218116760254,1,27358.96588884885,60198.187030821966,62.0,45.0,10.760443449020386,1785,2026-02-20 16:22:12,2026-02-20 16:22:12
500.0,64,42,17.1025447845459,1,8897.427427310387,47809.08762533807,22.0,18.0,15.760443449020386,1786,2026-02-20 16:22:12,2026-02-20 16:22:12
500.0,65,3,5.845822811126709,2,1512.8120426950027,53570.22061728716,6.0,30.555439720967346,5.760443449020386,1788,2026-02-20 16:30:58,2026-02-20 16:30:58
500.0,65,5,6.562832832336426,1,2897.4274273103874,61115.89809789484,9.0,47.0,5.760443449020386,1790,2026-02-20 16:30:58,2026-02-20 16:30:58
500.0,65,7,6.277074337005615,2,4282.042811925772,53147.62699015041,12.0,29.634466568742774,5.760443449020386,1792,2026-02-20 16:30:58,2026-02-20 16:30:58
500.0,65,9,6.29248046875,1,5205.119735002695,76258.13070459737,14.0,80.0,5.760443449020386,1794,2026-02-20 16:30:58,2026-02-20 16:30:58
500.0,65,15,5.9882731437683105,3,9339.816224465883,56631.987188875304,22.958509060503577,37.22805527817952,5.760443449020386,1797,2026-02-20 16:30:58,2026-02-20 16:30:58
500.0,65,16,9.706151008605957,4,9931.672177682454,63236.37309165255,24.240863625806142,51.62122572090398,5.760443449020386,1798,2026-02-20 16:30:58,2026-02-20 16:30:58
500.0,65,30,9.18983268737793,1,15820.504350387311,54691.92062838467,37.0,33.0,5.760443449020386,1812,2026-02-20 16:30:58,2026-02-20 16:30:58
500.0,65,31,7.176754474639893,1,16282.042811925772,56527.34276253044,38.0,37.0,5.760443449020386,1813,2026-02-20 16:30:58,2026-02-20 16:30:58
500.0,65,36,8.72616195678711,1,21820.50435038731,59280.47596374908,50.0,43.0,5.760443449020386,1817,2026-02-20 16:30:58,2026-02-20 16:30:58
500.0,65,38,9.437874794006348,1,26897.427427310387,57903.909363139755,61.0,40.0,5.760443449020386,1819,2026-02-20 16:30:58,2026-02-20 16:30:58
500.0,65,40,6.747663974761963,1,27820.50435038731,57903.909363139755,63.0,40.0,5.760443449020386,1820,2026-02-20 16:30:58,2026-02-20 16:30:58
500.0,65,55,11.290847778320312,3,20833.870613230887,66763.39778596106,47.86229356949442,59.30779466587324,10.760443449020386,1831,2026-02-20 16:30:58,2026-02-20 16:30:58
500.0,65,56,11.382208824157715,1,28282.04281192577,63869.031299113485,64.0,53.0,10.760443449020386,1832,2026-02-20 16:30:58,2026-02-20 16:30:58
500.0,65,58,21.713197708129883,1,1512.8120426950027,41385.110155827904,6.0,4.0,15.760443449020386,1833,2026-02-20 16:30:58,2026-02-20 16:30:58
500.0,65,59,17.796024322509766,1,7051.273581156542,43679.38782351011,18.0,9.0,15.760443449020386,1834,2026-02-20 16:30:58,2026-02-20 16:30:58
500.0,65,60,16.0,1,8435.888965771926,46432.52102472875,21.0,15.0,15.760443449020386,1835,2026-02-20 16:30:58,2026-02-20 16:30:58
500.0,66,5,5.451375484466553,7,3394.5403228898217,61551.197076728,10.07707794042211,47.94866237196328,5.760443449020386,1839,2026-02-20 16:39:43,2026-02-20 16:39:43
500.0,66,11,5.9527411460876465,1,4743.581273464233,70293.00876862365,13.0,67.0,5.760443449020386,1845,2026-02-20 16:39:43,2026-02-20 16:39:43
500.0,66,26,9.0,15,13136.573421381034,40191.14608846842,31.1848163204864,1.397952121972901,5.760443449020386,1857,2026-02-20 16:39:43,2026-02-20 16:39:43
500.0,66,35,7.6683831214904785,4,21852.597341018445,71424.17033564973,50.069534813034124,69.46518018058562,5.760443449020386,1863,2026-02-20 16:39:43,2026-02-20 16:39:43
500.0,66,38,8.301033973693848,1,25974.350504233465,60198.187030821966,59.0,45.0,5.760443449020386,1866,2026-02-20 16:39:43,2026-02-20 16:39:43
500.0,66,39,5.846883773803711,2,26839.883103295702,70751.86430216009,60.87532063130151,68.0,5.760443449020386,1867,2026-02-20 16:39:43,2026-02-20 16:39:43
500.0,66,40,7.032472133636475,1,27820.50435038731,63410.17576557704,63.0,52.0,5.760443449020386,1868,2026-02-20 16:39:43,2026-02-20 16:39:43
500.0,66,46,11.58675765991211,3,3590.9892828836605,53888.96863656725,10.502717353742092,31.2500984882344,10.760443449020386,1872,2026-02-20 16:39:43,2026-02-20 16:39:43
500.0,66,48,14.000000953674316,4,8255.212610507251,46270.73942306521,20.608534563593203,14.647423666406143,10.760443449020386,1874,2026-02-20 16:39:43,2026-02-20 16:39:43
500.0,66,52,12.119904518127441,1,19512.812042695004,61115.89809789484,45.0,47.0,10.760443449020386,1878,2026-02-20 16:39:43,2026-02-20 16:39:43
500.0,66,53,11.889631271362305,1,21358.96588884885,48726.79869241095,49.0,20.0,10.760443449020386,1879,2026-02-20 16:39:43,2026-02-20 16:39:43
500.0,66,54,12.533604621887207,1,21358.96588884885,65704.45343325924,49.0,57.0,10.760443449020386,1880,2026-02-20 16:39:43,2026-02-20 16:39:43
500.0,66,56,17.163150787353516,1,3358.9658888488484,45055.95442411943,10.0,12.0,15.760443449020386,1881,2026-02-20 16:39:43,2026-02-20 16:39:43
500.0,67,9,9.979896545410156,1,3820.5043503873103,65704.45343325924,11.0,57.0,5.760443449020386,1889,2026-02-20 16:48:29,2026-02-20 16:48:29
500.0,67,12,6.189501762390137,1,6128.196658079618,65704.45343325924,16.0,57.0,5.760443449020386,1891,2026-02-20 16:48:29,2026-02-20 16:48:29
500.0,67,27,6.4784255027771,2,10334.679647186327,59791.66235406102,25.11404647639787,44.114046476397874,5.760443449020386,1903,2026-02-20 16:48:29,2026-02-20 16:48:29
500.0,67,34,10.5,1,14897.427427310387,54233.065094848236,35.0,32.0,5.760443449020386,1910,2026-02-20 16:48:29,2026-02-20 16:48:29
500.0,67,35,6.363979339599609,1,14897.427427310387,62951.3202320406,35.0,51.0,5.760443449020386,1911,2026-02-20 16:48:29,2026-02-20 16:48:29
500.0,67,36,7.3314900398254395,1,15358.96588884885,55609.63169545756,36.0,35.0,5.760443449020386,1912,2026-02-20 16:48:29,2026-02-20 16:48:29
500.0,67,37,7.000000476837158,1,16282.042811925772,60657.0425643584,38.0,46.0,5.760443449020386,1913,2026-02-20 16:48:29,2026-02-20 16:48:29
500.0,67,38,7.817739486694336,1,17205.119735002692,61574.75363143128,40.0,48.0,5.760443449020386,1914,2026-02-20 16:48:29,2026-02-20 16:48:29
500.0,67,39,6.616917133331299,1,18589.735119618083,61115.89809789484,43.0,47.0,5.760443449020386,1915,2026-02-20 16:48:29,2026-02-20 16:48:29
500.0,67,40,5.817083835601807,1,19512.812042695004,57445.05382960332,45.0,39.0,5.760443449020386,1916,2026-02-20 16:48:29,2026-02-20 16:48:29
500.0,67,41,6.631755352020264,1,19974.350504233465,58362.7648966762,46.0,41.0,5.760443449020386,1917,2026-02-20 16:48:29,2026-02-20 16:48:29
500.0,67,42,5.945763111114502,1,20435.888965771926,57445.05382960332,47.0,39.0,5.760443449020386,1918,2026-02-20 16:48:29,2026-02-20 16:48:29
500.0,67,43,6.192488670349121,1,20897.427427310387,47809.08762533807,48.0,18.0,5.760443449020386,1919,2026-02-20 16:48:29,2026-02-20 16:48:29
500.0,67,44,6.548769950866699,1,21358.96588884885,59280.47596374908,49.0,43.0,5.760443449020386,1920,2026-02-20 16:48:29,2026-02-20 16:48:29
500.0,67,45,6.000000476837158,1,21820.50435038731,61115.89809789484,50.0,47.0,5.760443449020386,1921,2026-02-20 16:48:29,2026-02-20 16:48:29
500.0,67,46,6.252259254455566,1,22282.04281192577,62033.609164967726,51.0,49.0,5.760443449020386,1922,2026-02-20 16:48:29,2026-02-20 16:48:29
500.0,67,49,7.713679313659668,2,28396.733590362997,62951.3202320406,64.24849668661399,51.0,5.760443449020386,1924,2026-02-20 16:48:29,2026-02-20 16:48:29
500.0,67,51,11.522628784179688,2,3151.357999720909,53774.2095613118,9.550182906889464,31.0,10.760443449020386,1925,2026-02-20 16:48:29,2026-02-20 16:48:29
500.0,67,56,15.0,6,10581.560991432645,46488.88408210685,25.648956055598227,15.122833992964422,10.760443449020386,1930,2026-02-20 16:48:29,2026-02-20 16:48:29
500.0,67,57,12.548550605773926,1,26897.427427310387,57903.909363139755,61.0,40.0,10.760443449020386,1931,2026-02-20 16:48:29,2026-02-20 16:48:29
800.0,0,19,7.884362697601318,6,27453.443547345498,77076.59970104755,62.2047015934094,81.7837182656209,6.912739038467407,14,2026-02-20 11:32:35,2026-02-20 11:32:35
800.0,0,23,13.389602661132812,1,-1256.4187265357668,80387.83050642534,0.0,89.0,11.912739038467407,17,2026-02-20 11:32:35,2026-02-20 11:32:35
800.0,0,24,14.076269149780273,3,2212.8852983148645,69834.1532350872,7.516825387176367,66.0,11.912739038467407,18,2026-02-20 11:32:35,2026-02-20 11:32:35
800.0,0,25,12.372971534729004,1,13051.273581156542,43679.38782351011,31.0,9.0,11.912739038467407,19,2026-02-20 11:32:35,2026-02-20 11:32:35
800.0,0,26,12.600709915161133,3,14113.961115691794,63116.946587921004,33.302489658159715,51.360955341660386,11.912739038467407,20,2026-02-20 11:32:35,2026-02-20 11:32:35
800.0,0,28,14.41224479675293,1,20435.888965771926,77175.84177167025,47.0,82.0,11.912739038467407,22,2026-02-20 11:32:35,2026-02-20 11:32:35
800.0,1,4,6.993220329284668,3,3004.9129241560577,58073.15934899506,9.232885243165619,40.36885244589049,6.912739038467407,24,2026-02-20 11:36:48,2026-02-20 11:36:48
800.0,1,9,8.972798347473145,2,12308.893351889334,67539.875567405,29.391509503254383,61.0,6.912739038467407,28,2026-02-20 11:36:48,2026-02-20 11:36:48
800.0,1,14,6.672121047973633,4,16967.08123206384,65586.94492942345,39.48424991029915,56.743909585376144,6.912739038467407,32,2026-02-20 11:36:48,2026-02-20 11:36:48
800.0,1,15,7.565751552581787,9,21701.182551254835,77554.14328539243,49.74146943521297,82.82444579191748,6.912739038467407,33,2026-02-20 11:36:48,2026-02-20 11:36:48
800.0,1,20,7.220658302307129,4,27972.827325935297,82109.14358841782,63.33003311368731,92.7513181299704,6.912739038467407,38,2026-02-20 11:36:48,2026-02-20 11:36:48
800.0,1,23,16.6635799407959,11,-1074.1493596819112,80914.24056310103,0.39491696151668737,90.14722394784823,11.912739038467407,40,2026-02-20 11:36:48,2026-02-20 11:36:48
800.0,1,25,13.175124168395996,2,2234.630828998462,72128.43090276941,7.563940703657496,71.0,11.912739038467407,42,2026-02-20 11:36:48,2026-02-20 11:36:48
800.0,1,27,13.814103126525879,2,8897.427427310387,47020.03805963513,22.0,16.280396534347823,11.912739038467407,44,2026-02-20 11:36:48,2026-02-20 11:36:48
800.0,1,28,13.019376754760742,2,13691.575116669244,45514.80995765587,32.38731999361086,13.0,11.912739038467407,45,2026-02-20 11:36:48,2026-02-20 11:36:48
800.0,2,1,7.489049434661865,2,-1256.4187265357668,44456.429515193275,0.0,10.693434283541135,6.912739038467407,46,2026-02-20 11:41:11,2026-02-20 11:41:11
800.0,2,15,8.855387687683105,3,21707.570053915846,79713.49523728462,49.75530902431183,87.5303974348014,6.912739038467407,55,2026-02-20 11:41:11,2026-02-20 11:41:11
800.0,2,16,7.558258533477783,3,23000.67335828905,80793.19936335068,52.55703285045377,89.8834346047897,6.912739038467407,56,2026-02-20 11:41:11,2026-02-20 11:41:11
800.0,2,23,12.751951217651367,1,-1256.4187265357668,80387.83050642534,0.0,89.0,11.912739038467407,61,2026-02-20 11:41:11,2026-02-20 11:41:11
800.0,2,24,12.617409706115723,1,-333.34180345884374,82223.2526405711,2.0,93.0,11.912739038467407,62,2026-02-20 11:41:11,2026-02-20 11:41:11
800.0,2,25,13.917898178100586,3,2213.2032422995276,73620.70518947123,7.517514265809805,74.25216582918969,11.912739038467407,63,2026-02-20 11:41:11,2026-02-20 11:41:11
800.0,2,27,13.5,2,12676.738981929604,48726.79869241095,30.188508368341637,20.0,11.912739038467407,65,2026-02-20 11:41:11,2026-02-20 11:41:11
800.0,2,28,15.639548301696777,1,13051.273581156542,68457.58663447789,31.0,63.0,11.912739038467407,66,2026-02-20 11:41:11,2026-02-20 11:41:11
800.0,2,29,14.756278991699219,2,14090.39944687686,47006.750907166635,33.25143937572736,16.251439375727358,11.912739038467407,67,2026-02-20 11:41:11,2026-02-20 11:41:11
800.0,2,30,12.551905632019043,1,28282.04281192577,86352.95244239905,64.0,102.0,11.912739038467407,68,2026-02-20 11:41:11,2026-02-20 11:41:11
800.0,3,5,9.508296012878418,6,8105.775372779901,74137.4248785413,20.284753881850612,75.37827121815091,6.912739038467407,70,2026-02-20 11:45:33,2026-02-20 11:45:33
800.0,3,7,9.908008575439453,1,10743.581273464233,44597.09889058299,26.0,11.0,6.912739038467407,71,2026-02-20 11:45:33,2026-02-20 11:45:33
800.0,3,12,7.606202602386475,4,22280.80374360743,83396.92417065495,50.99731535197693,95.5578236379504,6.912739038467407,75,2026-02-20 11:45:33,2026-02-20 11:45:33
800.0,3,18,12.28836441040039,1,-1256.4187265357668,82682.10817410753,0.0,94.0,11.912739038467407,78,2026-02-20 11:45:33,2026-02-20 11:45:33
800.0,3,19,12.877068519592285,1,-333.34180345884374,84058.67477471687,2.0,97.0,11.912739038467407,79,2026-02-20 11:45:33,2026-02-20 11:45:33
800.0,3,20,12.60903263092041,1,2435.8889657719255,75799.27517106093,8.0,79.0,11.912739038467407,80,2026-02-20 11:45:33,2026-02-20 11:45:33
800.0,3,21,14.40773868560791,1,2435.8889657719255,76716.98623813382,8.0,81.0,11.912739038467407,81,2026-02-20 11:45:33,2026-02-20 11:45:33
800.0,3,22,12.712839126586914,1,4743.581273464233,82223.2526405711,13.0,93.0,11.912739038467407,82,2026-02-20 11:45:33,2026-02-20 11:45:33
800.0,3,25,13.084572792053223,1,13051.273581156542,72128.43090276941,31.0,71.0,11.912739038467407,84,2026-02-20 11:45:33,2026-02-20 11:45:33
800.0,3,27,12.092037200927734,3,27323.744593580876,84976.38584178974,61.923687193586055,99.0,11.912739038467407,86,2026-02-20 11:45:33,2026-02-20 11:45:33
800.0,3,30,18.009450912475586,1,8897.427427310387,52397.64296070248,22.0,28.0,16.912739038467407,88,2026-02-20 11:45:33,2026-02-20 11:45:33
800.0,4,4,9.484460830688477,1,7512.812042695003,42302.821222900784,19.0,6.0,6.912739038467407,90,2026-02-20 11:49:56,2026-02-20 11:49:56
800.0,4,8,8.477128982543945,4,8907.617940288326,60535.598880997866,22.022079444785533,45.73533351025636,6.912739038467407,93,2026-02-20 11:49:56,2026-02-20 11:49:56
800.0,4,17,12.244731903076172,1,-1256.4187265357668,45973.66549119231,0.0,14.0,11.912739038467407,97,2026-02-20 11:49:56,2026-02-20 11:49:56
800.0,4,18,15.285264015197754,1,2435.8889657719255,79011.26390581601,8.0,86.0,11.912739038467407,98,2026-02-20 11:49:56,2026-02-20 11:49:56
800.0,4,22,13.875782012939453,5,13635.33918631351,73653.73580691018,32.2654754778401,74.3241506153039,11.912739038467407,101,2026-02-20 11:49:56,2026-02-20 11:49:56
800.0,4,24,16.024152755737305,6,27508.738387821348,87994.94657565518,62.324507081107086,105.5784555557195,11.912739038467407,103,2026-02-20 11:49:56,2026-02-20 11:49:56
800.0,4,27,17.09547996520996,6,12140.45784293422,53341.38269538801,29.026565900518303,30.056725190632548,16.912739038467407,105,2026-02-20 11:49:56,2026-02-20 11:49:56
800.0,5,1,6.95928955078125,4,2438.210388343059,80157.90906405279,8.005029748904123,88.49892411539525,6.912739038467407,106,2026-02-20 11:54:09,2026-02-20 11:54:09
800.0,5,4,10.1240816116333,2,8606.885605002515,79011.26390581601,21.370492718332944,86.0,6.912739038467407,107,2026-02-20 11:54:09,2026-02-20 11:54:09
800.0,5,8,7.751917839050293,11,14083.478692711957,76672.82733465797,33.23644440837007,80.90376294879673,6.912739038467407,109,2026-02-20 11:54:09,2026-02-20 11:54:09
800.0,5,15,14.431035041809082,7,7590.748981736993,61405.69171705649,19.168863367924313,47.63155742490056,11.912739038467407,112,2026-02-20 11:54:09,2026-02-20 11:54:09
800.0,5,17,13.402281761169434,1,9358.965888848848,41843.96568936435,23.0,5.0,11.912739038467407,113,2026-02-20 11:54:09,2026-02-20 11:54:09
800.0,5,19,16.352842330932617,6,14577.310873915663,53676.01744172598,34.30641413431143,30.78600646083737,11.912739038467407,115,2026-02-20 11:54:09,2026-02-20 11:54:09
800.0,5,20,13.146767616271973,2,26653.3780155775,89106.0856436177,60.47122627457874,108.0,11.912739038467407,116,2026-02-20 11:54:09,2026-02-20 11:54:09
800.0,5,21,13.77961540222168,2,28010.44768389068,93235.78544544567,63.4115438892573,117.0,11.912739038467407,117,2026-02-20 11:54:09,2026-02-20 11:54:09
800.0,5,22,13.73332405090332,2,28405.023695939548,90023.79671069059,64.26645858202986,110.0,11.912739038467407,118,2026-02-20 11:54:09,2026-02-20 11:54:09
800.0,5,24,20.037134170532227,1,9358.965888848848,56527.34276253044,23.0,37.0,16.912739038467407,119,2026-02-20 11:54:09,2026-02-20 11:54:09
800.0,6,2,10.5,3,128.19665807961792,41340.46295796204,3.0,3.9026987916615834,6.912739038467407,121,2026-02-20 11:58:32,2026-02-20 11:58:32
800.0,6,10,9.888127326965332,1,15820.504350387311,79928.9749728889,37.0,88.0,6.912739038467407,124,2026-02-20 11:58:32,2026-02-20 11:58:32
800.0,6,13,14.085867881774902,4,2716.2756614905934,82909.25519009032,8.607504507390447,94.49502947961015,11.912739038467407,125,2026-02-20 11:58:32,2026-02-20 11:58:32
800.0,6,20,13.884819984436035,5,14800.305489777014,55833.67484189667,34.78956913534436,35.48826510756532,11.912739038467407,130,2026-02-20 11:58:32,2026-02-20 11:58:32
800.0,6,22,12.583975791931152,5,26514.328654274123,91500.60332170581,60.16995265842142,113.21845657964143,11.912739038467407,132,2026-02-20 11:58:32,2026-02-20 11:58:32
800.0,6,26,21.519859313964844,6,7467.408782400529,64085.62361257882,18.901626269361973,53.47202724525526,16.912739038467407,135,2026-02-20 11:58:32,2026-02-20 11:58:32
800.0,6,27,20.00041961669922,1,11205.119735002694,48267.943158874514,27.0,19.0,16.912739038467407,136,2026-02-20 11:58:32,2026-02-20 11:58:32
800.0,7,1,7.350923538208008,1,-1256.4187265357668,44597.09889058299,0.0,11.0,6.912739038467407,137,2026-02-20 12:02:45,2026-02-20 12:02:45
800.0,7,2,7.204931735992432,1,-333.34180345884374,55609.63169545756,2.0,35.0,6.912739038467407,138,2026-02-20 12:02:45,2026-02-20 12:02:45
800.0,7,5,8.0,1,7512.812042695003,48726.79869241095,19.0,20.0,6.912739038467407,139,2026-02-20 12:02:45,2026-02-20 12:02:45
800.0,7,7,7.179672718048096,2,9287.470898592368,83140.96370764397,22.845094187777626,95.0,6.912739038467407,141,2026-02-20 12:02:45,2026-02-20 12:02:45
800.0,7,10,10.949831008911133,1,10743.581273464233,44597.09889058299,26.0,11.0,6.912739038467407,144,2026-02-20 12:02:45,2026-02-20 12:02:45
800.0,7,18,14.376977920532227,4,2659.486371059015,84745.41657344329,8.484461044788693,98.49664055140327,11.912739038467407,147,2026-02-20 12:02:45,2026-02-20 12:02:45
800.0,7,21,12.011391639709473,2,14415.73137280839,81764.39710703466,33.95632521524567,92.0,11.912739038467407,149,2026-02-20 12:02:45,2026-02-20 12:02:45
800.0,7,23,14.189343452453613,4,25737.310685987253,93860.71938231711,58.486413727133204,118.36194050457455,11.912739038467407,150,2026-02-20 12:02:45,2026-02-20 12:02:45
800.0,7,25,15.801480293273926,6,7289.95910246821,66803.18335002809,18.51715196284195,59.39450074471335,16.912739038467407,151,2026-02-20 12:02:45,2026-02-20 12:02:45
800.0,7,26,17.79179573059082,5,14792.864963850956,57533.78299485182,34.7734479958379,39.19337059000827,16.912739038467407,152,2026-02-20 12:02:45,2026-02-20 12:02:45
800.0,8,1,5.914179801940918,4,-889.4496023056123,39805.092805509,0.7950997691653348,0.5566126267638646,6.912739038467407,153,2026-02-20 12:07:07,2026-02-20 12:07:07
800.0,8,9,7.867116928100586,28,10876.105915025266,63425.09466212496,26.28713672338224,52.032513275873434,6.912739038467407,159,2026-02-20 12:07:07,2026-02-20 12:07:07
800.0,8,11,10.242311477661133,10,15057.074358680507,60337.22517146075,35.34590168463526,45.3030107092034,6.912739038467407,161,2026-02-20 12:07:07,2026-02-20 12:07:07
800.0,8,13,8.947423934936523,1,28743.58127346423,83599.81924118042,65.0,96.0,6.912739038467407,163,2026-02-20 12:07:07,2026-02-20 12:07:07
800.0,8,15,13.191919326782227,1,5205.119735002695,40008.54355521859,14.0,1.0,11.912739038467407,164,2026-02-20 12:07:07,2026-02-20 12:07:07
800.0,8,18,17.760761260986328,4,7051.363674820129,70209.26667538537,18.00019520293777,66.8174979113952,16.912739038467407,165,2026-02-20 12:07:07,2026-02-20 12:07:07
800.0,9,4,10.614404678344727,1,5205.119735002695,53315.35402777536,14.0,30.0,6.912739038467407,168,2026-02-20 12:11:20,2026-02-20 12:11:20
800.0,9,9,7.264865875244141,1,15820.504350387311,62033.609164967726,37.0,49.0,6.912739038467407,171,2026-02-20 12:11:20,2026-02-20 12:11:20
800.0,9,11,16.387601852416992,3,-1256.4187265357668,42543.85567991988,0.0,6.525294868215746,11.912739038467407,172,2026-02-20 12:11:20,2026-02-20 12:11:20
800.0,9,14,14.12501335144043,1,9358.965888848848,65704.45343325924,23.0,57.0,11.912739038467407,174,2026-02-20 12:11:20,2026-02-20 12:11:20
800.0,9,17,17.57754135131836,3,7512.812042695003,72972.48031703277,19.0,72.83946656970265,16.912739038467407,176,2026-02-20 12:11:20,2026-02-20 12:11:20
800.0,10,2,7.279295921325684,1,-1256.4187265357668,50103.36529302027,0.0,23.0,6.912739038467407,177,2026-02-20 12:15:43,2026-02-20 12:15:43
800.0,10,3,5.448995113372803,4,6118.313322183053,44382.590853744274,15.978586105557442,10.532515092091218,6.912739038467407,178,2026-02-20 12:15:43,2026-02-20 12:15:43
800.0,10,6,11.71500301361084,3,8178.497897568327,39647.78394165631,20.442319352225535,0.21378388796606848,6.912739038467407,179,2026-02-20 12:15:43,2026-02-20 12:15:43
800.0,10,8,7.541357517242432,3,14372.509582227407,65715.16651349852,33.86267800232021,57.02334739249346,6.912739038467407,181,2026-02-20 12:15:43,2026-02-20 12:15:43
800.0,10,9,9.24946117401123,1,27820.50435038731,51479.93189362959,63.0,26.0,6.912739038467407,182,2026-02-20 12:15:43,2026-02-20 12:15:43
800.0,10,14,15.706594467163086,7,8795.496113459496,68176.11716541697,21.779148819989736,62.386583688134685,11.912739038467407,183,2026-02-20 12:15:43,2026-02-20 12:15:43
800.0,10,15,15.5,1,28282.04281192577,98283.19631434651,64.0,128.0,11.912739038467407,184,2026-02-20 12:15:43,2026-02-20 12:15:43
800.0,10,17,19.97820281982422,3,-700.4980912632253,44165.68617661045,1.2044947097571732,10.05980710170888,16.912739038467407,185,2026-02-20 12:15:43,2026-02-20 12:15:43
800.0,10,18,18.366655349731445,4,7051.273581156542,74932.6387545758,18.0,77.11130878207811,16.912739038467407,186,2026-02-20 12:15:43,2026-02-20 12:15:43
800.0,11,2,7.414618492126465,3,-1247.4834481855135,52731.67779664201,0.019359769758882383,28.72797386437754,6.912739038467407,187,2026-02-20 12:20:06,2026-02-20 12:20:06
800.0,11,5,9.5,3,1778.5064434178105,41579.79619091319,6.575671201566084,4.424286122442127,6.912739038467407,190,2026-02-20 12:20:06,2026-02-20 12:20:06
800.0,11,16,8.366588592529297,1,28743.58127346423,58821.62043021264,65.0,42.0,6.912739038467407,197,2026-02-20 12:20:06,2026-02-20 12:20:06
800.0,11,25,12.023385047912598,1,28743.58127346423,89106.0856436177,65.0,108.0,11.912739038467407,201,2026-02-20 12:20:06,2026-02-20 12:20:06
800.0,11,27,28.471839904785156,12,-864.8403253864473,46110.35357710014,0.848419869156859,14.297889152288013,16.912739038467407,202,2026-02-20 12:20:06,2026-02-20 12:20:06
800.0,11,28,18.240760803222656,1,4282.042811925772,49185.65422594739,12.0,21.0,16.912739038467407,203,2026-02-20 12:20:06,2026-02-20 12:20:06
800.0,11,29,15.711249351501465,3,6387.726225051891,76199.90608908956,16.562314061773257,79.87310904794137,16.912739038467407,204,2026-02-20 12:20:06,2026-02-20 12:20:06
800.0,11,30,20.44101333618164,2,8435.888965771926,41619.775372917014,21.0,4.511414159660505,16.912739038467407,205,2026-02-20 12:20:06,2026-02-20 12:20:06
800.0,12,3,7.649620532989502,3,-1074.1793188551835,54908.70381842072,0.39485204997459744,33.47244322927803,6.912739038467407,207,2026-02-20 12:24:19,2026-02-20 12:24:19
800.0,12,15,7.174404144287109,1,12589.735119618079,73504.99750337873,30.0,74.0,6.912739038467407,216,2026-02-20 12:24:19,2026-02-20 12:24:19
800.0,12,17,7.298875331878662,1,16743.58127346423,43679.38782351011,39.0,9.0,6.912739038467407,218,2026-02-20 12:24:19,2026-02-20 12:24:19
800.0,12,18,8.066874504089355,2,28453.44893398862,63410.17576557704,64.37137993113618,52.0,6.912739038467407,219,2026-02-20 12:24:19,2026-02-20 12:24:19
800.0,12,19,7.901281833648682,2,28743.58127346423,61917.73518572804,65.0,48.74747176230689,6.912739038467407,220,2026-02-20 12:24:19,2026-02-20 12:24:19
800.0,12,22,15.459711074829102,15,93.44349274627638,49060.37659368734,2.9247014751110934,20.726978050597914,11.912739038467407,221,2026-02-20 12:24:19,2026-02-20 12:24:19
800.0,12,23,14.286125183105469,3,2037.0289519212768,43459.510241980955,7.135803303323594,8.520813054526037,11.912739038467407,222,2026-02-20 12:24:19,2026-02-20 12:24:19
800.0,12,31,13.061208724975586,2,28743.58127346423,90749.01715394626,65.0,111.58049841453655,11.912739038467407,228,2026-02-20 12:24:19,2026-02-20 12:24:19
800.0,12,33,15.588587760925293,11,6335.053778552123,78563.23606042263,16.448190427690427,85.02359716152839,16.912739038467407,229,2026-02-20 12:24:19,2026-02-20 12:24:19
800.0,12,34,17.323043823242188,3,8474.07659569943,43927.05871253038,21.08273986484292,9.53975787784762,16.912739038467407,230,2026-02-20 12:24:19,2026-02-20 12:24:19
800.0,13,3,11.357401847839355,3,-1256.4187265357668,58592.47907434647,0.0,41.500624185350546,6.912739038467407,231,2026-02-20 12:28:24,2026-02-20 12:28:24
800.0,13,8,7.263363361358643,2,5507.4064328251025,56068.487228993996,14.65495451194855,36.0,6.912739038467407,234,2026-02-20 12:28:24,2026-02-20 12:28:24
800.0,13,17,7.51760721206665,1,14435.888965771926,39549.688021682145,34.0,0.0,6.912739038467407,240,2026-02-20 12:28:24,2026-02-20 12:28:24
800.0,13,18,6.9827189445495605,1,18128.19665807962,45055.95442411943,42.0,12.0,6.912739038467407,241,2026-02-20 12:28:24,2026-02-20 12:28:24
800.0,13,22,9.348686218261719,3,2267.9169710667647,45247.55706527565,7.6360606781388185,12.417566373624222,11.912739038467407,243,2026-02-20 12:28:24,2026-02-20 12:28:24
800.0,13,24,14.191696166992188,30,6860.480658598298,81054.07990460828,17.58661533445714,90.45198074227872,11.912739038467407,245,2026-02-20 12:28:24,2026-02-20 12:28:24
800.0,13,32,17.744535446166992,1,-333.34180345884374,51938.78742716603,2.0,27.0,16.912739038467407,251,2026-02-20 12:28:24,2026-02-20 12:28:24
800.0,13,33,16.93983268737793,2,8897.427427310387,45969.24866560347,22.0,13.990374256675507,16.912739038467407,252,2026-02-20 12:28:24,2026-02-20 12:28:24
800.0,14,6,8.056431770324707,1,7051.273581156542,56068.487228993996,18.0,36.0,6.912739038467407,254,2026-02-20 12:32:47,2026-02-20 12:32:47
800.0,14,12,8.696435928344727,6,14290.812698076745,40121.17552807751,33.68566808666044,1.2454628191815822,6.912739038467407,257,2026-02-20 12:32:47,2026-02-20 12:32:47
800.0,14,15,7.259978294372559,1,28743.58127346423,45055.95442411943,65.0,12.0,6.912739038467407,260,2026-02-20 12:32:47,2026-02-20 12:32:47
800.0,14,18,14.922121047973633,13,-605.6081644971265,55165.99184658175,1.4100895510837208,34.0331600766441,11.912739038467407,261,2026-02-20 12:32:47,2026-02-20 12:32:47
800.0,14,20,16.528911590576172,5,1792.22055145135,48357.00731259471,6.605385102305419,19.19410064216459,11.912739038467407,263,2026-02-20 12:32:47,2026-02-20 12:32:47
800.0,14,24,14.266642570495605,34,7070.909624176091,84349.88891940714,18.04254475987569,97.63465322613821,11.912739038467407,267,2026-02-20 12:32:47,2026-02-20 12:32:47
800.0,14,25,12.062679290771484,1,7512.812042695003,77175.84177167025,19.0,82.0,11.912739038467407,268,2026-02-20 12:32:47,2026-02-20 12:32:47
800.0,14,31,22.61735725402832,8,8745.779305040905,48698.2482822955,21.67142906841612,19.937779087253436,16.912739038467407,271,2026-02-20 12:32:47,2026-02-20 12:32:47
800.0,14,34,25.21063232421875,1,28743.58127346423,67081.02003386857,65.0,60.0,16.912739038467407,274,2026-02-20 12:32:47,2026-02-20 12:32:47
800.0,15,1,8.137006759643555,1,-1256.4187265357668,44138.24335704655,0.0,10.0,6.912739038467407,275,2026-02-20 12:37:09,2026-02-20 12:37:09
800.0,15,8,8.68514347076416,1,3820.5043503873103,39549.688021682145,11.0,0.0,6.912739038467407,279,2026-02-20 12:37:09,2026-02-20 12:37:09
800.0,15,9,8.715420722961426,1,3820.5043503873103,41385.110155827904,11.0,4.0,6.912739038467407,280,2026-02-20 12:37:09,2026-02-20 12:37:09
800.0,15,10,8.756525993347168,1,5205.119735002695,40467.399088755024,14.0,2.0,6.912739038467407,281,2026-02-20 12:37:09,2026-02-20 12:37:09
800.0,15,11,9.086615562438965,2,5432.0088771402325,62492.46469850416,14.491593141297999,50.0,6.912739038467407,282,2026-02-20 12:37:09,2026-02-20 12:37:09
800.0,15,15,7.0,2,8435.888965771926,60428.75836898569,21.0,45.502492225356185,6.912739038467407,283,2026-02-20 12:37:09,2026-02-20 12:37:09
800.0,15,17,10.999999046325684,2,10282.042811925772,39768.82593460575,25.0,0.47757495967127694,6.912739038467407,285,2026-02-20 12:37:09,2026-02-20 12:37:09
800.0,15,25,6.947286605834961,1,22743.58127346423,42302.821222900784,52.0,6.0,6.912739038467407,291,2026-02-20 12:37:09,2026-02-20 12:37:09
800.0,15,26,11.5,1,26897.427427310387,45514.80995765587,61.0,13.0,6.912739038467407,292,2026-02-20 12:37:09,2026-02-20 12:37:09
800.0,15,27,8.505820274353027,1,27820.50435038731,39549.688021682145,63.0,0.0,6.912739038467407,293,2026-02-20 12:37:09,2026-02-20 12:37:09
800.0,15,28,7.0,1,27820.50435038731,49644.50975948383,63.0,22.0,6.912739038467407,294,2026-02-20 12:37:09,2026-02-20 12:37:09
800.0,15,29,7.2806620597839355,1,28743.58127346423,48267.943158874514,65.0,19.0,6.912739038467407,295,2026-02-20 12:37:09,2026-02-20 12:37:09
800.0,15,34,9.061695098876953,3,1939.1190533279166,50600.3669800705,6.923665189704647,24.08313325377116,11.912739038467407,297,2026-02-20 12:37:09,2026-02-20 12:37:09
800.0,15,35,13.721962928771973,3,3378.9432291172375,50103.36529302027,10.043284237248177,23.0,11.912739038467407,298,2026-02-20 12:37:09,2026-02-20 12:37:09
800.0,15,38,12.929352760314941,5,7268.735792316876,80024.7694801662,18.471168124180725,88.20876833834606,11.912739038467407,301,2026-02-20 12:37:09,2026-02-20 12:37:09
800.0,15,43,12.929145812988281,1,14897.427427310387,42761.67675643723,35.0,7.0,11.912739038467407,303,2026-02-20 12:37:09,2026-02-20 12:37:09
800.0,15,47,18.97299575805664,3,-333.34180345884374,58285.57055341515,2.0,40.83176765317375,16.912739038467407,305,2026-02-20 12:37:09,2026-02-20 12:37:09
800.0,15,48,17.67487335205078,1,7512.812042695003,85894.09690886262,19.0,101.0,16.912739038467407,306,2026-02-20 12:37:09,2026-02-20 12:37:09
800.0,15,50,21.69072151184082,2,8897.427427310387,53451.849695802375,22.0,30.297469809233924,16.912739038467407,308,2026-02-20 12:37:09,2026-02-20 12:37:09
800.0,15,52,18.340810775756836,1,19512.812042695004,53315.35402777536,45.0,30.0,16.912739038467407,310,2026-02-20 12:37:09,2026-02-20 12:37:09
800.0,16,5,10.67066764831543,1,-333.34180345884374,44138.24335704655,2.0,10.0,6.912739038467407,313,2026-02-20 12:41:22,2026-02-20 12:41:22
800.0,16,24,8.128328323364258,7,15206.676054325799,44596.068255926235,35.67003869186672,10.99775390165003,6.912739038467407,323,2026-02-20 12:41:22,2026-02-20 12:41:22
800.0,16,37,7.272750377655029,5,28538.89626577514,39830.71710548281,64.55651581667364,0.6124565647813976,6.912739038467407,333,2026-02-20 12:41:22,2026-02-20 12:41:22
800.0,16,39,8.968950271606445,2,28437.6922046664,49644.50975948383,64.33724035093803,22.0,6.912739038467407,335,2026-02-20 12:41:22,2026-02-20 12:41:22
800.0,16,41,7.732414722442627,1,28743.58127346423,64786.742366186365,65.0,55.0,6.912739038467407,337,2026-02-20 12:41:22,2026-02-20 12:41:22
800.0,16,48,15.599784851074219,4,3540.743514471844,52174.378751822886,10.393851522183157,27.513432458449675,11.912739038467407,342,2026-02-20 12:41:22,2026-02-20 12:41:22
800.0,16,54,14.898844718933105,7,7474.6144552529295,88377.27962509579,18.917238560542174,106.41168741519812,11.912739038467407,347,2026-02-20 12:41:22,2026-02-20 12:41:22
800.0,16,64,13.544583320617676,1,23205.119735002692,50562.22082655672,53.0,24.0,11.912739038467407,353,2026-02-20 12:41:22,2026-02-20 12:41:22
800.0,16,66,18.086942672729492,1,128.19665807961792,58821.62043021264,3.0,42.0,16.912739038467407,354,2026-02-20 12:41:22,2026-02-20 12:41:22
800.0,16,67,18.552242279052734,1,5205.119735002695,43220.532289973664,14.0,8.0,16.912739038467407,355,2026-02-20 12:41:22,2026-02-20 12:41:22
800.0,16,68,23.229686737060547,3,8897.427427310387,53551.32366997476,22.0,30.514256939173784,16.912739038467407,356,2026-02-20 12:41:22,2026-02-20 12:41:22
800.0,16,70,17.03331184387207,1,11205.119735002694,61115.89809789484,27.0,47.0,16.912739038467407,358,2026-02-20 12:41:22,2026-02-20 12:41:22
800.0,16,71,23.0,1,18128.19665807962,54691.92062838467,42.0,33.0,16.912739038467407,359,2026-02-20 12:41:22,2026-02-20 12:41:22
800.0,17,1,8.100502967834473,1,-1256.4187265357668,44597.09889058299,0.0,11.0,6.912739038467407,360,2026-02-20 12:45:27,2026-02-20 12:45:27
800.0,17,9,7.776755332946777,1,5205.119735002695,67539.875567405,14.0,61.0,6.912739038467407,366,2026-02-20 12:45:27,2026-02-20 12:45:27
800.0,17,11,9.50106143951416,18,6334.175173055122,84878.16550783657,16.446286782446926,98.78594497227444,6.912739038467407,367,2026-02-20 12:45:27,2026-02-20 12:45:27
800.0,17,12,8.497994422912598,1,5666.658196541156,39549.688021682145,15.0,0.0,6.912739038467407,368,2026-02-20 12:45:27,2026-02-20 12:45:27
800.0,17,13,9.771848678588867,1,5666.658196541156,40467.399088755024,15.0,2.0,6.912739038467407,369,2026-02-20 12:45:27,2026-02-20 12:45:27
800.0,17,33,7.475057125091553,3,17358.117987534122,41149.800200132755,40.3314962138181,3.4871807388229623,6.912739038467407,382,2026-02-20 12:45:27,2026-02-20 12:45:27
800.0,17,35,8.550357818603516,2,18589.735119618083,58125.95983569594,43.0,40.4839224032994,6.912739038467407,384,2026-02-20 12:45:27,2026-02-20 12:45:27
800.0,17,46,8.344719886779785,1,28743.58127346423,51479.93189362959,65.0,26.0,6.912739038467407,393,2026-02-20 12:45:27,2026-02-20 12:45:27
800.0,17,49,12.073832511901855,2,1936.2588528826545,55150.776161921116,6.917468088739913,34.0,11.912739038467407,394,2026-02-20 12:45:27,2026-02-20 12:45:27
800.0,17,50,12.415275573730469,2,2435.8889657719255,60970.259137734756,8.0,46.68260389269444,11.912739038467407,395,2026-02-20 12:45:27,2026-02-20 12:45:27
800.0,17,51,12.993705749511719,1,5666.658196541156,74422.70857045162,15.0,76.0,11.912739038467407,396,2026-02-20 12:45:27,2026-02-20 12:45:27
800.0,17,52,14.813098907470703,5,7572.79082523906,90559.72678511527,19.129954028845457,111.16797125730234,11.912739038467407,397,2026-02-20 12:45:27,2026-02-20 12:45:27
800.0,17,58,16.0,2,14597.752158453202,48107.02087865955,34.350703584142764,18.64929641585724,11.912739038467407,400,2026-02-20 12:45:27,2026-02-20 12:45:27
800.0,17,59,12.840239524841309,1,23205.119735002692,49185.65422594739,53.0,21.0,11.912739038467407,401,2026-02-20 12:45:27,2026-02-20 12:45:27
800.0,17,60,11.532703399658203,2,28718.404548445986,40492.429461202075,64.94545042912713,2.0545495708728674,11.912739038467407,402,2026-02-20 12:45:27,2026-02-20 12:45:27
800.0,17,61,13.0,1,28743.58127346423,59739.33149728552,65.0,44.0,11.912739038467407,403,2026-02-20 12:45:27,2026-02-20 12:45:27
800.0,17,64,17.161602020263672,1,9820.504350387311,63869.031299113485,24.0,53.0,16.912739038467407,405,2026-02-20 12:45:27,2026-02-20 12:45:27
800.0,17,65,22.976816177368164,2,10282.042811925772,57581.89800359157,25.0,39.29822932053054,16.912739038467407,406,2026-02-20 12:45:27,2026-02-20 12:45:27
800.0,18,27,4.959837436676025,6,15711.046393314198,47648.0724074474,36.762841093008255,17.649093873512395,6.912739038467407,418,2026-02-20 12:49:40,2026-02-20 12:49:40
800.0,18,30,2.0255541801452637,4,16342.420748754148,54968.198068405065,38.13081886312815,33.60210114039837,6.912739038467407,420,2026-02-20 12:49:40,2026-02-20 12:49:40
800.0,18,35,8.882220268249512,4,22743.58127346423,50209.17309192866,52.0,23.230590656917464,6.912739038467407,425,2026-02-20 12:49:40,2026-02-20 12:49:40
800.0,18,43,7.756560325622559,9,28535.939043104612,42924.91956571317,64.55010850088749,7.355760794727299,6.912739038467407,432,2026-02-20 12:49:40,2026-02-20 12:49:40
800.0,18,50,12.002702713012695,1,-794.8802649973053,56068.487228993996,1.0,36.0,11.912739038467407,437,2026-02-20 12:49:40,2026-02-20 12:49:40
800.0,18,52,12.830705642700195,2,1354.173815746573,62951.3202320406,5.656283841611736,51.0,11.912739038467407,438,2026-02-20 12:49:40,2026-02-20 12:49:40
800.0,18,54,7.618150234222412,2,5486.581827015413,76437.16028826546,14.609834532694224,80.39016546730578,11.912739038467407,439,2026-02-20 12:49:40,2026-02-20 12:49:40
800.0,18,57,12.875984191894531,3,7552.083980256508,86811.8079759355,19.08508919804993,103.0,11.912739038467407,441,2026-02-20 12:49:40,2026-02-20 12:49:40
800.0,18,59,13.792763710021973,2,7689.972447982905,92318.07437837278,19.383847544790456,115.0,11.912739038467407,443,2026-02-20 12:49:40,2026-02-20 12:49:40
800.0,18,64,15.678681373596191,1,16282.042811925772,39549.688021682145,38.0,0.0,11.912739038467407,446,2026-02-20 12:49:40,2026-02-20 12:49:40
800.0,18,65,14.777193069458008,1,23205.119735002692,56986.19829606688,53.0,38.0,11.912739038467407,447,2026-02-20 12:49:40,2026-02-20 12:49:40
800.0,18,67,19.915231704711914,2,-1256.4187265357668,39621.78559430085,0.0,0.15712477533623204,16.912739038467407,448,2026-02-20 12:49:40,2026-02-20 12:49:40
800.0,18,69,19.748043060302734,1,589.7351196180794,46891.37655826519,4.0,16.0,16.912739038467407,450,2026-02-20 12:49:40,2026-02-20 12:49:40
800.0,18,70,20.5,1,1974.350504233464,43679.38782351011,7.0,9.0,16.912739038467407,451,2026-02-20 12:49:40,2026-02-20 12:49:40
800.0,18,71,22.683229446411133,1,6589.73511961808,43220.532289973664,17.0,8.0,16.912739038467407,452,2026-02-20 12:49:40,2026-02-20 12:49:40
800.0,18,72,19.024625778198242,3,10282.042811925772,66537.42654139995,25.0,58.81532758626864,16.912739038467407,453,2026-02-20 12:49:40,2026-02-20 12:49:40
800.0,18,73,17.54165267944336,1,10743.581273464233,55609.63169545756,26.0,35.0,16.912739038467407,454,2026-02-20 12:49:40,2026-02-20 12:49:40
800.0,19,6,8.696727752685547,2,-1256.4187265357668,73662.45639550258,0.0,74.3431557006849,6.912739038467407,459,2026-02-20 12:53:47,2026-02-20 12:53:47
800.0,19,18,9.214978218078613,3,6096.239194387224,78552.40837227958,15.93075882866648,85.0,6.912739038467407,466,2026-02-20 12:53:47,2026-02-20 12:53:47
800.0,19,32,7.651047706604004,1,13974.350504233464,49644.50975948383,33.0,22.0,6.912739038467407,474,2026-02-20 12:53:47,2026-02-20 12:53:47
800.0,19,43,9.176715850830078,3,26012.270661916562,63118.66577525343,59.082160341646706,51.364702027069576,6.912739038467407,482,2026-02-20 12:53:47,2026-02-20 12:53:47
800.0,19,47,7.279437065124512,8,28618.849947279465,40512.76376927397,64.72974879326634,2.0988648435147326,6.912739038467407,486,2026-02-20 12:53:47,2026-02-20 12:53:47
800.0,19,56,12.020902633666992,1,2435.8889657719255,64786.742366186365,8.0,55.0,11.912739038467407,491,2026-02-20 12:53:47,2026-02-20 12:53:47
800.0,19,58,12.620088577270508,1,5666.658196541156,52856.49849423891,15.0,29.0,11.912739038467407,492,2026-02-20 12:53:47,2026-02-20 12:53:47
800.0,19,59,16.00275421142578,2,5897.9131911163995,89564.94117715413,15.50105248824636,109.0,11.912739038467407,493,2026-02-20 12:53:47,2026-02-20 12:53:47
800.0,19,63,12.53946304321289,1,7512.812042695003,95988.9186466643,19.0,123.0,11.912739038467407,495,2026-02-20 12:53:47,2026-02-20 12:53:47
800.0,19,67,13.305288314819336,1,16282.042811925772,41843.96568936435,38.0,5.0,11.912739038467407,496,2026-02-20 12:53:47,2026-02-20 12:53:47
800.0,19,68,12.230878829956055,1,22743.58127346423,50562.22082655672,52.0,24.0,11.912739038467407,497,2026-02-20 12:53:47,2026-02-20 12:53:47
800.0,19,72,20.01734161376953,13,-1021.6944153055025,40491.24968349474,0.5085693409989062,2.0519784398280954,16.912739038467407,498,2026-02-20 12:53:47,2026-02-20 12:53:47
800.0,19,75,17.71104621887207,2,3358.9658888488484,47084.79136259711,10.0,16.421515684558184,16.912739038467407,501,2026-02-20 12:53:47,2026-02-20 12:53:47
800.0,19,76,22.545291900634766,2,6128.196658079618,58510.84571228036,16.0,41.32271772874327,16.912739038467407,502,2026-02-20 12:53:47,2026-02-20 12:53:47
800.0,19,77,20.0,1,7051.273581156542,42761.67675643723,18.0,7.0,16.912739038467407,503,2026-02-20 12:53:47,2026-02-20 12:53:47
800.0,19,78,17.133197784423828,1,8435.888965771926,72128.43090276941,21.0,71.0,16.912739038467407,504,2026-02-20 12:53:47,2026-02-20 12:53:47
800.0,19,80,17.24136734008789,1,10282.042811925772,69375.29770155076,25.0,65.0,16.912739038467407,506,2026-02-20 12:53:47,2026-02-20 12:53:47
800.0,19,82,31.005720138549805,3,11666.658196541157,56993.764004042605,28.0,38.016488213441406,16.912739038467407,508,2026-02-20 12:53:47,2026-02-20 12:53:47
800.0,19,83,15.884571075439453,2,23549.027912648893,58020.85586093651,53.745134384900105,40.254865615099895,16.912739038467407,509,2026-02-20 12:53:47,2026-02-20 12:53:47
800.0,20,3,10.258036613464355,5,-1132.768625187065,71198.502887024,0.267908552922187,68.97337517414606,6.912739038467407,512,2026-02-20 12:58:10,2026-02-20 12:58:10
800.0,20,13,8.745671272277832,2,5666.658196541156,81069.43900495667,15.0,90.48545336977439,6.912739038467407,521,2026-02-20 12:58:10,2026-02-20 12:58:10
800.0,20,15,10.203702926635742,1,7512.812042695003,98283.19631434651,19.0,128.0,6.912739038467407,522,2026-02-20 12:58:10,2026-02-20 12:58:10
800.0,20,19,7.400598049163818,9,8772.010322380007,65924.6018109229,21.72826293931751,57.47977710101251,6.912739038467407,524,2026-02-20 12:58:10,2026-02-20 12:58:10
800.0,20,21,7.42741060256958,1,12128.196658079618,45055.95442411943,29.0,12.0,6.912739038467407,526,2026-02-20 12:58:10,2026-02-20 12:58:10
800.0,20,25,7.015203952789307,1,15820.504350387311,54691.92062838467,37.0,33.0,6.912739038467407,530,2026-02-20 12:58:10,2026-02-20 12:58:10
800.0,20,28,7.848560810089111,1,16743.58127346423,54233.065094848236,39.0,32.0,6.912739038467407,533,2026-02-20 12:58:10,2026-02-20 12:58:10
800.0,20,30,5.508666038513184,11,17965.75516818254,48813.3779669339,41.64804343855633,20.18868525754865,6.912739038467407,535,2026-02-20 12:58:10,2026-02-20 12:58:10
800.0,20,33,8.645708084106445,3,19512.812042695004,68773.83058335453,45.0,63.68920155858059,6.912739038467407,538,2026-02-20 12:58:10,2026-02-20 12:58:10
800.0,20,34,5.626060962677002,2,21284.870406713133,39623.352785989526,48.83945978870595,0.16054021129404794,6.912739038467407,539,2026-02-20 12:58:10,2026-02-20 12:58:10
800.0,20,37,6.481315612792969,13,23929.937384686884,60083.5190865318,54.570438240982405,44.75010011668289,6.912739038467407,542,2026-02-20 12:58:10,2026-02-20 12:58:10
800.0,20,44,7.495926380157471,3,28743.58127346423,42756.857884704594,65.0,6.989498063376294,6.912739038467407,547,2026-02-20 12:58:10,2026-02-20 12:58:10
800.0,20,47,12.252008438110352,1,-794.8802649973053,60657.0425643584,1.0,46.0,11.912739038467407,548,2026-02-20 12:58:10,2026-02-20 12:58:10
800.0,20,48,13.85432243347168,7,7557.863743395785,91359.2719014049,19.09761201818503,112.9104480454266,11.912739038467407,549,2026-02-20 12:58:10,2026-02-20 12:58:10
800.0,20,52,10.82946491241455,6,12108.66955318786,58723.852040254926,28.95769127273452,41.786929909716456,11.912739038467407,552,2026-02-20 12:58:10,2026-02-20 12:58:10
800.0,20,53,13.136415481567383,1,25974.350504233465,51938.78742716603,59.0,27.0,11.912739038467407,553,2026-02-20 12:58:10,2026-02-20 12:58:10
800.0,20,56,25.885108947753906,35,-811.7204674851266,41638.32701832751,0.9635128946097203,4.551844412876622,16.912739038467407,554,2026-02-20 12:58:10,2026-02-20 12:58:10
800.0,20,58,17.518978118896484,1,10282.042811925772,73046.14196984228,25.0,73.0,16.912739038467407,556,2026-02-20 12:58:10,2026-02-20 12:58:10
800.0,20,59,19.172027587890625,2,28490.39254192145,65704.45343325924,64.45142441499064,57.0,16.912739038467407,557,2026-02-20 12:58:10,2026-02-20 12:58:10
800.0,21,3,9.495492935180664,6,-1047.131618280645,75977.66589544808,0.45345540121943095,79.38877317880919,6.912739038467407,559,2026-02-20 13:02:31,2026-02-20 13:02:31
800.0,21,4,7.042079448699951,2,1392.6953659822395,64786.742366186365,5.73974720045568,55.0,6.912739038467407,560,2026-02-20 13:02:31,2026-02-20 13:02:31
800.0,21,5,9.863990783691406,1,3358.9658888488484,70293.00876862365,10.0,67.0,6.912739038467407,561,2026-02-20 13:02:31,2026-02-20 13:02:31
800.0,21,6,8.157438278198242,1,4743.581273464233,59280.47596374908,13.0,43.0,6.912739038467407,562,2026-02-20 13:02:31,2026-02-20 13:02:31
800.0,21,28,7.111385345458984,3,19228.493830526088,71013.33665184486,44.383977206967344,68.56983588640541,6.912739038467407,577,2026-02-20 13:02:31,2026-02-20 13:02:31
800.0,21,31,7.907603740692139,15,21845.04440400273,40355.44006039322,50.05317011616674,1.7560037524252516,6.912739038467407,580,2026-02-20 13:02:31,2026-02-20 13:02:31
800.0,21,42,8.5,1,28282.04281192577,51479.93189362959,64.0,26.0,6.912739038467407,589,2026-02-20 13:02:31,2026-02-20 13:02:31
800.0,21,44,10.238402366638184,5,28464.63452337659,68712.68235440688,64.3956153748101,63.55593907294295,6.912739038467407,590,2026-02-20 13:02:31,2026-02-20 13:02:31
800.0,21,45,9.891359329223633,1,28743.58127346423,49644.50975948383,65.0,22.0,6.912739038467407,591,2026-02-20 13:02:31,2026-02-20 13:02:31
800.0,21,49,13.839278221130371,3,7807.219899481415,93235.78544544567,19.637883689703894,117.0,11.912739038467407,593,2026-02-20 13:02:31,2026-02-20 13:02:31
800.0,21,50,12.500000953674316,1,7974.350504233464,45055.95442411943,20.0,12.0,11.912739038467407,594,2026-02-20 13:02:31,2026-02-20 13:02:31
800.0,21,52,14.577727317810059,1,10282.042811925772,50562.22082655672,25.0,24.0,11.912739038467407,595,2026-02-20 13:02:31,2026-02-20 13:02:31
800.0,21,53,13.979071617126465,10,10720.797289482547,64381.68978446384,25.950634701373012,54.11725466488168,11.912739038467407,596,2026-02-20 13:02:31,2026-02-20 13:02:31
800.0,21,57,12.006150245666504,1,16743.58127346423,54233.065094848236,39.0,32.0,11.912739038467407,600,2026-02-20 13:02:31,2026-02-20 13:02:31
800.0,21,58,13.668712615966797,1,20897.427427310387,48726.79869241095,48.0,20.0,11.912739038467407,601,2026-02-20 13:02:31,2026-02-20 13:02:31
800.0,21,60,12.647809028625488,1,28743.58127346423,63410.17576557704,65.0,52.0,11.912739038467407,602,2026-02-20 13:02:31,2026-02-20 13:02:31
800.0,21,62,26.17780876159668,63,-556.0136848189908,42004.061781871234,1.5175442570530149,5.348903044217452,16.912739038467407,603,2026-02-20 13:02:31,2026-02-20 13:02:31
800.0,21,64,18.64145851135254,1,9820.504350387311,76716.98623813382,24.0,81.0,16.912739038467407,605,2026-02-20 13:02:31,2026-02-20 13:02:31
800.0,21,65,25.383846282958984,1,23666.658196541153,56986.19829606688,54.0,38.0,16.912739038467407,606,2026-02-20 13:02:31,2026-02-20 13:02:31
800.0,22,2,7.228130340576172,2,-859.2155759377349,56068.487228993996,0.8606068262957359,36.0,6.912739038467407,607,2026-02-20 13:06:54,2026-02-20 13:06:54
800.0,22,6,6.945753574371338,1,2435.8889657719255,67539.875567405,8.0,61.0,6.912739038467407,611,2026-02-20 13:06:54,2026-02-20 13:06:54
800.0,22,10,8.698080062866211,4,8124.235213075108,95795.68019326575,20.32475020249023,122.57886864323234,6.912739038467407,615,2026-02-20 13:06:54,2026-02-20 13:06:54
800.0,22,15,7.589911460876465,1,8435.888965771926,73504.99750337873,21.0,74.0,6.912739038467407,617,2026-02-20 13:06:54,2026-02-20 13:06:54
800.0,22,23,8.017263412475586,13,17873.567669691387,49921.09055664717,41.44830385849217,22.602762257287615,6.912739038467407,624,2026-02-20 13:06:54,2026-02-20 13:06:54
800.0,22,31,11.408693313598633,14,21723.356789076974,41058.73414487279,49.78951361716094,3.2887172822354187,6.912739038467407,631,2026-02-20 13:06:54,2026-02-20 13:06:54
800.0,22,50,12.807353019714355,4,8631.551017693031,79263.97609040748,21.42393444582906,86.55074455056429,11.912739038467407,643,2026-02-20 13:06:54,2026-02-20 13:06:54
800.0,22,53,13.007129669189453,4,10454.106206767437,67932.6167926483,25.37280402215694,61.855914763011356,11.912739038467407,646,2026-02-20 13:06:54,2026-02-20 13:06:54
800.0,22,56,12.093600273132324,1,18589.735119618083,55609.63169545756,43.0,35.0,11.912739038467407,649,2026-02-20 13:06:54,2026-02-20 13:06:54
800.0,22,57,13.150853157043457,1,23205.119735002692,58821.62043021264,53.0,42.0,11.912739038467407,650,2026-02-20 13:06:54,2026-02-20 13:06:54
800.0,22,58,12.570990562438965,1,24128.19665807962,64786.742366186365,55.0,55.0,11.912739038467407,651,2026-02-20 13:06:54,2026-02-20 13:06:54
800.0,22,59,12.0,2,24960.42340400674,71210.71983569654,56.80315794950876,69.0,11.912739038467407,652,2026-02-20 13:06:54,2026-02-20 13:06:54
800.0,22,60,12.5,1,28743.58127346423,65704.45343325924,65.0,57.0,11.912739038467407,653,2026-02-20 13:06:54,2026-02-20 13:06:54
800.0,22,62,22.514785766601562,46,-416.4206304468074,43694.21711355141,1.819995874859412,9.03231799326252,16.912739038467407,654,2026-02-20 13:06:54,2026-02-20 13:06:54
800.0,22,66,18.96953773498535,3,8435.888965771926,45940.951441455254,21.0,13.928705121010687,16.912739038467407,658,2026-02-20 13:06:54,2026-02-20 13:06:54
800.0,23,2,7.3894453048706055,1,-1256.4187265357668,58362.7648966762,0.0,41.0,6.912739038467407,659,2026-02-20 13:11:16,2026-02-20 13:11:16
800.0,23,3,8.090476036071777,1,-1256.4187265357668,78552.40837227958,0.0,85.0,6.912739038467407,660,2026-02-20 13:11:16,2026-02-20 13:11:16
800.0,23,7,8.098381996154785,2,6339.327301092791,53315.35402777536,16.45744972652854,30.0,6.912739038467407,664,2026-02-20 13:11:16,2026-02-20 13:11:16
800.0,23,9,11.170008659362793,19,8908.518071925917,74812.83815315872,22.024029730000315,76.85022311859322,6.912739038467407,666,2026-02-20 13:11:16,2026-02-20 13:11:16
800.0,23,10,9.56274127960205,20,9266.256542939434,81781.55519598136,22.799129750529602,92.03739322660982,6.912739038467407,667,2026-02-20 13:11:16,2026-02-20 13:11:16
800.0,23,11,7.843449115753174,1,7974.350504233464,98283.19631434651,20.0,128.0,6.912739038467407,668,2026-02-20 13:11:16,2026-02-20 13:11:16
800.0,23,14,8.911874771118164,3,12799.128320230828,52542.515957559546,30.453685267994288,28.31572681654402,6.912739038467407,670,2026-02-20 13:11:16,2026-02-20 13:11:16
800.0,23,16,5.003949165344238,4,16848.703400173225,64133.321322656746,39.22776460786949,53.57597654212941,6.912739038467407,672,2026-02-20 13:11:16,2026-02-20 13:11:16
800.0,23,39,8.095396041870117,3,28347.93003297717,60045.678113638416,64.14275564561136,44.66763195376952,6.912739038467407,689,2026-02-20 13:11:16,2026-02-20 13:11:16
800.0,23,46,12.963000297546387,2,10743.581273464233,70152.44323308433,26.0,66.69366058537865,11.912739038467407,693,2026-02-20 13:11:16,2026-02-20 13:11:16
800.0,23,47,13.685844421386719,1,17666.658196541153,55609.63169545756,41.0,35.0,11.912739038467407,694,2026-02-20 13:11:16,2026-02-20 13:11:16
800.0,23,48,12.645549774169922,1,22743.58127346423,40467.399088755024,52.0,2.0,11.912739038467407,695,2026-02-20 13:11:16,2026-02-20 13:11:16
800.0,23,49,13.202351570129395,1,23205.119735002692,41385.110155827904,53.0,4.0,11.912739038467407,696,2026-02-20 13:11:16,2026-02-20 13:11:16
800.0,23,53,13.297686576843262,3,28442.072452170072,68943.3159434276,64.34673088719599,64.05856696378086,11.912739038467407,698,2026-02-20 13:11:16,2026-02-20 13:11:16
800.0,23,55,19.970041275024414,16,217.56433172963386,44257.442173795804,3.1936299595750346,10.259774172996412,16.912739038467407,699,2026-02-20 13:11:16,2026-02-20 13:11:16
800.0,23,61,18.576215744018555,1,23205.119735002692,50562.22082655672,53.0,24.0,16.912739038467407,705,2026-02-20 13:11:16,2026-02-20 13:11:16
800.0,23,62,20.47918701171875,1,23205.119735002692,58821.62043021264,53.0,42.0,16.912739038467407,706,2026-02-20 13:11:16,2026-02-20 13:11:16
800.0,24,10,8.788941383361816,1,7974.350504233464,84058.67477471687,20.0,97.0,6.912739038467407,712,2026-02-20 13:15:30,2026-02-20 13:15:30
800.0,24,11,10.617826461791992,1,8897.427427310387,41843.96568936435,22.0,5.0,6.912739038467407,713,2026-02-20 13:15:30,2026-02-20 13:15:30
800.0,24,12,7.190835952758789,1,10282.042811925772,84517.5303082533,25.0,98.0,6.912739038467407,714,2026-02-20 13:15:30,2026-02-20 13:15:30
800.0,24,13,6.136600971221924,4,11706.795989823253,69825.33975466466,28.086965218777873,65.98079247218702,6.912739038467407,715,2026-02-20 13:15:30,2026-02-20 13:15:30
800.0,24,18,7.032557487487793,1,16282.042811925772,67081.02003386857,38.0,60.0,6.912739038467407,720,2026-02-20 13:15:30,2026-02-20 13:15:30
800.0,24,22,7.05301570892334,1,17205.119735002692,64327.88683264992,40.0,54.0,6.912739038467407,722,2026-02-20 13:15:30,2026-02-20 13:15:30
800.0,24,36,9.49389934539795,2,24128.19665807962,64871.45305954546,55.0,55.18461299290917,6.912739038467407,732,2026-02-20 13:15:30,2026-02-20 13:15:30
800.0,24,37,8.192639350891113,1,24589.735119618083,75799.27517106093,56.0,79.0,6.912739038467407,733,2026-02-20 13:15:30,2026-02-20 13:15:30
800.0,24,40,6.484636306762695,8,28279.201696499782,40661.921566761295,63.99384424991036,2.4239296767482927,6.912739038467407,736,2026-02-20 13:15:30,2026-02-20 13:15:30
800.0,24,48,15.190668106079102,1,6589.73511961808,63869.031299113485,17.0,53.0,11.912739038467407,741,2026-02-20 13:15:30,2026-02-20 13:15:30
800.0,24,50,12.76408576965332,5,9089.763403114972,78071.11889243464,22.4167279475766,83.9511089119148,11.912739038467407,743,2026-02-20 13:15:30,2026-02-20 13:15:30
800.0,24,51,15.450315475463867,2,17325.097829001395,54352.34575490623,40.25995253699719,32.25995253699719,11.912739038467407,744,2026-02-20 13:15:30,2026-02-20 13:15:30
800.0,24,55,12.825125694274902,1,22282.04281192577,45055.95442411943,51.0,12.0,11.912739038467407,748,2026-02-20 13:15:30,2026-02-20 13:15:30
800.0,24,56,13.558320999145508,1,22282.04281192577,45973.66549119231,51.0,14.0,11.912739038467407,749,2026-02-20 13:15:30,2026-02-20 13:15:30
800.0,24,57,11.97885513305664,1,22743.58127346423,50562.22082655672,52.0,24.0,11.912739038467407,750,2026-02-20 13:15:30,2026-02-20 13:15:30
800.0,24,58,13.39572525024414,4,28581.210005697878,71438.42214050362,64.64819558650623,69.4962396400718,11.912739038467407,751,2026-02-20 13:15:30,2026-02-20 13:15:30
800.0,24,60,13.98200511932373,29,-935.0413319213637,47766.56708376554,0.6963176883312067,17.907333488506023,16.912739038467407,752,2026-02-20 13:15:30,2026-02-20 13:15:30
800.0,25,11,7.746032238006592,1,10282.042811925772,87729.51904300839,25.0,105.0,6.912739038467407,761,2026-02-20 13:19:53,2026-02-20 13:19:53
800.0,25,12,8.548808097839355,7,11997.227732844229,72991.36768624981,28.716233995323325,72.88062847761621,6.912739038467407,762,2026-02-20 13:19:53,2026-02-20 13:19:53
800.0,25,14,10.961197853088379,39,18037.179352590545,58733.379059784565,41.802795838107,41.8076924783973,6.912739038467407,764,2026-02-20 13:19:53,2026-02-20 13:19:53
800.0,25,15,8.818891525268555,4,17247.94733583976,64356.773207790626,40.09279313514698,54.06295309314039,6.912739038467407,765,2026-02-20 13:19:53,2026-02-20 13:19:53
800.0,25,30,9.088465690612793,7,24781.487344302,40328.25980307525,56.415463153481824,1.6967688618519718,6.912739038467407,779,2026-02-20 13:19:53,2026-02-20 13:19:53
800.0,25,32,10.070808410644531,1,25051.273581156544,62951.3202320406,57.0,51.0,6.912739038467407,781,2026-02-20 13:19:53,2026-02-20 13:19:53
800.0,25,35,7.764302730560303,1,26435.888965771926,63410.17576557704,60.0,52.0,6.912739038467407,784,2026-02-20 13:19:53,2026-02-20 13:19:53
800.0,25,37,7.33290433883667,1,27820.50435038731,64786.742366186365,63.0,55.0,6.912739038467407,786,2026-02-20 13:19:53,2026-02-20 13:19:53
800.0,25,41,7.751458168029785,1,28743.58127346423,64327.88683264992,65.0,54.0,6.912739038467407,790,2026-02-20 13:19:53,2026-02-20 13:19:53
800.0,25,45,15.413959503173828,1,-794.8802649973053,56986.19829606688,1.0,38.0,11.912739038467407,791,2026-02-20 13:19:53,2026-02-20 13:19:53
800.0,25,52,12.786392211914062,4,9162.513597075342,78151.84980856627,22.57435336782407,84.12704863636237,11.912739038467407,797,2026-02-20 13:19:53,2026-02-20 13:19:53
800.0,25,53,12.484454154968262,5,9531.990774659835,62051.55638760363,23.37488725259047,49.03911301340878,11.912739038467407,798,2026-02-20 13:19:53,2026-02-20 13:19:53
800.0,25,55,14.812444686889648,1,9820.504350387311,50562.22082655672,24.0,24.0,11.912739038467407,800,2026-02-20 13:19:53,2026-02-20 13:19:53
800.0,25,58,12.774428367614746,4,22626.37323601506,47907.562577623816,51.746049252193465,18.214609926411455,11.912739038467407,803,2026-02-20 13:19:53,2026-02-20 13:19:53
800.0,25,60,11.991341590881348,1,28743.58127346423,73963.85303691517,65.0,75.0,11.912739038467407,805,2026-02-20 13:19:53,2026-02-20 13:19:53
800.0,25,63,17.500202178955078,6,-1048.3213359991703,51258.33267192443,0.4508776794959592,25.517061023548578,16.912739038467407,807,2026-02-20 13:19:53,2026-02-20 13:19:53
800.0,25,64,16.47722625732422,3,4076.504575672691,49101.27160821867,11.55466715478499,20.816101993848946,16.912739038467407,808,2026-02-20 13:19:53,2026-02-20 13:19:53
800.0,26,10,11.0,1,10282.042811925772,43679.38782351011,25.0,9.0,6.912739038467407,814,2026-02-20 13:24:15,2026-02-20 13:24:15
800.0,26,11,7.321622371673584,1,12589.735119618079,75340.4196375245,30.0,78.0,6.912739038467407,815,2026-02-20 13:24:15,2026-02-20 13:24:15
800.0,26,13,10.538034439086914,7,16907.558379989066,55242.994360309734,39.35528373080381,34.200974362623214,6.912739038467407,817,2026-02-20 13:24:15,2026-02-20 13:24:15
800.0,26,25,10.812398910522461,7,24363.48552622228,76119.82899931699,55.50979254764243,79.6985942302701,6.912739038467407,826,2026-02-20 13:24:15,2026-02-20 13:24:15
800.0,26,30,10.745986938476562,1,26435.888965771926,63869.031299113485,60.0,53.0,6.912739038467407,831,2026-02-20 13:24:15,2026-02-20 13:24:15
800.0,26,33,7.755592346191406,2,28589.70930691471,51479.93189362959,64.6666107391427,26.0,6.912739038467407,834,2026-02-20 13:24:15,2026-02-20 13:24:15
800.0,26,49,15.96274471282959,12,9424.670497601583,80634.29152689116,23.142359985630925,89.53712116876159,11.912739038467407,846,2026-02-20 13:24:15,2026-02-20 13:24:15
800.0,26,51,12.150800704956055,2,9306.804293333791,65704.45343325924,22.886983209717375,57.0,11.912739038467407,848,2026-02-20 13:24:15,2026-02-20 13:24:15
800.0,26,52,14.859085083007812,2,9358.965888848848,63010.651024582876,23.0,51.12930168256882,11.912739038467407,849,2026-02-20 13:24:15,2026-02-20 13:24:15
800.0,26,54,13.023155212402344,1,19512.812042695004,61574.75363143128,45.0,48.0,11.912739038467407,851,2026-02-20 13:24:15,2026-02-20 13:24:15
800.0,26,57,7.555582046508789,8,23168.189164408657,50356.681514522956,52.91998376371293,23.552060949446002,11.912739038467407,854,2026-02-20 13:24:15,2026-02-20 13:24:15
800.0,26,58,14.373991966247559,3,24373.521719867214,39642.3901466526,55.53153763387312,0.20202900084039743,11.912739038467407,855,2026-02-20 13:24:15,2026-02-20 13:24:15
800.0,26,60,16.992576599121094,1,-1256.4187265357668,53774.2095613118,0.0,31.0,16.912739038467407,856,2026-02-20 13:24:15,2026-02-20 13:24:15
800.0,26,61,17.810901641845703,1,-333.34180345884374,59739.33149728552,2.0,44.0,16.912739038467407,857,2026-02-20 13:24:15,2026-02-20 13:24:15
800.0,26,62,17.636350631713867,4,562.4485968103395,47067.92728353138,3.9408792005832303,16.38476320402088,16.912739038467407,858,2026-02-20 13:24:15,2026-02-20 13:24:15
800.0,27,12,7.125101566314697,12,17106.44355244867,70095.63209074856,39.786201604466285,66.569850065109,6.912739038467407,866,2026-02-20 13:28:37,2026-02-20 13:28:37
800.0,27,13,10.316725730895996,5,17656.916076569672,59516.90873822937,40.97889207339512,43.51526625963968,6.912739038467407,867,2026-02-20 13:28:37,2026-02-20 13:28:37
800.0,27,29,6.476540565490723,2,24217.2896359976,78922.68882632938,55.193034785488955,85.80696521451104,6.912739038467407,881,2026-02-20 13:28:37,2026-02-20 13:28:37
800.0,27,44,11.07929515838623,4,9241.264474262694,83830.90388257283,22.744980268396667,96.50361088513289,11.912739038467407,893,2026-02-20 13:28:37,2026-02-20 13:28:37
800.0,27,45,12.819019317626953,1,9358.965888848848,68916.44216801433,23.0,64.0,11.912739038467407,894,2026-02-20 13:28:37,2026-02-20 13:28:37
800.0,27,46,13.500000953674316,2,10282.042811925772,50302.27087793438,25.0,23.433481935765546,11.912739038467407,895,2026-02-20 13:28:37,2026-02-20 13:28:37
800.0,27,51,12.871376991271973,1,28743.58127346423,50103.36529302027,65.0,23.0,11.912739038467407,898,2026-02-20 13:28:37,2026-02-20 13:28:37
800.0,27,53,17.687671661376953,1,-794.8802649973053,58821.62043021264,1.0,42.0,16.912739038467407,899,2026-02-20 13:28:37,2026-02-20 13:28:37
800.0,27,54,13.551206588745117,3,23167.219829550053,50293.70052240267,52.91788353818595,23.41480425857669,16.912739038467407,900,2026-02-20 13:28:37,2026-02-20 13:28:37
800.0,27,55,17.125274658203125,1,25051.273581156544,40926.25462229147,57.0,3.0,16.912739038467407,901,2026-02-20 13:28:37,2026-02-20 13:28:37
800.0,28,12,8.14521312713623,2,9358.965888848848,71013.7471245944,23.0,68.57073044410286,6.912739038467407,908,2026-02-20 13:33:00,2026-02-20 13:33:00
800.0,28,13,7.664370536804199,2,9498.136291045728,72266.79230593322,23.301535871426573,71.30153587142657,6.912739038467407,909,2026-02-20 13:33:00,2026-02-20 13:33:00
800.0,28,15,11.20585823059082,3,10024.786263860755,85482.47516907348,24.442610812525796,100.10293826770109,6.912739038467407,911,2026-02-20 13:33:00,2026-02-20 13:33:00
800.0,28,19,10.365234375,2,16743.58127346423,72376.42853400322,39.0,71.54046995864358,6.912739038467407,913,2026-02-20 13:33:00,2026-02-20 13:33:00
800.0,28,21,7.311547756195068,2,17230.286789939375,66163.30896679568,40.05452861902948,58.0,6.912739038467407,914,2026-02-20 13:33:00,2026-02-20 13:33:00
800.0,28,24,7.811251163482666,1,19051.273581156544,44138.24335704655,44.0,10.0,6.912739038467407,917,2026-02-20 13:33:00,2026-02-20 13:33:00
800.0,28,39,9.869998931884766,3,28381.172130834857,39659.492197158055,64.21478019096969,0.2393001009046165,6.912739038467407,927,2026-02-20 13:33:00,2026-02-20 13:33:00
800.0,28,54,12.651782989501953,2,381.0085151888129,52856.49849423891,3.5477590237365892,29.0,11.912739038467407,939,2026-02-20 13:33:00,2026-02-20 13:33:00
800.0,28,60,15.271063804626465,1,8897.427427310387,41843.96568936435,22.0,5.0,11.912739038467407,942,2026-02-20 13:33:00,2026-02-20 13:33:00
800.0,28,64,13.488509178161621,2,18675.03928297507,61115.89809789484,43.184825687273474,47.0,11.912739038467407,944,2026-02-20 13:33:00,2026-02-20 13:33:00
800.0,28,66,11.192564010620117,7,23264.114307752217,51913.82876158843,53.127821574290635,26.945606702429316,11.912739038467407,946,2026-02-20 13:33:00,2026-02-20 13:33:00
800.0,28,72,12.713072776794434,1,28743.58127346423,69834.1532350872,65.0,66.0,11.912739038467407,951,2026-02-20 13:33:00,2026-02-20 13:33:00
800.0,28,74,19.603252410888672,1,-333.34180345884374,58821.62043021264,2.0,42.0,16.912739038467407,952,2026-02-20 13:33:00,2026-02-20 13:33:00
800.0,28,75,17.57312774658203,1,2897.4274273103874,61574.75363143128,9.0,48.0,16.912739038467407,953,2026-02-20 13:33:00,2026-02-20 13:33:00
800.0,28,76,19.539216995239258,1,6128.196658079618,58821.62043021264,16.0,42.0,16.912739038467407,954,2026-02-20 13:33:00,2026-02-20 13:33:00
800.0,28,77,24.331430435180664,1,6589.73511961808,57903.909363139755,17.0,40.0,16.912739038467407,955,2026-02-20 13:33:00,2026-02-20 13:33:00
800.0,28,78,23.06626319885254,1,10282.042811925772,48726.79869241095,25.0,20.0,16.912739038467407,956,2026-02-20 13:33:00,2026-02-20 13:33:00
800.0,28,79,18.8190975189209,1,11666.658196541157,52856.49849423891,28.0,29.0,16.912739038467407,957,2026-02-20 13:33:00,2026-02-20 13:33:00
800.0,28,80,16.040422439575195,3,24874.899541085124,43501.223449620054,56.61785624651192,8.611720114788799,16.912739038467407,958,2026-02-20 13:33:00,2026-02-20 13:33:00
800.0,29,15,6.917391777038574,1,16282.042811925772,69375.29770155076,38.0,65.0,6.912739038467407,968,2026-02-20 13:37:13,2026-02-20 13:37:13
800.0,29,16,8.632917404174805,1,16282.042811925772,74881.56410398806,38.0,77.0,6.912739038467407,969,2026-02-20 13:37:13,2026-02-20 13:37:13
800.0,29,17,11.605700492858887,6,17415.889046905788,63761.23764285769,40.456666842456706,52.76508149433218,6.912739038467407,970,2026-02-20 13:37:13,2026-02-20 13:37:13
800.0,29,31,9.341794967651367,5,22587.996143276243,64957.35211634037,51.66289888459269,55.3718158280431,6.912739038467407,981,2026-02-20 13:37:13,2026-02-20 13:37:13
800.0,29,36,9.467050552368164,1,28282.04281192577,75340.4196375245,64.0,78.0,6.912739038467407,984,2026-02-20 13:37:13,2026-02-20 13:37:13
800.0,29,37,7.132648468017578,1,28743.58127346423,41385.110155827904,65.0,4.0,6.912739038467407,985,2026-02-20 13:37:13,2026-02-20 13:37:13
800.0,29,41,13.643205642700195,5,-964.5261348996221,58640.84649853859,0.6324339485449804,41.60603301374441,11.912739038467407,988,2026-02-20 13:37:13,2026-02-20 13:37:13
800.0,29,44,14.301234245300293,14,-1103.1890473236108,65245.13235311249,0.3319976382930049,55.99898541790107,11.912739038467407,991,2026-02-20 13:37:13,2026-02-20 13:37:13
800.0,29,62,17.0,1,3358.9658888488484,54691.92062838467,10.0,33.0,16.912739038467407,1004,2026-02-20 13:37:13,2026-02-20 13:37:13
800.0,29,63,18.39484977722168,1,11666.658196541157,56527.34276253044,28.0,37.0,16.912739038467407,1005,2026-02-20 13:37:13,2026-02-20 13:37:13
800.0,29,65,24.477384567260742,4,23666.658196541153,55918.994489462806,54.0,35.674205215791915,16.912739038467407,1007,2026-02-20 13:37:13,2026-02-20 13:37:13
800.0,29,66,17.164531707763672,6,25179.392516150965,46251.182225997494,57.277591025821245,14.604801979102968,16.912739038467407,1008,2026-02-20 13:37:13,2026-02-20 13:37:13
800.0,30,12,7.198661804199219,2,12528.415416190352,51479.93189362959,29.867140642573258,26.0,6.912739038467407,1014,2026-02-20 13:41:36,2026-02-20 13:41:36
800.0,30,16,7.746496677398682,1,19051.273581156544,73963.85303691517,44.0,75.0,6.912739038467407,1017,2026-02-20 13:41:36,2026-02-20 13:41:36
800.0,30,25,7.69717264175415,5,23166.127890914067,68686.52836283355,52.91551767114131,63.49894075939584,6.912739038467407,1024,2026-02-20 13:41:36,2026-02-20 13:41:36
800.0,30,37,17.869421005249023,4,-23.04389602575848,54896.73264781736,2.6723121327716846,33.44635403621306,11.912739038467407,1033,2026-02-20 13:41:36,2026-02-20 13:41:36
800.0,30,41,14.0,1,8897.427427310387,78093.55283874314,22.0,84.0,11.912739038467407,1036,2026-02-20 13:41:36,2026-02-20 13:41:36
800.0,30,43,14.43947982788086,4,17543.54092767424,66033.61269211206,40.73324591745502,57.71734834778161,11.912739038467407,1038,2026-02-20 13:41:36,2026-02-20 13:41:36
800.0,30,52,17.92036247253418,1,-1256.4187265357668,67998.73110094146,0.0,62.0,16.912739038467407,1043,2026-02-20 13:41:36,2026-02-20 13:41:36
800.0,30,53,17.352741241455078,1,9820.504350387311,62951.3202320406,24.0,51.0,16.912739038467407,1044,2026-02-20 13:41:36,2026-02-20 13:41:36
800.0,30,55,18.957399368286133,2,24199.329339332657,59739.33149728552,55.154120809381574,44.0,16.912739038467407,1046,2026-02-20 13:41:36,2026-02-20 13:41:36
800.0,30,56,15.173515319824219,6,25359.664334714813,47754.1974556888,57.66817996604292,17.880375923057475,16.912739038467407,1047,2026-02-20 13:41:36,2026-02-20 13:41:36
800.0,31,21,10.548850059509277,5,19422.539278405566,42988.74517907526,44.804409010706216,7.494858198370196,6.912739038467407,1058,2026-02-20 13:45:59,2026-02-20 13:45:59
800.0,31,38,6.407769680023193,6,28666.249673915365,42492.04823064895,64.83244820097745,6.412389072198338,6.912739038467407,1070,2026-02-20 13:45:59,2026-02-20 13:45:59
800.0,31,39,10.872774124145508,1,28743.58127346423,54691.92062838467,65.0,33.0,6.912739038467407,1071,2026-02-20 13:45:59,2026-02-20 13:45:59
800.0,31,43,12.869318008422852,1,-1256.4187265357668,62951.3202320406,0.0,51.0,11.912739038467407,1074,2026-02-20 13:45:59,2026-02-20 13:45:59
800.0,31,45,16.775293350219727,12,-1126.0450597593695,69847.61875453171,0.28247627801552744,66.02934588004362,11.912739038467407,1076,2026-02-20 13:45:59,2026-02-20 13:45:59
800.0,31,49,11.977330207824707,7,661.5611479952878,56519.18909544779,4.1556230614839516,36.98223042660114,11.912739038467407,1080,2026-02-20 13:45:59,2026-02-20 13:45:59
800.0,31,52,14.537982940673828,9,9732.932981002894,62124.98011225378,23.81026203300043,49.19912791850162,11.912739038467407,1083,2026-02-20 13:45:59,2026-02-20 13:45:59
800.0,31,54,16.01163673400879,1,10282.042811925772,45973.66549119231,25.0,14.0,11.912739038467407,1085,2026-02-20 13:45:59,2026-02-20 13:45:59
800.0,31,58,13.413846969604492,1,20897.427427310387,51938.78742716603,48.0,27.0,11.912739038467407,1089,2026-02-20 13:45:59,2026-02-20 13:45:59
800.0,31,59,13.245577812194824,1,21358.96588884885,67539.875567405,49.0,61.0,11.912739038467407,1090,2026-02-20 13:45:59,2026-02-20 13:45:59
800.0,31,62,11.977274894714355,1,23205.119735002692,71210.71983569654,53.0,69.0,11.912739038467407,1092,2026-02-20 13:45:59,2026-02-20 13:45:59
800.0,31,67,17.315160751342773,2,23491.177997281382,59106.01583276017,53.61979290160383,42.61979290160383,16.912739038467407,1095,2026-02-20 13:45:59,2026-02-20 13:45:59
800.0,31,68,15.728605270385742,10,25944.976813016274,50119.147954242646,58.93635700236275,23.03439570860296,16.912739038467407,1096,2026-02-20 13:45:59,2026-02-20 13:45:59
800.0,32,10,10.215993881225586,11,7389.66151662279,46502.00364231167,18.733173860176873,15.151425911871245,6.912739038467407,1102,2026-02-20 13:50:22,2026-02-20 13:50:22
800.0,32,13,7.379120349884033,1,8897.427427310387,78093.55283874314,22.0,84.0,6.912739038467407,1105,2026-02-20 13:50:22,2026-02-20 13:50:22
800.0,32,15,7.907412052154541,1,10743.581273464233,54691.92062838467,26.0,33.0,6.912739038467407,1106,2026-02-20 13:50:22,2026-02-20 13:50:22
800.0,32,18,7.115168571472168,3,18352.025398055383,57445.05382960332,42.48496226994748,39.0,6.912739038467407,1109,2026-02-20 13:50:22,2026-02-20 13:50:22
800.0,32,20,4.961002826690674,3,19335.25655236416,43204.51211967988,44.61529643761651,7.965086679525648,6.912739038467407,1111,2026-02-20 13:50:22,2026-02-20 13:50:22
800.0,32,21,8.58011531829834,3,19512.812042695004,44621.29225584815,45.0,11.052725451687811,6.912739038467407,1112,2026-02-20 13:50:22,2026-02-20 13:50:22
800.0,32,34,6.994102954864502,2,28644.196670917434,44138.24335704655,64.78466669448194,10.0,6.912739038467407,1120,2026-02-20 13:50:22,2026-02-20 13:50:22
800.0,32,37,14.099851608276367,22,-1020.4829404546435,71110.29346339939,0.5111942031757671,68.78113727533555,11.912739038467407,1122,2026-02-20 13:50:22,2026-02-20 13:50:22
800.0,32,40,12.09271240234375,1,7051.273581156542,69375.29770155076,18.0,65.0,11.912739038467407,1124,2026-02-20 13:50:22,2026-02-20 13:50:22
800.0,32,44,13.0,1,19974.350504233465,70751.86430216009,46.0,68.0,11.912739038467407,1127,2026-02-20 13:50:22,2026-02-20 13:50:22
800.0,32,51,17.14316749572754,1,1512.8120426950027,59739.33149728552,6.0,44.0,16.912739038467407,1131,2026-02-20 13:50:22,2026-02-20 13:50:22
800.0,32,52,18.463804244995117,2,10533.12685879496,62742.08919112957,25.544015434883242,50.54401543488324,16.912739038467407,1132,2026-02-20 13:50:22,2026-02-20 13:50:22
800.0,32,53,17.193410873413086,1,23205.119735002692,66622.16450033212,53.0,59.0,16.912739038467407,1133,2026-02-20 13:50:22,2026-02-20 13:50:22
800.0,32,55,18.41314125061035,4,26519.086090403063,52547.975503566544,60.1802604367008,28.327624997143307,16.912739038467407,1135,2026-02-20 13:50:22,2026-02-20 13:50:22
800.0,33,5,10.704978942871094,21,49.10669124925305,60775.384006134824,2.828638405200876,46.25790566556832,6.912739038467407,1139,2026-02-20 13:54:45,2026-02-20 13:54:45
800.0,33,26,10.282092094421387,1,16282.042811925772,56068.487228993996,38.0,36.0,6.912739038467407,1156,2026-02-20 13:54:45,2026-02-20 13:54:45
800.0,33,27,9.744925498962402,1,17205.119735002692,74422.70857045162,40.0,76.0,6.912739038467407,1157,2026-02-20 13:54:45,2026-02-20 13:54:45
800.0,33,31,5.470949172973633,4,20819.48337337291,44039.10739953557,47.8311212164688,9.783949521656773,6.912739038467407,1161,2026-02-20 13:54:45,2026-02-20 13:54:45
800.0,33,44,7.0,1,25512.812042695004,40008.54355521859,58.0,1.0,6.912739038467407,1170,2026-02-20 13:54:45,2026-02-20 13:54:45
800.0,33,51,5.577516078948975,2,27350.51909827568,45064.35211340886,61.9816986204248,12.018301379575197,6.912739038467407,1175,2026-02-20 13:54:45,2026-02-20 13:54:45
800.0,33,52,7.330689430236816,2,28743.58127346423,48541.06578336413,65.0,19.59522573997231,6.912739038467407,1176,2026-02-20 13:54:45,2026-02-20 13:54:45
800.0,33,55,9.933221817016602,10,-1032.496781646452,73158.49222494967,0.48516421392684866,73.24484886177899,11.912739038467407,1178,2026-02-20 13:54:45,2026-02-20 13:54:45
800.0,33,56,13.285283088684082,1,7974.350504233464,49644.50975948383,20.0,22.0,11.912739038467407,1179,2026-02-20 13:54:45,2026-02-20 13:54:45
800.0,33,57,15.212169647216797,1,9358.965888848848,51938.78742716603,23.0,27.0,11.912739038467407,1180,2026-02-20 13:54:45,2026-02-20 13:54:45
800.0,33,58,12.075194358825684,1,9358.965888848848,73504.99750337873,23.0,74.0,11.912739038467407,1181,2026-02-20 13:54:45,2026-02-20 13:54:45
800.0,33,59,11.767037391662598,8,10537.595977095341,65202.42118842724,25.553698524534067,55.90590347475423,11.912739038467407,1182,2026-02-20 13:54:45,2026-02-20 13:54:45
800.0,33,60,14.14752197265625,4,22483.91181901861,71008.4451046993,51.43738284870115,68.55917556569868,11.912739038467407,1183,2026-02-20 13:54:45,2026-02-20 13:54:45
800.0,33,62,14.06733226776123,4,23472.800585172354,68992.34488139833,53.5799751753676,64.16541745241472,11.912739038467407,1185,2026-02-20 13:54:45,2026-02-20 13:54:45
800.0,33,66,13.94283390045166,4,24528.739077503982,68058.55562933127,55.86784190875278,62.13037769846371,11.912739038467407,1188,2026-02-20 13:54:45,2026-02-20 13:54:45
800.0,33,73,21.81446075439453,3,26224.894606519283,55371.279796758245,59.542845554952606,34.48055132546334,16.912739038467407,1192,2026-02-20 13:54:45,2026-02-20 13:54:45
800.0,34,25,4.558023452758789,3,16949.13418544408,59542.33227071045,39.445364642623005,43.57067265800027,6.912739038467407,1212,2026-02-20 13:59:07,2026-02-20 13:59:07
800.0,34,36,8.121821403503418,2,21358.96588884885,75836.07305786664,49.0,79.08019492872214,6.912739038467407,1222,2026-02-20 13:59:07,2026-02-20 13:59:07
800.0,34,38,7.348781108856201,2,22472.62815019538,42951.15422010173,51.41293489958416,7.412934899584161,6.912739038467407,1224,2026-02-20 13:59:07,2026-02-20 13:59:07
800.0,34,44,9.323241233825684,3,26847.705503451525,47328.22090503183,60.89226916497246,16.95203024664394,6.912739038467407,1226,2026-02-20 13:59:07,2026-02-20 13:59:07
800.0,34,48,12.590462684631348,1,-794.8802649973053,74881.56410398806,1.0,77.0,11.912739038467407,1229,2026-02-20 13:59:07,2026-02-20 13:59:07
800.0,34,52,14.23058795928955,2,9132.4397985789,76716.98623813382,22.50919347108178,81.0,11.912739038467407,1233,2026-02-20 13:59:07,2026-02-20 13:59:07
800.0,34,53,12.999999046325684,1,9820.504350387311,53774.2095613118,24.0,31.0,11.912739038467407,1234,2026-02-20 13:59:07,2026-02-20 13:59:07
800.0,34,55,12.764347076416016,6,10727.973699241738,68209.42649544631,25.966183589184595,62.459175882398135,11.912739038467407,1236,2026-02-20 13:59:07,2026-02-20 13:59:07
800.0,34,68,19.0,1,24128.19665807962,69834.1532350872,55.0,66.0,16.912739038467407,1245,2026-02-20 13:59:07,2026-02-20 13:59:07
800.0,34,69,19.327930450439453,6,26715.161523972765,57212.45734864556,60.60509054276849,38.493094309738154,16.912739038467407,1246,2026-02-20 13:59:07,2026-02-20 13:59:07
800.0,35,11,9.551717758178711,2,3820.5043503873103,59115.53801562008,11.0,42.64054492956027,6.912739038467407,1254,2026-02-20 14:03:30,2026-02-20 14:03:30
800.0,35,13,7.419931888580322,2,7212.309392957704,42761.67675643723,18.348910925569186,7.0,6.912739038467407,1255,2026-02-20 14:03:30,2026-02-20 14:03:30
800.0,35,16,8.56283187866211,1,8435.888965771926,50562.22082655672,21.0,24.0,6.912739038467407,1257,2026-02-20 14:03:30,2026-02-20 14:03:30
800.0,35,17,7.981385231018066,3,10061.827340125152,55833.642647021254,24.522866477765323,35.488194944141185,6.912739038467407,1258,2026-02-20 14:03:30,2026-02-20 14:03:30
800.0,35,28,9.043533325195312,16,21086.556013037396,48912.59755154363,48.409778602408515,20.40491798736894,6.912739038467407,1268,2026-02-20 14:03:30,2026-02-20 14:03:30
800.0,35,39,7.521406173706055,2,26435.888965771926,52326.835217359214,60.0,27.84568619496089,6.912739038467407,1275,2026-02-20 14:03:30,2026-02-20 14:03:30
800.0,35,41,8.5,3,28060.217210544903,45055.95442411943,63.519377863674784,12.0,6.912739038467407,1277,2026-02-20 14:03:30,2026-02-20 14:03:30
800.0,35,46,12.911787986755371,1,-1256.4187265357668,77175.84177167025,0.0,82.0,11.912739038467407,1280,2026-02-20 14:03:30,2026-02-20 14:03:30
800.0,35,47,13.642627716064453,3,393.1176863487494,55150.776161921116,3.573995561249785,34.0,11.912739038467407,1281,2026-02-20 14:03:30,2026-02-20 14:03:30
800.0,35,48,11.926371574401855,1,7974.350504233464,79470.11943935245,20.0,87.0,11.912739038467407,1282,2026-02-20 14:03:30,2026-02-20 14:03:30
800.0,35,51,13.595389366149902,6,11067.501991029125,71211.75081643648,26.7018282213906,69.00224685258124,11.912739038467407,1285,2026-02-20 14:03:30,2026-02-20 14:03:30
800.0,35,53,15.377432823181152,3,22915.892120734097,70302.67700880337,52.37334016908471,67.02107033580963,11.912739038467407,1287,2026-02-20 14:03:30,2026-02-20 14:03:30
800.0,35,59,24.5,1,-1256.4187265357668,45514.80995765587,0.0,13.0,16.912739038467407,1290,2026-02-20 14:03:30,2026-02-20 14:03:30
800.0,35,62,22.003469467163086,18,26790.659539968645,59458.819857124625,60.76866957742622,43.38867111833878,16.912739038467407,1293,2026-02-20 14:03:30,2026-02-20 14:03:30
800.0,36,4,8.216760635375977,2,-1256.4187265357668,79182.91969361466,0.0,86.37409549466624,6.912739038467407,1295,2026-02-20 14:07:52,2026-02-20 14:07:52
800.0,36,7,8.492188453674316,2,4282.042811925772,67340.3540803464,12.0,60.565175807032595,6.912739038467407,1297,2026-02-20 14:07:52,2026-02-20 14:07:52
800.0,36,12,6.446384429931641,3,8320.80472742814,81658.30830428418,20.750650816921794,91.76879694152788,6.912739038467407,1299,2026-02-20 14:07:52,2026-02-20 14:07:52
800.0,36,30,9.452644348144531,3,21403.37352995565,76989.82015973446,49.0962165557314,81.59459655961408,6.912739038467407,1310,2026-02-20 14:07:52,2026-02-20 14:07:52
800.0,36,45,6.594414234161377,2,27976.235277945798,43983.41769503177,63.33741700971006,9.662582990289945,6.912739038467407,1322,2026-02-20 14:07:52,2026-02-20 14:07:52
800.0,36,52,12.728968620300293,1,128.19665807961792,57903.909363139755,3.0,40.0,11.912739038467407,1327,2026-02-20 14:07:52,2026-02-20 14:07:52
800.0,36,60,15.791526794433594,1,19051.273581156544,52856.49849423891,44.0,29.0,11.912739038467407,1333,2026-02-20 14:07:52,2026-02-20 14:07:52
800.0,36,61,13.048699378967285,1,19512.812042695004,61115.89809789484,45.0,47.0,11.912739038467407,1334,2026-02-20 14:07:52,2026-02-20 14:07:52
800.0,36,62,12.760320663452148,1,20897.427427310387,51479.93189362959,48.0,26.0,11.912739038467407,1335,2026-02-20 14:07:52,2026-02-20 14:07:52
800.0,36,63,12.336088180541992,1,21358.96588884885,48726.79869241095,49.0,20.0,11.912739038467407,1336,2026-02-20 14:07:52,2026-02-20 14:07:52
800.0,36,64,12.877166748046875,2,21658.069728097773,69375.29770155076,49.64805831837267,65.0,11.912739038467407,1337,2026-02-20 14:07:52,2026-02-20 14:07:52
800.0,36,65,12.406530380249023,1,22282.04281192577,47350.232091801634,51.0,17.0,11.912739038467407,1338,2026-02-20 14:07:52,2026-02-20 14:07:52
800.0,36,67,12.082402229309082,1,23666.658196541153,50103.36529302027,54.0,23.0,11.912739038467407,1339,2026-02-20 14:07:52,2026-02-20 14:07:52
800.0,36,68,12.812156677246094,1,24128.19665807962,49185.65422594739,55.0,21.0,11.912739038467407,1340,2026-02-20 14:07:52,2026-02-20 14:07:52
800.0,36,72,12.952616691589355,1,27820.50435038731,51479.93189362959,63.0,26.0,11.912739038467407,1343,2026-02-20 14:07:52,2026-02-20 14:07:52
800.0,36,75,18.714757919311523,1,-1256.4187265357668,45514.80995765587,0.0,13.0,16.912739038467407,1345,2026-02-20 14:07:52,2026-02-20 14:07:52
800.0,36,76,17.0,1,7512.812042695003,52856.49849423891,19.0,29.0,16.912739038467407,1346,2026-02-20 14:07:52,2026-02-20 14:07:52
800.0,36,77,18.57189178466797,2,10117.550780515547,58362.7648966762,24.643600598611176,41.0,16.912739038467407,1347,2026-02-20 14:07:52,2026-02-20 14:07:52
800.0,36,78,15.219261169433594,10,24193.894884931964,57689.33432623944,55.142346158180075,39.532369076500906,16.912739038467407,1348,2026-02-20 14:07:52,2026-02-20 14:07:52
800.0,36,79,20.48746681213379,10,27192.99766212816,61700.132964151344,61.64040217543851,48.2732435887909,16.912739038467407,1349,2026-02-20 14:07:52,2026-02-20 14:07:52
800.0,37,7,8.904800415039062,2,1512.8120426950027,58989.755023971375,6.0,42.36642163267142,6.912739038467407,1354,2026-02-20 14:12:16,2026-02-20 14:12:16
800.0,37,8,8.181836128234863,2,2897.4274273103874,71480.24598692502,9.0,69.58738781932347,6.912739038467407,1355,2026-02-20 14:12:16,2026-02-20 14:12:16
800.0,37,48,14.766249656677246,4,9261.178022864944,54624.48985597198,22.788126290368208,32.85304574646186,11.912739038467407,1378,2026-02-20 14:12:16,2026-02-20 14:12:16
800.0,37,49,12.075669288635254,9,10436.694497006996,69115.8531493387,25.33507865100932,64.43458336393483,11.912739038467407,1379,2026-02-20 14:12:16,2026-02-20 14:12:16
800.0,37,52,15.796392440795898,5,11666.658196541157,48008.07559145731,28.0,18.433661472022845,11.912739038467407,1382,2026-02-20 14:12:16,2026-02-20 14:12:16
800.0,37,70,18.60887336730957,2,-1256.4187265357668,42425.49209818112,0.0,6.267340952248966,16.912739038467407,1396,2026-02-20 14:12:16,2026-02-20 14:12:16
800.0,37,71,16.42380714416504,4,10138.430681730108,60656.75731276613,24.68884038457606,45.99937834117403,16.912739038467407,1397,2026-02-20 14:12:16,2026-02-20 14:12:16
800.0,37,72,17.255992889404297,1,21358.96588884885,53315.35402777536,49.0,30.0,16.912739038467407,1398,2026-02-20 14:12:16,2026-02-20 14:12:16
800.0,37,74,20.250587463378906,12,27501.88020280434,63784.30894856595,62.3096476802369,52.81536160217014,16.912739038467407,1400,2026-02-20 14:12:16,2026-02-20 14:12:16
800.0,38,3,9.871410369873047,8,2629.9264290195633,73677.1318380749,8.420414503703215,74.37513840874821,6.912739038467407,1401,2026-02-20 14:16:39,2026-02-20 14:16:39
800.0,38,9,6.2015204429626465,23,8496.296023679653,76429.21178465577,21.130881958800074,80.37284301387815,6.912739038467407,1406,2026-02-20 14:16:39,2026-02-20 14:16:39
800.0,38,21,8.5,1,19512.812042695004,44597.09889058299,45.0,11.0,6.912739038467407,1416,2026-02-20 14:16:39,2026-02-20 14:16:39
800.0,38,25,8.6947660446167,2,21200.929087896624,75799.27517106093,48.65758693127018,79.0,6.912739038467407,1419,2026-02-20 14:16:39,2026-02-20 14:16:39
800.0,38,26,10.5,1,21358.96588884885,42302.821222900784,49.0,6.0,6.912739038467407,1420,2026-02-20 14:16:39,2026-02-20 14:16:39
800.0,38,39,15.114838600158691,2,1974.350504233464,59792.74557626594,7.0,44.11640718064081,11.912739038467407,1425,2026-02-20 14:16:39,2026-02-20 14:16:39
800.0,38,51,12.884310722351074,3,25797.240800963456,70754.05803828599,58.61626230958165,68.00478088628243,11.912739038467407,1431,2026-02-20 14:16:39,2026-02-20 14:16:39
800.0,38,59,19.23410415649414,2,-1161.4672979204959,43773.78729845761,0.20572809533308697,9.205728095333088,16.912739038467407,1435,2026-02-20 14:16:39,2026-02-20 14:16:39
800.0,38,62,21.311683654785156,16,10072.244864456923,59704.31014374682,24.54543778048416,43.92367673269887,16.912739038467407,1438,2026-02-20 14:16:39,2026-02-20 14:16:39
800.0,38,64,17.01220703125,1,9820.504350387311,71210.71983569654,24.0,69.0,16.912739038467407,1440,2026-02-20 14:16:39,2026-02-20 14:16:39
800.0,38,65,18.493432998657227,3,11295.618542750191,48103.541185560694,27.196080750119577,18.64171299832268,16.912739038467407,1441,2026-02-20 14:16:39,2026-02-20 14:16:39
800.0,38,66,18.402660369873047,5,23420.66689037486,54005.70584887155,53.4670188366397,31.504508000101,16.912739038467407,1442,2026-02-20 14:16:39,2026-02-20 14:16:39
800.0,38,68,22.0,2,24128.19665807962,47993.92908497658,55.0,18.40283149298413,16.912739038467407,1444,2026-02-20 14:16:39,2026-02-20 14:16:39
800.0,38,72,18.967378616333008,11,27500.52181804458,65895.81056557501,62.30670451325742,57.41703132757486,16.912739038467407,1448,2026-02-20 14:16:39,2026-02-20 14:16:39
800.0,39,3,8.512201309204102,3,134.75060985283363,39874.42158863623,3.0142002288419674,0.7077032817961979,6.912739038467407,1450,2026-02-20 14:21:02,2026-02-20 14:21:02
800.0,39,6,4.335403919219971,5,3528.601459051645,75644.23838885805,10.367543735439392,78.66212288863993,6.912739038467407,1453,2026-02-20 14:21:02,2026-02-20 14:21:02
800.0,39,11,11.5,1,17666.658196541153,44597.09889058299,41.0,11.0,6.912739038467407,1456,2026-02-20 14:21:02,2026-02-20 14:21:02
800.0,39,35,13.273240089416504,1,8435.888965771926,79928.9749728889,21.0,88.0,11.912739038467407,1469,2026-02-20 14:21:02,2026-02-20 14:21:02
800.0,39,36,16.859535217285156,3,19432.806110917172,61115.89809789484,44.82665381448136,47.0,11.912739038467407,1470,2026-02-20 14:21:02,2026-02-20 14:21:02
800.0,39,45,12.3921537399292,1,27358.96588884885,51938.78742716603,62.0,27.0,11.912739038467407,1474,2026-02-20 14:21:02,2026-02-20 14:21:02
800.0,39,48,23.814271926879883,3,-1256.4187265357668,45822.93311292067,0.0,13.671503627492664,16.912739038467407,1476,2026-02-20 14:21:02,2026-02-20 14:21:02
800.0,39,49,22.492332458496094,45,10140.335682811206,62534.794440949874,24.692967886918442,50.09225069624741,16.912739038467407,1477,2026-02-20 14:21:02,2026-02-20 14:21:02
800.0,39,50,17.554061889648438,1,8897.427427310387,72128.43090276941,22.0,71.0,16.912739038467407,1478,2026-02-20 14:21:02,2026-02-20 14:21:02
800.0,39,51,18.186479568481445,7,23181.18936308855,56356.67654809165,52.94815086085269,36.62806111735551,16.912739038467407,1479,2026-02-20 14:21:02,2026-02-20 14:21:02
800.0,39,54,20.711408615112305,2,27358.96588884885,60360.891137470164,62.0,45.35458678114705,16.912739038467407,1482,2026-02-20 14:21:02,2026-02-20 14:21:02
800.0,39,55,19.471952438354492,8,27897.884001712566,68399.56220976668,63.16765591120472,62.87354533078413,16.912739038467407,1483,2026-02-20 14:21:02,2026-02-20 14:21:02
800.0,40,9,11.087646484375,4,18798.630250894574,40208.27928383531,43.45260611776573,1.435291097128866,6.912739038467407,1487,2026-02-20 14:25:24,2026-02-20 14:25:24
800.0,40,15,9.164210319519043,2,19051.273581156544,45206.90968810049,44.0,12.328982115171698,6.912739038467407,1492,2026-02-20 14:25:24,2026-02-20 14:25:24
800.0,40,28,8.549010276794434,3,26480.793869266632,47564.248089309745,60.097293957571864,17.46641258929292,6.912739038467407,1502,2026-02-20 14:25:24,2026-02-20 14:25:24
800.0,40,36,12.399324417114258,1,2897.4274273103874,78552.40837227958,9.0,85.0,11.912739038467407,1506,2026-02-20 14:25:24,2026-02-20 14:25:24
800.0,40,48,12.509421348571777,1,28282.04281192577,53774.2095613118,64.0,31.0,11.912739038467407,1510,2026-02-20 14:25:24,2026-02-20 14:25:24
800.0,40,50,19.44379234313965,1,-333.34180345884374,48726.79869241095,2.0,20.0,16.912739038467407,1511,2026-02-20 14:25:24,2026-02-20 14:25:24
800.0,40,51,15.928833961486816,41,9572.840907745196,62662.589983963844,23.46339587427542,50.37076001709844,16.912739038467407,1512,2026-02-20 14:25:24,2026-02-20 14:25:24
800.0,40,53,17.006118774414062,1,9358.965888848848,76258.13070459737,23.0,80.0,16.912739038467407,1514,2026-02-20 14:25:24,2026-02-20 14:25:24
800.0,40,57,27.848989486694336,14,23156.586981443423,59014.17574926893,52.89484570062158,42.41964257807298,16.912739038467407,1518,2026-02-20 14:25:24,2026-02-20 14:25:24
800.0,40,59,17.83966064453125,4,24175.876594619756,67800.97010527608,55.10330652917029,61.569012507833975,16.912739038467407,1520,2026-02-20 14:25:24,2026-02-20 14:25:24
800.0,40,64,20.87972068786621,2,27820.50435038731,62122.93716204747,63.0,49.19467564527617,16.912739038467407,1525,2026-02-20 14:25:24,2026-02-20 14:25:24
800.0,41,3,10.0,1,2897.4274273103874,80387.83050642534,9.0,89.0,6.912739038467407,1527,2026-02-20 14:29:47,2026-02-20 14:29:47
800.0,41,7,10.820016860961914,1,9820.504350387311,45973.66549119231,24.0,14.0,6.912739038467407,1529,2026-02-20 14:29:47,2026-02-20 14:29:47
800.0,41,9,7.705707550048828,19,19481.750065688393,65854.01019951308,44.93269904981901,57.32593431989626,6.912739038467407,1531,2026-02-20 14:29:47,2026-02-20 14:29:47
800.0,41,12,9.240192413330078,4,19725.084698347717,42136.599396759426,45.45992408724754,5.637746929060059,6.912739038467407,1534,2026-02-20 14:29:47,2026-02-20 14:29:47
800.0,41,30,9.96437931060791,1,27820.50435038731,45973.66549119231,63.0,14.0,6.912739038467407,1547,2026-02-20 14:29:47,2026-02-20 14:29:47
800.0,41,34,14.447078704833984,5,-263.160916679459,50675.757698810456,2.1520585880220002,24.24743489825371,11.912739038467407,1549,2026-02-20 14:29:47,2026-02-20 14:29:47
800.0,41,53,19.017160415649414,1,1051.2735811565408,44597.09889058299,5.0,11.0,16.912739038467407,1558,2026-02-20 14:29:47,2026-02-20 14:29:47
800.0,41,54,20.896961212158203,1,1512.8120426950027,43679.38782351011,6.0,9.0,16.912739038467407,1559,2026-02-20 14:29:47,2026-02-20 14:29:47
800.0,41,55,19.38447380065918,1,4743.581273464233,39549.688021682145,13.0,0.0,16.912739038467407,1560,2026-02-20 14:29:47,2026-02-20 14:29:47
800.0,41,56,19.230384826660156,11,8854.176311854253,63188.73456505774,21.90628924984504,51.51740540467577,16.912739038467407,1561,2026-02-20 14:29:47,2026-02-20 14:29:47
800.0,41,57,16.958084106445312,1,8435.888965771926,72587.28643630585,21.0,72.0,16.912739038467407,1562,2026-02-20 14:29:47,2026-02-20 14:29:47
800.0,41,64,24.35875129699707,14,23424.204626014187,61117.577906001614,53.474683930524904,47.00366086487795,16.912739038467407,1569,2026-02-20 14:29:47,2026-02-20 14:29:47
800.0,41,65,17.90677261352539,5,24253.49551315948,69928.90488902309,55.27148085267303,66.20649561138694,16.912739038467407,1570,2026-02-20 14:29:47,2026-02-20 14:29:47
800.0,41,66,18.147560119628906,1,25512.812042695004,53315.35402777536,58.0,30.0,16.912739038467407,1571,2026-02-20 14:29:47,2026-02-20 14:29:47
800.0,41,67,18.021753311157227,3,28447.966727019644,63553.70300578862,64.35950181603673,52.31279396176265,16.912739038467407,1572,2026-02-20 14:29:47,2026-02-20 14:29:47
800.0,41,68,17.8664608001709,1,28743.58127346423,73046.14196984228,65.0,73.0,16.912739038467407,1573,2026-02-20 14:29:47,2026-02-20 14:29:47
800.0,42,35,7.298862457275391,1,25974.350504233465,41385.110155827904,59.0,4.0,6.912739038467407,1597,2026-02-20 14:34:10,2026-02-20 14:34:10
800.0,42,47,14.204383850097656,1,7051.273581156542,42761.67675643723,18.0,7.0,11.912739038467407,1603,2026-02-20 14:34:10,2026-02-20 14:34:10
800.0,42,52,12.908219337463379,1,19974.350504233465,44138.24335704655,46.0,10.0,11.912739038467407,1607,2026-02-20 14:34:10,2026-02-20 14:34:10
800.0,42,53,16.328628540039062,2,20435.888965771926,51672.18550492131,47.0,26.418985055732033,11.912739038467407,1608,2026-02-20 14:34:10,2026-02-20 14:34:10
800.0,42,57,12.447836875915527,4,24734.173018798036,72736.77383952188,56.312948781556564,72.32578315458882,11.912739038467407,1610,2026-02-20 14:34:10,2026-02-20 14:34:10
800.0,42,61,14.623854637145996,1,28743.58127346423,76258.13070459737,65.0,80.0,11.912739038467407,1613,2026-02-20 14:34:10,2026-02-20 14:34:10
800.0,42,63,19.10639762878418,1,128.19665807961792,51938.78742716603,3.0,27.0,16.912739038467407,1614,2026-02-20 14:34:10,2026-02-20 14:34:10
800.0,42,64,18.70074462890625,1,1512.8120426950027,46891.37655826519,6.0,16.0,16.912739038467407,1615,2026-02-20 14:34:10,2026-02-20 14:34:10
800.0,42,65,17.941043853759766,2,8092.3848153748295,67998.73110094146,20.25574100747296,62.0,16.912739038467407,1616,2026-02-20 14:34:10,2026-02-20 14:34:10
800.0,42,66,16.888090133666992,2,8098.800921977442,74298.98158431401,20.26964257177862,75.73035742822138,16.912739038467407,1617,2026-02-20 14:34:10,2026-02-20 14:34:10
800.0,42,67,18.22100257873535,11,9750.700443897344,62539.60695142569,23.848758202605072,50.10273876956043,16.912739038467407,1618,2026-02-20 14:34:10,2026-02-20 14:34:10
800.0,42,69,17.21039390563965,2,9820.504350387311,69405.35876282051,24.0,65.06551312792953,16.912739038467407,1620,2026-02-20 14:34:10,2026-02-20 14:34:10
800.0,42,71,28.64324951171875,15,23515.69993194659,63343.97914394988,53.672923760045116,51.85573537466798,16.912739038467407,1622,2026-02-20 14:34:10,2026-02-20 14:34:10
800.0,43,19,8.208426475524902,4,20326.300185855125,46189.44837280189,46.762557643513595,14.470263221948137,6.912739038467407,1637,2026-02-20 14:38:24,2026-02-20 14:38:24
800.0,43,31,8.545085906982422,6,24485.182143055397,75790.81326029541,55.77346855078085,78.98155866030362,6.912739038467407,1643,2026-02-20 14:38:24,2026-02-20 14:38:24
800.0,43,36,9.352789878845215,2,26435.888965771926,43401.77157304497,60.0,8.394981142919823,6.912739038467407,1646,2026-02-20 14:38:24,2026-02-20 14:38:24
800.0,43,46,14.240395545959473,1,-1256.4187265357668,45055.95442411943,0.0,12.0,11.912739038467407,1652,2026-02-20 14:38:24,2026-02-20 14:38:24
800.0,43,47,12.661252975463867,6,64.41841506850878,54036.386981988035,2.8618138068092636,31.571372472411113,11.912739038467407,1653,2026-02-20 14:38:24,2026-02-20 14:38:24
800.0,43,48,15.119640350341797,10,1724.3610983363578,49305.544628074866,6.458356287222936,21.261281369330923,11.912739038467407,1654,2026-02-20 14:38:24,2026-02-20 14:38:24
800.0,43,49,11.980789184570312,1,5666.658196541156,39549.688021682145,15.0,0.0,11.912739038467407,1655,2026-02-20 14:38:24,2026-02-20 14:38:24
800.0,43,56,16.750293731689453,5,16909.243682988377,54434.90180091976,39.35893522063565,32.43986983117748,11.912739038467407,1661,2026-02-20 14:38:24,2026-02-20 14:38:24
800.0,43,70,10.632473945617676,2,27008.236773384113,56417.177552367895,61.24008691649307,36.75991308350693,11.912739038467407,1673,2026-02-20 14:38:24,2026-02-20 14:38:24
800.0,43,75,16.029422760009766,12,8066.739471295872,69786.31560145631,20.200176095301885,65.89574576280643,16.912739038467407,1675,2026-02-20 14:38:24,2026-02-20 14:38:24
800.0,43,84,22.094913482666016,13,23550.402116315607,65779.12179823838,53.74811182617798,57.16272739352987,16.912739038467407,1684,2026-02-20 14:38:24,2026-02-20 14:38:24
800.0,43,85,19.28417205810547,1,23205.119735002692,50562.22082655672,53.0,24.0,16.912739038467407,1685,2026-02-20 14:38:24,2026-02-20 14:38:24
800.0,43,87,14.602987289428711,2,27408.120580059454,61984.74021050166,62.10650183095631,48.89349816904369,16.912739038467407,1687,2026-02-20 14:38:24,2026-02-20 14:38:24
800.0,44,16,10.040627479553223,25,17304.71392258876,56734.16359060922,40.215787406436476,37.45073190353572,6.912739038467407,1697,2026-02-20 14:42:37,2026-02-20 14:42:37
800.0,44,18,8.235010147094727,1,16743.58127346423,40926.25462229147,39.0,3.0,6.912739038467407,1699,2026-02-20 14:42:37,2026-02-20 14:42:37
800.0,44,29,6.946362495422363,1,21820.50435038731,39549.688021682145,50.0,0.0,6.912739038467407,1705,2026-02-20 14:42:37,2026-02-20 14:42:37
800.0,44,38,6.956048488616943,4,27265.388719879807,45320.3889758091,61.79724946723374,12.576291517401241,6.912739038467407,1712,2026-02-20 14:42:37,2026-02-20 14:42:37
800.0,44,43,8.025195121765137,2,28743.58127346423,80088.19601589089,65.0,88.34699601806012,6.912739038467407,1716,2026-02-20 14:42:37,2026-02-20 14:42:37
800.0,44,47,14.162294387817383,2,128.19665807961792,58204.99369052291,3.0,40.65616366236813,11.912739038467407,1718,2026-02-20 14:42:37,2026-02-20 14:42:37
800.0,44,48,13.451375007629395,8,1910.340530976886,51530.7467309876,6.861311724610747,26.11074256197016,11.912739038467407,1719,2026-02-20 14:42:37,2026-02-20 14:42:37
800.0,44,51,16.141908645629883,3,6636.946643093809,42506.02685202276,17.102291634197414,6.442853173319828,11.912739038467407,1720,2026-02-20 14:42:37,2026-02-20 14:42:37
800.0,44,52,12.755913734436035,3,8292.9747756174,56338.5064259159,20.690352587998525,36.588462331141216,11.912739038467407,1721,2026-02-20 14:42:37,2026-02-20 14:42:37
800.0,44,56,13.396868705749512,1,20897.427427310387,47809.08762533807,48.0,18.0,11.912739038467407,1725,2026-02-20 14:42:37,2026-02-20 14:42:37
800.0,44,63,12.0,1,28743.58127346423,72587.28643630585,65.0,72.0,11.912739038467407,1729,2026-02-20 14:42:37,2026-02-20 14:42:37
800.0,44,65,24.287029266357422,1,-1256.4187265357668,45514.80995765587,0.0,13.0,16.912739038467407,1730,2026-02-20 14:42:37,2026-02-20 14:42:37
800.0,44,66,16.89006805419922,3,6072.879696635474,77964.35904760184,15.880146583537687,83.71844342783535,16.912739038467407,1731,2026-02-20 14:42:37,2026-02-20 14:42:37
800.0,44,67,15.972081184387207,29,8484.100862000576,72062.93298611627,21.10445910849541,70.85725808698798,16.912739038467407,1732,2026-02-20 14:42:37,2026-02-20 14:42:37
800.0,44,74,20.796236038208008,9,23595.03255503962,68140.58772367235,53.84481111008001,62.30915312633934,16.912739038467407,1739,2026-02-20 14:42:37,2026-02-20 14:42:37
800.0,44,75,18.31999969482422,1,24128.19665807962,54691.92062838467,55.0,33.0,16.912739038467407,1740,2026-02-20 14:42:37,2026-02-20 14:42:37
800.0,44,76,19.575878143310547,7,27621.689181216207,63942.55628555913,62.569233800129275,53.16023558848464,16.912739038467407,1741,2026-02-20 14:42:37,2026-02-20 14:42:37
800.0,45,21,7.430456638336182,1,22743.58127346423,41385.110155827904,52.0,4.0,6.912739038467407,1747,2026-02-20 14:47:00,2026-02-20 14:47:00
800.0,45,22,7.000000476837158,1,22743.58127346423,79470.11943935245,52.0,87.0,6.912739038467407,1748,2026-02-20 14:47:00,2026-02-20 14:47:00
800.0,45,33,13.196471214294434,2,-794.8802649973053,59015.22043237843,1.0,42.421919292710065,11.912739038467407,1756,2026-02-20 14:47:00,2026-02-20 14:47:00
800.0,45,36,12.970975875854492,4,1853.3395668415355,53338.80710062513,6.737809635650821,30.0511121063944,11.912739038467407,1759,2026-02-20 14:47:00,2026-02-20 14:47:00
800.0,45,37,15.847236633300781,1,3820.5043503873103,48726.79869241095,11.0,20.0,11.912739038467407,1760,2026-02-20 14:47:00,2026-02-20 14:47:00
800.0,45,45,14.113724708557129,1,8897.427427310387,48267.943158874514,22.0,19.0,11.912739038467407,1764,2026-02-20 14:47:00,2026-02-20 14:47:00
800.0,45,47,7.723810195922852,2,17458.386977568563,58569.82543283043,40.548745692226056,41.451254307773944,11.912739038467407,1766,2026-02-20 14:47:00,2026-02-20 14:47:00
800.0,45,50,15.537348747253418,5,21248.322329051403,53192.78687113296,48.760272287105536,29.732885085425988,11.912739038467407,1769,2026-02-20 14:47:00,2026-02-20 14:47:00
800.0,45,60,17.976396560668945,1,-1256.4187265357668,47350.232091801634,0.0,17.0,16.912739038467407,1774,2026-02-20 14:47:00,2026-02-20 14:47:00
800.0,45,61,18.27574920654297,1,5205.119735002695,42302.821222900784,14.0,6.0,16.912739038467407,1775,2026-02-20 14:47:00,2026-02-20 14:47:00
800.0,45,63,18.562963485717773,1,6589.73511961808,79928.9749728889,17.0,88.0,16.912739038467407,1777,2026-02-20 14:47:00,2026-02-20 14:47:00
800.0,45,64,20.53388023376465,1,7051.273581156542,42302.821222900784,18.0,6.0,16.912739038467407,1778,2026-02-20 14:47:00,2026-02-20 14:47:00
800.0,45,65,19.04302978515625,27,8324.876155236809,73732.06922961328,20.75947224384058,74.49486539801423,16.912739038467407,1779,2026-02-20 14:47:00,2026-02-20 14:47:00
800.0,45,67,17.0,1,8435.888965771926,57903.909363139755,21.0,40.0,16.912739038467407,1781,2026-02-20 14:47:00,2026-02-20 14:47:00
800.0,45,69,18.73226547241211,5,23036.688027016855,63182.27302193693,52.63506463269735,51.50332353653089,16.912739038467407,1783,2026-02-20 14:47:00,2026-02-20 14:47:00
800.0,45,70,18.320663452148438,9,23793.146902843324,70565.87131267675,54.2740588636547,67.59465893753124,16.912739038467407,1784,2026-02-20 14:47:00,2026-02-20 14:47:00
800.0,45,72,18.951799392700195,2,28304.67145193363,65704.45343325924,64.04902872001703,57.0,16.912739038467407,1786,2026-02-20 14:47:00,2026-02-20 14:47:00
800.0,46,4,8.197722434997559,12,-522.5070308029941,60551.59392097719,1.5901420074210075,45.77019206335269,6.912739038467407,1789,2026-02-20 14:51:12,2026-02-20 14:51:12
800.0,46,5,11.200615882873535,9,1569.5012312025358,55519.7816483868,6.122826575099655,34.804186632820404,6.912739038467407,1790,2026-02-20 14:51:12,2026-02-20 14:51:12
800.0,46,22,9.008952140808105,2,23205.119735002692,42836.76279962647,53.0,7.163637654340895,6.912739038467407,1799,2026-02-20 14:51:12,2026-02-20 14:51:12
800.0,46,28,9.0,3,26858.663391682352,86352.95244239905,60.91601125613926,102.0,6.912739038467407,1804,2026-02-20 14:51:12,2026-02-20 14:51:12
800.0,46,33,11.245989799499512,3,28743.58127346423,48615.61376079162,65.0,19.75769076867741,6.912739038467407,1808,2026-02-20 14:51:12,2026-02-20 14:51:12
800.0,46,46,14.686701774597168,4,10596.532606499075,70355.50483335773,25.681394554908824,67.13619987156397,11.912739038467407,1816,2026-02-20 14:51:12,2026-02-20 14:51:12
800.0,46,47,5.931366920471191,4,17664.80367710046,62924.33923771219,40.99598187454516,50.941199370267015,11.912739038467407,1817,2026-02-20 14:51:12,2026-02-20 14:51:12
800.0,46,48,12.939492225646973,2,21206.562742672024,51479.93189362959,48.669793183283545,26.0,11.912739038467407,1818,2026-02-20 14:51:12,2026-02-20 14:51:12
800.0,46,58,21.999998092651367,1,-1256.4187265357668,45973.66549119231,0.0,14.0,16.912739038467407,1822,2026-02-20 14:51:12,2026-02-20 14:51:12
800.0,46,59,18.29354476928711,5,7939.633585656005,74995.56433876968,19.92478000974884,77.24844472050498,16.912739038467407,1823,2026-02-20 14:51:12,2026-02-20 14:51:12
800.0,46,61,20.082672119140625,20,9881.129381626753,61605.64674215811,24.131354234352123,48.06732644257056,16.912739038467407,1825,2026-02-20 14:51:12,2026-02-20 14:51:12
800.0,46,62,19.348451614379883,2,9358.965888848848,42414.60087973336,23.0,6.24360533689348,16.912739038467407,1826,2026-02-20 14:51:12,2026-02-20 14:51:12
800.0,46,64,17.35187339782715,2,22584.265488299145,68457.58663447789,51.654815798808976,63.0,16.912739038467407,1828,2026-02-20 14:51:12,2026-02-20 14:51:12
800.0,46,65,18.002525329589844,2,22743.58127346423,65594.87363176253,52.0,56.76118888519842,16.912739038467407,1829,2026-02-20 14:51:12,2026-02-20 14:51:12
800.0,46,66,17.229141235351562,1,23205.119735002692,58362.7648966762,53.0,41.0,16.912739038467407,1830,2026-02-20 14:51:12,2026-02-20 14:51:12
800.0,46,67,18.21936798095703,2,23426.906121567703,73046.14196984228,53.480537170890855,73.0,16.912739038467407,1831,2026-02-20 14:51:12,2026-02-20 14:51:12
800.0,46,69,18.0,1,24128.19665807962,59280.47596374908,55.0,43.0,16.912739038467407,1833,2026-02-20 14:51:12,2026-02-20 14:51:12
800.0,46,70,17.48037338256836,1,27820.50435038731,56527.34276253044,63.0,37.0,16.912739038467407,1834,2026-02-20 14:51:12,2026-02-20 14:51:12
800.0,46,71,17.618547439575195,1,28282.04281192577,57445.05382960332,64.0,39.0,16.912739038467407,1835,2026-02-20 14:51:12,2026-02-20 14:51:12
800.0,47,1,5.59598970413208,11,-740.7198414855719,53825.282842283814,1.1173475842754224,31.11130579722639,6.912739038467407,1836,2026-02-20 14:55:35,2026-02-20 14:55:35
800.0,47,2,7.1393632888793945,7,-863.9414604555805,62892.515595702775,0.8503674098404038,50.87184498814995,6.912739038467407,1837,2026-02-20 14:55:35,2026-02-20 14:55:35
800.0,47,20,7.38501501083374,2,23979.120613302555,45055.95442411943,54.67700190298303,12.0,6.912739038467407,1846,2026-02-20 14:55:35,2026-02-20 14:55:35
800.0,47,23,7.232668876647949,8,28223.554769424012,70165.50233659643,63.873275907912856,66.72212074888907,6.912739038467407,1848,2026-02-20 14:55:35,2026-02-20 14:55:35
800.0,47,25,15.755359649658203,2,2897.4274273103874,58086.023950262104,9.0,40.39688872381853,11.912739038467407,1849,2026-02-20 14:55:35,2026-02-20 14:55:35
800.0,47,35,16.41427230834961,1,17666.658196541153,62951.3202320406,41.0,51.0,11.912739038467407,1853,2026-02-20 14:55:35,2026-02-20 14:55:35
800.0,47,41,12.972871780395508,3,23329.947526892975,75340.4196375245,53.27046021576228,78.0,11.912739038467407,1857,2026-02-20 14:55:35,2026-02-20 14:55:35
800.0,47,49,17.828750610351562,1,4743.581273464233,77634.6973052067,13.0,83.0,16.912739038467407,1862,2026-02-20 14:55:35,2026-02-20 14:55:35
800.0,47,50,21.55607032775879,1,6128.196658079618,82223.2526405711,16.0,93.0,16.912739038467407,1863,2026-02-20 14:55:35,2026-02-20 14:55:35
800.0,47,51,16.984786987304688,1,7974.350504233464,76716.98623813382,20.0,81.0,16.912739038467407,1864,2026-02-20 14:55:35,2026-02-20 14:55:35
800.0,47,54,16.86008644104004,15,10533.651167167987,63821.410191897456,25.545151436358132,52.89621764643653,16.912739038467407,1867,2026-02-20 14:55:35,2026-02-20 14:55:35
800.0,47,56,18.63806915283203,1,9820.504350387311,72587.28643630585,24.0,72.0,16.912739038467407,1869,2026-02-20 14:55:35,2026-02-20 14:55:35
800.0,47,57,21.17478370666504,7,10409.254421685358,40618.48312775693,25.275625154479105,2.329262759103046,16.912739038467407,1870,2026-02-20 14:55:35,2026-02-20 14:55:35
800.0,47,59,17.5,1,21820.50435038731,69375.29770155076,50.0,65.0,16.912739038467407,1872,2026-02-20 14:55:35,2026-02-20 14:55:35
800.0,47,61,12.75339126586914,10,24092.063441598693,62900.44332735934,54.921711364291326,50.889122172529675,16.912739038467407,1874,2026-02-20 14:55:35,2026-02-20 14:55:35
800.0,47,62,16.93074607849121,1,23666.658196541153,67998.73110094146,54.0,62.0,16.912739038467407,1875,2026-02-20 14:55:35,2026-02-20 14:55:35
800.0,47,63,17.78034782409668,2,28743.58127346423,59496.270450573626,65.0,43.47028851360122,16.912739038467407,1876,2026-02-20 14:55:35,2026-02-20 14:55:35
800.0,48,17,4.891266822814941,5,18113.940619253506,65070.100998113165,41.96911191587675,55.61753343093179,6.912739038467407,1885,2026-02-20 14:59:58,2026-02-20 14:59:58
800.0,48,26,6.7718939781188965,28,23334.31669625223,77035.49754262486,53.279926749374,81.69414288640316,6.912739038467407,1890,2026-02-20 14:59:58,2026-02-20 14:59:58
800.0,48,37,7.068721294403076,1,27358.96588884885,90023.79671069059,62.0,110.0,6.912739038467407,1896,2026-02-20 14:59:58,2026-02-20 14:59:58
800.0,48,39,12.546332359313965,1,-1256.4187265357668,56986.19829606688,0.0,38.0,11.912739038467407,1897,2026-02-20 14:59:58,2026-02-20 14:59:58
800.0,48,40,12.366863250732422,1,128.19665807961792,54233.065094848236,3.0,32.0,11.912739038467407,1898,2026-02-20 14:59:58,2026-02-20 14:59:58
800.0,48,45,14.317768096923828,24,7824.397741922141,79418.4878039021,19.675102348325467,86.8874773612243,11.912739038467407,1902,2026-02-20 14:59:58,2026-02-20 14:59:58
800.0,48,53,12.432851791381836,2,10282.042811925772,74819.13801677659,25.0,76.86395263291183,11.912739038467407,1907,2026-02-20 14:59:58,2026-02-20 14:59:58
800.0,48,57,14.052046775817871,2,21421.945058365134,71669.57536923297,49.13645486728529,70.0,11.912739038467407,1910,2026-02-20 14:59:58,2026-02-20 14:59:58
800.0,48,60,13.415336608886719,2,22857.934898709806,69834.1532350872,52.247766188032074,66.0,11.912739038467407,1913,2026-02-20 14:59:58,2026-02-20 14:59:58
800.0,48,63,12.499999046325684,1,24128.19665807962,48726.79869241095,55.0,20.0,11.912739038467407,1915,2026-02-20 14:59:58,2026-02-20 14:59:58
800.0,48,72,18.50325584411621,1,6128.196658079618,40467.399088755024,16.0,2.0,16.912739038467407,1921,2026-02-20 14:59:58,2026-02-20 14:59:58
800.0,48,77,17.805341720581055,9,11044.375695691278,43334.21194458281,26.651721248158598,8.247746068861812,16.912739038467407,1926,2026-02-20 14:59:58,2026-02-20 14:59:58
800.0,48,78,18.16545295715332,2,11364.827184464888,66163.30896679568,27.346032807168086,58.0,16.912739038467407,1927,2026-02-20 14:59:58,2026-02-20 14:59:58
800.0,48,79,18.016759872436523,1,19974.350504233465,56527.34276253044,46.0,37.0,16.912739038467407,1928,2026-02-20 14:59:58,2026-02-20 14:59:58
800.0,48,80,17.14419937133789,7,24554.734472932825,64111.85693875151,55.92416526551528,53.529198455484554,16.912739038467407,1929,2026-02-20 14:59:58,2026-02-20 14:59:58
800.0,48,81,17.642730712890625,1,24589.735119618083,54691.92062838467,56.0,33.0,16.912739038467407,1930,2026-02-20 14:59:58,2026-02-20 14:59:58
800.0,49,9,10.770413398742676,1,5666.658196541156,39549.688021682145,15.0,0.0,6.912739038467407,1937,2026-02-20 15:04:11,2026-02-20 15:04:11
800.0,49,15,11.579601287841797,3,9790.6073623369,76716.98623813382,23.93522319255744,81.0,6.912739038467407,1942,2026-02-20 15:04:11,2026-02-20 15:04:11
800.0,49,16,8.639870643615723,1,9820.504350387311,85894.09690886262,24.0,101.0,6.912739038467407,1943,2026-02-20 15:04:11,2026-02-20 15:04:11
800.0,49,21,10.073810577392578,3,20996.47822890544,49007.28683576016,48.21461007012261,20.611277674233246,6.912739038467407,1946,2026-02-20 15:04:11,2026-02-20 15:04:11
800.0,49,27,9.130287170410156,2,22555.282270619213,82223.2526405711,51.59201882716913,93.0,6.912739038467407,1950,2026-02-20 15:04:11,2026-02-20 15:04:11
800.0,49,30,9.0771484375,2,25974.37803815103,51938.78742716603,59.000059656821385,27.0,6.912739038467407,1952,2026-02-20 15:04:11,2026-02-20 15:04:11
800.0,49,33,12.987253189086914,1,589.7351196180794,56527.34276253044,4.0,37.0,11.912739038467407,1954,2026-02-20 15:04:11,2026-02-20 15:04:11
800.0,49,37,14.929797172546387,14,8981.763020916958,70835.67602794761,22.182727119480905,68.18265384126803,11.912739038467407,1956,2026-02-20 15:04:11,2026-02-20 15:04:11
800.0,49,41,14.628478050231934,3,21985.06664720749,73504.99750337873,50.35655164311039,74.0,11.912739038467407,1960,2026-02-20 15:04:11,2026-02-20 15:04:11
800.0,49,56,17.50096893310547,1,6589.73511961808,81305.54157349822,17.0,91.0,16.912739038467407,1970,2026-02-20 15:04:11,2026-02-20 15:04:11
800.0,49,57,17.027542114257812,4,7476.102477616155,51328.93523829127,18.92046260899583,25.67092767918787,16.912739038467407,1971,2026-02-20 15:04:11,2026-02-20 15:04:11
800.0,49,58,14.191526412963867,39,10856.230914492258,46946.53959792288,26.244074222227386,16.120218752147416,16.912739038467407,1972,2026-02-20 15:04:11,2026-02-20 15:04:11
800.0,49,59,13.951349258422852,4,23600.000225305037,58249.70701303888,53.85557439565508,40.75360897848181,16.912739038467407,1973,2026-02-20 15:04:11,2026-02-20 15:04:11
800.0,49,60,18.270645141601562,1,23666.658196541153,66163.30896679568,54.0,58.0,16.912739038467407,1974,2026-02-20 15:04:11,2026-02-20 15:04:11
800.0,49,62,18.249671936035156,4,27161.484567856976,61579.420981884636,61.57212380451761,48.010171720971485,16.912739038467407,1976,2026-02-20 15:04:11,2026-02-20 15:04:11
800.0,50,11,12.257819175720215,5,10466.415432403972,59886.83622176167,25.399474011036098,44.3214622330896,6.912739038467407,1981,2026-02-20 15:08:24,2026-02-20 15:08:24
800.0,50,22,7.500000476837158,1,21820.50435038731,51938.78742716603,50.0,27.0,6.912739038467407,1988,2026-02-20 15:08:24,2026-02-20 15:08:24
800.0,50,30,14.311787605285645,1,1512.8120426950027,57903.909363139755,6.0,40.0,11.912739038467407,1992,2026-02-20 15:08:24,2026-02-20 15:08:24
800.0,50,35,13.240291595458984,3,8083.596882515861,74169.66528710608,20.236700486278526,75.4485338742778,11.912739038467407,1995,2026-02-20 15:08:24,2026-02-20 15:08:24
800.0,50,43,13.536897659301758,3,11712.910195180775,71012.4577113945,28.100212663719173,68.56792038057378,11.912739038467407,2000,2026-02-20 15:08:24,2026-02-20 15:08:24
800.0,50,46,13.441868782043457,1,20435.888965771926,76258.13070459737,47.0,80.0,11.912739038467407,2003,2026-02-20 15:08:24,2026-02-20 15:08:24
800.0,50,49,14.712011337280273,5,23791.85151277636,68351.73447742037,54.27125218517628,62.76931267180824,11.912739038467407,2005,2026-02-20 15:08:24,2026-02-20 15:08:24
800.0,50,57,18.03131103515625,1,7974.350504233464,84058.67477471687,20.0,97.0,16.912739038467407,2011,2026-02-20 15:08:24,2026-02-20 15:08:24
800.0,50,60,21.437705993652344,13,11235.287932890415,50589.71677516892,27.065364428756727,24.059922887712144,16.912739038467407,2014,2026-02-20 15:08:24,2026-02-20 15:08:24
800.0,50,62,23.40923500061035,8,23825.205955732195,58499.352470839774,54.34352014491392,41.297670103509226,16.912739038467407,2016,2026-02-20 15:08:24,2026-02-20 15:08:24
800.0,51,4,10.165841102600098,1,5205.119735002695,39549.688021682145,14.0,0.0,6.912739038467407,2019,2026-02-20 15:12:46,2026-02-20 15:12:46
800.0,51,7,4.167129039764404,5,6820.262048920461,85132.42335202891,17.499475013488492,99.3400580331604,6.912739038467407,2020,2026-02-20 15:12:46,2026-02-20 15:12:46
800.0,51,23,7.2068634033203125,3,22810.851087498035,74098.91342440371,52.14575126373991,75.29434185188444,6.912739038467407,2033,2026-02-20 15:12:46,2026-02-20 15:12:46
800.0,51,34,12.528768539428711,1,-333.34180345884374,45055.95442411943,2.0,12.0,11.912739038467407,2039,2026-02-20 15:12:46,2026-02-20 15:12:46
800.0,51,36,14.0,2,820.4211842796926,60657.0425643584,4.499819806766829,46.0,11.912739038467407,2041,2026-02-20 15:12:46,2026-02-20 15:12:46
800.0,51,41,14.28236198425293,12,9476.679333084716,74644.3468861974,23.255045795844378,76.4830241754689,11.912739038467407,2045,2026-02-20 15:12:46,2026-02-20 15:12:46
800.0,51,44,12.580024719238281,5,10845.286180318673,62640.392280784676,26.220360631517956,50.32238378197256,11.912739038467407,2047,2026-02-20 15:12:46,2026-02-20 15:12:46
800.0,51,50,12.759242057800293,2,23570.06866684301,68916.44216801433,53.790722685654025,64.0,11.912739038467407,2052,2026-02-20 15:12:46,2026-02-20 15:12:46
800.0,51,59,19.591814041137695,27,12879.267017212702,49031.357669892146,30.627319111455016,20.663736089513694,16.912739038467407,2058,2026-02-20 15:12:46,2026-02-20 15:12:46
800.0,51,62,22.291183471679688,7,25400.88435020002,54714.30495605927,57.7574899995942,33.04878295245146,16.912739038467407,2061,2026-02-20 15:12:46,2026-02-20 15:12:46
800.0,51,63,18.882200241088867,4,24194.198168275077,60551.61563811764,55.143003272090155,45.77023939228056,16.912739038467407,2062,2026-02-20 15:12:46,2026-02-20 15:12:46
800.0,52,1,9.562885284423828,1,2435.8889657719255,51938.78742716603,8.0,27.0,6.912739038467407,2063,2026-02-20 15:17:08,2026-02-20 15:17:08
800.0,52,11,8.809135437011719,1,13512.812042695003,40008.54355521859,32.0,1.0,6.912739038467407,2068,2026-02-20 15:17:08,2026-02-20 15:17:08
800.0,52,25,8.0,1,23205.119735002692,52856.49849423891,53.0,29.0,6.912739038467407,2077,2026-02-20 15:17:08,2026-02-20 15:17:08
800.0,52,30,8.72927188873291,1,26435.888965771926,52397.64296070248,60.0,28.0,6.912739038467407,2080,2026-02-20 15:17:08,2026-02-20 15:17:08
800.0,52,34,8.5,1,28282.04281192577,48267.943158874514,64.0,19.0,6.912739038467407,2083,2026-02-20 15:17:08,2026-02-20 15:17:08
800.0,52,38,12.5,2,7206.860195606036,87729.51904300839,18.337104331307238,105.0,11.912739038467407,2085,2026-02-20 15:17:08,2026-02-20 15:17:08
800.0,52,42,12.63985538482666,14,9188.102673756728,77067.1683820385,22.629796367300404,81.76316426044988,11.912739038467407,2089,2026-02-20 15:17:08,2026-02-20 15:17:08
800.0,52,45,13.61798095703125,8,10568.375099999674,64609.848002834566,25.62038662416012,54.61448789341504,11.912739038467407,2092,2026-02-20 15:17:08,2026-02-20 15:17:08
800.0,52,54,13.0,2,22380.234499841637,74881.56410398806,51.212748657151046,77.0,11.912739038467407,2100,2026-02-20 15:17:08,2026-02-20 15:17:08
800.0,52,57,12.355020523071289,2,23527.65167403075,68916.44216801433,53.69881920122746,64.0,11.912739038467407,2102,2026-02-20 15:17:08,2026-02-20 15:17:08
800.0,52,63,21.296594619750977,5,8471.908894002689,57836.45040088195,21.07804317783332,39.8529843113411,16.912739038467407,2106,2026-02-20 15:17:08,2026-02-20 15:17:08
800.0,52,66,21.79490089416504,19,13790.595019247789,51696.28215818494,32.60186311586437,26.471499739554016,16.912739038467407,2109,2026-02-20 15:17:08,2026-02-20 15:17:08
800.0,52,69,18.707748413085938,5,24417.23476696637,62792.88158501861,55.626249235921286,50.65470908501225,16.912739038467407,2112,2026-02-20 15:17:08,2026-02-20 15:17:08
800.0,53,43,13.442383766174316,2,10471.036596900838,76716.98623813382,25.409486534112645,81.0,11.912739038467407,2136,2026-02-20 15:21:30,2026-02-20 15:21:30
800.0,53,46,12.0,1,13512.812042695003,80846.68603996179,32.0,90.0,11.912739038467407,2139,2026-02-20 15:21:30,2026-02-20 15:21:30
800.0,53,47,15.563185691833496,4,14908.813135915632,39810.848165731855,35.02466903531136,0.5691554856861449,11.912739038467407,2140,2026-02-20 15:21:30,2026-02-20 15:21:30
800.0,53,48,12.559008598327637,10,20132.345259338814,65432.5086224189,46.34232196939492,56.407341110731636,11.912739038467407,2141,2026-02-20 15:21:30,2026-02-20 15:21:30
800.0,53,49,13.274808883666992,2,24798.782452002382,74881.56410398806,56.45293588683265,77.0,11.912739038467407,2142,2026-02-20 15:21:30,2026-02-20 15:21:30
800.0,53,53,14.606592178344727,3,27358.96588884885,61881.433264805695,62.0,48.66835770947514,11.912739038467407,2145,2026-02-20 15:21:30,2026-02-20 15:21:30
800.0,53,55,17.312795639038086,1,-1256.4187265357668,45514.80995765587,0.0,13.0,16.912739038467407,2146,2026-02-20 15:21:30,2026-02-20 15:21:30
800.0,53,57,16.93252182006836,1,10743.581273464233,69375.29770155076,26.0,65.0,16.912739038467407,2148,2026-02-20 15:21:30,2026-02-20 15:21:30
800.0,53,59,17.583988189697266,1,11666.658196541157,67998.73110094146,28.0,62.0,16.912739038467407,2150,2026-02-20 15:21:30,2026-02-20 15:21:30
800.0,53,60,18.380891799926758,3,13613.833438173902,52682.96480753367,32.21887969020428,28.62181193420988,16.912739038467407,2151,2026-02-20 15:21:30,2026-02-20 15:21:30
800.0,53,62,25.92519187927246,3,25653.945125681057,55150.776161921116,58.30578834646978,34.0,16.912739038467407,2153,2026-02-20 15:21:30,2026-02-20 15:21:30
800.0,54,2,7.0,1,5666.658196541156,82223.2526405711,15.0,93.0,6.912739038467407,2154,2026-02-20 15:25:53,2026-02-20 15:25:53
800.0,54,29,16.596073150634766,22,11309.460788924,70732.73328941486,27.226072283496162,67.95830711117772,11.912739038467407,2170,2026-02-20 15:25:53,2026-02-20 15:25:53
800.0,54,31,12.468527793884277,1,10743.581273464233,78552.40837227958,26.0,85.0,11.912739038467407,2172,2026-02-20 15:25:53,2026-02-20 15:25:53
800.0,54,35,12.188976287841797,3,15668.253948722278,42019.299595216115,36.670124129725764,5.382111346681285,11.912739038467407,2175,2026-02-20 15:25:53,2026-02-20 15:25:53
800.0,54,36,14.749919891357422,7,20105.622946287778,67163.14425050013,46.28442362445101,60.17897619322279,11.912739038467407,2176,2026-02-20 15:25:53,2026-02-20 15:25:53
800.0,54,43,18.417194366455078,1,7974.350504233464,62951.3202320406,20.0,51.0,16.912739038467407,2180,2026-02-20 15:25:53,2026-02-20 15:25:53
800.0,54,44,21.56859016418457,26,11649.423936251538,57299.020035212794,27.962659102705825,38.681743416571585,16.912739038467407,2181,2026-02-20 15:25:53,2026-02-20 15:25:53
800.0,54,46,17.570241928100586,1,25512.812042695004,61115.89809789484,58.0,47.0,16.912739038467407,2183,2026-02-20 15:25:53,2026-02-20 15:25:53
800.0,54,47,17.90114974975586,1,28282.04281192577,63869.031299113485,64.0,53.0,16.912739038467407,2184,2026-02-20 15:25:53,2026-02-20 15:25:53
800.0,55,2,10.894039154052734,1,1512.8120426950027,41385.110155827904,6.0,4.0,6.912739038467407,2186,2026-02-20 15:30:06,2026-02-20 15:30:06
800.0,55,3,11.58452033996582,4,2204.6922470186128,52086.41203678556,7.499073776034489,27.321723502998363,6.912739038467407,2187,2026-02-20 15:30:06,2026-02-20 15:30:06
800.0,55,6,10.001185417175293,1,7974.350504233464,83599.81924118042,20.0,96.0,6.912739038467407,2189,2026-02-20 15:30:06,2026-02-20 15:30:06
800.0,55,24,12.508204460144043,1,3820.5043503873103,62033.609164967726,11.0,49.0,11.912739038467407,2195,2026-02-20 15:30:06,2026-02-20 15:30:06
800.0,55,33,12.026202201843262,2,11641.152198780506,73046.14196984228,27.944737004851923,73.0,11.912739038467407,2201,2026-02-20 15:30:06,2026-02-20 15:30:06
800.0,55,35,10.838733673095703,5,16614.086497591677,43915.822711990586,38.719427985609464,9.51527086675463,11.912739038467407,2202,2026-02-20 15:30:06,2026-02-20 15:30:06
800.0,55,36,8.348311424255371,9,20074.04933082577,68902.34346169388,46.216014124283326,63.96927419353149,11.912739038467407,2203,2026-02-20 15:30:06,2026-02-20 15:30:06
800.0,55,44,17.869140625,1,10282.042811925772,49185.65422594739,25.0,21.0,16.912739038467407,2209,2026-02-20 15:30:06,2026-02-20 15:30:06
800.0,55,45,17.882911682128906,17,12194.019965586423,59959.9902367101,29.142617166264746,44.48088935034507,16.912739038467407,2210,2026-02-20 15:30:06,2026-02-20 15:30:06
800.0,55,48,18.475507736206055,2,25974.350504233465,62106.4214030697,59.0,49.1586822709553,16.912739038467407,2213,2026-02-20 15:30:06,2026-02-20 15:30:06
800.0,55,49,16.93653106689453,2,26850.104791336722,63410.17576557704,60.89746762205706,52.0,16.912739038467407,2214,2026-02-20 15:30:06,2026-02-20 15:30:06
800.0,56,2,7.649563312530518,5,-476.4819140680795,52917.56293589864,1.6898630936799892,29.133079885054663,6.912739038467407,2216,2026-02-20 15:34:19,2026-02-20 15:34:19
800.0,56,5,8.206866264343262,6,1879.1841398785607,41103.96126359811,6.793806210564376,3.387282332495905,6.912739038467407,2219,2026-02-20 15:34:19,2026-02-20 15:34:19
800.0,56,38,12.800883293151855,2,10487.26690119714,76258.13070459737,25.444652193421295,80.0,11.912739038467407,2237,2026-02-20 15:34:19,2026-02-20 15:34:19
800.0,56,42,14.838701248168945,4,16917.379678498884,46198.84331942426,39.376563210908415,14.490737959497816,11.912739038467407,2240,2026-02-20 15:34:19,2026-02-20 15:34:19
800.0,56,43,13.363178253173828,2,20064.409264520997,71669.57536923297,46.19512731395632,70.0,11.912739038467407,2241,2026-02-20 15:34:19,2026-02-20 15:34:19
800.0,56,44,15.007826805114746,2,20597.885254280864,70751.86430216009,47.35099195843603,68.0,11.912739038467407,2242,2026-02-20 15:34:19,2026-02-20 15:34:19
800.0,56,47,9.836325645446777,3,27228.264128195256,61517.486752743964,61.71681285191722,47.875196277473314,11.912739038467407,2245,2026-02-20 15:34:19,2026-02-20 15:34:19
800.0,56,51,18.020048141479492,1,5666.658196541156,64327.88683264992,15.0,54.0,16.912739038467407,2248,2026-02-20 15:34:19,2026-02-20 15:34:19
800.0,56,52,20.792776107788086,1,6589.73511961808,63410.17576557704,17.0,52.0,16.912739038467407,2249,2026-02-20 15:34:19,2026-02-20 15:34:19
800.0,56,54,22.05510902404785,17,13232.99430488854,63211.71345353515,31.39372823475266,51.56748410439267,16.912739038467407,2251,2026-02-20 15:34:19,2026-02-20 15:34:19
800.0,56,55,22.342802047729492,7,14074.236729712557,57320.48031105045,33.2164201552047,38.7285125503603,16.912739038467407,2252,2026-02-20 15:34:19,2026-02-20 15:34:19
800.0,57,3,6.460744857788086,5,-471.05465926197877,55486.968288782125,1.7016221457598741,34.73267532434434,6.912739038467407,2254,2026-02-20 15:38:42,2026-02-20 15:38:42
800.0,57,10,8.227530479431152,4,9866.437862676321,67923.22986751655,24.09952260995952,61.83545750697827,6.912739038467407,2260,2026-02-20 15:38:42,2026-02-20 15:38:42
800.0,57,13,7.231297492980957,3,12539.685277964041,52607.38115614214,29.891558676416253,28.457089824815213,6.912739038467407,2261,2026-02-20 15:38:42,2026-02-20 15:38:42
800.0,57,17,6.205610752105713,4,20583.644714871512,73483.65221806783,47.32013745638244,73.95348146910992,6.912739038467407,2264,2026-02-20 15:38:42,2026-02-20 15:38:42
800.0,57,18,7.5,1,24128.19665807962,79011.26390581601,55.0,86.0,6.912739038467407,2265,2026-02-20 15:38:42,2026-02-20 15:38:42
800.0,57,24,13.978387832641602,2,10041.765204104242,78552.40837227958,24.479398516386684,85.0,11.912739038467407,2267,2026-02-20 15:38:42,2026-02-20 15:38:42
800.0,57,27,13.606075286865234,1,18128.19665807962,47809.08762533807,42.0,18.0,11.912739038467407,2269,2026-02-20 15:38:42,2026-02-20 15:38:42
800.0,57,29,12.077680587768555,1,26435.888965771926,72587.28643630585,60.0,72.0,11.912739038467407,2271,2026-02-20 15:38:42,2026-02-20 15:38:42
800.0,57,30,15.852192878723145,6,27790.09672479164,62607.35014834286,62.934116811209385,50.250373900807666,11.912739038467407,2272,2026-02-20 15:38:42,2026-02-20 15:38:42
800.0,57,33,18.91168212890625,1,-1256.4187265357668,45514.80995765587,0.0,13.0,16.912739038467407,2274,2026-02-20 15:38:42,2026-02-20 15:38:42
800.0,57,34,17.543869018554688,6,13657.633439299643,62881.31097204481,32.31377969264339,50.84742635779889,16.912739038467407,2275,2026-02-20 15:38:42,2026-02-20 15:38:42
800.0,58,22,9.769086837768555,3,13051.273581156542,59854.9081901633,31.0,44.251880351070454,6.912739038467407,2289,2026-02-20 15:43:04,2026-02-20 15:43:04
800.0,58,40,14.367911338806152,2,2435.8889657719255,59096.03140348938,8.0,42.59803348378918,11.912739038467407,2301,2026-02-20 15:43:04,2026-02-20 15:43:04
800.0,58,44,12.0,2,9794.7001194329,81764.39710703466,23.94409083293211,92.0,11.912739038467407,2303,2026-02-20 15:43:04,2026-02-20 15:43:04
800.0,58,46,12.10851001739502,1,10743.581273464233,54691.92062838467,26.0,33.0,11.912739038467407,2305,2026-02-20 15:43:04,2026-02-20 15:43:04
800.0,58,49,12.240432739257812,3,17397.850069761982,54213.90295345663,40.41758239197846,31.958239271424013,11.912739038467407,2307,2026-02-20 15:43:04,2026-02-20 15:43:04
800.0,58,50,13.697779655456543,1,26435.888965771926,56068.487228993996,60.0,36.0,11.912739038467407,2308,2026-02-20 15:43:04,2026-02-20 15:43:04
800.0,58,51,13.445502281188965,1,26435.888965771926,74881.56410398806,60.0,77.0,11.912739038467407,2309,2026-02-20 15:43:04,2026-02-20 15:43:04
800.0,58,52,14.46707534790039,10,28123.781717671256,62094.593078589925,63.65710096244855,49.132904387470695,11.912739038467407,2310,2026-02-20 15:43:04,2026-02-20 15:43:04
800.0,58,53,12.81170654296875,1,26897.427427310387,75799.27517106093,61.0,79.0,11.912739038467407,2311,2026-02-20 15:43:04,2026-02-20 15:43:04
800.0,58,57,16.995227813720703,2,1974.350504233464,43674.85593891482,7.0,8.990123504536692,16.912739038467407,2314,2026-02-20 15:43:04,2026-02-20 15:43:04
800.0,58,58,17.95701026916504,2,3820.5043503873103,49089.23113453817,11.0,20.789861766150917,16.912739038467407,2315,2026-02-20 15:43:04,2026-02-20 15:43:04
800.0,58,59,20.408788681030273,1,8897.427427310387,43679.38782351011,22.0,9.0,16.912739038467407,2316,2026-02-20 15:43:04,2026-02-20 15:43:04
800.0,58,61,17.703012466430664,7,14818.932068585706,67943.17203938782,34.82992672276319,61.87891818340853,16.912739038467407,2318,2026-02-20 15:43:04,2026-02-20 15:43:04
800.0,59,47,13.339768409729004,3,1993.9359017501745,43509.06650874407,7.042435027952872,8.62881276934082,11.912739038467407,2352,2026-02-20 15:47:27,2026-02-20 15:47:27
800.0,59,48,14.428509712219238,1,2435.8889657719255,61115.89809789484,8.0,47.0,11.912739038467407,2353,2026-02-20 15:47:27,2026-02-20 15:47:27
800.0,59,49,12.251386642456055,1,2435.8889657719255,62033.609164967726,8.0,49.0,11.912739038467407,2354,2026-02-20 15:47:27,2026-02-20 15:47:27
800.0,59,51,11.933880805969238,1,3820.5043503873103,62492.46469850416,11.0,50.0,11.912739038467407,2356,2026-02-20 15:47:27,2026-02-20 15:47:27
800.0,59,52,12.100332260131836,2,4282.042811925772,49159.6558050494,12.0,20.943340727096334,11.912739038467407,2357,2026-02-20 15:47:27,2026-02-20 15:47:27
800.0,59,62,12.115408897399902,1,28282.04281192577,57445.05382960332,64.0,39.0,11.912739038467407,2363,2026-02-20 15:47:27,2026-02-20 15:47:27
800.0,59,64,12.574978828430176,3,28526.130751139557,64731.16277348751,64.52885720162988,54.87887343916177,11.912739038467407,2365,2026-02-20 15:47:27,2026-02-20 15:47:27
800.0,59,66,19.05147361755371,1,9820.504350387311,44138.24335704655,24.0,10.0,16.912739038467407,2366,2026-02-20 15:47:27,2026-02-20 15:47:27
800.0,59,67,19.0,1,11205.119735002694,56527.34276253044,27.0,37.0,16.912739038467407,2367,2026-02-20 15:47:27,2026-02-20 15:47:27
800.0,59,68,17.597347259521484,1,11666.658196541157,57445.05382960332,28.0,39.0,16.912739038467407,2368,2026-02-20 15:47:27,2026-02-20 15:47:27
800.0,59,71,17.730520248413086,5,15875.590653749405,68236.92631372766,37.119353657284535,62.51910720341632,16.912739038467407,2371,2026-02-20 15:47:27,2026-02-20 15:47:27
800.0,59,73,18.5,4,17891.77585843815,54040.06328039387,41.48775493411016,31.57938435880486,16.912739038467407,2373,2026-02-20 15:47:27,2026-02-20 15:47:27
800.0,60,27,5.309500217437744,6,5333.260557775155,58682.00184211407,14.27763844934033,41.69572430123591,6.912739038467407,2396,2026-02-20 15:51:50,2026-02-20 15:51:50
800.0,60,40,7.802541732788086,1,11205.119735002694,39549.688021682145,27.0,0.0,6.912739038467407,2405,2026-02-20 15:51:50,2026-02-20 15:51:50
800.0,60,50,10.899349212646484,1,26435.888965771926,57903.909363139755,60.0,40.0,6.912739038467407,2413,2026-02-20 15:51:50,2026-02-20 15:51:50
800.0,60,51,8.01341724395752,1,26897.427427310387,73963.85303691517,61.0,75.0,6.912739038467407,2414,2026-02-20 15:51:50,2026-02-20 15:51:50
800.0,60,53,4.402982234954834,5,28551.483606162572,62822.19823338306,64.58378838751307,50.71859988771981,6.912739038467407,2416,2026-02-20 15:51:50,2026-02-20 15:51:50
800.0,60,56,8.582164764404297,2,31.114187666049425,58459.28302565328,2.7896546474372683,41.21034535256273,11.912739038467407,2418,2026-02-20 15:51:50,2026-02-20 15:51:50
800.0,60,57,13.355730056762695,5,2271.366972946403,43440.05902846378,7.643535682211368,8.478422340901512,11.912739038467407,2419,2026-02-20 15:51:50,2026-02-20 15:51:50
800.0,60,78,12.0,1,19512.812042695004,55150.776161921116,45.0,34.0,11.912739038467407,2434,2026-02-20 15:51:50,2026-02-20 15:51:50
800.0,60,80,18.80345344543457,1,3820.5043503873103,48726.79869241095,11.0,20.0,16.912739038467407,2435,2026-02-20 15:51:50,2026-02-20 15:51:50
800.0,60,84,23.59085464477539,6,11375.61971278173,57065.166192764475,27.369416618521246,38.172097514197944,16.912739038467407,2439,2026-02-20 15:51:50,2026-02-20 15:51:50
800.0,60,85,17.589492797851562,1,13974.350504233464,69375.29770155076,33.0,65.0,16.912739038467407,2440,2026-02-20 15:51:50,2026-02-20 15:51:50
800.0,60,86,17.34935760498047,1,16743.58127346423,68457.58663447789,39.0,63.0,16.912739038467407,2441,2026-02-20 15:51:50,2026-02-20 15:51:50
800.0,60,87,17.53628158569336,1,16743.58127346423,69834.1532350872,39.0,66.0,16.912739038467407,2442,2026-02-20 15:51:50,2026-02-20 15:51:50
800.0,61,3,10.0,2,128.19665807961792,41172.81716105283,3.0,3.5373424111530007,6.912739038467407,2444,2026-02-20 15:56:13,2026-02-20 15:56:13
800.0,61,27,7.677975177764893,1,7974.350504233464,61115.89809789484,20.0,47.0,6.912739038467407,2464,2026-02-20 15:56:13,2026-02-20 15:56:13
800.0,61,28,7.879449367523193,1,7974.350504233464,62033.609164967726,20.0,49.0,6.912739038467407,2465,2026-02-20 15:56:13,2026-02-20 15:56:13
800.0,61,32,7.978781700134277,1,10282.042811925772,62951.3202320406,25.0,51.0,6.912739038467407,2469,2026-02-20 15:56:13,2026-02-20 15:56:13
800.0,61,39,6.946798324584961,1,14435.888965771926,43220.532289973664,34.0,8.0,6.912739038467407,2474,2026-02-20 15:56:13,2026-02-20 15:56:13
800.0,61,42,9.728875160217285,2,16063.465368449304,65704.45343325924,37.52641553913432,57.0,6.912739038467407,2477,2026-02-20 15:56:13,2026-02-20 15:56:13
800.0,61,44,8.811493873596191,9,18210.267713888,58609.17392080996,42.177820620918155,41.537007851326685,6.912739038467407,2479,2026-02-20 15:56:13,2026-02-20 15:56:13
800.0,61,49,9.039718627929688,6,27749.793338369378,59726.312275911485,62.846792807294484,43.971626753035544,6.912739038467407,2483,2026-02-20 15:56:13,2026-02-20 15:56:13
800.0,61,50,8.868505477905273,6,27971.21710753216,61491.42543390542,63.32654430714718,47.818399928875984,6.912739038467407,2484,2026-02-20 15:56:13,2026-02-20 15:56:13
800.0,61,56,14.218043327331543,1,-333.34180345884374,63410.17576557704,2.0,52.0,11.912739038467407,2488,2026-02-20 15:56:13,2026-02-20 15:56:13
800.0,61,57,13.441483497619629,1,1512.8120426950027,63869.031299113485,6.0,53.0,11.912739038467407,2489,2026-02-20 15:56:13,2026-02-20 15:56:13
800.0,61,60,12.029173851013184,1,8435.888965771926,77175.84177167025,21.0,82.0,11.912739038467407,2492,2026-02-20 15:56:13,2026-02-20 15:56:13
800.0,61,61,12.5,2,11010.846444820692,50103.36529302027,26.579074537938997,23.0,11.912739038467407,2493,2026-02-20 15:56:13,2026-02-20 15:56:13
800.0,61,62,12.902447700500488,1,11205.119735002694,55609.63169545756,27.0,35.0,11.912739038467407,2494,2026-02-20 15:56:13,2026-02-20 15:56:13
800.0,61,65,14.384807586669922,3,13512.812042695003,77252.73222568499,32.0,82.16757007030542,11.912739038467407,2496,2026-02-20 15:56:13,2026-02-20 15:56:13
800.0,61,69,14.014619827270508,2,27989.11981822362,70293.00876862365,63.36533351364534,67.0,11.912739038467407,2500,2026-02-20 15:56:13,2026-02-20 15:56:13
800.0,61,71,17.70668601989746,7,18722.874939200134,70945.17981024229,43.28846960909444,68.42129928474938,16.912739038467407,2501,2026-02-20 15:56:13,2026-02-20 15:56:13
800.0,62,2,7.832618236541748,1,-1256.4187265357668,49185.65422594739,0.0,21.0,6.912739038467407,2502,2026-02-20 16:04:50,2026-02-20 16:04:50
800.0,62,9,7.924309253692627,5,2111.343243486992,67813.14185504544,7.296817601715977,61.59553883012881,6.912739038467407,2508,2026-02-20 16:04:50,2026-02-20 16:04:50
800.0,62,39,8.45060920715332,4,6730.056942204557,81545.30803535007,17.304030615604034,91.52253148175843,6.912739038467407,2537,2026-02-20 16:04:50,2026-02-20 16:04:50
800.0,62,51,10.426494598388672,3,9613.874146160217,63085.712003689165,23.55230122417463,51.29288471387235,6.912739038467407,2547,2026-02-20 16:04:50,2026-02-20 16:04:50
800.0,62,69,10.239802360534668,11,20633.61754671695,64946.11724562386,47.42841192538088,55.34733127921369,6.912739038467407,2563,2026-02-20 16:04:50,2026-02-20 16:04:50
800.0,62,71,7.291810512542725,1,21820.50435038731,72128.43090276941,50.0,71.0,6.912739038467407,2565,2026-02-20 16:04:50,2026-02-20 16:04:50
800.0,62,72,6.968359470367432,1,23666.658196541153,69375.29770155076,54.0,65.0,6.912739038467407,2566,2026-02-20 16:04:50,2026-02-20 16:04:50
800.0,62,82,16.022953033447266,1,5666.658196541156,57903.909363139755,15.0,40.0,11.912739038467407,2573,2026-02-20 16:04:50,2026-02-20 16:04:50
800.0,62,83,13.053983688354492,2,8712.33205963558,50103.36529302027,21.598960036704586,23.0,11.912739038467407,2574,2026-02-20 16:04:50,2026-02-20 16:04:50
800.0,62,84,15.925775527954102,1,9820.504350387311,42761.67675643723,24.0,7.0,11.912739038467407,2575,2026-02-20 16:04:50,2026-02-20 16:04:50
800.0,62,85,13.80184268951416,1,11666.658196541157,78093.55283874314,28.0,84.0,11.912739038467407,2576,2026-02-20 16:04:50,2026-02-20 16:04:50
800.0,62,87,13.728504180908203,14,16350.90574571741,72336.20073089919,38.149203023215215,71.45280009271869,11.912739038467407,2578,2026-02-20 16:04:50,2026-02-20 16:04:50
800.0,62,88,12.802449226379395,1,28743.58127346423,59739.33149728552,65.0,44.0,11.912739038467407,2579,2026-02-20 16:04:50,2026-02-20 16:04:50
800.0,62,90,19.451059341430664,2,1974.350504233464,43397.23279327827,7.0,8.385089620566987,16.912739038467407,2580,2026-02-20 16:04:50,2026-02-20 16:04:50
800.0,63,4,3.973637819290161,3,-818.4820560828017,63150.752699067474,0.9488627859814244,51.434630188481826,6.912739038467407,2583,2026-02-20 16:13:26,2026-02-20 16:13:26
800.0,63,11,6.604755878448486,4,5032.2135163752555,67411.57655028102,13.625369859640548,60.72039344031625,6.912739038467407,2589,2026-02-20 16:13:26,2026-02-20 16:13:26
800.0,63,42,9.1160306930542,5,21447.051318668484,68663.73523901607,49.190851764609214,63.4492669031348,6.912739038467407,2613,2026-02-20 16:13:26,2026-02-20 16:13:26
800.0,63,46,8.847612380981445,5,27991.31483549626,63281.588753978554,63.37008938440273,51.71976580383055,6.912739038467407,2617,2026-02-20 16:13:26,2026-02-20 16:13:26
800.0,63,56,14.782973289489746,4,8705.121941638665,50031.640825204035,21.583338114377934,22.843688345080086,11.912739038467407,2624,2026-02-20 16:13:26,2026-02-20 16:13:26
800.0,63,59,14.193175315856934,4,10416.199714434422,46117.71106197721,25.290673288768744,14.3139235778083,11.912739038467407,2627,2026-02-20 16:13:26,2026-02-20 16:13:26
800.0,63,62,12.459765434265137,2,16282.042811925772,76010.89100957276,38.0,79.46118183839016,11.912739038467407,2630,2026-02-20 16:13:26,2026-02-20 16:13:26
800.0,63,64,16.0,1,19051.273581156544,61115.89809789484,44.0,47.0,11.912739038467407,2632,2026-02-20 16:13:26,2026-02-20 16:13:26
800.0,63,66,19.006488800048828,1,1974.350504233464,43679.38782351011,7.0,9.0,16.912739038467407,2633,2026-02-20 16:13:26,2026-02-20 16:13:26
800.0,63,67,17.5,1,2435.8889657719255,59280.47596374908,8.0,43.0,16.912739038467407,2634,2026-02-20 16:13:26,2026-02-20 16:13:26
800.0,64,5,7.032614231109619,1,-1256.4187265357668,50562.22082655672,0.0,24.0,6.912739038467407,2638,2026-02-20 16:22:12,2026-02-20 16:22:12
800.0,64,16,4.843428134918213,5,4635.833481896374,73734.30573943618,12.766546451602972,74.49973950251868,6.912739038467407,2648,2026-02-20 16:22:12,2026-02-20 16:22:12
800.0,64,18,8.231001853942871,8,5598.917087138686,67635.23413322352,14.853227596294648,61.20781827579495,6.912739038467407,2650,2026-02-20 16:22:12,2026-02-20 16:22:12
800.0,64,20,5.1058220863342285,3,5807.663566348745,60524.66953587289,15.305511634583109,45.71151480409247,6.912739038467407,2652,2026-02-20 16:22:12,2026-02-20 16:22:12
800.0,64,32,7.499999523162842,3,13552.437509986781,80846.68603996179,32.08585517913219,90.0,6.912739038467407,2662,2026-02-20 16:22:12,2026-02-20 16:22:12
800.0,64,39,8.651543617248535,4,23316.177366704484,70790.4147860831,53.24062486868721,68.08401442525036,6.912739038467407,2668,2026-02-20 16:22:12,2026-02-20 16:22:12
800.0,64,49,12.018107414245605,2,-1256.4187265357668,58807.061617438296,0.0,41.96827146735675,11.912739038467407,2675,2026-02-20 16:22:12,2026-02-20 16:22:12
800.0,64,54,12.790894508361816,2,8435.888965771926,42628.36736771727,21.0,6.709474161306221,11.912739038467407,2679,2026-02-20 16:22:12,2026-02-20 16:22:12
800.0,64,56,14.906283378601074,2,10282.042811925772,48866.37063862642,25.0,20.304174050468074,11.912739038467407,2681,2026-02-20 16:22:12,2026-02-20 16:22:12
800.0,64,57,12.019042015075684,2,10713.691472503118,52856.49849423891,25.935238764584252,29.0,11.912739038467407,2682,2026-02-20 16:22:12,2026-02-20 16:22:12
800.0,64,59,12.417325973510742,2,11330.861345415135,55609.63169545756,27.27244015589362,35.0,11.912739038467407,2684,2026-02-20 16:22:12,2026-02-20 16:22:12
800.0,64,60,13.54565715789795,7,20117.742682006065,62677.2385337852,46.310683051840634,50.402684116843865,11.912739038467407,2685,2026-02-20 16:22:12,2026-02-20 16:22:12
800.0,64,62,11.937031745910645,3,27189.828642107834,60180.690852529384,61.633535965394465,44.9618699633897,11.912739038467407,2687,2026-02-20 16:22:12,2026-02-20 16:22:12
800.0,64,64,19.604949951171875,1,2897.4274273103874,46432.52102472875,9.0,15.0,16.912739038467407,2688,2026-02-20 16:22:12,2026-02-20 16:22:12
800.0,65,3,7.487269401550293,3,-1256.4187265357668,53920.903946869235,0.0,31.319696232988296,6.912739038467407,2690,2026-02-20 16:30:58,2026-02-20 16:30:58
800.0,65,4,9.131148338317871,6,-701.5093593491903,59466.851063459944,1.2023036289042492,43.40617380872462,6.912739038467407,2691,2026-02-20 16:30:58,2026-02-20 16:30:58
800.0,65,11,5.887979507446289,9,4841.597431291691,77171.53581447594,13.212368341959492,81.99061587606641,6.912739038467407,2698,2026-02-20 16:30:58,2026-02-20 16:30:58
800.0,65,23,9.937729835510254,6,11051.536326931848,58282.87410772227,26.667235949179833,40.8258911942541,6.912739038467407,2707,2026-02-20 16:30:58,2026-02-20 16:30:58
800.0,65,25,7.415829658508301,1,13512.812042695003,40008.54355521859,32.0,1.0,6.912739038467407,2709,2026-02-20 16:30:58,2026-02-20 16:30:58
800.0,65,31,8.395597457885742,3,15472.389477178229,54583.51598296476,36.24575110804699,32.76374994416123,6.912739038467407,2714,2026-02-20 16:30:58,2026-02-20 16:30:58
800.0,65,32,7.735960960388184,2,16435.264953176662,62033.609164967726,38.331981306043595,49.0,6.912739038467407,2715,2026-02-20 16:30:58,2026-02-20 16:30:58
800.0,65,38,7.153488636016846,1,19051.273581156544,45514.80995765587,44.0,13.0,6.912739038467407,2721,2026-02-20 16:30:58,2026-02-20 16:30:58
800.0,65,65,13.424086570739746,3,5570.021250013658,57963.545168300625,14.79061994919042,40.12996640729437,11.912739038467407,2741,2026-02-20 16:30:58,2026-02-20 16:30:58
800.0,65,77,12.780052185058594,2,20897.427427310387,67840.6911287481,48.0,61.655577931085816,11.912739038467407,2751,2026-02-20 16:30:58,2026-02-20 16:30:58
800.0,65,78,15.702866554260254,1,23205.119735002692,62951.3202320406,53.0,51.0,11.912739038467407,2752,2026-02-20 16:30:58,2026-02-20 16:30:58
800.0,65,79,10.206099510192871,2,26121.819386318108,67393.26392350557,59.319515911183395,60.680484088816605,11.912739038467407,2753,2026-02-20 16:30:58,2026-02-20 16:30:58
800.0,65,80,12.070648193359375,2,28669.949621144104,64786.742366186365,64.84046475330639,55.0,11.912739038467407,2754,2026-02-20 16:30:58,2026-02-20 16:30:58
800.0,65,82,18.244977951049805,1,2897.4274273103874,45973.66549119231,9.0,14.0,16.912739038467407,2755,2026-02-20 16:30:58,2026-02-20 16:30:58
800.0,65,83,21.878158569335938,1,5666.658196541156,42302.821222900784,15.0,6.0,16.912739038467407,2756,2026-02-20 16:30:58,2026-02-20 16:30:58
800.0,65,84,18.21579933166504,1,6589.73511961808,42761.67675643723,17.0,7.0,16.912739038467407,2757,2026-02-20 16:30:58,2026-02-20 16:30:58
800.0,65,85,18.644887924194336,1,7051.273581156542,43679.38782351011,18.0,9.0,16.912739038467407,2758,2026-02-20 16:30:58,2026-02-20 16:30:58
800.0,65,86,17.05057716369629,1,14435.888965771926,49644.50975948383,34.0,22.0,16.912739038467407,2759,2026-02-20 16:30:58,2026-02-20 16:30:58
800.0,66,14,7.9537434577941895,2,4513.478584380322,77634.6973052067,12.501444173651524,83.0,6.912739038467407,2769,2026-02-20 16:39:43,2026-02-20 16:39:43
800.0,66,22,7.195657730102539,3,9667.83841999936,66688.06418139553,23.669223817492774,59.143617492319464,6.912739038467407,2776,2026-02-20 16:39:43,2026-02-20 16:39:43
800.0,66,45,8.464970588684082,2,24275.989180075176,49185.65422594739,55.320217130990365,21.0,6.912739038467407,2796,2026-02-20 16:39:43,2026-02-20 16:39:43
800.0,66,53,9.06351089477539,4,26435.888965771926,63669.69476434883,60.0,52.56557888007072,6.912739038467407,2803,2026-02-20 16:39:43,2026-02-20 16:39:43
800.0,66,62,13.701310157775879,13,4017.8015134282555,54468.04423077903,11.427477186588714,32.51209829403121,11.912739038467407,2810,2026-02-20 16:39:43,2026-02-20 16:39:43
800.0,66,65,13.303800582885742,1,4743.581273464233,64327.88683264992,13.0,54.0,11.912739038467407,2813,2026-02-20 16:39:43,2026-02-20 16:39:43
800.0,66,69,9.121048927307129,6,8453.513504266706,46428.63128721716,21.038186500072023,14.991522958257455,11.912739038467407,2817,2026-02-20 16:39:43,2026-02-20 16:39:43
800.0,66,70,13.532429695129395,6,9672.83071343006,43671.15546766615,23.680040453259288,8.982058937416499,11.912739038467407,2818,2026-02-20 16:39:43,2026-02-20 16:39:43
800.0,66,76,12.102232933044434,1,19051.273581156544,57903.909363139755,44.0,40.0,11.912739038467407,2823,2026-02-20 16:39:43,2026-02-20 16:39:43
800.0,66,77,12.131736755371094,1,19512.812042695004,61115.89809789484,45.0,47.0,11.912739038467407,2824,2026-02-20 16:39:43,2026-02-20 16:39:43
800.0,66,78,12.599809646606445,1,21820.50435038731,71210.71983569654,50.0,69.0,11.912739038467407,2825,2026-02-20 16:39:43,2026-02-20 16:39:43
800.0,66,79,12.085911750793457,1,22743.58127346423,71210.71983569654,52.0,69.0,11.912739038467407,2826,2026-02-20 16:39:43,2026-02-20 16:39:43
800.0,66,80,12.6808500289917,1,26897.427427310387,57903.909363139755,61.0,40.0,11.912739038467407,2827,2026-02-20 16:39:43,2026-02-20 16:39:43
800.0,66,82,18.028499603271484,1,2435.8889657719255,43679.38782351011,8.0,9.0,16.912739038467407,2828,2026-02-20 16:39:43,2026-02-20 16:39:43
800.0,66,83,17.234094619750977,1,10743.581273464233,51021.07636009315,26.0,25.0,16.912739038467407,2829,2026-02-20 16:39:43,2026-02-20 16:39:43
800.0,67,15,7.650677680969238,1,3358.9658888488484,76258.13070459737,10.0,80.0,6.912739038467407,2839,2026-02-20 16:48:29,2026-02-20 16:48:29
800.0,67,34,7.322022438049316,1,15358.96588884885,43679.38782351011,36.0,9.0,6.912739038467407,2856,2026-02-20 16:48:29,2026-02-20 16:48:29
800.0,67,47,9.045762062072754,13,20554.625397636475,66097.69547503501,47.257262269039856,57.857006210091924,6.912739038467407,2868,2026-02-20 16:48:29,2026-02-20 16:48:29
800.0,67,84,15.133077621459961,15,4489.189937905132,48823.60550580881,12.44881877295528,20.21097449267258,11.912739038467407,2900,2026-02-20 16:48:29,2026-02-20 16:48:29
800.0,67,88,15.10828971862793,2,7125.743119330558,42761.67675643723,18.161350666043703,7.0,11.912739038467407,2903,2026-02-20 16:48:29,2026-02-20 16:48:29
800.0,67,97,16.291397094726562,2,10282.042811925772,46014.89101341047,25.0,14.089844230275336,11.912739038467407,2912,2026-02-20 16:48:29,2026-02-20 16:48:29
800.0,67,101,13.548831939697266,2,11687.372231091504,49644.50975948383,28.04488040819242,22.0,11.912739038467407,2916,2026-02-20 16:48:29,2026-02-20 16:48:29
800.0,67,102,12.784462928771973,1,12589.735119618079,56527.34276253044,30.0,37.0,11.912739038467407,2917,2026-02-20 16:48:29,2026-02-20 16:48:29
800.0,67,103,15.321504592895508,1,19051.273581156544,52856.49849423891,44.0,29.0,11.912739038467407,2918,2026-02-20 16:48:29,2026-02-20 16:48:29
800.0,67,104,12.685516357421875,1,19974.350504233465,54691.92062838467,46.0,33.0,11.912739038467407,2919,2026-02-20 16:48:29,2026-02-20 16:48:29
800.0,67,105,12.138678550720215,1,26897.427427310387,57903.909363139755,61.0,40.0,11.912739038467407,2920,2026-02-20 16:48:29,2026-02-20 16:48:29
800.0,67,106,12.5,1,28743.58127346423,67081.02003386857,65.0,60.0,11.912739038467407,2921,2026-02-20 16:48:29,2026-02-20 16:48:29
800.0,67,108,20.5,1,1974.350504233464,43679.38782351011,7.0,9.0,16.912739038467407,2922,2026-02-20 16:48:29,2026-02-20 16:48:29
800.0,67,109,19.17813491821289,1,5666.658196541156,57903.909363139755,15.0,40.0,16.912739038467407,2923,2026-02-20 16:48:29,2026-02-20 16:48:29
1100.0,0,7,7.766255855560303,1,6128.196658079618,52856.49849423891,16.0,29.0,7.659246444702148,3,2026-02-20 11:32:35,2026-02-20 11:32:35
1100.0,0,11,10.53559684753418,6,17372.948161485045,89112.48431939758,40.36362825737843,108.01394485913805,7.659246444702148,6,2026-02-20 11:32:35,2026-02-20 11:32:35
1100.0,0,25,8.121243476867676,1,27358.96588884885,65245.59789972281,62.0,56.0,7.659246444702148,16,2026-02-20 11:32:35,2026-02-20 11:32:35
1100.0,0,27,13.440314292907715,1,-1256.4187265357668,80387.83050642534,0.0,89.0,12.659246444702148,17,2026-02-20 11:32:35,2026-02-20 11:32:35
1100.0,0,30,12.836224555969238,3,8612.855848807574,67509.18284120224,21.38342824657724,60.9331102624693,12.659246444702148,19,2026-02-20 11:32:35,2026-02-20 11:32:35
1100.0,0,32,13.4109525680542,1,13512.812042695003,43220.532289973664,32.0,8.0,12.659246444702148,20,2026-02-20 11:32:35,2026-02-20 11:32:35
1100.0,0,35,12.836889266967773,3,20403.401990515547,77042.80724544771,46.92961155361118,81.71007317881244,12.659246444702148,23,2026-02-20 11:32:35,2026-02-20 11:32:35
1100.0,0,37,13.393131256103516,2,22282.04281192577,84832.52902220434,51.0,98.68648777431824,12.659246444702148,25,2026-02-20 11:32:35,2026-02-20 11:32:35
1100.0,0,38,12.74127197265625,1,25051.273581156544,90023.79671069059,57.0,110.0,12.659246444702148,26,2026-02-20 11:32:35,2026-02-20 11:32:35
1100.0,0,39,13.134358406066895,16,28010.23119028253,80960.35782604494,63.411074819772985,90.24772892070644,12.659246444702148,27,2026-02-20 11:32:35,2026-02-20 11:32:35
1100.0,0,41,18.379735946655273,3,2144.0671997337017,69760.62389328855,7.367719506917181,65.83975491974138,17.65924644470215,28,2026-02-20 11:32:35,2026-02-20 11:32:35
1100.0,0,42,19.23297119140625,2,13974.350504233464,63635.751810314905,33.0,52.49160580673252,17.65924644470215,29,2026-02-20 11:32:35,2026-02-20 11:32:35
1100.0,1,2,8.241971969604492,2,-943.4748999223807,86811.8079759355,0.6780449576623365,103.0,7.659246444702148,30,2026-02-20 11:36:48,2026-02-20 11:36:48
1100.0,1,5,7.789308547973633,1,2435.8889657719255,58362.7648966762,8.0,41.0,7.659246444702148,31,2026-02-20 11:36:48,2026-02-20 11:36:48
1100.0,1,6,8.601115226745605,1,3358.9658888488484,57903.909363139755,10.0,40.0,7.659246444702148,32,2026-02-20 11:36:48,2026-02-20 11:36:48
1100.0,1,14,10.164321899414062,1,16743.58127346423,90941.50777776347,39.0,112.0,7.659246444702148,37,2026-02-20 11:36:48,2026-02-20 11:36:48
1100.0,1,18,8.5,1,24589.735119618083,70293.00876862365,56.0,67.0,7.659246444702148,40,2026-02-20 11:36:48,2026-02-20 11:36:48
1100.0,1,20,8.0,1,26435.888965771926,91859.21884483634,60.0,114.0,7.659246444702148,41,2026-02-20 11:36:48,2026-02-20 11:36:48
1100.0,1,23,15.705994606018066,16,-1017.4955977078776,81099.54678392517,0.5176667791270935,90.55106831122764,12.659246444702148,43,2026-02-20 11:36:48,2026-02-20 11:36:48
1100.0,1,24,16.698678970336914,14,2361.754699626481,72215.66604793696,7.83937575668487,71.19011461950828,12.659246444702148,44,2026-02-20 11:36:48,2026-02-20 11:36:48
1100.0,1,33,11.9917631149292,3,21500.502441728382,78005.64347321683,49.30666253123899,83.80841602835474,12.659246444702148,51,2026-02-20 11:36:48,2026-02-20 11:36:48
1100.0,1,36,17.196008682250977,14,27881.42428902854,84011.89744573798,63.13199320038933,96.89805652202041,12.659246444702148,54,2026-02-20 11:36:48,2026-02-20 11:36:48
1100.0,1,40,17.843242645263672,1,10282.042811925772,48267.943158874514,25.0,19.0,17.65924644470215,57,2026-02-20 11:36:48,2026-02-20 11:36:48
1100.0,1,41,19.597368240356445,3,13577.733233628946,66346.15829743285,32.140662580356874,58.39848997619781,17.65924644470215,58,2026-02-20 11:36:48,2026-02-20 11:36:48
1100.0,2,23,7.69752311706543,2,26854.312724877156,72128.43090276941,60.906584811394666,71.0,7.659246444702148,71,2026-02-20 11:41:11,2026-02-20 11:41:11
1100.0,2,28,14.628439903259277,13,-1017.3192103429581,82856.97203096417,0.5180489517510858,94.3810869523768,12.659246444702148,73,2026-02-20 11:41:11,2026-02-20 11:41:11
1100.0,2,30,14.981480598449707,6,2566.920168878683,73968.91946042163,8.28390094006464,75.01104143490963,12.659246444702148,75,2026-02-20 11:41:11,2026-02-20 11:41:11
1100.0,2,33,12.694400787353516,2,8893.081914575838,72587.28643630585,21.990584722408475,72.0,12.659246444702148,78,2026-02-20 11:41:11,2026-02-20 11:41:11
1100.0,2,35,14.083327293395996,20,10697.756131664659,50270.962151463624,25.90071219276759,23.365249727188996,12.659246444702148,80,2026-02-20 11:41:11,2026-02-20 11:41:11
1100.0,2,36,14.421767234802246,5,13325.635723088304,68811.32698276134,31.59445130751882,63.77091878037765,12.659246444702148,81,2026-02-20 11:41:11,2026-02-20 11:41:11
1100.0,2,39,13.517962455749512,5,21726.33406169601,80454.09168335456,49.795964374502184,89.14440531297191,12.659246444702148,84,2026-02-20 11:41:11,2026-02-20 11:41:11
1100.0,2,48,18.591732025146484,1,27820.50435038731,83140.96370764397,63.0,95.0,17.65924644470215,91,2026-02-20 11:41:11,2026-02-20 11:41:11
1100.0,3,2,5.986720085144043,4,1921.0805238000787,63690.9948963271,6.884581709060998,52.61199900671516,7.659246444702148,92,2026-02-20 11:45:33,2026-02-20 11:45:33
1100.0,3,5,9.110098838806152,1,2897.4274273103874,87729.51904300839,9.0,105.0,7.659246444702148,94,2026-02-20 11:45:33,2026-02-20 11:45:33
1100.0,3,7,8.46532917022705,1,5205.119735002695,39549.688021682145,14.0,0.0,7.659246444702148,96,2026-02-20 11:45:33,2026-02-20 11:45:33
1100.0,3,10,10.099533081054688,2,8435.888965771926,57655.26203630214,21.0,39.45811413688037,7.659246444702148,98,2026-02-20 11:45:33,2026-02-20 11:45:33
1100.0,3,17,10.645378112792969,1,17666.658196541153,95530.06311312786,41.0,122.0,7.659246444702148,103,2026-02-20 11:45:33,2026-02-20 11:45:33
1100.0,3,25,14.636211395263672,15,10187.107314169889,52429.03659101212,24.79430642152892,28.06841724249828,12.659246444702148,107,2026-02-20 11:45:33,2026-02-20 11:45:33
1100.0,3,29,13.576948165893555,3,13167.818373868615,71908.73534829762,31.252513717542826,70.52120975249315,12.659246444702148,111,2026-02-20 11:45:33,2026-02-20 11:45:33
1100.0,3,32,16.18430519104004,5,21472.73360530108,82690.48644848615,49.246496718979834,94.01825906797731,12.659246444702148,113,2026-02-20 11:45:33,2026-02-20 11:45:33
1100.0,3,37,18.179479598999023,1,-1256.4187265357668,82682.10817410753,0.0,94.0,17.65924644470215,116,2026-02-20 11:45:33,2026-02-20 11:45:33
1100.0,3,38,17.854976654052734,1,-1256.4187265357668,84058.67477471687,0.0,97.0,17.65924644470215,117,2026-02-20 11:45:33,2026-02-20 11:45:33
1100.0,3,39,18.037960052490234,1,2435.8889657719255,76716.98623813382,8.0,81.0,17.65924644470215,118,2026-02-20 11:45:33,2026-02-20 11:45:33
1100.0,3,40,17.922630310058594,1,14897.427427310387,50103.36529302027,35.0,23.0,17.65924644470215,119,2026-02-20 11:45:33,2026-02-20 11:45:33
1100.0,3,42,20.682756423950195,6,27803.19848749853,89436.92459304373,62.96250396374097,108.72100895651457,17.65924644470215,121,2026-02-20 11:45:33,2026-02-20 11:45:33
1100.0,4,5,12.23237419128418,1,2897.4274273103874,63410.17576557704,9.0,52.0,7.659246444702148,123,2026-02-20 11:49:56,2026-02-20 11:49:56
1100.0,4,8,7.886111259460449,5,5669.141771988853,83197.70296363372,15.005381080136678,95.12365385582792,7.659246444702148,126,2026-02-20 11:49:56,2026-02-20 11:49:56
1100.0,4,10,8.682714462280273,2,6589.73511961808,42331.462789573765,17.0,6.06241957343793,7.659246444702148,128,2026-02-20 11:49:56,2026-02-20 11:49:56
1100.0,4,24,13.628746032714844,4,-1076.2767526858302,84512.06896593467,0.39030761000819625,97.98809790463558,12.659246444702148,135,2026-02-20 11:49:56,2026-02-20 11:49:56
1100.0,4,27,14.175768852233887,3,2435.8889657719255,78858.85089680224,8.0,85.66784096981652,12.659246444702148,138,2026-02-20 11:49:56,2026-02-20 11:49:56
1100.0,4,32,14.00792407989502,3,12978.160496774344,73963.85303691517,30.841588317171905,75.0,12.659246444702148,141,2026-02-20 11:49:56,2026-02-20 11:49:56
1100.0,4,33,13.686097145080566,1,21358.96588884885,85894.09690886262,49.0,101.0,12.659246444702148,142,2026-02-20 11:49:56,2026-02-20 11:49:56
1100.0,4,41,22.744083404541016,4,-1256.4187265357668,45885.82452119248,0.0,13.808565085130764,17.65924644470215,146,2026-02-20 11:49:56,2026-02-20 11:49:56
1100.0,4,42,17.99467658996582,1,7512.812042695003,57903.909363139755,19.0,40.0,17.65924644470215,147,2026-02-20 11:49:56,2026-02-20 11:49:56
1100.0,4,43,17.91078758239746,1,11666.658196541157,53315.35402777536,28.0,30.0,17.65924644470215,148,2026-02-20 11:49:56,2026-02-20 11:49:56
1100.0,4,44,18.253971099853516,1,13512.812042695003,52856.49849423891,32.0,29.0,17.65924644470215,149,2026-02-20 11:49:56,2026-02-20 11:49:56
1100.0,4,45,16.67429542541504,2,26303.839193843552,86943.09014113055,59.71389216082186,103.28610783917814,17.65924644470215,150,2026-02-20 11:49:56,2026-02-20 11:49:56
1100.0,5,6,11.43228816986084,3,2953.401845957609,66357.20286760054,9.121277907068981,58.42255979634919,7.659246444702148,156,2026-02-20 11:54:09,2026-02-20 11:54:09
1100.0,5,13,12.086501121520996,2,8436.587366244365,78093.55283874314,21.001513201023617,84.0,7.659246444702148,161,2026-02-20 11:54:09,2026-02-20 11:54:09
1100.0,5,14,9.970489501953125,2,8573.893940385411,79011.26390581601,21.299010778329215,86.0,7.659246444702148,162,2026-02-20 11:54:09,2026-02-20 11:54:09
1100.0,5,17,9.929444313049316,18,14275.6991750206,76656.02803655302,33.652922120038795,80.86715164768532,7.659246444702148,165,2026-02-20 11:54:09,2026-02-20 11:54:09
1100.0,5,23,10.244542121887207,1,28743.58127346423,81764.39710703466,65.0,92.0,7.659246444702148,169,2026-02-20 11:54:09,2026-02-20 11:54:09
1100.0,5,25,13.150731086730957,1,-1256.4187265357668,86352.95244239905,0.0,102.0,12.659246444702148,170,2026-02-20 11:54:09,2026-02-20 11:54:09
1100.0,5,26,14.984550476074219,1,2897.4274273103874,81305.54157349822,9.0,91.0,12.659246444702148,171,2026-02-20 11:54:09,2026-02-20 11:54:09
1100.0,5,35,25.700410842895508,14,7606.778390800302,61717.98957646567,19.203593754228148,48.31215913193954,17.65924644470215,174,2026-02-20 11:54:09,2026-02-20 11:54:09
1100.0,5,39,21.0,1,25512.812042695004,88647.23011008126,58.0,107.0,17.65924644470215,178,2026-02-20 11:54:09,2026-02-20 11:54:09
1100.0,6,2,8.149517059326172,1,-1256.4187265357668,88647.23011008126,0.0,107.0,7.659246444702148,179,2026-02-20 11:58:32,2026-02-20 11:58:32
1100.0,6,10,7.705416679382324,1,8435.888965771926,81764.39710703466,21.0,92.0,7.659246444702148,184,2026-02-20 11:58:32,2026-02-20 11:58:32
1100.0,6,14,10.380547523498535,10,13942.538505073178,79256.53861704425,32.93107400181938,86.5345358033233,7.659246444702148,187,2026-02-20 11:58:32,2026-02-20 11:58:32
1100.0,6,16,8.5,1,20435.888965771926,91859.21884483634,47.0,114.0,7.659246444702148,189,2026-02-20 11:58:32,2026-02-20 11:58:32
1100.0,6,23,13.0,1,128.19665807961792,41385.110155827904,3.0,4.0,12.659246444702148,193,2026-02-20 11:58:32,2026-02-20 11:58:32
1100.0,6,24,14.02587604522705,4,2658.9159981329076,82871.75249618238,8.483225236782127,94.41329853998545,12.659246444702148,194,2026-02-20 11:58:32,2026-02-20 11:58:32
1100.0,6,32,17.34990692138672,7,26093.391367448392,91248.93116082928,59.25792187029901,112.66997858933175,12.659246444702148,200,2026-02-20 11:58:32,2026-02-20 11:58:32
1100.0,6,34,26.557281494140625,28,7461.710773515209,64824.9909567551,18.88928058344378,55.08335649844724,17.65924644470215,201,2026-02-20 11:58:32,2026-02-20 11:58:32
1100.0,6,35,17.94639015197754,1,15358.96588884885,56068.487228993996,36.0,36.0,17.65924644470215,202,2026-02-20 11:58:32,2026-02-20 11:58:32
1100.0,7,1,10.094435691833496,3,-1156.715140281662,42946.222172504815,0.21602443688389383,7.402186314819576,7.659246444702148,203,2026-02-20 12:02:45,2026-02-20 12:02:45
1100.0,7,11,7.788681983947754,4,9194.165646683165,83379.84653385829,22.642932808641017,95.52060574354029,7.659246444702148,210,2026-02-20 12:02:45,2026-02-20 12:02:45
1100.0,7,13,9.556514739990234,5,14148.365331380126,81684.17963432457,33.37703212548443,91.82517924085639,7.659246444702148,212,2026-02-20 12:02:45,2026-02-20 12:02:45
1100.0,7,15,7.740653038024902,1,14897.427427310387,65704.45343325924,35.0,57.0,7.659246444702148,214,2026-02-20 12:02:45,2026-02-20 12:02:45
1100.0,7,16,9.492558479309082,1,20897.427427310387,93235.78544544567,48.0,117.0,7.659246444702148,215,2026-02-20 12:02:45,2026-02-20 12:02:45
1100.0,7,21,13.734424591064453,6,2619.696660727541,84788.16282660511,8.398250005737166,98.589798964101,12.659246444702148,217,2026-02-20 12:02:45,2026-02-20 12:02:45
1100.0,7,24,15.5,1,8435.888965771926,41843.96568936435,21.0,5.0,12.659246444702148,219,2026-02-20 12:02:45,2026-02-20 12:02:45
1100.0,7,27,15.57859992980957,3,26053.2923165184,83717.97576463367,59.171040593284026,96.25750266656391,12.659246444702148,221,2026-02-20 12:02:45,2026-02-20 12:02:45
1100.0,7,30,22.16680335998535,30,7335.424729035687,67218.25674533317,18.615660820404816,60.299084791256426,17.65924644470215,223,2026-02-20 12:02:45,2026-02-20 12:02:45
1100.0,7,31,18.191707611083984,1,12128.196658079618,61115.89809789484,29.0,47.0,17.65924644470215,224,2026-02-20 12:02:45,2026-02-20 12:02:45
1100.0,7,32,20.632150650024414,1,14897.427427310387,58362.7648966762,35.0,41.0,17.65924644470215,225,2026-02-20 12:02:45,2026-02-20 12:02:45
1100.0,8,1,2.9750444889068604,3,-800.433393070271,39729.52061995429,0.9879682225085742,0.3919155052705871,7.659246444702148,226,2026-02-20 12:07:07,2026-02-20 12:07:07
1100.0,8,3,8.147869110107422,3,5625.3247483216965,42497.94405799504,14.910444195524503,6.425238056061834,7.659246444702148,227,2026-02-20 12:07:07,2026-02-20 12:07:07
1100.0,8,7,7.9678263664245605,3,11113.728158375303,88608.45255986432,26.80198491730732,106.91549072119045,7.659246444702148,230,2026-02-20 12:07:07,2026-02-20 12:07:07
1100.0,8,15,12.689021110534668,1,2897.4274273103874,88647.23011008126,9.0,107.0,12.659246444702148,235,2026-02-20 12:07:07,2026-02-20 12:07:07
1100.0,8,19,16.509647369384766,25,13033.07235302015,63180.838362356546,30.960564005704484,51.500196932457214,12.659246444702148,238,2026-02-20 12:07:07,2026-02-20 12:07:07
1100.0,8,21,13.154735565185547,1,14435.888965771926,84517.5303082533,34.0,98.0,12.659246444702148,240,2026-02-20 12:07:07,2026-02-20 12:07:07
1100.0,8,23,10.52148723602295,3,28697.535504192398,83598.05890410516,64.90023416657769,95.9961636355092,12.659246444702148,242,2026-02-20 12:07:07,2026-02-20 12:07:07
1100.0,8,25,22.00823974609375,18,7217.3388331815495,70050.81829599923,18.359808046054184,66.47218578632399,17.65924644470215,243,2026-02-20 12:07:07,2026-02-20 12:07:07
1100.0,9,4,11.263063430786133,3,2146.4554562906956,89281.91098068666,7.372894062790668,108.3831823400142,7.659246444702148,245,2026-02-20 12:11:20,2026-02-20 12:11:20
1100.0,9,6,8.280842781066895,1,6589.73511961808,53315.35402777536,17.0,30.0,7.659246444702148,246,2026-02-20 12:11:20,2026-02-20 12:11:20
1100.0,9,7,7.926578044891357,2,8897.427427310387,88036.3276236199,22.0,105.66863872872342,7.659246444702148,247,2026-02-20 12:11:20,2026-02-20 12:11:20
1100.0,9,8,8.290877342224121,2,9018.5182349172,89106.0856436177,22.262363416481424,108.0,7.659246444702148,248,2026-02-20 12:11:20,2026-02-20 12:11:20
1100.0,9,9,9.763296127319336,2,9139.199285040526,90023.79671069059,22.52383902508197,110.0,7.659246444702148,249,2026-02-20 12:11:20,2026-02-20 12:11:20
1100.0,9,10,9.0,1,12128.196658079618,43679.38782351011,29.0,9.0,7.659246444702148,250,2026-02-20 12:11:20,2026-02-20 12:11:20
1100.0,9,28,14.051607131958008,1,13974.350504233464,86811.8079759355,33.0,103.0,12.659246444702148,261,2026-02-20 12:11:20,2026-02-20 12:11:20
1100.0,9,30,15.181607246398926,1,28743.58127346423,85435.24137532618,65.0,100.0,12.659246444702148,263,2026-02-20 12:11:20,2026-02-20 12:11:20
1100.0,9,33,19.913354873657227,3,-1256.4187265357668,46327.6708933682,0.0,14.771496421646148,17.65924644470215,265,2026-02-20 12:11:20,2026-02-20 12:11:20
1100.0,9,34,20.074106216430664,17,7087.4308539354315,72372.1451065385,18.078340757687595,71.53113493454195,17.65924644470215,266,2026-02-20 12:11:20,2026-02-20 12:11:20
1100.0,9,35,19.217979431152344,5,9215.267437976687,65970.29122495172,22.68865335644365,57.57934964768464,17.65924644470215,267,2026-02-20 12:11:20,2026-02-20 12:11:20
1100.0,10,2,9.327850341796875,4,-1045.9978556248313,50297.47785734982,0.4559118869736936,23.42303633745789,7.659246444702148,269,2026-02-20 12:15:43,2026-02-20 12:15:43
1100.0,10,5,8.689114570617676,1,5205.119735002695,49185.65422594739,14.0,21.0,7.659246444702148,271,2026-02-20 12:15:43,2026-02-20 12:15:43
1100.0,10,8,7.906879425048828,1,6128.196658079618,48267.943158874514,16.0,19.0,7.659246444702148,273,2026-02-20 12:15:43,2026-02-20 12:15:43
1100.0,10,11,10.618261337280273,7,9343.681238882065,91612.19908726994,22.966883258405304,113.46166115582696,7.659246444702148,274,2026-02-20 12:15:43,2026-02-20 12:15:43
1100.0,10,21,12.676017761230469,1,3358.9658888488484,92776.92991190922,10.0,116.0,12.659246444702148,279,2026-02-20 12:15:43,2026-02-20 12:15:43
1100.0,10,23,13.413744926452637,1,7974.350504233464,40008.54355521859,20.0,1.0,12.659246444702148,280,2026-02-20 12:15:43,2026-02-20 12:15:43
1100.0,10,30,12.250988960266113,6,14252.374776506973,65710.18311724918,33.60238592325927,57.01248690180497,12.659246444702148,286,2026-02-20 12:15:43,2026-02-20 12:15:43
1100.0,10,33,15.700039863586426,5,28622.932957428628,87665.22336311845,64.73859531525619,104.85987816384296,12.659246444702148,289,2026-02-20 12:15:43,2026-02-20 12:15:43
1100.0,10,34,15.499999046325684,2,28527.550412036966,98283.19631434651,64.53193313357426,128.0,12.659246444702148,290,2026-02-20 12:15:43,2026-02-20 12:15:43
1100.0,10,36,21.297224044799805,3,-1193.0175215389281,44812.30422479191,0.13736927749315067,11.46900455258829,17.65924644470215,291,2026-02-20 12:15:43,2026-02-20 12:15:43
1100.0,10,38,18.95524787902832,9,6840.844519208409,74847.97710801066,17.544070365779046,76.92680267857175,17.65924644470215,293,2026-02-20 12:15:43,2026-02-20 12:15:43
1100.0,10,39,22.11125946044922,2,8977.561231285992,68457.58663447789,22.173623241947144,63.0,17.65924644470215,294,2026-02-20 12:15:43,2026-02-20 12:15:43
1100.0,11,4,8.770853042602539,1,6128.196658079618,48726.79869241095,16.0,20.0,7.659246444702148,296,2026-02-20 12:20:06,2026-02-20 12:20:06
1100.0,11,15,9.559104919433594,7,28526.643891702497,60196.56893763441,64.52996900618291,44.99647363261573,7.659246444702148,305,2026-02-20 12:20:06,2026-02-20 12:20:06
1100.0,11,25,15.89995288848877,1,16282.042811925772,66163.30896679568,38.0,58.0,12.659246444702148,311,2026-02-20 12:20:06,2026-02-20 12:20:06
1100.0,11,27,32.40829849243164,13,-887.3311901122255,46283.04969639742,0.7996896622510061,14.674251877972708,17.65924644470215,312,2026-02-20 12:20:06,2026-02-20 12:20:06
1100.0,11,30,19.340723037719727,7,6775.284227883528,77972.41883990045,17.40202306790847,83.73600841661622,17.65924644470215,315,2026-02-20 12:20:06,2026-02-20 12:20:06
1100.0,11,31,18.986839294433594,1,8435.888965771926,41843.96568936435,21.0,5.0,17.65924644470215,316,2026-02-20 12:20:06,2026-02-20 12:20:06
1100.0,12,4,8.406185150146484,3,-1096.595904258328,54928.31952776251,0.34628278160111775,33.51519243443768,7.659246444702148,318,2026-02-20 12:24:19,2026-02-20 12:24:19
1100.0,12,9,10.016136169433594,2,3820.5043503873103,53394.61862814162,11.0,30.172744130936746,7.659246444702148,323,2026-02-20 12:24:19,2026-02-20 12:24:19
1100.0,12,15,7.6638712882995605,1,9820.504350387311,94612.35204605499,24.0,120.0,7.659246444702148,327,2026-02-20 12:24:19,2026-02-20 12:24:19
1100.0,12,17,8.0,1,13512.812042695003,40008.54355521859,32.0,1.0,7.659246444702148,329,2026-02-20 12:24:19,2026-02-20 12:24:19
1100.0,12,19,4.469945430755615,3,14774.43911743282,69623.99327873818,34.7335253285986,65.5419910168037,7.659246444702148,331,2026-02-20 12:24:19,2026-02-20 12:24:19
1100.0,12,25,11.332611083984375,6,28743.58127346423,61563.69013836441,65.0,47.975888940508995,7.659246444702148,336,2026-02-20 12:24:19,2026-02-20 12:24:19
1100.0,12,32,16.326465606689453,7,8675.66588557233,44704.667854008316,21.519516659567543,11.234428824681013,12.659246444702148,339,2026-02-20 12:24:19,2026-02-20 12:24:19
1100.0,12,34,17.0,2,28743.58127346423,91134.85642916347,65.0,112.42137151514736,12.659246444702148,341,2026-02-20 12:24:19,2026-02-20 12:24:19
1100.0,12,37,19.590312957763672,5,254.96958447410634,48898.9959347128,3.274674673854725,20.375275505505428,17.65924644470215,343,2026-02-20 12:24:19,2026-02-20 12:24:19
1100.0,12,38,20.707563400268555,30,6648.122370834416,79137.45082372229,17.12650571096873,86.27500358758614,17.65924644470215,344,2026-02-20 12:24:19,2026-02-20 12:24:19
1100.0,13,3,11.398427963256836,2,-1256.4187265357668,58600.41371996527,0.0,41.51791643757129,7.659246444702148,345,2026-02-20 12:28:24,2026-02-20 12:28:24
1100.0,13,7,11.107012748718262,4,3647.0223415774076,55700.109370045975,10.624122314245211,35.197181177899495,7.659246444702148,348,2026-02-20 12:28:24,2026-02-20 12:28:24
1100.0,13,8,8.288186073303223,1,3820.5043503873103,64327.88683264992,11.0,54.0,7.659246444702148,349,2026-02-20 12:28:24,2026-02-20 12:28:24
1100.0,13,11,5.6033854484558105,4,7031.7262521134735,52977.75695857793,17.95764745374002,29.264262835416766,7.659246444702148,351,2026-02-20 12:28:24,2026-02-20 12:28:24
1100.0,13,17,11.045177459716797,2,14435.888965771926,71854.49142786452,34.0,70.40299406919291,7.659246444702148,356,2026-02-20 12:28:24,2026-02-20 12:28:24
1100.0,13,18,7.664608478546143,1,15820.504350387311,54233.065094848236,37.0,32.0,7.659246444702148,357,2026-02-20 12:28:24,2026-02-20 12:28:24
1100.0,13,20,10.175558090209961,3,28743.58127346423,63984.55894843921,65.0,53.251773468732836,7.659246444702148,359,2026-02-20 12:28:24,2026-02-20 12:28:24
1100.0,13,32,23.5,1,-1256.4187265357668,45514.80995765587,0.0,13.0,17.65924644470215,364,2026-02-20 12:28:24,2026-02-20 12:28:24
1100.0,13,33,14.64799690246582,6,55.62358572741284,51833.744900460864,2.842758343236889,26.771077127705972,17.65924644470215,365,2026-02-20 12:28:24,2026-02-20 12:28:24
1100.0,13,34,17.901243209838867,1,128.19665807961792,45055.95442411943,3.0,12.0,17.65924644470215,366,2026-02-20 12:28:24,2026-02-20 12:28:24
1100.0,13,35,19.822280883789062,27,7069.033283053152,81608.64439005168,18.038479354109324,91.66056262679763,17.65924644470215,367,2026-02-20 12:28:24,2026-02-20 12:28:24
1100.0,13,38,17.986377716064453,1,8435.888965771926,75799.27517106093,21.0,79.0,17.65924644470215,370,2026-02-20 12:28:24,2026-02-20 12:28:24
1100.0,13,40,17.690349578857422,2,8897.427427310387,47695.76939606813,22.0,17.75304159808952,17.65924644470215,372,2026-02-20 12:28:24,2026-02-20 12:28:24
1100.0,14,4,12.132286071777344,2,2949.271748913253,63410.17576557704,9.112329363472876,52.0,7.659246444702148,374,2026-02-20 12:32:47,2026-02-20 12:32:47
1100.0,14,13,8.081649780273438,2,14435.888965771926,41221.46435650752,34.0,3.643360954897595,7.659246444702148,379,2026-02-20 12:32:47,2026-02-20 12:32:47
1100.0,14,14,8.555388450622559,1,19974.350504233465,57903.909363139755,46.0,40.0,7.659246444702148,380,2026-02-20 12:32:47,2026-02-20 12:32:47
1100.0,14,16,10.659966468811035,1,28282.04281192577,60198.187030821966,64.0,45.0,7.659246444702148,382,2026-02-20 12:32:47,2026-02-20 12:32:47
1100.0,14,22,15.576604843139648,4,3267.078602313732,48027.48523009209,9.800910879173914,18.47596158004417,12.659246444702148,385,2026-02-20 12:32:47,2026-02-20 12:32:47
1100.0,14,24,7.905827522277832,3,6692.192884735847,77898.81570135486,17.221991824421828,83.57560250851193,12.659246444702148,386,2026-02-20 12:32:47,2026-02-20 12:32:47
1100.0,14,33,17.686790466308594,4,-474.58668397132567,54981.187226278504,1.6939694255562892,33.63040886891877,17.65924644470215,392,2026-02-20 12:32:47,2026-02-20 12:32:47
1100.0,14,36,21.543502807617188,43,7196.863189719815,85015.99475514016,18.315444151887093,99.08632109772141,17.65924644470215,395,2026-02-20 12:32:47,2026-02-20 12:32:47
1100.0,14,37,14.036704063415527,3,8821.913638231306,48599.291028516745,21.836386790328657,19.722118064238007,17.65924644470215,396,2026-02-20 12:32:47,2026-02-20 12:32:47
1100.0,14,39,25.23783302307129,2,28743.58127346423,67259.730499404,65.0,60.38947000193744,17.65924644470215,398,2026-02-20 12:32:47,2026-02-20 12:32:47
1100.0,15,10,11.578751564025879,7,6147.509204175346,70434.77368580048,16.041843849874077,67.30895326920053,7.659246444702148,403,2026-02-20 12:37:09,2026-02-20 12:37:09
1100.0,15,16,7.82191801071167,1,11666.658196541157,81764.39710703466,28.0,92.0,7.659246444702148,406,2026-02-20 12:37:09,2026-02-20 12:37:09
1100.0,15,21,8.75518798828125,2,26660.04941160498,49644.50975948383,60.48568096597162,22.0,7.659246444702148,410,2026-02-20 12:37:09,2026-02-20 12:37:09
1100.0,15,22,10.798931121826172,3,27957.75200947651,63531.45446856244,63.2973699280266,52.26430694221053,7.659246444702148,411,2026-02-20 12:37:09,2026-02-20 12:37:09
1100.0,15,23,8.007706642150879,2,28617.835216162566,47809.08762533807,64.72755020917973,18.0,7.659246444702148,412,2026-02-20 12:37:09,2026-02-20 12:37:09
1100.0,15,32,13.604193687438965,13,6778.115252478593,80057.83254237346,17.408156954531112,88.28082383248481,12.659246444702148,417,2026-02-20 12:37:09,2026-02-20 12:37:09
1100.0,15,42,19.25251579284668,5,-510.98064744790554,57994.43737098248,1.6151158380236994,40.19729087093059,17.65924644470215,421,2026-02-20 12:37:09,2026-02-20 12:37:09
1100.0,15,44,18.141651153564453,1,4282.042811925772,49185.65422594739,12.0,21.0,17.65924644470215,423,2026-02-20 12:37:09,2026-02-20 12:37:09
1100.0,15,45,26.91545867919922,1,6128.196658079618,63410.17576557704,16.0,52.0,17.65924644470215,424,2026-02-20 12:37:09,2026-02-20 12:37:09
1100.0,15,46,20.974029541015625,34,7200.599305660655,87088.04759241604,18.323539069758912,103.6020187102279,17.65924644470215,425,2026-02-20 12:37:09,2026-02-20 12:37:09
1100.0,15,47,23.0,5,8531.554985031087,53359.594183582696,21.207276375061515,30.096414127266534,17.65924644470215,426,2026-02-20 12:37:09,2026-02-20 12:37:09
1100.0,15,49,25.885988235473633,2,19974.350504233465,52965.216431358036,46.0,29.23693282345583,17.65924644470215,428,2026-02-20 12:37:09,2026-02-20 12:37:09
1100.0,16,7,11.180608749389648,11,5857.877535970476,72291.03496142312,15.414308568763525,71.35436874303447,7.659246444702148,432,2026-02-20 12:41:22,2026-02-20 12:41:22
1100.0,16,8,10.269430160522461,1,6128.196658079618,39549.688021682145,16.0,0.0,7.659246444702148,433,2026-02-20 12:41:22,2026-02-20 12:41:22
1100.0,16,14,8.271819114685059,1,15820.504350387311,46891.37655826519,37.0,16.0,7.659246444702148,435,2026-02-20 12:41:22,2026-02-20 12:41:22
1100.0,16,15,7.799549579620361,4,17397.736878378422,40754.627985097904,40.417337143980745,2.6259680342725327,7.659246444702148,436,2026-02-20 12:41:22,2026-02-20 12:41:22
1100.0,16,19,11.719220161437988,2,20156.899404992768,61115.89809789484,46.39552261831182,47.0,7.659246444702148,439,2026-02-20 12:41:22,2026-02-20 12:41:22
1100.0,16,26,9.437905311584473,3,28000.094893935104,39760.85566416776,63.389112844353555,0.4602050690293003,7.659246444702148,445,2026-02-20 12:41:22,2026-02-20 12:41:22
1100.0,16,34,14.932801246643066,29,6802.091582195966,82488.20714064357,17.460105668918754,93.57742465919601,12.659246444702148,449,2026-02-20 12:41:22,2026-02-20 12:41:22
1100.0,16,47,17.915557861328125,1,-1256.4187265357668,64786.742366186365,0.0,55.0,17.65924644470215,455,2026-02-20 12:41:22,2026-02-20 12:41:22
1100.0,16,48,20.66646957397461,7,813.844080183748,58717.276795407284,4.485569414558949,41.77260024739993,17.65924644470215,456,2026-02-20 12:41:22,2026-02-20 12:41:22
1100.0,16,49,18.066844940185547,1,3358.9658888488484,52397.64296070248,10.0,28.0,17.65924644470215,457,2026-02-20 12:41:22,2026-02-20 12:41:22
1100.0,16,50,16.584300994873047,21,7370.604525375512,88615.07138879912,18.691883712474436,106.92991536784072,17.65924644470215,458,2026-02-20 12:41:22,2026-02-20 12:41:22
1100.0,16,52,24.9915828704834,3,8897.427427310387,53454.91727630137,22.0,30.304155095287584,17.65924644470215,460,2026-02-20 12:41:22,2026-02-20 12:41:22
1100.0,16,56,18.50632667541504,9,9987.794776615357,61946.861621608696,24.362462590160767,48.81094802825966,17.65924644470215,464,2026-02-20 12:41:22,2026-02-20 12:41:22
1100.0,16,57,23.0,1,18128.19665807962,54691.92062838467,42.0,33.0,17.65924644470215,465,2026-02-20 12:41:22,2026-02-20 12:41:22
1100.0,16,58,20.788646697998047,1,25512.812042695004,55150.776161921116,58.0,34.0,17.65924644470215,466,2026-02-20 12:41:22,2026-02-20 12:41:22
1100.0,17,5,7.7869110107421875,2,3358.9658888488484,46460.51950925753,10.0,15.061018081906955,7.659246444702148,469,2026-02-20 12:45:27,2026-02-20 12:45:27
1100.0,17,11,8.941015243530273,1,6128.196658079618,79928.9749728889,16.0,88.0,7.659246444702148,472,2026-02-20 12:45:27,2026-02-20 12:45:27
1100.0,17,15,7.939776420593262,1,8435.888965771926,48267.943158874514,21.0,19.0,7.659246444702148,474,2026-02-20 12:45:27,2026-02-20 12:45:27
1100.0,17,18,8.355172157287598,1,13974.350504233464,82223.2526405711,33.0,93.0,7.659246444702148,477,2026-02-20 12:45:27,2026-02-20 12:45:27
1100.0,17,19,9.0,3,15751.041921789683,49867.11923687747,36.849498071371805,22.48514066219921,7.659246444702148,478,2026-02-20 12:45:27,2026-02-20 12:45:27
1100.0,17,21,9.7116060256958,3,17283.158931523238,42922.43848564762,40.169084925794515,7.350353689692664,7.659246444702148,480,2026-02-20 12:45:27,2026-02-20 12:45:27
1100.0,17,22,8.787602424621582,3,18682.816503582846,58202.027056171166,43.20167633192366,40.64969837180298,7.659246444702148,481,2026-02-20 12:45:27,2026-02-20 12:45:27
1100.0,17,30,9.071825981140137,7,28310.785756771293,41178.42119166991,64.06227638049863,3.5495554721438802,7.659246444702148,488,2026-02-20 12:45:27,2026-02-20 12:45:27
1100.0,17,32,7.758621692657471,1,27820.50435038731,67998.73110094146,63.0,62.0,7.659246444702148,490,2026-02-20 12:45:27,2026-02-20 12:45:27
1100.0,17,33,9.633652687072754,5,28607.750242991075,60550.20016112426,64.70569943397483,45.76715459349329,7.659246444702148,491,2026-02-20 12:45:27,2026-02-20 12:45:27
1100.0,17,35,9.07791519165039,1,28743.58127346423,68457.58663447789,65.0,63.0,7.659246444702148,493,2026-02-20 12:45:27,2026-02-20 12:45:27
1100.0,17,38,11.833566665649414,7,-1222.2462672294487,67800.06456714286,0.07404032849702291,61.5670390367368,12.659246444702148,495,2026-02-20 12:45:27,2026-02-20 12:45:27
1100.0,17,41,13.941539764404297,4,1990.13569387098,55069.80912517022,7.034201244214618,33.82354568958366,12.659246444702148,497,2026-02-20 12:45:27,2026-02-20 12:45:27
1100.0,17,44,11.732436180114746,4,6014.928282867204,74279.90399787492,15.75458518703977,75.68878097322681,12.659246444702148,499,2026-02-20 12:45:27,2026-02-20 12:45:27
1100.0,17,47,15.572408676147461,4,8435.888965771926,57666.962265946575,21.0,39.48361285878583,12.659246444702148,501,2026-02-20 12:45:27,2026-02-20 12:45:27
1100.0,17,52,13.041825294494629,1,21358.96588884885,53315.35402777536,49.0,30.0,12.659246444702148,504,2026-02-20 12:45:27,2026-02-20 12:45:27
1100.0,17,54,18.15786361694336,4,2247.956405903425,61207.76160316208,7.5928127869515825,47.200201367430914,17.65924644470215,505,2026-02-20 12:45:27,2026-02-20 12:45:27
1100.0,17,57,21.063167572021484,6,8001.9178481686995,85091.15020026917,20.05972924519301,99.25011000215021,17.65924644470215,508,2026-02-20 12:45:27,2026-02-20 12:45:27
1100.0,17,59,20.21571922302246,6,7801.469293936644,91564.0910867255,19.62542404435689,113.35681769851118,17.65924644470215,510,2026-02-20 12:45:27,2026-02-20 12:45:27
1100.0,17,60,23.503747940063477,39,9990.325630178702,64597.3170593562,24.36794610621468,54.58717876763904,17.65924644470215,511,2026-02-20 12:45:27,2026-02-20 12:45:27
1100.0,17,62,17.70564842224121,1,11205.119735002694,53315.35402777536,27.0,30.0,17.65924644470215,513,2026-02-20 12:45:27,2026-02-20 12:45:27
1100.0,18,10,11.864450454711914,1,4282.042811925772,48726.79869241095,12.0,20.0,7.659246444702148,517,2026-02-20 12:49:40,2026-02-20 12:49:40
1100.0,18,28,7.061604976654053,3,17550.953532020038,45298.21531015583,40.749306560204246,12.527967668100835,7.659246444702148,525,2026-02-20 12:49:40,2026-02-20 12:49:40
1100.0,18,31,11.782466888427734,4,23129.15365076116,58975.383959803396,52.83540681747668,42.33510226716824,7.659246444702148,528,2026-02-20 12:49:40,2026-02-20 12:49:40
1100.0,18,34,9.000000953674316,3,23902.91892974879,52793.42757881336,54.51189825528321,28.862547336109333,7.659246444702148,531,2026-02-20 12:49:40,2026-02-20 12:49:40
1100.0,18,42,5.931826591491699,4,28467.674208871937,43212.30164054704,64.40220136005003,7.98206265627181,7.659246444702148,539,2026-02-20 12:49:40,2026-02-20 12:49:40
1100.0,18,50,14.137825965881348,6,-1200.7908658270612,70565.45532128376,0.120527031535529,67.59375235286004,12.659246444702148,544,2026-02-20 12:49:40,2026-02-20 12:49:40
1100.0,18,56,9.175790786743164,2,5342.270351172442,76580.6328799594,14.297159668367785,80.70284033163222,12.659246444702148,546,2026-02-20 12:49:40,2026-02-20 12:49:40
1100.0,18,61,13.833915710449219,1,7512.812042695003,43679.38782351011,19.0,9.0,12.659246444702148,550,2026-02-20 12:49:40,2026-02-20 12:49:40
1100.0,18,66,12.666607856750488,4,9419.905259766845,49223.3637095938,23.13203530365566,21.082181603773584,12.659246444702148,554,2026-02-20 12:49:40,2026-02-20 12:49:40
1100.0,18,70,15.0,4,14712.393421658437,50576.12692687247,34.599092987754105,24.03030605342946,12.659246444702148,556,2026-02-20 12:49:40,2026-02-20 12:49:40
1100.0,18,71,14.663990020751953,3,16282.042811925772,40156.39013084756,38.0,1.3222072413282462,12.659246444702148,557,2026-02-20 12:49:40,2026-02-20 12:49:40
1100.0,18,73,20.59103012084961,2,-1256.4187265357668,39649.287148137104,0.0,0.21705987871027332,17.65924644470215,558,2026-02-20 12:49:40,2026-02-20 12:49:40
1100.0,18,74,19.0,3,-1256.4187265357668,46422.83225764859,0.0,14.978884929194411,17.65924644470215,559,2026-02-20 12:49:40,2026-02-20 12:49:40
1100.0,18,75,18.220247268676758,1,1051.2735811565408,63410.17576557704,5.0,52.0,17.65924644470215,560,2026-02-20 12:49:40,2026-02-20 12:49:40
1100.0,18,78,18.061553955078125,1,2435.8889657719255,62492.46469850416,8.0,50.0,17.65924644470215,563,2026-02-20 12:49:40,2026-02-20 12:49:40
1100.0,18,79,17.84555435180664,10,7906.070990287993,87282.45352856093,19.852061053118145,104.02569440319947,17.65924644470215,564,2026-02-20 12:49:40,2026-02-20 12:49:40
1100.0,18,81,21.64859390258789,26,10116.024643443354,67141.9054902586,24.64029396828809,60.13268981616236,17.65924644470215,566,2026-02-20 12:49:40,2026-02-20 12:49:40
1100.0,18,84,18.61844253540039,10,11088.638442005058,55973.75061710927,26.74762386517179,35.79353717028411,17.65924644470215,569,2026-02-20 12:49:40,2026-02-20 12:49:40
1100.0,19,18,9.970582008361816,1,11666.658196541157,47809.08762533807,28.0,18.0,7.659246444702148,575,2026-02-20 12:53:47,2026-02-20 12:53:47
1100.0,19,22,10.396471977233887,9,16648.483716324656,42421.99131843173,38.793955292864254,6.259711579835347,7.659246444702148,579,2026-02-20 12:53:47,2026-02-20 12:53:47
1100.0,19,24,9.147854804992676,2,16743.58127346423,49808.16621458985,39.0,22.356662267630735,7.659246444702148,581,2026-02-20 12:53:47,2026-02-20 12:53:47
1100.0,19,25,5.846205234527588,2,16839.36984087757,57349.82208215452,39.20754189606224,38.79245810393776,7.659246444702148,582,2026-02-20 12:53:47,2026-02-20 12:53:47
1100.0,19,28,8.813521385192871,2,17666.658196541153,47998.82565819276,41.0,18.413502767183306,7.659246444702148,585,2026-02-20 12:53:47,2026-02-20 12:53:47
1100.0,19,30,7.805302619934082,2,19437.194612868436,68457.58663447789,44.83616223537577,63.0,7.659246444702148,587,2026-02-20 12:53:47,2026-02-20 12:53:47
1100.0,19,31,8.349849700927734,2,19710.693889973438,62492.46469850416,45.4287440024366,50.0,7.659246444702148,588,2026-02-20 12:53:47,2026-02-20 12:53:47
1100.0,19,32,8.531498908996582,1,22743.58127346423,51021.07636009315,52.0,25.0,7.659246444702148,589,2026-02-20 12:53:47,2026-02-20 12:53:47
1100.0,19,34,11.0,1,23205.119735002692,49185.65422594739,53.0,21.0,7.659246444702148,590,2026-02-20 12:53:47,2026-02-20 12:53:47
1100.0,19,41,7.876934051513672,1,28282.04281192577,48726.79869241095,64.0,20.0,7.659246444702148,596,2026-02-20 12:53:47,2026-02-20 12:53:47
1100.0,19,42,7.849859237670898,1,28743.58127346423,41385.110155827904,65.0,4.0,7.659246444702148,597,2026-02-20 12:53:47,2026-02-20 12:53:47
1100.0,19,43,8.018776893615723,1,28743.58127346423,45055.95442411943,65.0,12.0,7.659246444702148,598,2026-02-20 12:53:47,2026-02-20 12:53:47
1100.0,19,58,12.783345222473145,2,4597.4218141575375,79470.11943935245,12.68332117150216,87.0,12.659246444702148,610,2026-02-20 12:53:47,2026-02-20 12:53:47
1100.0,19,63,15.616874694824219,18,8756.028461692671,62765.94446122038,21.693635574494948,50.596004063868406,12.659246444702148,612,2026-02-20 12:53:47,2026-02-20 12:53:47
1100.0,19,73,14.5,1,25974.350504233465,64327.88683264992,59.0,54.0,12.659246444702148,618,2026-02-20 12:53:47,2026-02-20 12:53:47
1100.0,19,75,19.714412689208984,15,-1052.491285647135,40893.30091716013,0.44184278859203524,2.928182831582399,17.65924644470215,619,2026-02-20 12:53:47,2026-02-20 12:53:47
1100.0,19,76,21.32082748413086,3,1073.5150806358567,65782.15236350194,5.048189915538518,57.169332010979296,17.65924644470215,620,2026-02-20 12:53:47,2026-02-20 12:53:47
1100.0,19,77,23.443342208862305,4,6130.7421731007435,58417.43530739941,16.005515282545772,41.1191451485871,17.65924644470215,621,2026-02-20 12:53:47,2026-02-20 12:53:47
1100.0,19,78,14.182223320007324,9,6848.089542744681,89354.99177162275,17.5597679167743,108.54244987760465,17.65924644470215,622,2026-02-20 12:53:47,2026-02-20 12:53:47
1100.0,19,79,18.0,1,6589.73511961808,96906.62971373719,17.0,125.0,17.65924644470215,623,2026-02-20 12:53:47,2026-02-20 12:53:47
1100.0,19,82,20.15372085571289,13,10319.336286571592,70276.43875110982,25.080802528399275,66.96388837814351,17.65924644470215,626,2026-02-20 12:53:47,2026-02-20 12:53:47
1100.0,19,84,24.78622055053711,7,11731.704998508145,56944.937647044695,28.140934737595142,37.91007921664541,17.65924644470215,628,2026-02-20 12:53:47,2026-02-20 12:53:47
1100.0,19,85,18.841262817382812,1,23666.658196541153,56986.19829606688,54.0,38.0,17.65924644470215,629,2026-02-20 12:53:47,2026-02-20 12:53:47
1100.0,19,86,19.436973571777344,1,23666.658196541153,57903.909363139755,54.0,40.0,17.65924644470215,630,2026-02-20 12:53:47,2026-02-20 12:53:47
1100.0,20,2,12.39977741241455,5,-1249.3813995612331,48163.91120485222,0.015247541778156402,18.773279504290798,7.659246444702148,631,2026-02-20 12:58:10,2026-02-20 12:58:10
1100.0,20,8,8.209714889526367,1,1974.350504233464,54233.065094848236,7.0,32.0,7.659246444702148,634,2026-02-20 12:58:10,2026-02-20 12:58:10
1100.0,20,11,8.800496101379395,6,5438.9193822945535,81389.54398538932,14.506565902465693,91.18306941019908,7.659246444702148,636,2026-02-20 12:58:10,2026-02-20 12:58:10
1100.0,20,28,7.228382587432861,7,18105.550461254872,49401.816554856916,41.95093324021305,21.47109016479227,7.659246444702148,649,2026-02-20 12:58:10,2026-02-20 12:58:10
1100.0,20,32,8.683016777038574,4,19448.592651544852,65747.00129274871,44.860857985841335,57.09272604639101,7.659246444702148,653,2026-02-20 12:58:10,2026-02-20 12:58:10
1100.0,20,36,12.504706382751465,3,21430.25450979662,39588.40108388169,49.154458678720175,0.08436873780552086,7.659246444702148,657,2026-02-20 12:58:10,2026-02-20 12:58:10
1100.0,20,38,11.097798347473145,32,24336.614795874877,60647.712637115445,55.45157263188972,45.97966696147031,7.659246444702148,659,2026-02-20 12:58:10,2026-02-20 12:58:10
1100.0,20,41,8.064399719238281,2,28283.19832752141,48267.943158874514,64.00250361712389,19.0,7.659246444702148,662,2026-02-20 12:58:10,2026-02-20 12:58:10
1100.0,20,50,16.11897087097168,4,1631.0637902809724,63117.089334820346,6.256212119769601,51.36126643499786,12.659246444702148,669,2026-02-20 12:58:10,2026-02-20 12:58:10
1100.0,20,61,28.785791397094727,39,-883.8059980572856,41882.95752097518,0.8073275783700428,5.0849762697865275,17.65924644470215,675,2026-02-20 12:58:10,2026-02-20 12:58:10
1100.0,20,62,19.085540771484375,1,2897.4274273103874,68457.58663447789,9.0,63.0,17.65924644470215,676,2026-02-20 12:58:10,2026-02-20 12:58:10
1100.0,20,63,20.091960906982422,6,7786.514978943978,91623.58304985678,19.59302302853945,113.48647062581222,17.65924644470215,677,2026-02-20 12:58:10,2026-02-20 12:58:10
1100.0,20,69,15.112855911254883,3,10353.446304867819,74726.43524663015,25.1547075680411,76.66192222601671,17.65924644470215,683,2026-02-20 12:58:10,2026-02-20 12:58:10
1100.0,20,71,21.82729721069336,9,12237.878525811675,59293.4086098969,29.23764404675279,43.028184570529525,17.65924644470215,685,2026-02-20 12:58:10,2026-02-20 12:58:10
1100.0,21,10,10.482711791992188,10,6102.199049265034,83942.75791176895,15.943671847568401,96.74737830433351,7.659246444702148,688,2026-02-20 13:02:31,2026-02-20 13:02:31
1100.0,21,17,9.391136169433594,1,11205.119735002694,44597.09889058299,27.0,11.0,7.659246444702148,692,2026-02-20 13:02:31,2026-02-20 13:02:31
1100.0,21,29,6.789677619934082,8,17087.327404610707,48108.558802655665,39.7447832841507,18.652648067703442,7.659246444702148,702,2026-02-20 13:02:31,2026-02-20 13:02:31
1100.0,21,33,7.540399551391602,10,19329.584318341836,71114.09621027717,44.6030065972348,68.78942473533081,7.659246444702148,706,2026-02-20 13:02:31,2026-02-20 13:02:31
1100.0,21,37,7.351377487182617,9,21825.3469179942,41768.158134291545,50.01049222981493,4.834789929439124,7.659246444702148,709,2026-02-20 13:02:31,2026-02-20 13:02:31
1100.0,21,44,11.01606559753418,6,24982.59826550065,69340.27071382331,56.85120348274556,64.92366445391319,7.659246444702148,713,2026-02-20 13:02:31,2026-02-20 13:02:31
1100.0,21,50,8.0189847946167,1,28282.04281192577,51479.93189362959,64.0,26.0,7.659246444702148,718,2026-02-20 13:02:31,2026-02-20 13:02:31
1100.0,21,52,10.904153823852539,1,28743.58127346423,49644.50975948383,65.0,22.0,7.659246444702148,720,2026-02-20 13:02:31,2026-02-20 13:02:31
1100.0,21,55,13.402570724487305,1,-1256.4187265357668,53315.35402777536,0.0,30.0,12.659246444702148,721,2026-02-20 13:02:31,2026-02-20 13:02:31
1100.0,21,57,12.973441123962402,4,-255.64874236704753,63144.26626824456,2.1683349656988917,51.420494081692574,12.659246444702148,722,2026-02-20 13:02:31,2026-02-20 13:02:31
1100.0,21,74,13.392361640930176,1,23205.119735002692,64327.88683264992,53.0,54.0,12.659246444702148,734,2026-02-20 13:02:31,2026-02-20 13:02:31
1100.0,21,77,13.631795883178711,4,28627.500388832083,64523.443039814534,64.74849141663034,54.4261825190544,12.659246444702148,736,2026-02-20 13:02:31,2026-02-20 13:02:31
1100.0,21,79,21.2860164642334,78,-550.0213961967002,43760.42248005423,1.5305275490679777,9.176601676609591,17.65924644470215,737,2026-02-20 13:02:31,2026-02-20 13:02:31
1100.0,21,80,18.22460174560547,1,-1256.4187265357668,70751.86430216009,0.0,68.0,17.65924644470215,738,2026-02-20 13:02:31,2026-02-20 13:02:31
1100.0,21,83,18.633169174194336,3,8435.888965771926,76430.3401552,21.0,80.37530211148463,17.65924644470215,741,2026-02-20 13:02:31,2026-02-20 13:02:31
1100.0,21,84,18.73980140686035,1,8435.888965771926,94612.35204605499,21.0,120.0,17.65924644470215,742,2026-02-20 13:02:31,2026-02-20 13:02:31
1100.0,21,86,19.970813751220703,17,10646.92726608357,64453.61213173143,25.790582984008562,54.2739975654484,17.65924644470215,744,2026-02-20 13:02:31,2026-02-20 13:02:31
1100.0,21,89,17.810680389404297,1,20897.427427310387,52397.64296070248,48.0,28.0,17.65924644470215,747,2026-02-20 13:02:31,2026-02-20 13:02:31
1100.0,21,90,19.5,1,24128.19665807962,58821.62043021264,55.0,42.0,17.65924644470215,748,2026-02-20 13:02:31,2026-02-20 13:02:31
1100.0,22,2,8.0,3,-869.7237247124505,75642.089452771,0.8378391706171854,78.65743963665757,7.659246444702148,749,2026-02-20 13:06:54,2026-02-20 13:06:54
1100.0,22,3,9.030665397644043,1,-794.8802649973053,56068.487228993996,1.0,36.0,7.659246444702148,750,2026-02-20 13:06:54,2026-02-20 13:06:54
1100.0,22,7,11.075079917907715,2,6352.940400639729,86352.95244239905,16.486944775546906,102.0,7.659246444702148,752,2026-02-20 13:06:54,2026-02-20 13:06:54
1100.0,22,11,8.182360649108887,1,7051.273581156542,42302.821222900784,18.0,6.0,7.659246444702148,754,2026-02-20 13:06:54,2026-02-20 13:06:54
1100.0,22,15,7.6722331047058105,1,7974.350504233464,45973.66549119231,20.0,14.0,7.659246444702148,756,2026-02-20 13:06:54,2026-02-20 13:06:54
1100.0,22,40,10.238420486450195,2,22743.58127346423,39818.79273158463,52.0,0.586469357421655,7.659246444702148,777,2026-02-20 13:06:54,2026-02-20 13:06:54
1100.0,22,45,9.091352462768555,7,25000.391901147585,71644.08532476348,56.88975635998059,69.94444864972414,7.659246444702148,781,2026-02-20 13:06:54,2026-02-20 13:06:54
1100.0,22,47,7.591008186340332,4,25681.653454203737,60914.505005284314,58.36582305826892,46.56109695123786,7.659246444702148,783,2026-02-20 13:06:54,2026-02-20 13:06:54
1100.0,22,52,9.544744491577148,2,28282.04281192577,54833.12245915733,64.0,33.30772611519883,7.659246444702148,788,2026-02-20 13:06:54,2026-02-20 13:06:54
1100.0,22,58,15.12051773071289,2,-333.34180345884374,64868.263977501934,2.0,55.17766291426688,12.659246444702148,791,2026-02-20 13:06:54,2026-02-20 13:06:54
1100.0,22,60,13.164846420288086,1,7512.812042695003,53774.2095613118,19.0,31.0,12.659246444702148,792,2026-02-20 13:06:54,2026-02-20 13:06:54
1100.0,22,69,15.0,1,15358.96588884885,57903.909363139755,36.0,40.0,12.659246444702148,799,2026-02-20 13:06:54,2026-02-20 13:06:54
1100.0,22,70,14.134644508361816,1,17205.119735002692,65245.59789972281,40.0,56.0,12.659246444702148,800,2026-02-20 13:06:54,2026-02-20 13:06:54
1100.0,22,74,26.937816619873047,73,-559.9112547373888,45696.96347810715,1.509099522229819,13.396973572591378,17.65924644470215,801,2026-02-20 13:06:54,2026-02-20 13:06:54
1100.0,22,76,21.500001907348633,1,6128.196658079618,96906.62971373719,16.0,125.0,17.65924644470215,803,2026-02-20 13:06:54,2026-02-20 13:06:54
1100.0,22,77,19.28769302368164,1,7512.812042695003,96906.62971373719,19.0,125.0,17.65924644470215,804,2026-02-20 13:06:54,2026-02-20 13:06:54
1100.0,22,78,19.246492385864258,3,9482.705296125316,79928.9749728889,23.268102049099014,88.0,17.65924644470215,805,2026-02-20 13:06:54,2026-02-20 13:06:54
1100.0,22,80,18.37622833251953,5,10351.754467948898,67908.56931701714,25.15104192138344,61.80350725373317,17.65924644470215,807,2026-02-20 13:06:54,2026-02-20 13:06:54
1100.0,22,82,21.249624252319336,5,28449.58511030458,66386.52484705245,64.36300831315408,58.48646221728313,17.65924644470215,809,2026-02-20 13:06:54,2026-02-20 13:06:54
1100.0,23,3,8.023715019226074,2,-1016.5525046173659,78552.40837227958,0.5197101474898687,85.0,7.659246444702148,810,2026-02-20 13:11:16,2026-02-20 13:11:16
1100.0,23,5,7.858691692352295,1,2435.8889657719255,69834.1532350872,8.0,66.0,7.659246444702148,812,2026-02-20 13:11:16,2026-02-20 13:11:16
1100.0,23,6,8.603453636169434,1,3358.9658888488484,66163.30896679568,10.0,58.0,7.659246444702148,813,2026-02-20 13:11:16,2026-02-20 13:11:16
1100.0,23,7,8.258947372436523,1,5205.119735002695,43220.532289973664,14.0,8.0,7.659246444702148,814,2026-02-20 13:11:16,2026-02-20 13:11:16
1100.0,23,10,9.12606430053711,4,6470.316297140635,53462.31065039405,16.741259217965535,30.320267735437522,7.659246444702148,817,2026-02-20 13:11:16,2026-02-20 13:11:16
1100.0,23,11,8.159869194030762,1,6128.196658079618,62033.609164967726,16.0,49.0,7.659246444702148,818,2026-02-20 13:11:16,2026-02-20 13:11:16
1100.0,23,13,7.818854331970215,1,7051.273581156542,62492.46469850416,18.0,50.0,7.659246444702148,820,2026-02-20 13:11:16,2026-02-20 13:11:16
1100.0,23,15,9.551451683044434,2,7743.123632844348,98283.19631434651,19.499008445323582,128.0,7.659246444702148,821,2026-02-20 13:11:16,2026-02-20 13:11:16
1100.0,23,28,9.701079368591309,6,22064.522079126604,43735.88284879887,50.52870507893514,9.123121595272812,7.659246444702148,829,2026-02-20 13:11:16,2026-02-20 13:11:16
1100.0,23,43,8.426124572753906,2,27820.50435038731,40596.88533399336,63.0,2.282193927662537,7.659246444702148,842,2026-02-20 13:11:16,2026-02-20 13:11:16
1100.0,23,44,9.876588821411133,2,28559.521722925805,60198.187030821966,64.60120430716674,45.0,7.659246444702148,843,2026-02-20 13:11:16,2026-02-20 13:11:16
1100.0,23,46,11.478160858154297,1,28743.58127346423,53315.35402777536,65.0,30.0,7.659246444702148,844,2026-02-20 13:11:16,2026-02-20 13:11:16
1100.0,23,47,7.9640302658081055,1,28743.58127346423,54691.92062838467,65.0,33.0,7.659246444702148,845,2026-02-20 13:11:16,2026-02-20 13:11:16
1100.0,23,51,14.271849632263184,3,-696.4034074481211,41276.97056810414,1.213366524689899,3.7643275937192557,12.659246444702148,847,2026-02-20 13:11:16,2026-02-20 13:11:16
1100.0,23,54,13.33619213104248,22,9454.565621629914,82438.18983297487,23.207132754358977,93.46842018172306,12.659246444702148,850,2026-02-20 13:11:16,2026-02-20 13:11:16
1100.0,23,55,11.76957893371582,5,10728.247760661736,70431.92779484022,25.966777388927923,67.30275111895439,12.659246444702148,851,2026-02-20 13:11:16,2026-02-20 13:11:16
1100.0,23,61,16.0,1,15820.504350387311,49644.50975948383,37.0,22.0,12.659246444702148,857,2026-02-20 13:11:16,2026-02-20 13:11:16
1100.0,23,62,13.09963607788086,1,16743.58127346423,64327.88683264992,39.0,54.0,12.659246444702148,858,2026-02-20 13:11:16,2026-02-20 13:11:16
1100.0,23,63,13.405683517456055,1,18128.19665807962,57903.909363139755,42.0,40.0,12.659246444702148,859,2026-02-20 13:11:16,2026-02-20 13:11:16
1100.0,23,66,14.265656471252441,4,28407.452942030905,68970.06437317785,64.27172194856112,64.1168607573505,12.659246444702148,861,2026-02-20 13:11:16,2026-02-20 13:11:16
1100.0,23,68,24.986902236938477,72,-639.3508535350594,47657.06923690857,1.3369803915015328,17.668700980332776,17.65924644470215,862,2026-02-20 13:11:16,2026-02-20 13:11:16
1100.0,23,70,19.0,1,23205.119735002692,62951.3202320406,53.0,51.0,17.65924644470215,864,2026-02-20 13:11:16,2026-02-20 13:11:16
1100.0,24,3,9.884730339050293,1,2897.4274273103874,71669.57536923297,9.0,70.0,7.659246444702148,866,2026-02-20 13:15:30,2026-02-20 13:15:30
1100.0,24,4,8.401690483093262,1,2897.4274273103874,72587.28643630585,9.0,72.0,7.659246444702148,867,2026-02-20 13:15:30,2026-02-20 13:15:30
1100.0,24,6,8.224422454833984,1,4743.581273464233,49644.50975948383,13.0,22.0,7.659246444702148,869,2026-02-20 13:15:30,2026-02-20 13:15:30
1100.0,24,8,9.575393676757812,1,5205.119735002695,68457.58663447789,14.0,63.0,7.659246444702148,871,2026-02-20 13:15:30,2026-02-20 13:15:30
1100.0,24,9,7.73918342590332,1,6128.196658079618,53315.35402777536,16.0,30.0,7.659246444702148,872,2026-02-20 13:15:30,2026-02-20 13:15:30
1100.0,24,11,7.724620342254639,1,7051.273581156542,66163.30896679568,18.0,58.0,7.659246444702148,874,2026-02-20 13:15:30,2026-02-20 13:15:30
1100.0,24,14,11.0,1,8897.427427310387,41843.96568936435,22.0,5.0,7.659246444702148,875,2026-02-20 13:15:30,2026-02-20 13:15:30
1100.0,24,15,8.928719520568848,6,9269.424886739202,59453.17755272504,22.805994495429097,43.376374645947784,7.659246444702148,876,2026-02-20 13:15:30,2026-02-20 13:15:30
1100.0,24,17,7.780384063720703,1,10743.581273464233,48267.943158874514,26.0,19.0,7.659246444702148,877,2026-02-20 13:15:30,2026-02-20 13:15:30
1100.0,24,23,12.54883098602295,8,22607.049761087772,46313.17358963223,51.70418172318434,14.739901937813194,7.659246444702148,881,2026-02-20 13:15:30,2026-02-20 13:15:30
1100.0,24,35,8.647478103637695,1,28282.04281192577,40467.399088755024,64.0,2.0,7.659246444702148,891,2026-02-20 13:15:30,2026-02-20 13:15:30
1100.0,24,37,7.827359676361084,1,28743.58127346423,39549.688021682145,65.0,0.0,7.659246444702148,892,2026-02-20 13:15:30,2026-02-20 13:15:30
1100.0,24,41,15.41645336151123,2,-333.34180345884374,42841.89963854708,2.0,7.174832548038747,12.659246444702148,894,2026-02-20 13:15:30,2026-02-20 13:15:30
1100.0,24,42,13.291824340820312,15,8875.126849695731,77278.88014034028,21.95168208183491,82.22455514021134,12.659246444702148,895,2026-02-20 13:15:30,2026-02-20 13:15:30
1100.0,24,43,13.524188995361328,11,9429.479775544933,85822.41615388934,23.152780087841514,100.84378361001592,12.659246444702148,896,2026-02-20 13:15:30,2026-02-20 13:15:30
1100.0,24,46,12.99979305267334,1,16743.58127346423,67081.02003386857,39.0,60.0,12.659246444702148,898,2026-02-20 13:15:30,2026-02-20 13:15:30
1100.0,24,54,16.0,1,25512.812042695004,62951.3202320406,58.0,51.0,12.659246444702148,905,2026-02-20 13:15:30,2026-02-20 13:15:30
1100.0,24,55,13.776637077331543,4,28548.972724056883,71451.55156172381,64.57834814295074,69.52485304943622,12.659246444702148,906,2026-02-20 13:15:30,2026-02-20 13:15:30
1100.0,24,57,21.582509994506836,54,-795.7771160141594,48694.7686378427,0.998056822796816,19.93019577573493,17.65924644470215,907,2026-02-20 13:15:30,2026-02-20 13:15:30
1100.0,24,58,18.255306243896484,1,11666.658196541157,70751.86430216009,28.0,68.0,17.65924644470215,908,2026-02-20 13:15:30,2026-02-20 13:15:30
1100.0,24,59,19.75145149230957,1,17666.658196541153,54691.92062838467,41.0,33.0,17.65924644470215,909,2026-02-20 13:15:30,2026-02-20 13:15:30
1100.0,25,9,8.010473251342773,1,9820.504350387311,45973.66549119231,24.0,14.0,7.659246444702148,913,2026-02-20 13:19:53,2026-02-20 13:19:53
1100.0,25,10,9.0,3,10282.042811925772,51528.4403332545,25.0,26.10571614828538,7.659246444702148,914,2026-02-20 13:19:53,2026-02-20 13:19:53
1100.0,25,17,8.417413711547852,4,17602.225446350476,52452.58991228404,40.8603957079202,28.11974782380434,7.659246444702148,920,2026-02-20 13:19:53,2026-02-20 13:19:53
1100.0,25,29,7.838672637939453,1,23205.119735002692,66622.16450033212,53.0,59.0,7.659246444702148,931,2026-02-20 13:19:53,2026-02-20 13:19:53
1100.0,25,31,7.692683219909668,1,24589.735119618083,41385.110155827904,56.0,4.0,7.659246444702148,932,2026-02-20 13:19:53,2026-02-20 13:19:53
1100.0,25,33,7.709403038024902,1,25051.273581156544,40467.399088755024,57.0,2.0,7.659246444702148,934,2026-02-20 13:19:53,2026-02-20 13:19:53
1100.0,25,36,9.803197860717773,1,25974.350504233465,40467.399088755024,59.0,2.0,7.659246444702148,937,2026-02-20 13:19:53,2026-02-20 13:19:53
1100.0,25,37,9.192035675048828,2,26078.267454275476,62492.46469850416,59.22515339175769,50.0,7.659246444702148,938,2026-02-20 13:19:53,2026-02-20 13:19:53
1100.0,25,44,12.769561767578125,1,-1256.4187265357668,57903.909363139755,0.0,40.0,12.659246444702148,943,2026-02-20 13:19:53,2026-02-20 13:19:53
1100.0,25,51,16.420480728149414,21,8945.957663539692,79587.00854888465,22.10514884516349,87.25474054683687,12.659246444702148,950,2026-02-20 13:19:53,2026-02-20 13:19:53
1100.0,25,54,14.499424934387207,6,10439.39650082631,88012.88785175697,25.34093299261783,105.61755560963738,12.659246444702148,952,2026-02-20 13:19:53,2026-02-20 13:19:53
1100.0,25,60,16.76312828063965,5,17964.60480525319,61037.47802997334,41.64555098554274,46.82909638831832,12.659246444702148,958,2026-02-20 13:19:53,2026-02-20 13:19:53
1100.0,25,63,12.70067310333252,2,22743.58127346423,48253.652387052185,52.0,18.968855618429203,12.659246444702148,961,2026-02-20 13:19:53,2026-02-20 13:19:53
1100.0,25,64,12.723862648010254,1,24128.19665807962,73504.99750337873,55.0,74.0,12.659246444702148,962,2026-02-20 13:19:53,2026-02-20 13:19:53
1100.0,25,67,19.804004669189453,34,-1006.1206163367539,52797.50086406255,0.5423125720978614,28.871424389890958,17.65924644470215,964,2026-02-20 13:19:53,2026-02-20 13:19:53
1100.0,25,68,19.903085708618164,7,9636.313612929442,62686.68179960257,23.600920068841283,50.42326415811435,17.65924644470215,965,2026-02-20 13:19:53,2026-02-20 13:19:53
1100.0,26,8,9.518187522888184,1,9358.965888848848,44138.24335704655,23.0,10.0,7.659246444702148,970,2026-02-20 13:24:15,2026-02-20 13:24:15
1100.0,26,9,10.778979301452637,1,9358.965888848848,52856.49849423891,23.0,29.0,7.659246444702148,971,2026-02-20 13:24:15,2026-02-20 13:24:15
1100.0,26,10,8.151979446411133,1,11205.119735002694,46891.37655826519,27.0,16.0,7.659246444702148,972,2026-02-20 13:24:15,2026-02-20 13:24:15
1100.0,26,12,8.28707504272461,1,12128.196658079618,47350.232091801634,29.0,17.0,7.659246444702148,974,2026-02-20 13:24:15,2026-02-20 13:24:15
1100.0,26,37,7.726065158843994,2,27070.091737136816,64786.742366186365,61.374106004623926,55.0,7.659246444702148,992,2026-02-20 13:24:15,2026-02-20 13:24:15
1100.0,26,41,8.053022384643555,2,28743.58127346423,46342.490137449415,65.0,14.803792521394577,7.659246444702148,996,2026-02-20 13:24:15,2026-02-20 13:24:15
1100.0,26,42,9.242740631103516,1,28743.58127346423,51479.93189362959,65.0,26.0,7.659246444702148,997,2026-02-20 13:24:15,2026-02-20 13:24:15
1100.0,26,53,16.515342712402344,2,17222.73157180855,66622.16450033212,40.03815897974602,59.0,12.659246444702148,1004,2026-02-20 13:24:15,2026-02-20 13:24:15
1100.0,26,58,16.016807556152344,2,17887.752205304947,65704.45343325924,41.479037018988215,57.0,12.659246444702148,1009,2026-02-20 13:24:15,2026-02-20 13:24:15
1100.0,26,59,13.621394157409668,2,19051.273581156544,61333.05636755342,44.0,47.473260653489184,12.659246444702148,1010,2026-02-20 13:24:15,2026-02-20 13:24:15
1100.0,26,62,12.810709953308105,5,22694.731686349598,48225.64171354265,51.894159227918294,18.90781097264788,12.659246444702148,1013,2026-02-20 13:24:15,2026-02-20 13:24:15
1100.0,26,63,10.86760139465332,5,23004.901496875704,50514.605701920394,52.56619381739152,23.89623068448287,12.659246444702148,1014,2026-02-20 13:24:15,2026-02-20 13:24:15
1100.0,26,64,15.363751411437988,5,24395.866858470235,40017.72854029705,55.579952100846334,1.0200171609736832,12.659246444702148,1015,2026-02-20 13:24:15,2026-02-20 13:24:15
1100.0,26,65,13.425716400146484,1,24589.735119618083,75799.27517106093,56.0,79.0,12.659246444702148,1016,2026-02-20 13:24:15,2026-02-20 13:24:15
1100.0,26,68,23.504274368286133,40,-1031.8357176395434,57015.035713293204,0.48659651927515085,38.06284639743597,17.65924644470215,1018,2026-02-20 13:24:15,2026-02-20 13:24:15
1100.0,26,70,22.49976921081543,4,639.1728884834234,46975.88504973054,4.107115165874912,16.18417232721164,17.65924644470215,1020,2026-02-20 13:24:15,2026-02-20 13:24:15
1100.0,26,73,21.485336303710938,6,9451.441351859397,66388.96457962126,23.20036350318952,58.4917792122641,17.65924644470215,1023,2026-02-20 13:24:15,2026-02-20 13:24:15
1100.0,26,76,19.365615844726562,5,9599.895035310412,80659.67304720006,23.52201315066672,89.59243600851798,17.65924644470215,1026,2026-02-20 13:24:15,2026-02-20 13:24:15
1100.0,27,26,8.64053726196289,7,24476.197113514383,78884.20317204262,55.75400098677532,85.72309207476668,7.659246444702148,1045,2026-02-20 13:28:37,2026-02-20 13:28:37
1100.0,27,28,11.90860366821289,8,25628.82939217318,60953.03391313139,58.25137092386938,46.64506435498719,7.659246444702148,1047,2026-02-20 13:28:37,2026-02-20 13:28:37
1100.0,27,31,7.741081714630127,9,28607.83071443682,49343.493150643815,64.70587378877394,21.34398391903426,7.659246444702148,1050,2026-02-20 13:28:37,2026-02-20 13:28:37
1100.0,27,39,16.146718978881836,6,9123.990533495531,67014.90245728746,22.49088673006781,59.855907640316495,12.659246444702148,1055,2026-02-20 13:28:37,2026-02-20 13:28:37
1100.0,27,40,12.280523300170898,6,9415.287720099768,69572.82451025251,23.12203063437699,65.43047712028097,12.659246444702148,1056,2026-02-20 13:28:37,2026-02-20 13:28:37
1100.0,27,43,13.632055282592773,4,17801.201966052235,66695.09814136772,41.29151150060734,59.15894684863774,12.659246444702148,1059,2026-02-20 13:28:37,2026-02-20 13:28:37
1100.0,27,44,17.361785888671875,7,23015.707016652905,50583.45806373378,52.58960577690879,24.04628305779247,12.659246444702148,1060,2026-02-20 13:28:37,2026-02-20 13:28:37
1100.0,27,49,22.07728385925293,57,-868.1388914796314,59186.394250552745,0.8412729759549601,42.79496441402539,17.65924644470215,1063,2026-02-20 13:28:37,2026-02-20 13:28:37
1100.0,27,50,17.75795555114746,1,-794.8802649973053,52856.49849423891,1.0,29.0,17.65924644470215,1064,2026-02-20 13:28:37,2026-02-20 13:28:37
1100.0,27,51,17.725643157958984,1,-333.34180345884374,51021.07636009315,2.0,25.0,17.65924644470215,1065,2026-02-20 13:28:37,2026-02-20 13:28:37
1100.0,27,54,14.848358154296875,5,9612.696631674991,83165.4220141578,23.549749942789976,95.05330284746775,17.65924644470215,1068,2026-02-20 13:28:37,2026-02-20 13:28:37
1100.0,27,55,17.715017318725586,1,24128.19665807962,42302.821222900784,55.0,6.0,17.65924644470215,1069,2026-02-20 13:28:37,2026-02-20 13:28:37
1100.0,28,5,9.329712867736816,1,4282.042811925772,70293.00876862365,12.0,67.0,7.659246444702148,1072,2026-02-20 13:33:00,2026-02-20 13:33:00
1100.0,28,11,9.005840301513672,3,9479.520864004893,72312.07661444253,23.26120244617143,71.40022555739439,7.659246444702148,1075,2026-02-20 13:33:00,2026-02-20 13:33:00
1100.0,28,17,8.805756568908691,23,17224.093811379793,66813.36734388425,40.04111049881705,59.41669508064667,7.659246444702148,1078,2026-02-20 13:33:00,2026-02-20 13:33:00
1100.0,28,20,10.36353874206543,3,16865.626456957936,72311.11545586424,39.26443123090303,71.39813087070537,7.659246444702148,1081,2026-02-20 13:33:00,2026-02-20 13:33:00
1100.0,28,31,8.254081726074219,1,23666.658196541153,79470.11943935245,54.0,87.0,7.659246444702148,1090,2026-02-20 13:33:00,2026-02-20 13:33:00
1100.0,28,34,9.687739372253418,1,24128.19665807962,81305.54157349822,55.0,91.0,7.659246444702148,1091,2026-02-20 13:33:00,2026-02-20 13:33:00
1100.0,28,40,10.089033126831055,6,28483.428855594397,49158.55060235332,64.43633642794869,20.940932119996074,7.659246444702148,1096,2026-02-20 13:33:00,2026-02-20 13:33:00
1100.0,28,49,12.883883476257324,1,-1256.4187265357668,68916.44216801433,0.0,64.0,12.659246444702148,1101,2026-02-20 13:33:00,2026-02-20 13:33:00
1100.0,28,50,12.798108100891113,2,59.925427660305495,51021.07636009315,2.8520790007581565,25.0,12.659246444702148,1102,2026-02-20 13:33:00,2026-02-20 13:33:00
1100.0,28,51,13.534061431884766,2,589.7351196180794,52668.74154487898,4.0,28.590814677742088,12.659246444702148,1103,2026-02-20 13:33:00,2026-02-20 13:33:00
1100.0,28,63,10.1634521484375,6,23141.092057343652,56733.89705304807,52.86127336507208,37.450151028855856,12.659246444702148,1109,2026-02-20 13:33:00,2026-02-20 13:33:00
1100.0,28,64,13.965927124023438,6,23571.89430384425,53161.896180061325,53.794678232490035,29.665563916095074,12.659246444702148,1110,2026-02-20 13:33:00,2026-02-20 13:33:00
1100.0,28,67,13.103941917419434,1,25974.350504233465,64327.88683264992,59.0,54.0,12.659246444702148,1112,2026-02-20 13:33:00,2026-02-20 13:33:00
1100.0,28,68,13.0,1,26435.888965771926,65245.59789972281,60.0,56.0,12.659246444702148,1113,2026-02-20 13:33:00,2026-02-20 13:33:00
1100.0,28,69,12.667661666870117,1,28743.58127346423,69834.1532350872,65.0,66.0,12.659246444702148,1114,2026-02-20 13:33:00,2026-02-20 13:33:00
1100.0,28,71,19.5,3,-832.1904219764978,45514.80995765587,0.919161326545083,13.0,17.65924644470215,1115,2026-02-20 13:33:00,2026-02-20 13:33:00
1100.0,28,72,23.19077491760254,59,-990.778635184355,61378.12879590425,0.5755535312613923,47.57148858157681,17.65924644470215,1116,2026-02-20 13:33:00,2026-02-20 13:33:00
1100.0,28,73,25.152795791625977,4,6300.721063716429,58030.77296749542,16.373802878879758,40.276478314161125,17.65924644470215,1117,2026-02-20 13:33:00,2026-02-20 13:33:00
1100.0,28,75,19.643857955932617,4,9936.923151456836,85559.86913784815,24.252240735650638,100.27160566542905,17.65924644470215,1119,2026-02-20 13:33:00,2026-02-20 13:33:00
1100.0,28,76,22.701501846313477,2,10077.659482904026,48726.79869241095,24.557169453786216,20.0,17.65924644470215,1120,2026-02-20 13:33:00,2026-02-20 13:33:00
1100.0,28,79,19.790903091430664,2,24828.547528349936,44138.24335704655,56.517426885585685,10.0,17.65924644470215,1123,2026-02-20 13:33:00,2026-02-20 13:33:00
1100.0,29,1,11.650030136108398,1,-1256.4187265357668,45514.80995765587,0.0,13.0,7.659246444702148,1124,2026-02-20 13:37:13,2026-02-20 13:37:13
1100.0,29,28,9.508642196655273,1,24128.19665807962,83599.81924118042,55.0,96.0,7.659246444702148,1139,2026-02-20 13:37:13,2026-02-20 13:37:13
1100.0,29,33,9.40223217010498,1,28282.04281192577,75340.4196375245,64.0,78.0,7.659246444702148,1143,2026-02-20 13:37:13,2026-02-20 13:37:13
1100.0,29,47,17.54734230041504,6,17366.869988856688,64024.09516958694,40.35045888335032,53.33793614578071,12.659246444702148,1153,2026-02-20 13:37:13,2026-02-20 13:37:13
1100.0,29,48,14.366783142089844,1,17205.119735002692,70293.00876862365,40.0,67.0,12.659246444702148,1154,2026-02-20 13:37:13,2026-02-20 13:37:13
1100.0,29,49,13.929784774780273,1,19512.812042695004,71210.71983569654,45.0,69.0,12.659246444702148,1155,2026-02-20 13:37:13,2026-02-20 13:37:13
1100.0,29,56,15.121041297912598,1,27820.50435038731,60198.187030821966,63.0,45.0,12.659246444702148,1160,2026-02-20 13:37:13,2026-02-20 13:37:13
1100.0,29,58,18.105072021484375,3,-827.772238789768,56278.07653184732,0.9287340567829975,36.456765337965955,17.65924644470215,1161,2026-02-20 13:37:13,2026-02-20 13:37:13
1100.0,29,59,22.403789520263672,50,-1072.1609096638294,63781.118375756305,0.3992252698891975,52.808408274648826,17.65924644470215,1162,2026-02-20 13:37:13,2026-02-20 13:37:13
1100.0,29,62,24.888513565063477,8,9710.136209744725,60316.66602227775,23.760869028607733,45.258205432421526,17.65924644470215,1165,2026-02-20 13:37:13,2026-02-20 13:37:13
1100.0,29,63,18.46817970275879,2,10465.265924847927,88647.23011008126,25.396983411331334,107.0,17.65924644470215,1166,2026-02-20 13:37:13,2026-02-20 13:37:13
1100.0,29,65,20.3167724609375,2,23666.658196541153,57202.9089387448,54.0,38.4722851242693,17.65924644470215,1168,2026-02-20 13:37:13,2026-02-20 13:37:13
1100.0,29,66,18.485271453857422,3,25215.68238093574,46318.33732099649,57.35621906618826,14.751155439159177,17.65924644470215,1169,2026-02-20 13:37:13,2026-02-20 13:37:13
1100.0,30,4,9.522834777832031,1,6589.73511961808,42302.821222900784,17.0,6.0,7.659246444702148,1171,2026-02-20 13:41:36,2026-02-20 13:41:36
1100.0,30,9,9.496541976928711,1,9358.965888848848,71669.57536923297,23.0,70.0,7.659246444702148,1174,2026-02-20 13:41:36,2026-02-20 13:41:36
1100.0,30,10,8.5,1,10282.042811925772,44597.09889058299,25.0,11.0,7.659246444702148,1175,2026-02-20 13:41:36,2026-02-20 13:41:36
1100.0,30,11,9.503969192504883,1,12128.196658079618,51938.78742716603,29.0,27.0,7.659246444702148,1176,2026-02-20 13:41:36,2026-02-20 13:41:36
1100.0,30,12,12.000000953674316,1,13974.350504233464,87270.66350947194,33.0,104.0,7.659246444702148,1177,2026-02-20 13:41:36,2026-02-20 13:41:36
1100.0,30,13,9.242661476135254,4,14711.78744885655,72458.28894543483,34.597780046683354,71.71887123191732,7.659246444702148,1178,2026-02-20 13:41:36,2026-02-20 13:41:36
1100.0,30,16,8.449264526367188,1,18589.735119618083,41385.110155827904,43.0,4.0,7.659246444702148,1180,2026-02-20 13:41:36,2026-02-20 13:41:36
1100.0,30,28,8.628363609313965,1,27820.50435038731,63869.031299113485,63.0,53.0,7.659246444702148,1189,2026-02-20 13:41:36,2026-02-20 13:41:36
1100.0,30,41,12.552908897399902,2,8896.620524866476,78094.35505065453,21.998251711371523,84.00174828862848,12.659246444702148,1195,2026-02-20 13:41:36,2026-02-20 13:41:36
1100.0,30,50,19.2037353515625,5,-858.9747258653449,58636.510935408136,0.8611286681192476,41.59658436855311,17.65924644470215,1199,2026-02-20 13:41:36,2026-02-20 13:41:36
1100.0,30,53,22.553030014038086,32,-1107.8086375224457,66385.35383095173,0.3219885261955291,58.483910180715775,17.65924644470215,1202,2026-02-20 13:41:36,2026-02-20 13:41:36
1100.0,30,54,17.679262161254883,1,-333.34180345884374,73046.14196984228,2.0,73.0,17.65924644470215,1203,2026-02-20 13:41:36,2026-02-20 13:41:36
1100.0,30,57,18.12281608581543,1,6589.73511961808,90482.65224422702,17.0,111.0,17.65924644470215,1206,2026-02-20 13:41:36,2026-02-20 13:41:36
1100.0,30,58,20.859201431274414,16,9620.892141881946,63265.69710863661,23.56750688157171,51.68513258230337,17.65924644470215,1207,2026-02-20 13:41:36,2026-02-20 13:41:36
1100.0,30,60,19.026182174682617,1,17666.658196541153,66163.30896679568,41.0,58.0,17.65924644470215,1209,2026-02-20 13:41:36,2026-02-20 13:41:36
1100.0,30,63,18.621610641479492,5,23935.85454808391,58579.876154749356,54.583258761675964,41.47315819948789,17.65924644470215,1212,2026-02-20 13:41:36,2026-02-20 13:41:36
1100.0,30,64,18.20153045654297,2,25512.812042695004,47690.414633654254,58.0,17.741371776059466,17.65924644470215,1213,2026-02-20 13:41:36,2026-02-20 13:41:36
1100.0,31,8,10.998827934265137,4,7166.994824256724,44559.864913100195,18.250729360050396,10.918854683530077,7.659246444702148,1217,2026-02-20 13:45:59,2026-02-20 13:45:59
1100.0,31,23,9.054208755493164,2,19350.49464639247,43976.86951350082,44.64831230801118,9.648312308011178,7.659246444702148,1226,2026-02-20 13:45:59,2026-02-20 13:45:59
1100.0,31,38,9.550151824951172,1,27820.50435038731,80387.83050642534,63.0,89.0,7.659246444702148,1237,2026-02-20 13:45:59,2026-02-20 13:45:59
1100.0,31,39,7.747774600982666,1,28743.58127346423,42761.67675643723,65.0,7.0,7.659246444702148,1238,2026-02-20 13:45:59,2026-02-20 13:45:59
1100.0,31,42,16.535430908203125,2,340.8993794989066,74422.70857045162,3.460855896408459,76.0,12.659246444702148,1239,2026-02-20 13:45:59,2026-02-20 13:45:59
1100.0,31,52,13.469860076904297,1,13974.350504233464,56527.34276253044,33.0,37.0,12.659246444702148,1246,2026-02-20 13:45:59,2026-02-20 13:45:59
1100.0,31,54,12.604506492614746,3,16704.5054398897,70713.27408494153,38.915335693921854,67.91589898258142,12.659246444702148,1248,2026-02-20 13:45:59,2026-02-20 13:45:59
1100.0,31,62,14.694241523742676,1,23205.119735002692,72128.43090276941,53.0,71.0,12.659246444702148,1254,2026-02-20 13:45:59,2026-02-20 13:45:59
1100.0,31,66,18.794967651367188,4,-941.7407684226037,60489.149352582186,0.6818022425785202,45.634104419571344,17.65924644470215,1256,2026-02-20 13:45:59,2026-02-20 13:45:59
1100.0,31,67,20.457956314086914,21,-1074.6473674952415,68754.03911744105,0.393837944587805,63.64606932094372,17.65924644470215,1257,2026-02-20 13:45:59,2026-02-20 13:45:59
1100.0,31,69,18.714521408081055,4,326.1274076476903,56805.63458957089,3.42884995739749,37.60649116486756,17.65924644470215,1259,2026-02-20 13:45:59,2026-02-20 13:45:59
1100.0,31,71,14.985479354858398,3,7714.541823265968,92752.82081631801,19.43708119123709,115.947458200176,17.65924644470215,1261,2026-02-20 13:45:59,2026-02-20 13:45:59
1100.0,31,72,20.336210250854492,13,9789.90393587545,62331.41944970597,23.93369910189097,49.649028426099605,17.65924644470215,1262,2026-02-20 13:45:59,2026-02-20 13:45:59
1100.0,31,77,20.597230911254883,5,23265.93377297578,63420.155530943084,53.13176374894169,52.02174925360303,17.65924644470215,1267,2026-02-20 13:45:59,2026-02-20 13:45:59
1100.0,31,80,22.122417449951172,5,26114.572856845865,50631.447389349865,59.30381509732687,24.15086788266367,17.65924644470215,1270,2026-02-20 13:45:59,2026-02-20 13:45:59
1100.0,32,1,8.578701972961426,1,-1256.4187265357668,51479.93189362959,0.0,26.0,7.659246444702148,1271,2026-02-20 13:50:22,2026-02-20 13:50:22
1100.0,32,17,8.838926315307617,4,18290.738289064953,57783.0775566827,42.352173533801555,39.736666995108905,7.659246444702148,1281,2026-02-20 13:50:22,2026-02-20 13:50:22
1100.0,32,20,9.11244010925293,1,19051.273581156544,43220.532289973664,44.0,8.0,7.659246444702148,1284,2026-02-20 13:50:22,2026-02-20 13:50:22
1100.0,32,23,8.330819129943848,1,19974.350504233465,43679.38782351011,46.0,9.0,7.659246444702148,1286,2026-02-20 13:50:22,2026-02-20 13:50:22
1100.0,32,29,8.476297378540039,2,22500.113827118443,72128.43090276941,51.47248719958412,71.0,7.659246444702148,1291,2026-02-20 13:50:22,2026-02-20 13:50:22
1100.0,32,45,14.520925521850586,1,7974.350504233464,47809.08762533807,20.0,18.0,12.659246444702148,1301,2026-02-20 13:50:22,2026-02-20 13:50:22
1100.0,32,48,13.295982360839844,1,16743.58127346423,70751.86430216009,39.0,68.0,12.659246444702148,1303,2026-02-20 13:50:22,2026-02-20 13:50:22
1100.0,32,50,16.87342071533203,20,23292.56527602717,66373.4298111612,53.189465338886365,58.45792374507528,12.659246444702148,1305,2026-02-20 13:50:22,2026-02-20 13:50:22
1100.0,32,57,20.34226417541504,10,-944.7586307543289,70559.13250608506,0.675263540859782,67.57997281935424,17.65924644470215,1310,2026-02-20 13:50:22,2026-02-20 13:50:22
1100.0,32,60,22.235889434814453,17,368.7104812016657,58939.84149712585,3.5211132834311036,42.257643328395915,17.65924644470215,1313,2026-02-20 13:50:22,2026-02-20 13:50:22
1100.0,32,62,17.01361083984375,9,10267.676281979613,62932.53138317915,24.968872518449988,50.9590528009619,17.65924644470215,1315,2026-02-20 13:50:22,2026-02-20 13:50:22
1100.0,32,66,18.114927291870117,2,26435.888965771926,52972.9177676432,60.0,29.253716616441412,17.65924644470215,1319,2026-02-20 13:50:22,2026-02-20 13:50:22
1100.0,33,3,9.546571731567383,2,-155.46733322524673,52856.49849423891,2.3853946855061268,29.0,7.659246444702148,1321,2026-02-20 13:54:45,2026-02-20 13:54:45
1100.0,33,20,10.282286643981934,1,16282.042811925772,56068.487228993996,38.0,36.0,7.659246444702148,1329,2026-02-20 13:54:45,2026-02-20 13:54:45
1100.0,33,27,8.835471153259277,1,19974.350504233465,44597.09889058299,46.0,11.0,7.659246444702148,1336,2026-02-20 13:54:45,2026-02-20 13:54:45
1100.0,33,42,7.853342533111572,1,26897.427427310387,43679.38782351011,61.0,9.0,7.659246444702148,1346,2026-02-20 13:54:45,2026-02-20 13:54:45
1100.0,33,43,7.905697822570801,1,27358.96588884885,45055.95442411943,62.0,12.0,7.659246444702148,1347,2026-02-20 13:54:45,2026-02-20 13:54:45
1100.0,33,49,8.804747581481934,21,-967.152641187694,73131.69064304252,0.6267431849208245,73.18643923184472,12.659246444702148,1351,2026-02-20 13:54:45,2026-02-20 13:54:45
1100.0,33,60,7.62548303604126,3,9616.974330341052,47790.34428414053,23.559018289899775,17.959151977414145,12.659246444702148,1359,2026-02-20 13:54:45,2026-02-20 13:54:45
1100.0,33,68,13.220344543457031,7,22386.96854502803,70743.84840164531,51.22733908838823,67.98253066612712,12.659246444702148,1366,2026-02-20 13:54:45,2026-02-20 13:54:45
1100.0,33,69,12.8916597366333,11,23206.945521770318,65661.8645186352,53.00395587132986,56.90718448071048,12.659246444702148,1367,2026-02-20 13:54:45,2026-02-20 13:54:45
1100.0,33,77,18.374176025390625,13,64.71074240767607,61277.67569473911,2.8624471827107927,47.35256760575041,17.65924644470215,1373,2026-02-20 13:54:45,2026-02-20 13:54:45
1100.0,33,80,19.499998092651367,2,8204.84641807532,97824.34078081007,20.49940781332402,127.0,17.65924644470215,1376,2026-02-20 13:54:45,2026-02-20 13:54:45
1100.0,33,81,22.635265350341797,7,10768.181817115812,65910.24140207749,26.053301177911752,57.448480957028515,17.65924644470215,1377,2026-02-20 13:54:45,2026-02-20 13:54:45
1100.0,33,82,21.75758171081543,6,26226.096831665403,55437.24973257059,59.54545037610253,34.62432192642768,17.65924644470215,1378,2026-02-20 13:54:45,2026-02-20 13:54:45
1100.0,34,3,8.52596378326416,5,417.10632447556515,53072.60411390745,3.6259709438578858,29.470966576349184,7.659246444702148,1380,2026-02-20 13:59:07,2026-02-20 13:59:07
1100.0,34,8,7.960559844970703,1,4282.042811925772,56986.19829606688,12.0,38.0,7.659246444702148,1383,2026-02-20 13:59:07,2026-02-20 13:59:07
1100.0,34,28,5.2999958992004395,9,19093.149018551903,58466.4621271283,44.09073011435661,41.22599102086206,7.659246444702148,1397,2026-02-20 13:59:07,2026-02-20 13:59:07
1100.0,34,29,9.116886138916016,1,18589.735119618083,49185.65422594739,43.0,21.0,7.659246444702148,1398,2026-02-20 13:59:07,2026-02-20 13:59:07
1100.0,34,31,9.366902351379395,1,19512.812042695004,43220.532289973664,45.0,8.0,7.659246444702148,1400,2026-02-20 13:59:07,2026-02-20 13:59:07
1100.0,34,32,9.848045349121094,1,20435.888965771926,47350.232091801634,47.0,17.0,7.659246444702148,1401,2026-02-20 13:59:07,2026-02-20 13:59:07
1100.0,34,33,8.26102352142334,1,20435.888965771926,49644.50975948383,47.0,22.0,7.659246444702148,1402,2026-02-20 13:59:07,2026-02-20 13:59:07
1100.0,34,50,10.905096054077148,6,-676.9130580922206,71099.10697950944,1.2555956149610168,68.75675817761882,12.659246444702148,1414,2026-02-20 13:59:07,2026-02-20 13:59:07
1100.0,34,54,17.39151954650879,2,2435.8889657719255,75874.0161787486,8.0,79.16288570633905,12.659246444702148,1418,2026-02-20 13:59:07,2026-02-20 13:59:07
1100.0,34,58,12.83952522277832,2,8435.888965771926,48226.603613525745,21.0,18.909907275106484,12.659246444702148,1420,2026-02-20 13:59:07,2026-02-20 13:59:07
1100.0,34,59,14.18437671661377,4,9542.061816744455,76728.36710972455,23.396707843773815,81.02480273366874,12.659246444702148,1421,2026-02-20 13:59:07,2026-02-20 13:59:07
1100.0,34,60,12.860257148742676,1,9820.504350387311,54233.065094848236,24.0,32.0,12.659246444702148,1422,2026-02-20 13:59:07,2026-02-20 13:59:07
1100.0,34,63,13.469112396240234,2,17666.658196541153,66947.83352417825,41.0,59.70974195589657,12.659246444702148,1424,2026-02-20 13:59:07,2026-02-20 13:59:07
1100.0,34,73,21.44552230834961,1,3820.5043503873103,64327.88683264992,11.0,54.0,17.65924644470215,1431,2026-02-20 13:59:07,2026-02-20 13:59:07
1100.0,34,75,20.001535415649414,6,10161.043145376376,65308.971022320125,24.73783405580964,56.138111274607276,17.65924644470215,1433,2026-02-20 13:59:07,2026-02-20 13:59:07
1100.0,34,77,18.0,1,24128.19665807962,69834.1532350872,55.0,66.0,17.65924644470215,1435,2026-02-20 13:59:07,2026-02-20 13:59:07
1100.0,34,78,21.60114288330078,13,26600.334962184952,57489.930040943786,60.35629965889489,39.097800305456936,17.65924644470215,1436,2026-02-20 13:59:07,2026-02-20 13:59:07
1100.0,35,11,12.036233901977539,4,3855.7024409561054,59061.65519785588,11.076262529565723,42.52311621000464,7.659246444702148,1441,2026-02-20 14:03:30,2026-02-20 14:03:30
1100.0,35,14,10.323724746704102,17,7750.213510799861,79133.71739562276,19.514369847560527,86.26686719644198,7.659246444702148,1444,2026-02-20 14:03:30,2026-02-20 14:03:30
1100.0,35,27,6.3060150146484375,3,16714.339190533712,61746.2603186078,38.93664215365054,48.37377055443724,7.659246444702148,1452,2026-02-20 14:03:30,2026-02-20 14:03:30
1100.0,35,36,8.547911643981934,1,21820.50435038731,78552.40837227958,50.0,85.0,7.659246444702148,1461,2026-02-20 14:03:30,2026-02-20 14:03:30
1100.0,35,37,2.352457284927368,3,22570.20844310052,48152.74931732843,51.62435886754529,18.748954010299776,7.659246444702148,1462,2026-02-20 14:03:30,2026-02-20 14:03:30
1100.0,35,50,13.07664680480957,4,-754.2805219063913,68281.854119937,1.0879661100303137,62.61701995138533,12.659246444702148,1471,2026-02-20 14:03:30,2026-02-20 14:03:30
1100.0,35,51,12.896063804626465,1,-1256.4187265357668,77175.84177167025,0.0,82.0,12.659246444702148,1472,2026-02-20 14:03:30,2026-02-20 14:03:30
1100.0,35,57,12.191411972045898,2,476.0639726010541,55263.78653734754,3.753712514796445,34.24628748520355,12.659246444702148,1478,2026-02-20 14:03:30,2026-02-20 14:03:30
1100.0,35,76,19.30324363708496,5,4114.507740408112,64540.49840999451,11.63700734504507,54.463351887043764,17.65924644470215,1487,2026-02-20 14:03:30,2026-02-20 14:03:30
1100.0,35,78,18.902360916137695,7,10253.005140931537,68293.85543901077,24.937085046179156,62.64317484807207,17.65924644470215,1489,2026-02-20 14:03:30,2026-02-20 14:03:30
1100.0,35,79,19.4624080657959,1,10282.042811925772,56986.19829606688,25.0,38.0,17.65924644470215,1490,2026-02-20 14:03:30,2026-02-20 14:03:30
1100.0,35,80,20.374570846557617,1,10743.581273464233,57903.909363139755,26.0,40.0,17.65924644470215,1491,2026-02-20 14:03:30,2026-02-20 14:03:30
1100.0,35,81,21.0,1,13974.350504233464,51021.07636009315,33.0,25.0,17.65924644470215,1492,2026-02-20 14:03:30,2026-02-20 14:03:30
1100.0,35,82,17.80523681640625,1,22743.58127346423,70293.00876862365,52.0,67.0,17.65924644470215,1493,2026-02-20 14:03:30,2026-02-20 14:03:30
1100.0,35,86,25.053945541381836,19,26873.348771061846,59692.404209461674,60.947829578128164,43.89772971143624,17.65924644470215,1497,2026-02-20 14:03:30,2026-02-20 14:03:30
1100.0,36,1,12.230472564697266,4,-1256.4187265357668,40301.7520204053,0.0,1.6389995189268627,7.659246444702148,1499,2026-02-20 14:07:52,2026-02-20 14:07:52
1100.0,36,12,12.401854515075684,3,4282.042811925772,61259.55773436595,12.0,47.313082497586805,7.659246444702148,1508,2026-02-20 14:07:52,2026-02-20 14:07:52
1100.0,36,36,10.990742683410645,10,21557.862748374453,76958.23226960983,49.43094319563881,81.5257559598698,7.659246444702148,1524,2026-02-20 14:07:52,2026-02-20 14:07:52
1100.0,36,53,8.24321460723877,1,27358.96588884885,45055.95442411943,62.0,12.0,7.659246444702148,1537,2026-02-20 14:07:52,2026-02-20 14:07:52
1100.0,36,57,15.142066955566406,4,-1026.4115938205161,70045.41077336205,0.4983487875497096,66.46040098208397,12.659246444702148,1539,2026-02-20 14:07:52,2026-02-20 14:07:52
1100.0,36,58,13.515585899353027,2,128.19665807961792,57466.97791132629,3.0,39.04777992226443,12.659246444702148,1540,2026-02-20 14:07:52,2026-02-20 14:07:52
1100.0,36,59,16.728940963745117,2,7051.273581156542,53350.546697760794,18.0,30.076696623257877,12.659246444702148,1541,2026-02-20 14:07:52,2026-02-20 14:07:52
1100.0,36,63,14.1461820602417,2,8719.906762092114,52680.009758541884,21.615371892027074,28.615371892027074,12.659246444702148,1545,2026-02-20 14:07:52,2026-02-20 14:07:52
1100.0,36,65,12.386983871459961,3,8557.974840311039,82017.13283627629,21.264519394834743,92.55079586224835,12.659246444702148,1546,2026-02-20 14:07:52,2026-02-20 14:07:52
1100.0,36,66,15.721810340881348,2,9063.945280777461,53774.2095613118,22.360788682511995,31.0,12.659246444702148,1547,2026-02-20 14:07:52,2026-02-20 14:07:52
1100.0,36,75,16.7289981842041,1,19051.273581156544,52856.49849423891,44.0,29.0,12.659246444702148,1554,2026-02-20 14:07:52,2026-02-20 14:07:52
1100.0,36,77,15.523001670837402,1,19512.812042695004,61115.89809789484,45.0,47.0,12.659246444702148,1556,2026-02-20 14:07:52,2026-02-20 14:07:52
1100.0,36,78,14.156790733337402,1,20435.888965771926,52397.64296070248,47.0,28.0,12.659246444702148,1557,2026-02-20 14:07:52,2026-02-20 14:07:52
1100.0,36,79,13.008879661560059,1,21358.96588884885,52856.49849423891,49.0,29.0,12.659246444702148,1558,2026-02-20 14:07:52,2026-02-20 14:07:52
1100.0,36,83,12.755245208740234,1,24128.19665807962,70293.00876862365,55.0,67.0,12.659246444702148,1561,2026-02-20 14:07:52,2026-02-20 14:07:52
1100.0,36,86,14.040043830871582,1,26435.888965771926,53774.2095613118,60.0,31.0,12.659246444702148,1563,2026-02-20 14:07:52,2026-02-20 14:07:52
1100.0,36,91,21.370708465576172,11,10184.5680053642,58728.76502384798,24.78880458578326,41.797636947627026,17.65924644470215,1566,2026-02-20 14:07:52,2026-02-20 14:07:52
1100.0,36,95,20.506622314453125,11,27397.51476299731,61948.77644014964,62.083522560655005,48.81512105964099,17.65924644470215,1570,2026-02-20 14:07:52,2026-02-20 14:07:52
1100.0,36,96,18.499998092651367,1,28743.58127346423,67081.02003386857,65.0,60.0,17.65924644470215,1571,2026-02-20 14:07:52,2026-02-20 14:07:52
1100.0,37,14,7.7554497718811035,26,9550.799148874601,83890.17373167757,23.415638730055797,96.63277975152518,7.659246444702148,1578,2026-02-20 14:12:16,2026-02-20 14:12:16
1100.0,37,30,9.277783393859863,1,22282.04281192577,80387.83050642534,51.0,89.0,7.659246444702148,1587,2026-02-20 14:12:16,2026-02-20 14:12:16
1100.0,37,37,10.014615058898926,2,26897.427427310387,49207.43904733445,61.0,21.04747642731724,7.659246444702148,1590,2026-02-20 14:12:16,2026-02-20 14:12:16
1100.0,37,44,16.151519775390625,2,396.303180770091,73963.85303691517,3.5808974658293584,75.0,12.659246444702148,1595,2026-02-20 14:12:16,2026-02-20 14:12:16
1100.0,37,45,8.087198257446289,3,1431.4580001561865,59159.37909387076,5.823732907832565,42.73608933307393,12.659246444702148,1596,2026-02-20 14:12:16,2026-02-20 14:12:16
1100.0,37,46,13.340682983398438,2,1512.8120426950027,71267.58424209281,6.0,69.12392660050979,12.659246444702148,1597,2026-02-20 14:12:16,2026-02-20 14:12:16
1100.0,37,48,12.81219482421875,1,3820.5043503873103,64327.88683264992,11.0,54.0,12.659246444702148,1599,2026-02-20 14:12:16,2026-02-20 14:12:16
1100.0,37,55,15.797673225402832,3,11666.658196541157,47826.865852720555,28.0,18.038744716110244,12.659246444702148,1604,2026-02-20 14:12:16,2026-02-20 14:12:16
1100.0,37,57,16.106029510498047,4,18368.06586617155,55609.63169545756,42.51971661753251,35.0,12.659246444702148,1606,2026-02-20 14:12:16,2026-02-20 14:12:16
1100.0,37,75,19.650114059448242,2,-1256.4187265357668,42554.1417645911,0.0,6.547711694252354,17.65924644470215,1619,2026-02-20 14:12:16,2026-02-20 14:12:16
1100.0,37,77,28.04060173034668,34,9970.949590510521,60706.18507046092,24.325964686933624,46.10709799165713,17.65924644470215,1621,2026-02-20 14:12:16,2026-02-20 14:12:16
1100.0,37,80,17.714366912841797,1,10282.042811925772,69834.1532350872,25.0,66.0,17.65924644470215,1624,2026-02-20 14:12:16,2026-02-20 14:12:16
1100.0,37,85,22.424232482910156,15,27571.36064485759,64164.025047531955,62.460188638018934,53.64289024945375,17.65924644470215,1629,2026-02-20 14:12:16,2026-02-20 14:12:16
1100.0,38,4,7.716639995574951,7,3250.007244901768,66258.66193622081,9.763922938114659,58.20780607937806,7.659246444702148,1630,2026-02-20 14:16:39,2026-02-20 14:16:39
1100.0,38,11,8.88196849822998,1,9820.504350387311,53774.2095613118,24.0,31.0,7.659246444702148,1636,2026-02-20 14:16:39,2026-02-20 14:16:39
1100.0,38,13,11.603577613830566,6,9962.044221980663,86744.98042702992,24.306669721785596,102.85436037266341,7.659246444702148,1637,2026-02-20 14:16:39,2026-02-20 14:16:39
1100.0,38,16,12.054669380187988,1,11666.658196541157,48726.79869241095,28.0,20.0,7.659246444702148,1639,2026-02-20 14:16:39,2026-02-20 14:16:39
1100.0,38,22,3.7887165546417236,4,21469.39671009054,75775.07488143968,49.239266779356996,78.94725945781947,7.659246444702148,1643,2026-02-20 14:16:39,2026-02-20 14:16:39
1100.0,38,31,9.693094253540039,2,25512.812042695004,71870.0333767627,58.0,70.43686518496308,7.659246444702148,1649,2026-02-20 14:16:39,2026-02-20 14:16:39
1100.0,38,38,13.88660717010498,4,50.07810173843605,74100.98863134506,2.8307431279274393,75.29886442334684,12.659246444702148,1653,2026-02-20 14:16:39,2026-02-20 14:16:39
1100.0,38,39,15.402087211608887,7,1691.4063611999532,59557.13259872541,6.386954356760726,43.602927533300324,12.659246444702148,1654,2026-02-20 14:16:39,2026-02-20 14:16:39
1100.0,38,44,14.200531005859375,2,11455.761804473026,79011.26390581601,27.54305781718572,86.0,12.659246444702148,1657,2026-02-20 14:16:39,2026-02-20 14:16:39
1100.0,38,45,14.182042121887207,2,18826.408725290887,58362.7648966762,43.512792812291075,41.0,12.659246444702148,1658,2026-02-20 14:16:39,2026-02-20 14:16:39
1100.0,38,58,12.889979362487793,1,27358.96588884885,49185.65422594739,62.0,21.0,12.659246444702148,1666,2026-02-20 14:16:39,2026-02-20 14:16:39
1100.0,38,60,22.549814224243164,5,-1076.9570397039113,44336.472826285564,0.38883365480235366,10.432008453099039,17.65924644470215,1667,2026-02-20 14:16:39,2026-02-20 14:16:39
1100.0,38,61,27.01449966430664,96,10054.212097565425,60938.933586308114,24.50636678555258,46.61433501689989,17.65924644470215,1668,2026-02-20 14:16:39,2026-02-20 14:16:39
1100.0,38,62,17.896387100219727,3,9338.62441912389,70293.00876862365,22.955926815595923,67.0,17.65924644470215,1669,2026-02-20 14:16:39,2026-02-20 14:16:39
1100.0,38,65,16.092456817626953,4,23168.556813062405,54544.74274809733,52.920780335796046,32.67925006994461,17.65924644470215,1672,2026-02-20 14:16:39,2026-02-20 14:16:39
1100.0,38,68,24.599897384643555,17,24389.99685806949,63497.41165893599,55.56723376664472,52.19011625006811,17.65924644470215,1675,2026-02-20 14:16:39,2026-02-20 14:16:39
1100.0,39,2,8.236515998840332,1,-1256.4187265357668,53315.35402777536,0.0,30.0,7.659246444702148,1679,2026-02-20 14:21:02,2026-02-20 14:21:02
1100.0,39,4,8.736124992370605,1,128.19665807961792,40467.399088755024,3.0,2.0,7.659246444702148,1681,2026-02-20 14:21:02,2026-02-20 14:21:02
1100.0,39,5,8.238065719604492,7,1255.5323471450133,62247.595399018464,5.44256065964169,49.46634772474362,7.659246444702148,1682,2026-02-20 14:21:02,2026-02-20 14:21:02
1100.0,39,7,4.0,6,3551.0272803498433,75526.93440442283,10.416133014918822,78.40647819033771,7.659246444702148,1684,2026-02-20 14:21:02,2026-02-20 14:21:02
1100.0,39,15,7.273564338684082,2,16782.564465448642,49605.75317721041,39.08446358263289,21.915536417367107,7.659246444702148,1689,2026-02-20 14:21:02,2026-02-20 14:21:02
1100.0,39,22,7.706452369689941,1,21358.96588884885,78093.55283874314,49.0,84.0,7.659246444702148,1693,2026-02-20 14:21:02,2026-02-20 14:21:02
1100.0,39,28,8.693700790405273,1,26435.888965771926,45055.95442411943,60.0,12.0,7.659246444702148,1696,2026-02-20 14:21:02,2026-02-20 14:21:02
1100.0,39,39,13.344170570373535,2,8999.453709840967,82682.10817410753,22.221056945482925,94.0,12.659246444702148,1703,2026-02-20 14:21:02,2026-02-20 14:21:02
1100.0,39,49,15.386558532714844,6,20467.354160281713,61460.159710018044,47.06817458810454,47.750261437341614,12.659246444702148,1712,2026-02-20 14:21:02,2026-02-20 14:21:02
1100.0,39,61,26.680498123168945,8,-711.3356810710729,46543.88692509137,1.1810132651735035,15.24270362286865,17.65924644470215,1718,2026-02-20 14:21:02,2026-02-20 14:21:02
1100.0,39,62,22.87858009338379,130,9960.06624806387,62491.926006735164,24.30238411163254,49.99882601008459,17.65924644470215,1719,2026-02-20 14:21:02,2026-02-20 14:21:02
1100.0,39,65,18.186983108520508,2,9158.837895099841,72128.43090276941,22.566389346877152,71.0,17.65924644470215,1722,2026-02-20 14:21:02,2026-02-20 14:21:02
1100.0,39,66,19.5495662689209,1,9820.504350387311,55609.63169545756,24.0,35.0,17.65924644470215,1723,2026-02-20 14:21:02,2026-02-20 14:21:02
1100.0,39,69,19.664823532104492,13,23194.392647867266,57024.38097863985,52.97675797787324,38.08321286283438,17.65924644470215,1726,2026-02-20 14:21:02,2026-02-20 14:21:02
1100.0,39,75,19.155895233154297,6,27569.458436192144,60426.129425652354,62.45606718591048,45.496762876702434,17.65924644470215,1732,2026-02-20 14:21:02,2026-02-20 14:21:02
1100.0,39,76,21.52686882019043,6,28276.624521830705,68652.04943606754,63.98826037146069,63.42379962183502,17.65924644470215,1733,2026-02-20 14:21:02,2026-02-20 14:21:02
1100.0,40,3,9.676267623901367,3,489.4298552462468,42922.29859009696,3.7826719271943627,7.350048810399652,7.659246444702148,1735,2026-02-20 14:25:24,2026-02-20 14:25:24
1100.0,40,4,8.378929138183594,8,2885.859729429439,78372.3629645978,8.974936654591279,84.6076207116995,7.659246444702148,1736,2026-02-20 14:25:24,2026-02-20 14:25:24
1100.0,40,8,7.869405746459961,1,7974.350504233464,45055.95442411943,20.0,12.0,7.659246444702148,1738,2026-02-20 14:25:24,2026-02-20 14:25:24
1100.0,40,17,10.936070442199707,5,18832.599085268223,40556.52536027356,43.52620525890864,2.1942360176668934,7.659246444702148,1746,2026-02-20 14:25:24,2026-02-20 14:25:24
1100.0,40,25,8.29887580871582,1,22282.04281192577,81305.54157349822,51.0,91.0,7.659246444702148,1749,2026-02-20 14:25:24,2026-02-20 14:25:24
1100.0,40,31,10.278874397277832,1,25512.812042695004,74881.56410398806,58.0,77.0,7.659246444702148,1754,2026-02-20 14:25:24,2026-02-20 14:25:24
1100.0,40,32,8.038623809814453,1,25974.350504233465,48726.79869241095,59.0,20.0,7.659246444702148,1755,2026-02-20 14:25:24,2026-02-20 14:25:24
1100.0,40,37,15.564998626708984,2,8173.409579267408,81764.39710703466,20.431294662573546,92.0,12.659246444702148,1756,2026-02-20 14:25:24,2026-02-20 14:25:24
1100.0,40,39,13.934062004089355,12,9091.98509717214,76720.77686306954,22.4215416180338,81.00826104222064,12.659246444702148,1757,2026-02-20 14:25:24,2026-02-20 14:25:24
1100.0,40,42,15.207990646362305,3,19570.68736725795,63410.17576557704,45.12539653655305,52.0,12.659246444702148,1760,2026-02-20 14:25:24,2026-02-20 14:25:24
1100.0,40,60,18.414133071899414,4,-450.5573926166066,48959.89168467131,1.7460328901581805,20.50798775480355,17.65924644470215,1772,2026-02-20 14:25:24,2026-02-20 14:25:24
1100.0,40,61,24.70347023010254,135,9682.399903276426,63957.3693654257,23.700773697926415,53.19251825434334,17.65924644470215,1773,2026-02-20 14:25:24,2026-02-20 14:25:24
1100.0,40,62,19.059839248657227,4,7806.038549576102,70987.39779284548,19.635324098242382,68.51330641884194,17.65924644470215,1774,2026-02-20 14:25:24,2026-02-20 14:25:24
1100.0,40,64,20.63448715209961,2,9109.103549586274,57903.909363139755,22.45863159826442,40.0,17.65924644470215,1776,2026-02-20 14:25:24,2026-02-20 14:25:24
1100.0,40,66,30.299453735351562,26,23223.097310141973,59284.75935909248,53.03895141280177,43.0093349540985,17.65924644470215,1778,2026-02-20 14:25:24,2026-02-20 14:25:24
1100.0,40,67,17.927061080932617,7,24155.003605399972,67967.83282633268,55.05808171919409,61.932662303599926,17.65924644470215,1779,2026-02-20 14:25:24,2026-02-20 14:25:24
1100.0,40,72,21.143863677978516,7,28316.539185360994,62278.25318843927,64.07474214244299,49.53316132331684,17.65924644470215,1784,2026-02-20 14:25:24,2026-02-20 14:25:24
1100.0,41,3,8.048487663269043,1,2897.4274273103874,80387.83050642534,9.0,89.0,7.659246444702148,1786,2026-02-20 14:29:47,2026-02-20 14:29:47
1100.0,41,4,11.95486831665039,1,3358.9658888488484,83140.96370764397,10.0,95.0,7.659246444702148,1787,2026-02-20 14:29:47,2026-02-20 14:29:47
1100.0,41,7,7.973923206329346,1,7974.350504233464,43679.38782351011,20.0,9.0,7.659246444702148,1789,2026-02-20 14:29:47,2026-02-20 14:29:47
1100.0,41,9,11.349733352661133,1,9820.504350387311,45973.66549119231,24.0,14.0,7.659246444702148,1790,2026-02-20 14:29:47,2026-02-20 14:29:47
1100.0,41,16,8.764474868774414,2,19167.33552299698,43220.532289973664,44.251467540654275,8.0,7.659246444702148,1794,2026-02-20 14:29:47,2026-02-20 14:29:47
1100.0,41,40,16.143831253051758,4,599.3269770604459,44854.04560981535,4.020782357791794,11.559973020815612,12.659246444702148,1808,2026-02-20 14:29:47,2026-02-20 14:29:47
1100.0,41,44,14.58403205871582,7,9706.67832040625,78534.21048205916,23.753376935041036,84.9603406979095,12.659246444702148,1811,2026-02-20 14:29:47,2026-02-20 14:29:47
1100.0,41,45,11.89516830444336,3,16140.841280124732,50444.43360442662,37.69406334776441,23.743302164796173,12.659246444702148,1812,2026-02-20 14:29:47,2026-02-20 14:29:47
1100.0,41,47,13.590887069702148,2,19051.273581156544,66071.51376725663,44.0,57.79994749364451,12.659246444702148,1814,2026-02-20 14:29:47,2026-02-20 14:29:47
1100.0,41,59,12.079513549804688,4,27778.10478617611,56471.88060890986,62.9081342775424,36.87912937827483,12.659246444702148,1823,2026-02-20 14:29:47,2026-02-20 14:29:47
1100.0,41,66,17.334325790405273,3,-72.68123686145859,50905.404904472154,2.564764560961001,24.74791312915089,17.65924644470215,1827,2026-02-20 14:29:47,2026-02-20 14:29:47
1100.0,41,67,23.49627113342285,119,9428.71504734283,65551.53819925983,23.15112317673696,56.66674645324447,17.65924644470215,1828,2026-02-20 14:29:47,2026-02-20 14:29:47
1100.0,41,68,16.453960418701172,5,8158.20454249095,72572.16460256142,20.398350416224552,71.96704445595789,17.65924644470215,1829,2026-02-20 14:29:47,2026-02-20 14:29:47
1100.0,41,70,27.868492126464844,13,9781.064611683727,60503.90938879167,23.9145472328089,45.66627148552285,17.65924644470215,1831,2026-02-20 14:29:47,2026-02-20 14:29:47
1100.0,41,72,25.985631942749023,18,23360.91911715734,61506.85438226797,53.33756532800174,47.85202477860514,17.65924644470215,1833,2026-02-20 14:29:47,2026-02-20 14:29:47
1100.0,41,74,15.9659423828125,6,24072.293284054867,70124.65621506383,54.878876022946365,66.6331033598695,17.65924644470215,1835,2026-02-20 14:29:47,2026-02-20 14:29:47
1100.0,41,75,19.021038055419922,6,28475.847211017615,64325.007198608466,64.41990953136566,53.99372431227044,17.65924644470215,1836,2026-02-20 14:29:47,2026-02-20 14:29:47
1100.0,41,77,18.801454544067383,1,28743.58127346423,73046.14196984228,65.0,73.0,17.65924644470215,1838,2026-02-20 14:29:47,2026-02-20 14:29:47
1100.0,42,3,9.92451286315918,5,3184.8852382096434,83394.98908862956,9.622825256948389,95.55360644564487,7.659246444702148,1839,2026-02-20 14:34:10,2026-02-20 14:34:10
1100.0,42,6,8.173206329345703,1,7974.350504233464,53774.2095613118,20.0,31.0,7.659246444702148,1841,2026-02-20 14:34:10,2026-02-20 14:34:10
1100.0,42,7,11.192608833312988,10,8906.17975013422,86277.71047832305,22.018963366118307,101.83602254178759,7.659246444702148,1842,2026-02-20 14:34:10,2026-02-20 14:34:10
1100.0,42,28,7.860244274139404,7,26829.03653415357,50300.943177934256,60.85181973149356,23.430588432466383,7.659246444702148,1857,2026-02-20 14:34:10,2026-02-20 14:34:10
1100.0,42,34,16.491376876831055,3,1661.11715829063,47588.013097216826,6.3213277504571925,17.51820450672698,12.659246444702148,1860,2026-02-20 14:34:10,2026-02-20 14:34:10
1100.0,42,38,12.677022933959961,2,9350.327620114416,80846.68603996179,22.981283751075395,90.0,12.659246444702148,1863,2026-02-20 14:34:10,2026-02-20 14:34:10
1100.0,42,39,13.83806037902832,1,12589.735119618079,72587.28643630585,30.0,72.0,12.659246444702148,1864,2026-02-20 14:34:10,2026-02-20 14:34:10
1100.0,42,44,14.344719886779785,1,18128.19665807962,69375.29770155076,42.0,65.0,12.659246444702148,1868,2026-02-20 14:34:10,2026-02-20 14:34:10
1100.0,42,47,14.586610794067383,1,19974.350504233465,44138.24335704655,46.0,10.0,12.659246444702148,1871,2026-02-20 14:34:10,2026-02-20 14:34:10
1100.0,42,50,16.234556198120117,2,23380.510380827272,71210.71983569654,53.38001306595326,69.0,12.659246444702148,1873,2026-02-20 14:34:10,2026-02-20 14:34:10
1100.0,42,59,14.4581937789917,8,28245.447764080687,76172.8567143018,63.92071072966899,79.8141593942687,12.659246444702148,1880,2026-02-20 14:34:10,2026-02-20 14:34:10
1100.0,42,63,20.82102394104004,6,19.42718287547941,52398.33190389324,2.7643328037243666,28.00150143812248,17.65924644470215,1883,2026-02-20 14:34:10,2026-02-20 14:34:10
1100.0,42,64,20.843387603759766,104,9117.299887904437,68483.24335971965,22.47639033128711,63.055914603544224,17.65924644470215,1884,2026-02-20 14:34:10,2026-02-20 14:34:10
1100.0,42,65,21.19111442565918,21,9563.753259556877,63112.854483703864,23.443705969867395,51.35203727504016,17.65924644470215,1885,2026-02-20 14:34:10,2026-02-20 14:34:10
1100.0,42,66,17.80552864074707,1,18128.19665807962,54691.92062838467,42.0,33.0,17.65924644470215,1886,2026-02-20 14:34:10,2026-02-20 14:34:10
1100.0,42,67,23.959012985229492,32,23639.038265514668,63397.95075418355,53.94015681610928,51.973357602774726,17.65924644470215,1887,2026-02-20 14:34:10,2026-02-20 14:34:10
1100.0,43,1,7.818173885345459,1,-1256.4187265357668,43679.38782351011,0.0,9.0,7.659246444702148,1892,2026-02-20 14:38:24,2026-02-20 14:38:24
1100.0,43,6,8.791199684143066,2,4743.581273464233,39597.32144075295,13.0,0.10380918522153201,7.659246444702148,1895,2026-02-20 14:38:24,2026-02-20 14:38:24
1100.0,43,8,7.911305904388428,2,5666.658196541156,40398.625799900256,15.0,1.8501199531697328,7.659246444702148,1896,2026-02-20 14:38:24,2026-02-20 14:38:24
1100.0,43,13,10.17241096496582,2,9611.904271328984,88188.37457654483,23.54803316204029,106.0,7.659246444702148,1899,2026-02-20 14:38:24,2026-02-20 14:38:24
1100.0,43,26,8.43986988067627,2,20435.888965771926,46334.04625334139,47.0,14.785390467826751,7.659246444702148,1908,2026-02-20 14:38:24,2026-02-20 14:38:24
1100.0,43,44,10.41706657409668,4,5922.169244939112,79459.46868639276,15.553607271528904,86.9767884395387,12.659246444702148,1917,2026-02-20 14:38:24,2026-02-20 14:38:24
1100.0,43,47,13.79743766784668,1,9358.965888848848,53774.2095613118,23.0,31.0,12.659246444702148,1920,2026-02-20 14:38:24,2026-02-20 14:38:24
1100.0,43,66,17.254831314086914,10,28412.332090058015,78864.18585393931,64.28229343595319,85.6794676295104,12.659246444702148,1934,2026-02-20 14:38:24,2026-02-20 14:38:24
1100.0,43,69,20.241838455200195,6,61.53627125483408,54317.31332251334,2.855569161879635,32.18360512515954,17.65924644470215,1936,2026-02-20 14:38:24,2026-02-20 14:38:24
1100.0,43,70,18.905805587768555,1,1974.350504233464,49644.50975948383,7.0,22.0,17.65924644470215,1937,2026-02-20 14:38:24,2026-02-20 14:38:24
1100.0,43,71,21.752275466918945,108,8887.111910499947,71107.51417709827,21.977649713577378,68.77508027896528,17.65924644470215,1938,2026-02-20 14:38:24,2026-02-20 14:38:24
1100.0,43,72,19.35092544555664,8,9619.001237857246,65934.67649141181,23.563409922851527,57.50173320648052,17.65924644470215,1939,2026-02-20 14:38:24,2026-02-20 14:38:24
1100.0,43,74,19.466552734375,1,17205.119735002692,54233.065094848236,40.0,32.0,17.65924644470215,1941,2026-02-20 14:38:24,2026-02-20 14:38:24
1100.0,43,76,21.677547454833984,31,23478.310588266708,65440.37475626569,53.591913515405366,56.42448405283842,17.65924644470215,1943,2026-02-20 14:38:24,2026-02-20 14:38:24
1100.0,44,7,8.885692596435547,5,6048.418708088697,40757.68933363181,15.827147775019672,2.632639738785522,7.659246444702148,1948,2026-02-20 14:42:37,2026-02-20 14:42:37
1100.0,44,11,8.510564804077148,1,7974.350504233464,84058.67477471687,20.0,97.0,7.659246444702148,1950,2026-02-20 14:42:37,2026-02-20 14:42:37
1100.0,44,12,11.589859008789062,1,8897.427427310387,83599.81924118042,22.0,96.0,7.659246444702148,1951,2026-02-20 14:42:37,2026-02-20 14:42:37
1100.0,44,30,7.911813259124756,1,23666.658196541153,76258.13070459737,54.0,80.0,7.659246444702148,1963,2026-02-20 14:42:37,2026-02-20 14:42:37
1100.0,44,31,8.57819938659668,1,24589.735119618083,75799.27517106093,56.0,79.0,7.659246444702148,1964,2026-02-20 14:42:37,2026-02-20 14:42:37
1100.0,44,36,7.74029541015625,1,27358.96588884885,45055.95442411943,62.0,12.0,7.659246444702148,1966,2026-02-20 14:42:37,2026-02-20 14:42:37
1100.0,44,56,14.074853897094727,6,20914.349294390366,53113.02173981839,48.036664045339954,29.559050129792322,12.659246444702148,1979,2026-02-20 14:42:37,2026-02-20 14:42:37
1100.0,44,59,13.00600528717041,1,20897.427427310387,47809.08762533807,48.0,18.0,12.659246444702148,1982,2026-02-20 14:42:37,2026-02-20 14:42:37
1100.0,44,70,13.252534866333008,1,28743.58127346423,80846.68603996179,65.0,90.0,12.659246444702148,1989,2026-02-20 14:42:37,2026-02-20 14:42:37
1100.0,44,72,24.493671417236328,2,-1143.2920030934845,45514.80995765587,0.2451079007916119,13.0,17.65924644470215,1990,2026-02-20 14:42:37,2026-02-20 14:42:37
1100.0,44,73,19.281259536743164,1,128.19665807961792,55609.63169545756,3.0,35.0,17.65924644470215,1991,2026-02-20 14:42:37,2026-02-20 14:42:37
1100.0,44,74,18.338359832763672,5,6193.066262430776,78003.78470294263,16.14055080942751,83.80436514493209,17.65924644470215,1992,2026-02-20 14:42:37,2026-02-20 14:42:37
1100.0,44,75,20.92829132080078,76,8725.189710555498,72232.56688665443,21.626818280364407,71.22694721164727,17.65924644470215,1993,2026-02-20 14:42:37,2026-02-20 14:42:37
1100.0,44,78,17.694175720214844,1,9358.965888848848,56068.487228993996,23.0,36.0,17.65924644470215,1996,2026-02-20 14:42:37,2026-02-20 14:42:37
1100.0,44,80,17.859519958496094,1,17205.119735002692,56527.34276253044,40.0,37.0,17.65924644470215,1998,2026-02-20 14:42:37,2026-02-20 14:42:37
1100.0,44,84,18.19816017150879,20,23575.47828255562,67302.33918833584,53.802443519698016,60.48232861607126,17.65924644470215,2002,2026-02-20 14:42:37,2026-02-20 14:42:37
1100.0,44,85,17.771772384643555,1,25512.812042695004,56986.19829606688,58.0,38.0,17.65924644470215,2003,2026-02-20 14:42:37,2026-02-20 14:42:37
1100.0,44,86,19.20547866821289,10,27691.168973697168,64095.198289820415,62.71977335050469,53.49289367606367,17.65924644470215,2004,2026-02-20 14:42:37,2026-02-20 14:42:37
1100.0,45,3,8.414583206176758,1,-794.8802649973053,63869.031299113485,1.0,53.0,7.659246444702148,2005,2026-02-20 14:47:00,2026-02-20 14:47:00
1100.0,45,15,10.00210952758789,1,8897.427427310387,48267.943158874514,22.0,19.0,7.659246444702148,2010,2026-02-20 14:47:00,2026-02-20 14:47:00
1100.0,45,31,6.916418075561523,2,23610.20048952707,79985.10449064965,53.877674968136155,88.12232503186385,7.659246444702148,2021,2026-02-20 14:47:00,2026-02-20 14:47:00
1100.0,45,40,8.364028930664062,1,27820.50435038731,47809.08762533807,63.0,18.0,7.659246444702148,2027,2026-02-20 14:47:00,2026-02-20 14:47:00
1100.0,45,44,14.671709060668945,8,-341.40088336223585,58446.246151555315,1.9825386602093171,41.181933634396245,12.659246444702148,2029,2026-02-20 14:47:00,2026-02-20 14:47:00
1100.0,45,46,15.403571128845215,8,1855.5447751229356,53473.15210176337,6.742587586927188,30.343894891648905,12.659246444702148,2031,2026-02-20 14:47:00,2026-02-20 14:47:00
1100.0,45,47,14.060911178588867,1,3820.5043503873103,48726.79869241095,11.0,20.0,12.659246444702148,2032,2026-02-20 14:47:00,2026-02-20 14:47:00
1100.0,45,50,10.920463562011719,2,5613.1132102931815,43273.7660186452,14.88398586312939,8.11601413687061,12.659246444702148,2034,2026-02-20 14:47:00,2026-02-20 14:47:00
1100.0,45,56,15.295454025268555,6,10482.219071946292,68476.50722053213,25.433715230044463,63.04123429853493,12.659246444702148,2039,2026-02-20 14:47:00,2026-02-20 14:47:00
1100.0,45,72,16.512195587158203,12,28031.85260382701,64944.55788570418,63.457921215786016,55.34393291130546,12.659246444702148,2051,2026-02-20 14:47:00,2026-02-20 14:47:00
1100.0,45,73,14.133984565734863,1,27358.96588884885,84058.67477471687,62.0,97.0,12.659246444702148,2052,2026-02-20 14:47:00,2026-02-20 14:47:00
1100.0,45,76,14.580557823181152,1,28743.58127346423,83140.96370764397,65.0,95.0,12.659246444702148,2055,2026-02-20 14:47:00,2026-02-20 14:47:00
1100.0,45,78,17.723655700683594,1,-1256.4187265357668,47809.08762533807,0.0,18.0,17.65924644470215,2056,2026-02-20 14:47:00,2026-02-20 14:47:00
1100.0,45,79,19.495487213134766,5,6145.111098199744,79813.34761891034,16.036647953593608,87.7480092414111,17.65924644470215,2057,2026-02-20 14:47:00,2026-02-20 14:47:00
1100.0,45,80,20.000415802001953,58,8669.36703791705,74438.02171309397,21.505869156314436,76.03337247025078,17.65924644470215,2058,2026-02-20 14:47:00,2026-02-20 14:47:00
1100.0,45,83,22.241775512695312,30,9359.490957418413,59878.563944637164,23.00113764856739,44.30343416865558,17.65924644470215,2061,2026-02-20 14:47:00,2026-02-20 14:47:00
1100.0,45,86,18.89954948425293,1,17666.658196541153,58821.62043021264,41.0,42.0,17.65924644470215,2064,2026-02-20 14:47:00,2026-02-20 14:47:00
1100.0,45,89,19.051002502441406,7,22645.425083595626,63333.94603596964,51.78732825528469,51.83386986963001,17.65924644470215,2067,2026-02-20 14:47:00,2026-02-20 14:47:00
1100.0,45,90,16.58388900756836,9,23679.106676914806,70759.18915940184,54.02697170747624,68.01596331896728,17.65924644470215,2068,2026-02-20 14:47:00,2026-02-20 14:47:00
1100.0,46,3,8.443153381347656,9,-549.252913970978,60681.39166501595,1.5321925938903758,46.053064851304924,7.659246444702148,2072,2026-02-20 14:51:12,2026-02-20 14:51:12
1100.0,46,6,9.955339431762695,9,1973.3677543195404,55666.655586620014,6.997870708519832,35.12427417126904,7.659246444702148,2075,2026-02-20 14:51:12,2026-02-20 14:51:12
1100.0,46,36,8.0,1,25974.350504233465,45514.80995765587,59.0,13.0,7.659246444702148,2095,2026-02-20 14:51:12,2026-02-20 14:51:12
1100.0,46,44,10.731629371643066,2,-1212.689923711972,51436.45728680324,0.09474573945155576,25.905254260548443,12.659246444702148,2098,2026-02-20 14:51:12,2026-02-20 14:51:12
1100.0,46,54,17.411972045898438,8,17679.455213391037,61202.57505170855,41.027726869841416,47.18889813346192,12.659246444702148,2104,2026-02-20 14:51:12,2026-02-20 14:51:12
1100.0,46,65,11.134344100952148,3,27712.69533928556,86014.15865508761,62.76641380927955,101.261654785548,12.659246444702148,2112,2026-02-20 14:51:12,2026-02-20 14:51:12
1100.0,46,70,18.85923194885254,35,8398.123312414908,75675.56750102638,20.91817441772646,78.73039952448406,17.65924644470215,2116,2026-02-20 14:51:12,2026-02-20 14:51:12
1100.0,46,72,27.55571937561035,53,9729.072818568628,62129.4982912169,23.801898347726187,49.20897454479878,17.65924644470215,2118,2026-02-20 14:51:12,2026-02-20 14:51:12
1100.0,46,74,19.197654724121094,2,9358.965888848848,42534.653203158974,23.0,6.50523958700343,17.65924644470215,2120,2026-02-20 14:51:12,2026-02-20 14:51:12
1100.0,46,77,18.761507034301758,2,10282.042811925772,70371.14162343583,25.0,67.17027767805263,17.65924644470215,2123,2026-02-20 14:51:12,2026-02-20 14:51:12
1100.0,46,79,20.17262077331543,7,23279.276155185624,65615.49578172283,53.160672243729685,56.80613146178969,17.65924644470215,2125,2026-02-20 14:51:12,2026-02-20 14:51:12
1100.0,46,80,14.651935577392578,7,23394.931490048806,61547.40474776901,53.41125880259992,47.9403976161048,17.65924644470215,2126,2026-02-20 14:51:12,2026-02-20 14:51:12
1100.0,46,82,20.3593692779541,6,23209.512350251436,73243.89639217751,53.00951733303894,73.43097316667648,17.65924644470215,2128,2026-02-20 14:51:12,2026-02-20 14:51:12
1100.0,47,2,8.375531196594238,2,-1062.1632566780236,63410.17576557704,0.42088685135844384,52.0,7.659246444702148,2131,2026-02-20 14:55:35,2026-02-20 14:55:35
1100.0,47,3,8.024354934692383,2,-794.8802649973053,62448.81889200065,1.0,49.90488115907172,7.659246444702148,2132,2026-02-20 14:55:35,2026-02-20 14:55:35
1100.0,47,4,7.823958396911621,2,1441.5147363376782,63869.031299113485,5.845522502892464,53.0,7.659246444702148,2133,2026-02-20 14:55:35,2026-02-20 14:55:35
1100.0,47,14,10.5,2,10743.581273464233,59452.08085236438,26.0,43.37398456828606,7.659246444702148,2137,2026-02-20 14:55:35,2026-02-20 14:55:35
1100.0,47,24,8.265742301940918,5,23929.982999091928,84409.13017665676,54.57053707219334,97.76375978129524,7.659246444702148,2144,2026-02-20 14:55:35,2026-02-20 14:55:35
1100.0,47,29,7.837147235870361,13,28068.74584083069,70090.20121374866,63.537856562627326,66.55801436388501,7.659246444702148,2149,2026-02-20 14:55:35,2026-02-20 14:55:35
1100.0,47,32,12.925076484680176,1,-1256.4187265357668,54691.92062838467,0.0,33.0,12.659246444702148,2150,2026-02-20 14:55:35,2026-02-20 14:55:35
1100.0,47,34,13.854741096496582,2,2707.447053625987,58173.888880931314,8.588375857017132,40.588375857017134,12.659246444702148,2152,2026-02-20 14:55:35,2026-02-20 14:55:35
1100.0,47,38,16.302837371826172,3,7795.131584525961,53449.33949651817,19.611692340633745,30.291999243662108,12.659246444702148,2155,2026-02-20 14:55:35,2026-02-20 14:55:35
1100.0,47,45,15.407078742980957,6,17723.344304999606,63365.12216729944,41.12281990165998,51.90181310895312,12.659246444702148,2158,2026-02-20 14:55:35,2026-02-20 14:55:35
1100.0,47,51,15.650337219238281,21,23114.82688170904,75628.78553056704,52.804365484530415,78.62844593116289,12.659246444702148,2162,2026-02-20 14:55:35,2026-02-20 14:55:35
1100.0,47,58,14.5,2,28533.807241299117,87020.36258941313,64.54548959697559,103.45451040302441,12.659246444702148,2167,2026-02-20 14:55:35,2026-02-20 14:55:35
1100.0,47,63,19.85791778564453,40,8740.533010137679,78543.43210764689,21.660062096125795,84.98043771083351,17.65924644470215,2171,2026-02-20 14:55:35,2026-02-20 14:55:35
1100.0,47,64,24.395004272460938,51,10133.288161693508,64689.99379957533,24.677698257830095,54.789152446598195,17.65924644470215,2172,2026-02-20 14:55:35,2026-02-20 14:55:35
1100.0,47,67,19.00501251220703,1,9820.504350387311,72587.28643630585,24.0,72.0,17.65924644470215,2175,2026-02-20 14:55:35,2026-02-20 14:55:35
1100.0,47,68,19.590024948120117,2,10282.042811925772,40699.38197787491,25.0,2.5055684679924597,17.65924644470215,2176,2026-02-20 14:55:35,2026-02-20 14:55:35
1100.0,47,70,18.647119522094727,1,21820.50435038731,69375.29770155076,50.0,65.0,17.65924644470215,2178,2026-02-20 14:55:35,2026-02-20 14:55:35
1100.0,47,72,22.29070472717285,14,24220.232732060736,63145.68732852869,55.199411493625746,51.423591048341706,17.65924644470215,2180,2026-02-20 14:55:35,2026-02-20 14:55:35
1100.0,47,73,19.056533813476562,1,23205.119735002692,68457.58663447789,53.0,63.0,17.65924644470215,2181,2026-02-20 14:55:35,2026-02-20 14:55:35
1100.0,48,2,10.021382331848145,3,-892.6932770210393,64327.88683264992,0.7880718072819096,54.0,7.659246444702148,2185,2026-02-20 14:59:58,2026-02-20 14:59:58
1100.0,48,8,4.111721515655518,3,2432.314147215174,60506.14290301652,7.992254559793706,45.671139061615136,7.659246444702148,2190,2026-02-20 14:59:58,2026-02-20 14:59:58
1100.0,48,27,9.373812675476074,6,23741.28543293404,86287.88954305521,54.16169234551792,101.85820613550763,7.659246444702148,2200,2026-02-20 14:59:58,2026-02-20 14:59:58
1100.0,48,32,8.024807929992676,1,28743.58127346423,80387.83050642534,65.0,89.0,7.659246444702148,2203,2026-02-20 14:59:58,2026-02-20 14:59:58
1100.0,48,34,12.869438171386719,1,128.19665807961792,54233.065094848236,3.0,32.0,12.659246444702148,2204,2026-02-20 14:59:58,2026-02-20 14:59:58
1100.0,48,44,17.63256072998047,5,10430.845568836976,75016.80758821666,25.32240597330761,77.2947408810487,12.659246444702148,2209,2026-02-20 14:59:58,2026-02-20 14:59:58
1100.0,48,45,17.990798950195312,4,17907.252339066676,65459.16040604555,41.52128730880529,56.465424280005514,12.659246444702148,2210,2026-02-20 14:59:58,2026-02-20 14:59:58
1100.0,48,56,13.82778549194336,5,24061.55431655573,78131.54380552362,54.855608260031566,84.08279504986606,12.659246444702148,2220,2026-02-20 14:59:58,2026-02-20 14:59:58
1100.0,48,65,16.593215942382812,5,28471.20870006889,89516.69521183083,64.4098594243101,108.89485587119007,12.659246444702148,2228,2026-02-20 14:59:58,2026-02-20 14:59:58
1100.0,48,69,20.444103240966797,30,8388.293556787852,80270.20809029248,20.89687661386784,88.7436613323014,17.65924644470215,2231,2026-02-20 14:59:58,2026-02-20 14:59:58
1100.0,48,73,19.19900131225586,41,10673.43934368368,67270.76235832297,25.8480258188088,60.41351212001748,17.65924644470215,2235,2026-02-20 14:59:58,2026-02-20 14:59:58
1100.0,48,76,15.642594337463379,6,10989.877745303938,43319.57413339461,26.533642355652695,8.21584537219727,17.65924644470215,2238,2026-02-20 14:59:58,2026-02-20 14:59:58
1100.0,48,79,22.988325119018555,9,24301.365809488896,66131.07860996653,55.375199828053425,57.92975924997406,17.65924644470215,2241,2026-02-20 14:59:58,2026-02-20 14:59:58
1100.0,49,29,9.323248863220215,21,22822.703723177918,81140.56156328684,52.17143197437965,90.64045326218502,7.659246444702148,2263,2026-02-20 15:04:11,2026-02-20 15:04:11
1100.0,49,31,8.27064323425293,1,25051.273581156544,47350.232091801634,57.0,17.0,7.659246444702148,2265,2026-02-20 15:04:11,2026-02-20 15:04:11
1100.0,49,33,8.663333892822266,1,26897.427427310387,52397.64296070248,61.0,28.0,7.659246444702148,2266,2026-02-20 15:04:11,2026-02-20 15:04:11
1100.0,49,36,14.037575721740723,3,361.4304247818523,56232.07231833037,3.5053398278548413,36.35650673769935,12.659246444702148,2268,2026-02-20 15:04:11,2026-02-20 15:04:11
1100.0,49,43,12.770562171936035,2,7896.049621089065,57367.20811032819,19.83034808652047,38.830348086520466,12.659246444702148,2272,2026-02-20 15:04:11,2026-02-20 15:04:11
1100.0,49,46,14.357649803161621,3,9422.304472641774,76716.98623813382,23.137233598218003,81.0,12.659246444702148,2275,2026-02-20 15:04:11,2026-02-20 15:04:11
1100.0,49,48,13.969345092773438,3,9868.488550913893,86811.8079759355,24.103965767807594,103.0,12.659246444702148,2277,2026-02-20 15:04:11,2026-02-20 15:04:11
1100.0,49,72,19.03474998474121,20,7589.234322753038,81542.48557236163,19.16558160679241,91.51638038891515,17.65924644470215,2292,2026-02-20 15:04:11,2026-02-20 15:04:11
1100.0,49,76,20.439319610595703,16,10587.695334049626,49107.150475969924,25.66224713126835,20.828914017071046,17.65924644470215,2296,2026-02-20 15:04:11,2026-02-20 15:04:11
1100.0,49,78,18.9597110748291,5,11354.92459938388,68708.74549057486,27.324577206159233,63.54735932715308,17.65924644470215,2298,2026-02-20 15:04:11,2026-02-20 15:04:11
1100.0,49,80,19.16170883178711,1,17666.658196541153,67998.73110094146,41.0,62.0,17.65924644470215,2300,2026-02-20 15:04:11,2026-02-20 15:04:11
1100.0,49,81,19.499698638916016,5,20303.573656617707,58048.11725179203,46.71331683016586,40.314277322844625,17.65924644470215,2301,2026-02-20 15:04:11,2026-02-20 15:04:11
1100.0,49,85,19.829296112060547,2,23886.77261673769,66163.30896679568,54.47691457709249,58.0,17.65924644470215,2305,2026-02-20 15:04:11,2026-02-20 15:04:11
1100.0,49,87,15.663004875183105,5,26888.751983732123,61881.46070623166,60.98120320558043,48.66841751353974,17.65924644470215,2307,2026-02-20 15:04:11,2026-02-20 15:04:11
1100.0,50,11,10.0,23,9630.656187081597,89031.14883600263,23.58866231283762,107.8366875799938,7.659246444702148,2317,2026-02-20 15:08:24,2026-02-20 15:08:24
1100.0,50,12,7.6953558921813965,3,9813.376930205302,78933.45063860297,23.984557256272314,85.83041881044055,7.659246444702148,2318,2026-02-20 15:08:24,2026-02-20 15:08:24
1100.0,50,20,7.068123817443848,28,23175.794797820763,83537.18175223094,52.93646263610582,95.86349191767019,7.659246444702148,2322,2026-02-20 15:08:24,2026-02-20 15:08:24
1100.0,50,29,9.667677879333496,2,28743.58127346423,92605.80002951354,65.0,115.62705062947207,7.659246444702148,2327,2026-02-20 15:08:24,2026-02-20 15:08:24
1100.0,50,31,14.875052452087402,3,694.6160623499883,57716.71023149956,4.227242042585803,39.592030349514495,12.659246444702148,2328,2026-02-20 15:08:24,2026-02-20 15:08:24
1100.0,50,35,5.967000484466553,17,9080.613254932827,72463.50173435805,22.396902626515285,71.73023164612668,12.659246444702148,2330,2026-02-20 15:08:24,2026-02-20 15:08:24
1100.0,50,39,14.08448314666748,1,10282.042811925772,65245.59789972281,25.0,56.0,12.659246444702148,2332,2026-02-20 15:08:24,2026-02-20 15:08:24
1100.0,50,49,12.668416976928711,2,22743.58127346423,78528.23844984976,52.0,84.94732563810763,12.659246444702148,2340,2026-02-20 15:08:24,2026-02-20 15:08:24
1100.0,50,50,15.707670211791992,6,23866.4682142983,68279.40714119292,54.43292170514048,62.61168716455977,12.659246444702148,2341,2026-02-20 15:08:24,2026-02-20 15:08:24
1100.0,50,55,12.889047622680664,1,28743.58127346423,53315.35402777536,65.0,30.0,12.659246444702148,2344,2026-02-20 15:08:24,2026-02-20 15:08:24
1100.0,50,57,18.157514572143555,10,7240.285081889695,83800.11589282329,18.409524918255165,96.43651353640472,17.65924644470215,2345,2026-02-20 15:08:24,2026-02-20 15:08:24
1100.0,50,59,21.849834442138672,18,7675.023157441421,53507.332246414226,19.351457415283907,30.418384882839426,17.65924644470215,2347,2026-02-20 15:08:24,2026-02-20 15:08:24
1100.0,50,61,21.851613998413086,29,12175.541186781116,48840.80157358645,29.10257981218658,20.248450487884206,17.65924644470215,2349,2026-02-20 15:08:24,2026-02-20 15:08:24
1100.0,50,63,20.45745277404785,1,10743.581273464233,60198.187030821966,26.0,45.0,17.65924644470215,2351,2026-02-20 15:08:24,2026-02-20 15:08:24
1100.0,50,65,24.088268280029297,11,23789.86850057347,58897.391125978174,54.266955658736684,42.165129741776376,17.65924644470215,2353,2026-02-20 15:08:24,2026-02-20 15:08:24
1100.0,51,2,10.769973754882812,15,892.7095561936711,60020.57858030239,4.656444612580449,44.61293165813926,7.659246444702148,2358,2026-02-20 15:12:46,2026-02-20 15:12:46
1100.0,51,26,9.726816177368164,14,23523.9339824973,85039.37969993328,53.69076420290499,99.13728473024625,7.659246444702148,2371,2026-02-20 15:12:46,2026-02-20 15:12:46
1100.0,51,29,9.934120178222656,2,26435.888965771926,50835.29757710821,60.0,24.595125765285797,7.659246444702148,2372,2026-02-20 15:12:46,2026-02-20 15:12:46
1100.0,51,36,14.29482650756836,23,8973.715629671084,74612.71895707038,22.165291105114843,76.41409631731874,12.659246444702148,2375,2026-02-20 15:12:46,2026-02-20 15:12:46
1100.0,51,40,12.730721473693848,1,13512.812042695003,78093.55283874314,32.0,84.0,12.659246444702148,2378,2026-02-20 15:12:46,2026-02-20 15:12:46
1100.0,51,44,13.751352310180664,1,22743.58127346423,79928.9749728889,52.0,88.0,12.659246444702148,2381,2026-02-20 15:12:46,2026-02-20 15:12:46
1100.0,51,45,15.327130317687988,6,23506.38328193971,66660.85061686201,53.6527376850302,59.08431001416008,12.659246444702148,2382,2026-02-20 15:12:46,2026-02-20 15:12:46
1100.0,51,54,20.11070442199707,16,7791.86466385904,55587.88743702123,19.60461401252208,34.95261197294768,17.65924644470215,2388,2026-02-20 15:12:46,2026-02-20 15:12:46
1100.0,51,55,18.39661407470703,1,7051.273581156542,85894.09690886262,18.0,101.0,17.65924644470215,2389,2026-02-20 15:12:46,2026-02-20 15:12:46
1100.0,51,56,19.01801872253418,1,7974.350504233464,85894.09690886262,20.0,101.0,17.65924644470215,2390,2026-02-20 15:12:46,2026-02-20 15:12:46
1100.0,51,60,24.867822647094727,12,10862.752736636376,63287.58145024788,26.258204836872977,51.73282589754489,17.65924644470215,2394,2026-02-20 15:12:46,2026-02-20 15:12:46
1100.0,51,64,24.820789337158203,14,13262.65612810636,49774.06163810783,31.457995518391275,22.28233696480792,17.65924644470215,2398,2026-02-20 15:12:46,2026-02-20 15:12:46
1100.0,51,66,23.170122146606445,9,24367.66355976879,61049.61655339279,55.518844953659865,46.85555029926041,17.65924644470215,2400,2026-02-20 15:12:46,2026-02-20 15:12:46
1100.0,52,1,7.489567756652832,6,951.4706083846603,63129.022099985275,4.7837602256609255,51.3872719297403,7.659246444702148,2402,2026-02-20 15:17:08,2026-02-20 15:17:08
1100.0,52,2,8.28188705444336,3,2081.943420531742,52208.31814031099,7.233117985312935,27.58739776126847,7.659246444702148,2403,2026-02-20 15:17:08,2026-02-20 15:17:08
1100.0,52,15,10.377347946166992,1,13512.812042695003,40008.54355521859,32.0,1.0,7.659246444702148,2409,2026-02-20 15:17:08,2026-02-20 15:17:08
1100.0,52,29,12.138923645019531,1,25512.812042695004,52856.49849423891,58.0,29.0,7.659246444702148,2414,2026-02-20 15:17:08,2026-02-20 15:17:08
1100.0,52,30,8.31357479095459,1,26435.888965771926,51938.78742716603,60.0,27.0,7.659246444702148,2415,2026-02-20 15:17:08,2026-02-20 15:17:08
1100.0,52,38,15.1266508102417,9,7826.798094790534,88025.02016239986,19.680303112873652,105.64399598085701,12.659246444702148,2419,2026-02-20 15:17:08,2026-02-20 15:17:08
1100.0,52,44,11.488571166992188,4,13409.852449731747,79789.09803557812,31.776920881912947,87.69516127171283,12.659246444702148,2422,2026-02-20 15:17:08,2026-02-20 15:17:08
1100.0,52,49,16.0,2,22668.897960527007,74496.95774849379,51.83818615530268,76.16181384469732,12.659246444702148,2427,2026-02-20 15:17:08,2026-02-20 15:17:08
1100.0,52,52,13.16809368133545,2,23370.59759033867,68916.44216801433,53.35853535322796,64.0,12.659246444702148,2429,2026-02-20 15:17:08,2026-02-20 15:17:08
1100.0,52,53,12.81999683380127,1,23205.119735002692,86352.95244239905,53.0,102.0,12.659246444702148,2430,2026-02-20 15:17:08,2026-02-20 15:17:08
1100.0,52,54,13.951804161071777,1,23666.658196541153,87270.66350947194,54.0,104.0,12.659246444702148,2431,2026-02-20 15:17:08,2026-02-20 15:17:08
1100.0,52,60,21.047500610351562,25,8127.406279244721,57799.38161850732,20.331620845857724,39.772199010379516,17.65924644470215,2434,2026-02-20 15:17:08,2026-02-20 15:17:08
1100.0,52,61,18.5052433013916,1,8897.427427310387,77175.84177167025,22.0,82.0,17.65924644470215,2435,2026-02-20 15:17:08,2026-02-20 15:17:08
1100.0,52,62,20.635883331298828,17,11353.453727421913,66301.58846731074,27.321390316908307,58.301357378104,17.65924644470215,2436,2026-02-20 15:17:08,2026-02-20 15:17:08
1100.0,52,64,17.69679832458496,1,11666.658196541157,74422.70857045162,28.0,76.0,17.65924644470215,2438,2026-02-20 15:17:08,2026-02-20 15:17:08
1100.0,52,66,20.901660919189453,16,13924.271584630378,51901.78880552959,32.891495674193315,26.919367602802367,17.65924644470215,2440,2026-02-20 15:17:08,2026-02-20 15:17:08
1100.0,52,67,25.922927856445312,7,23928.935457893404,58132.649716589665,54.568267399596536,40.49850189598235,17.65924644470215,2441,2026-02-20 15:17:08,2026-02-20 15:17:08
1100.0,53,1,8.927815437316895,5,861.5685961122335,63978.02314451219,4.588972532404001,53.23752976140158,7.659246444702148,2446,2026-02-20 15:21:30,2026-02-20 15:21:30
1100.0,53,2,8.544875144958496,2,1512.8120426950027,48595.64503554604,6.0,19.714172223544736,7.659246444702148,2447,2026-02-20 15:21:30,2026-02-20 15:21:30
1100.0,53,28,8.0,1,28743.58127346423,47350.232091801634,65.0,17.0,7.659246444702148,2459,2026-02-20 15:21:30,2026-02-20 15:21:30
1100.0,53,37,13.801007270812988,15,8631.363908225032,78861.20198629043,21.42352904198173,85.67296478181477,12.659246444702148,2466,2026-02-20 15:21:30,2026-02-20 15:21:30
1100.0,53,38,16.5,1,7974.350504233464,89106.0856436177,20.0,108.0,12.659246444702148,2467,2026-02-20 15:21:30,2026-02-20 15:21:30
1100.0,53,49,13.664112091064453,1,14897.427427310387,40467.399088755024,35.0,2.0,12.659246444702148,2476,2026-02-20 15:21:30,2026-02-20 15:21:30
1100.0,53,54,13.307632446289062,1,21820.50435038731,71210.71983569654,50.0,69.0,12.659246444702148,2480,2026-02-20 15:21:30,2026-02-20 15:21:30
1100.0,53,56,12.765522956848145,1,23666.658196541153,87729.51904300839,54.0,105.0,12.659246444702148,2482,2026-02-20 15:21:30,2026-02-20 15:21:30
1100.0,53,59,12.943061828613281,1,24589.735119618083,74881.56410398806,56.0,77.0,12.659246444702148,2484,2026-02-20 15:21:30,2026-02-20 15:21:30
1100.0,53,67,22.632591247558594,18,8702.927758432643,59811.92297683487,21.578584050764885,44.15820116407854,17.65924644470215,2488,2026-02-20 15:21:30,2026-02-20 15:21:30
1100.0,53,68,19.7851505279541,15,11135.80195558803,68478.0124670818,26.849811477934892,63.044514735272976,17.65924644470215,2489,2026-02-20 15:21:30,2026-02-20 15:21:30
1100.0,53,69,22.635944366455078,17,12412.395926417401,56043.92534904526,29.615765081398532,35.946471431303365,17.65924644470215,2490,2026-02-20 15:21:30,2026-02-20 15:21:30
1100.0,53,72,18.380399703979492,1,20435.888965771926,65704.45343325924,47.0,57.0,17.65924644470215,2493,2026-02-20 15:21:30,2026-02-20 15:21:30
1100.0,53,73,22.085908889770508,3,24604.991754459763,60145.011128462225,56.03305604215697,44.88411188604416,17.65924644470215,2494,2026-02-20 15:21:30,2026-02-20 15:21:30
1100.0,53,74,20.620586395263672,4,25882.01473842014,55031.22221594542,58.79993917407113,33.739451881392206,17.65924644470215,2495,2026-02-20 15:21:30,2026-02-20 15:21:30
1100.0,54,2,9.223489761352539,2,2655.969415531011,54691.92062838467,8.476840974478018,33.0,7.659246444702148,2499,2026-02-20 15:25:53,2026-02-20 15:25:53
1100.0,54,16,7.679629325866699,1,22743.58127346423,79470.11943935245,52.0,87.0,7.659246444702148,2507,2026-02-20 15:25:53,2026-02-20 15:25:53
1100.0,54,19,9.48570728302002,1,24589.735119618083,77634.6973052067,56.0,83.0,7.659246444702148,2508,2026-02-20 15:25:53,2026-02-20 15:25:53
1100.0,54,24,13.243453979492188,1,7051.273581156542,81764.39710703466,18.0,92.0,12.659246444702148,2510,2026-02-20 15:25:53,2026-02-20 15:25:53
1100.0,54,26,14.026185035705566,1,8897.427427310387,80846.68603996179,22.0,90.0,12.659246444702148,2511,2026-02-20 15:25:53,2026-02-20 15:25:53
1100.0,54,31,15.690927505493164,1,14435.888965771926,82223.2526405711,34.0,93.0,12.659246444702148,2515,2026-02-20 15:25:53,2026-02-20 15:25:53
1100.0,54,32,14.330061912536621,1,15820.504350387311,41843.96568936435,37.0,5.0,12.659246444702148,2516,2026-02-20 15:25:53,2026-02-20 15:25:53
1100.0,54,45,24.444826126098633,47,12033.261391957965,58358.733919356084,28.794306923403084,40.99121514937599,17.65924644470215,2525,2026-02-20 15:25:53,2026-02-20 15:25:53
1100.0,54,46,19.771713256835938,2,11671.19205038518,70293.00876862365,28.009823349995383,67.0,17.65924644470215,2526,2026-02-20 15:25:53,2026-02-20 15:25:53
1100.0,54,51,17.74641227722168,1,20435.888965771926,67998.73110094146,47.0,62.0,17.65924644470215,2531,2026-02-20 15:25:53,2026-02-20 15:25:53
1100.0,54,52,22.077423095703125,10,25211.029990730745,62296.29279824669,57.346138887410774,49.572475679337344,17.65924644470215,2532,2026-02-20 15:25:53,2026-02-20 15:25:53
1100.0,55,2,9.823351860046387,6,2140.251707162586,52162.017215733955,7.359452606346431,27.486492528154702,7.659246444702148,2536,2026-02-20 15:30:06,2026-02-20 15:30:06
1100.0,55,6,9.519465446472168,5,8473.96950912103,81969.24627085571,21.08250784392306,92.44643498628481,7.659246444702148,2539,2026-02-20 15:30:06,2026-02-20 15:30:06
1100.0,55,12,8.480057716369629,6,15322.594515365354,84532.10689431411,35.921195357452426,98.03176726659143,7.659246444702148,2544,2026-02-20 15:30:06,2026-02-20 15:30:06
1100.0,55,20,10.209753036499023,1,23666.658196541153,75799.27517106093,54.0,79.0,7.659246444702148,2550,2026-02-20 15:30:06,2026-02-20 15:30:06
1100.0,55,30,13.107973098754883,7,11644.603665381068,73187.2408122818,27.952215182486473,73.3075016691028,12.659246444702148,2557,2026-02-20 15:30:06,2026-02-20 15:30:06
1100.0,55,32,14.26130485534668,2,16743.58127346423,43968.50195171126,39.0,9.630076586355889,12.659246444702148,2559,2026-02-20 15:30:06,2026-02-20 15:30:06
1100.0,55,42,20.915584564208984,95,12938.76721091354,60374.94085333824,30.75623619780683,45.38520582099994,17.65924644470215,2565,2026-02-20 15:30:06,2026-02-20 15:30:06
1100.0,55,44,19.335145950317383,1,19974.350504233465,69375.29770155076,46.0,65.0,17.65924644470215,2567,2026-02-20 15:30:06,2026-02-20 15:30:06
1100.0,55,45,24.449247360229492,6,25249.832751631562,64096.75443682343,57.430211536029205,53.496285041949626,17.65924644470215,2568,2026-02-20 15:30:06,2026-02-20 15:30:06
1100.0,56,2,7.755707740783691,1,-1256.4187265357668,58362.7648966762,0.0,41.0,7.659246444702148,2571,2026-02-20 15:34:19,2026-02-20 15:34:19
1100.0,56,4,11.167720794677734,15,2435.94410615791,54449.94123187816,8.0001194708363,32.4726457919303,7.659246444702148,2573,2026-02-20 15:34:19,2026-02-20 15:34:19
1100.0,56,44,12.786993026733398,1,10282.042811925772,76258.13070459737,25.0,80.0,12.659246444702148,2597,2026-02-20 15:34:19,2026-02-20 15:34:19
1100.0,56,45,13.00357437133789,1,11205.119735002694,50562.22082655672,27.0,24.0,12.659246444702148,2598,2026-02-20 15:34:19,2026-02-20 15:34:19
1100.0,56,46,15.026326179504395,1,15358.96588884885,86352.95244239905,36.0,102.0,12.659246444702148,2599,2026-02-20 15:34:19,2026-02-20 15:34:19
1100.0,56,47,15.045095443725586,1,17205.119735002692,46432.52102472875,40.0,15.0,12.659246444702148,2600,2026-02-20 15:34:19,2026-02-20 15:34:19
1100.0,56,48,15.801692008972168,1,18589.735119618083,54691.92062838467,43.0,33.0,12.659246444702148,2601,2026-02-20 15:34:19,2026-02-20 15:34:19
1100.0,56,49,16.024734497070312,2,20192.018279728163,71669.57536923297,46.471613513571846,70.0,12.659246444702148,2602,2026-02-20 15:34:19,2026-02-20 15:34:19
1100.0,56,50,15.397431373596191,2,20616.04436620165,70751.86430216009,47.39033670093107,68.0,12.659246444702148,2603,2026-02-20 15:34:19,2026-02-20 15:34:19
1100.0,56,55,14.345670700073242,4,27197.465332909294,61307.180212677406,61.650082128797635,47.41686783922673,12.659246444702148,2608,2026-02-20 15:34:19,2026-02-20 15:34:19
1100.0,56,60,19.018465042114258,4,9599.46007410966,65961.7852170074,23.521070734731758,57.560812205455775,17.65924644470215,2612,2026-02-20 15:34:19,2026-02-20 15:34:19
1100.0,56,61,24.10184669494629,120,13391.983307131239,62252.377721299454,31.738204406278513,49.476770007862086,17.65924644470215,2613,2026-02-20 15:34:19,2026-02-20 15:34:19
1100.0,57,8,11.730947494506836,13,2863.3628795389177,56898.195362992454,8.926193479828482,37.80821211330681,7.659246444702148,2621,2026-02-20 15:38:42,2026-02-20 15:38:42
1100.0,57,24,8.1758451461792,2,20747.033028403213,73046.14196984228,47.67414546903446,73.0,7.659246444702148,2633,2026-02-20 15:38:42,2026-02-20 15:38:42
1100.0,57,25,9.093914985656738,9,26428.11905625979,73648.9240788921,59.98316519605704,74.31366424722857,7.659246444702148,2634,2026-02-20 15:38:42,2026-02-20 15:38:42
1100.0,57,28,17.321456909179688,1,-1256.4187265357668,45514.80995765587,0.0,13.0,12.659246444702148,2635,2026-02-20 15:38:42,2026-02-20 15:38:42
1100.0,57,29,14.356837272644043,4,9700.31741933051,68183.79847424997,23.739594982710262,62.40332383458946,12.659246444702148,2636,2026-02-20 15:38:42,2026-02-20 15:38:42
1100.0,57,30,14.324800491333008,2,9628.468651627145,79928.9749728889,23.583922652686308,88.0,12.659246444702148,2637,2026-02-20 15:38:42,2026-02-20 15:38:42
1100.0,57,34,13.950413703918457,2,10037.003544505698,78552.40837227958,24.469081587256508,85.0,12.659246444702148,2640,2026-02-20 15:38:42,2026-02-20 15:38:42
1100.0,57,37,12.891267776489258,1,17666.658196541153,47809.08762533807,41.0,18.0,12.659246444702148,2642,2026-02-20 15:38:42,2026-02-20 15:38:42
1100.0,57,39,13.636370658874512,10,27765.342198168084,62943.550497863675,62.88048200352501,50.98306714508368,12.659246444702148,2644,2026-02-20 15:38:42,2026-02-20 15:38:42
1100.0,57,41,23.087642669677734,135,13692.992435277929,64134.22135156326,32.39039085059634,53.577938006775106,17.65924644470215,2645,2026-02-20 15:38:42,2026-02-20 15:38:42
1100.0,57,42,19.0,1,11205.119735002694,57445.05382960332,27.0,39.0,17.65924644470215,2646,2026-02-20 15:38:42,2026-02-20 15:38:42
1100.0,58,10,12.32095718383789,1,1051.2735811565408,41385.110155827904,5.0,4.0,7.659246444702148,2657,2026-02-20 15:43:04,2026-02-20 15:43:04
1100.0,58,17,10.366754531860352,8,2935.263471521181,49223.15440972834,9.081978095790053,21.08172546921671,7.659246444702148,2664,2026-02-20 15:43:04,2026-02-20 15:43:04
1100.0,58,30,11.608041763305664,8,11016.381078345887,54707.75862209418,26.591066243910248,33.03451629663795,7.659246444702148,2672,2026-02-20 15:43:04,2026-02-20 15:43:04
1100.0,58,33,8.189274787902832,4,18018.330538744438,49439.228576035646,41.76195674144044,21.552623498149696,7.659246444702148,2675,2026-02-20 15:43:04,2026-02-20 15:43:04
1100.0,58,41,8.611004829406738,2,28074.768954919928,56068.487228993996,63.55090664315401,36.0,7.659246444702148,2680,2026-02-20 15:43:04,2026-02-20 15:43:04
1100.0,58,43,16.497779846191406,2,2435.8889657719255,59010.00201093623,8.0,42.41054660335404,12.659246444702148,2681,2026-02-20 15:43:04,2026-02-20 15:43:04
1100.0,58,45,17.5,1,7974.350504233464,45973.66549119231,20.0,14.0,12.659246444702148,2683,2026-02-20 15:43:04,2026-02-20 15:43:04
1100.0,58,46,13.000000953674316,1,8897.427427310387,72128.43090276941,22.0,71.0,12.659246444702148,2684,2026-02-20 15:43:04,2026-02-20 15:43:04
1100.0,58,48,14.035459518432617,2,9519.176576578144,81764.39710703466,23.347123156746807,92.0,12.659246444702148,2685,2026-02-20 15:43:04,2026-02-20 15:43:04
1100.0,58,49,14.59964656829834,1,10282.042811925772,47350.232091801634,25.0,17.0,12.659246444702148,2686,2026-02-20 15:43:04,2026-02-20 15:43:04
1100.0,58,52,13.36711311340332,2,19974.350504233465,62167.10952985553,46.0,49.29094203977209,12.659246444702148,2688,2026-02-20 15:43:04,2026-02-20 15:43:04
1100.0,58,53,15.463455200195312,1,26435.888965771926,74881.56410398806,60.0,77.0,12.659246444702148,2689,2026-02-20 15:43:04,2026-02-20 15:43:04
1100.0,58,54,13.92623519897461,1,26435.888965771926,75799.27517106093,60.0,79.0,12.659246444702148,2690,2026-02-20 15:43:04,2026-02-20 15:43:04
1100.0,58,59,20.58971405029297,157,14253.774802779039,65803.08060457383,33.60541931351541,57.21494166269382,17.65924644470215,2693,2026-02-20 15:43:04,2026-02-20 15:43:04
1100.0,58,60,17.83159065246582,1,15820.504350387311,72128.43090276941,37.0,71.0,17.65924644470215,2694,2026-02-20 15:43:04,2026-02-20 15:43:04
1100.0,58,61,19.05804443359375,2,28282.04281192577,64492.97336078429,64.0,54.35977887607028,17.65924644470215,2695,2026-02-20 15:43:04,2026-02-20 15:43:04
1100.0,59,11,6.7118682861328125,16,2354.376899904652,46663.667253609754,7.823390523954241,15.503745104912518,7.659246444702148,2705,2026-02-20 15:47:27,2026-02-20 15:47:27
1100.0,59,49,9.069350242614746,1,20435.888965771926,60657.0425643584,47.0,46.0,7.659246444702148,2735,2026-02-20 15:47:27,2026-02-20 15:47:27
1100.0,59,50,10.466134071350098,6,26503.67113235094,77598.43810085887,60.1468613609212,82.9209790409012,7.659246444702148,2736,2026-02-20 15:47:27,2026-02-20 15:47:27
1100.0,59,54,10.20601749420166,9,28473.10866786445,59748.27495154952,64.41397602120047,44.01949078437623,7.659246444702148,2739,2026-02-20 15:47:27,2026-02-20 15:47:27
1100.0,59,57,12.775064468383789,1,2435.8889657719255,58821.62043021264,8.0,42.0,12.659246444702148,2741,2026-02-20 15:47:27,2026-02-20 15:47:27
1100.0,59,58,16.090824127197266,1,2435.8889657719255,61115.89809789484,8.0,47.0,12.659246444702148,2742,2026-02-20 15:47:27,2026-02-20 15:47:27
1100.0,59,63,13.806736946105957,1,9358.965888848848,84517.5303082533,23.0,98.0,12.659246444702148,2745,2026-02-20 15:47:27,2026-02-20 15:47:27
1100.0,59,70,11.546693801879883,3,28264.083220085187,64932.349300962094,63.96108755101207,55.31732631325926,12.659246444702148,2750,2026-02-20 15:47:27,2026-02-20 15:47:27
1100.0,59,72,18.766082763671875,1,8435.888965771926,48267.943158874514,21.0,19.0,17.65924644470215,2751,2026-02-20 15:47:27,2026-02-20 15:47:27
1100.0,59,73,17.940019607543945,2,8897.427427310387,70959.60167072425,22.0,68.45272935244587,17.65924644470215,2752,2026-02-20 15:47:27,2026-02-20 15:47:27
1100.0,59,74,17.83570671081543,2,11634.841227573268,56068.487228993996,27.931063233902908,36.0,17.65924644470215,2753,2026-02-20 15:47:27,2026-02-20 15:47:27
1100.0,59,75,20.75719451904297,63,15259.308371031892,67561.41672243075,35.78407537806326,61.046945396647445,17.65924644470215,2754,2026-02-20 15:47:27,2026-02-20 15:47:27
1100.0,59,82,18.67867660522461,1,17666.658196541153,54691.92062838467,41.0,33.0,17.65924644470215,2761,2026-02-20 15:47:27,2026-02-20 15:47:27
1100.0,60,45,3.0,7,19126.768460764688,55767.82662020603,44.16357223915098,35.34475976246653,7.659246444702148,2795,2026-02-20 15:51:50,2026-02-20 15:51:50
1100.0,60,50,8.137162208557129,9,27206.513455282027,57867.56937255222,61.669686393938555,39.920802980608165,7.659246444702148,2800,2026-02-20 15:51:50,2026-02-20 15:51:50
1100.0,60,52,10.303363800048828,1,26897.427427310387,73963.85303691517,61.0,75.0,7.659246444702148,2802,2026-02-20 15:51:50,2026-02-20 15:51:50
1100.0,60,61,13.27700138092041,1,2435.8889657719255,43679.38782351011,8.0,9.0,12.659246444702148,2809,2026-02-20 15:51:50,2026-02-20 15:51:50
1100.0,60,63,12.840569496154785,1,3358.9658888488484,46432.52102472875,10.0,15.0,12.659246444702148,2811,2026-02-20 15:51:50,2026-02-20 15:51:50
1100.0,60,65,14.733646392822266,1,5205.119735002695,42761.67675643723,14.0,7.0,12.659246444702148,2813,2026-02-20 15:51:50,2026-02-20 15:51:50
1100.0,60,81,20.927644729614258,1,6589.73511961808,63869.031299113485,17.0,53.0,17.65924644470215,2822,2026-02-20 15:51:50,2026-02-20 15:51:50
1100.0,60,84,23.527618408203125,6,11376.097264408982,57149.98948737939,27.370451313713623,38.356955902983564,17.65924644470215,2825,2026-02-20 15:51:50,2026-02-20 15:51:50
1100.0,60,91,18.704496383666992,19,16894.56005539946,69399.59889593213,39.32712069419299,65.0529604474726,17.65924644470215,2832,2026-02-20 15:51:50,2026-02-20 15:51:50
1100.0,60,93,18.0,1,28743.58127346423,67081.02003386857,65.0,60.0,17.65924644470215,2834,2026-02-20 15:51:50,2026-02-20 15:51:50
1100.0,61,5,7.792427062988281,5,-68.22280124698194,41203.38377197974,2.574424504792367,3.6039573012281534,7.659246444702148,2837,2026-02-20 15:56:13,2026-02-20 15:56:13
1100.0,61,48,13.808843612670898,1,-1256.4187265357668,58821.62043021264,0.0,42.0,12.659246444702148,2873,2026-02-20 15:56:13,2026-02-20 15:56:13
1100.0,61,49,12.8799409866333,1,-333.34180345884374,58362.7648966762,2.0,41.0,12.659246444702148,2874,2026-02-20 15:56:13,2026-02-20 15:56:13
1100.0,61,52,13.516486167907715,6,3831.1961677536524,62726.78038494597,11.023165604293741,50.51065241522951,12.659246444702148,2877,2026-02-20 15:56:13,2026-02-20 15:56:13
1100.0,61,53,12.87443733215332,1,9358.965888848848,53774.2095613118,23.0,31.0,12.659246444702148,2878,2026-02-20 15:56:13,2026-02-20 15:56:13
1100.0,61,54,13.657328605651855,1,10282.042811925772,52397.64296070248,25.0,28.0,12.659246444702148,2879,2026-02-20 15:56:13,2026-02-20 15:56:13
1100.0,61,55,12.792896270751953,1,11205.119735002694,75799.27517106093,27.0,79.0,12.659246444702148,2880,2026-02-20 15:56:13,2026-02-20 15:56:13
1100.0,61,57,12.989423751831055,1,13051.273581156542,62033.609164967726,31.0,49.0,12.659246444702148,2881,2026-02-20 15:56:13,2026-02-20 15:56:13
1100.0,61,59,13.9854736328125,3,14566.025500837777,80895.61301867658,34.28196249264268,90.10662828524201,12.659246444702148,2883,2026-02-20 15:56:13,2026-02-20 15:56:13
1100.0,61,62,15.029748916625977,2,21612.662060333947,60198.187030821966,49.549675038217714,45.0,12.659246444702148,2886,2026-02-20 15:56:13,2026-02-20 15:56:13
1100.0,61,63,15.180225372314453,3,22581.593001378875,66300.04771344071,51.64902541048173,58.29799955901409,12.659246444702148,2887,2026-02-20 15:56:13,2026-02-20 15:56:13
1100.0,61,64,13.304018020629883,2,28008.19899283435,70293.00876862365,63.40667172530192,67.0,12.659246444702148,2888,2026-02-20 15:56:13,2026-02-20 15:56:13
1100.0,61,65,13.211878776550293,1,28282.04281192577,60198.187030821966,64.0,45.0,12.659246444702148,2889,2026-02-20 15:56:13,2026-02-20 15:56:13
1100.0,61,66,12.68427562713623,1,28743.58127346423,57903.909363139755,65.0,40.0,12.659246444702148,2890,2026-02-20 15:56:13,2026-02-20 15:56:13
1100.0,61,71,18.434728622436523,9,18661.97659915123,71137.70311067469,43.15652320565515,68.84087208350937,17.65924644470215,2894,2026-02-20 15:56:13,2026-02-20 15:56:13
1100.0,62,18,8.547176361083984,4,7842.603977592787,45783.75682561558,19.714549192278533,13.586125366925215,7.659246444702148,2909,2026-02-20 16:04:50,2026-02-20 16:04:50
1100.0,62,23,10.0452241897583,50,10320.47685705907,61244.15399241765,25.083273764455477,47.27951258108261,7.659246444702148,2914,2026-02-20 16:04:50,2026-02-20 16:04:50
1100.0,62,43,7.868656635284424,1,18128.19665807962,49185.65422594739,42.0,21.0,7.659246444702148,2934,2026-02-20 16:04:50,2026-02-20 16:04:50
1100.0,62,46,12.5,1,19974.350504233465,44138.24335704655,46.0,10.0,7.659246444702148,2937,2026-02-20 16:04:50,2026-02-20 16:04:50
1100.0,62,47,11.5,1,19974.350504233465,52397.64296070248,46.0,28.0,7.659246444702148,2938,2026-02-20 16:04:50,2026-02-20 16:04:50
1100.0,62,56,12.8809232711792,1,128.19665807961792,44597.09889058299,3.0,11.0,12.659246444702148,2944,2026-02-20 16:04:50,2026-02-20 16:04:50
1100.0,62,57,13.781523704528809,1,3358.9658888488484,49185.65422594739,10.0,21.0,12.659246444702148,2945,2026-02-20 16:04:50,2026-02-20 16:04:50
1100.0,62,58,12.919356346130371,1,3358.9658888488484,53774.2095613118,10.0,31.0,12.659246444702148,2946,2026-02-20 16:04:50,2026-02-20 16:04:50
1100.0,62,59,13.256031036376953,3,3635.297744725314,61236.68365370989,10.598719021065675,47.26323220924057,12.659246444702148,2947,2026-02-20 16:04:50,2026-02-20 16:04:50
1100.0,62,62,13.171049118041992,4,6848.220356745199,81125.4029300527,17.560051347108757,90.6074175197209,12.659246444702148,2950,2026-02-20 16:04:50,2026-02-20 16:04:50
1100.0,62,63,15.0,5,10065.181035751311,51661.74408859412,24.530132818288667,26.3962297099553,12.659246444702148,2951,2026-02-20 16:04:50,2026-02-20 16:04:50
1100.0,62,67,16.131610870361328,30,16389.69807011164,72645.62286426034,38.23325305940272,72.12713462885559,12.659246444702148,2955,2026-02-20 16:04:50,2026-02-20 16:04:50
1100.0,62,74,11.16185188293457,3,20778.255876759144,65451.37167633388,47.74179497380564,56.44845002745234,12.659246444702148,2962,2026-02-20 16:04:50,2026-02-20 16:04:50
1100.0,62,75,15.899226188659668,1,27358.96588884885,60657.0425643584,62.0,46.0,12.659246444702148,2963,2026-02-20 16:04:50,2026-02-20 16:04:50
1100.0,63,13,8.148232460021973,2,6589.73511961808,71751.5065524543,17.0,70.17855550872379,7.659246444702148,2973,2026-02-20 16:13:26,2026-02-20 16:13:26
1100.0,63,27,9.140686988830566,8,14118.958059324017,67331.96682397516,33.313316369362866,60.54689716428289,7.659246444702148,2986,2026-02-20 16:13:26,2026-02-20 16:13:26
1100.0,63,40,8.183823585510254,15,21823.454761389326,68031.62793930665,50.00639255717104,62.07169323667441,7.659246444702148,2998,2026-02-20 16:13:26,2026-02-20 16:13:26
1100.0,63,41,8.317633628845215,2,21679.18160908304,81764.39710703466,49.693800727174086,92.0,7.659246444702148,2999,2026-02-20 16:13:26,2026-02-20 16:13:26
1100.0,63,44,8.167994499206543,4,27779.226621023114,57434.57953806733,62.91056491971091,38.97717300812466,7.659246444702148,3002,2026-02-20 16:13:26,2026-02-20 16:13:26
1100.0,63,45,11.536209106445312,7,28179.138471091395,63470.755443787115,63.77704059485885,52.132023423022005,7.659246444702148,3003,2026-02-20 16:13:26,2026-02-20 16:13:26
1100.0,63,47,14.41589069366455,2,-1256.4187265357668,44662.24649321268,0.0,11.141978461341845,12.659246444702148,3004,2026-02-20 16:13:26,2026-02-20 16:13:26
1100.0,63,56,14.161223411560059,4,2980.0244308269007,41169.477309507565,9.178960174285779,3.5300637552337184,12.659246444702148,3012,2026-02-20 16:13:26,2026-02-20 16:13:26
1100.0,63,60,11.522815704345703,4,5949.773253911603,61996.060275513184,15.613415957635969,48.91816838479608,12.659246444702148,3016,2026-02-20 16:13:26,2026-02-20 16:13:26
1100.0,63,63,12.361916542053223,7,6264.368889817231,85432.41867792034,16.295039835431496,99.99384839628264,12.659246444702148,3019,2026-02-20 16:13:26,2026-02-20 16:13:26
1100.0,63,64,12.87675952911377,3,6321.677568905726,55268.69187206428,16.419208640123234,34.256977853649005,12.659246444702148,3020,2026-02-20 16:13:26,2026-02-20 16:13:26
1100.0,63,67,10.672768592834473,11,8924.625670168482,49106.449838814005,22.058929526192536,20.82738709387908,12.659246444702148,3023,2026-02-20 16:13:26,2026-02-20 16:13:26
1100.0,63,73,13.616698265075684,11,16376.035497301318,75730.64175646211,38.20365081831368,78.85042478605442,12.659246444702148,3029,2026-02-20 16:13:26,2026-02-20 16:13:26
1100.0,63,76,13.852160453796387,2,17937.5093947249,54691.92062838467,41.58684426273145,33.0,12.659246444702148,3032,2026-02-20 16:13:26,2026-02-20 16:13:26
1100.0,63,78,13.314159393310547,7,18876.922628422904,60648.77966156443,43.622239602410446,45.98199236537416,12.659246444702148,3034,2026-02-20 16:13:26,2026-02-20 16:13:26
1100.0,63,84,19.25798797607422,2,1974.350504233464,48875.75030705191,7.0,20.324615491706016,17.65924644470215,3039,2026-02-20 16:13:26,2026-02-20 16:13:26
1100.0,64,12,8.771166801452637,5,4849.688861531396,73702.10585191885,13.229899774145519,74.42956515533548,7.659246444702148,3047,2026-02-20 16:22:12,2026-02-20 16:22:12
1100.0,64,13,8.254364967346191,1,6128.196658079618,87270.66350947194,16.0,104.0,7.659246444702148,3048,2026-02-20 16:22:12,2026-02-20 16:22:12
1100.0,64,14,6.083869934082031,22,11652.995502124124,43172.77642997856,27.97039749542976,7.895923974966494,7.659246444702148,3049,2026-02-20 16:22:12,2026-02-20 16:22:12
1100.0,64,33,9.372764587402344,7,16801.777872404946,69129.26341968728,39.12609263103821,64.46380883768084,7.659246444702148,3068,2026-02-20 16:22:12,2026-02-20 16:22:12
1100.0,64,40,8.276010513305664,4,18484.351949595017,45374.85036495768,42.771669798283355,12.694981137920452,7.659246444702148,3073,2026-02-20 16:22:12,2026-02-20 16:22:12
1100.0,64,47,9.695876121520996,6,22422.60533089887,83803.89930141695,51.30455212444171,96.44475885179735,7.659246444702148,3080,2026-02-20 16:22:12,2026-02-20 16:22:12
1100.0,64,60,15.02760124206543,1,-1256.4187265357668,58821.62043021264,0.0,42.0,12.659246444702148,3091,2026-02-20 16:22:12,2026-02-20 16:22:12
1100.0,64,69,13.319076538085938,2,3609.9367745445875,62492.46469850416,10.543770252340767,50.0,12.659246444702148,3099,2026-02-20 16:22:12,2026-02-20 16:22:12
1100.0,64,81,13.081924438476562,2,17205.119735002692,78387.88931318936,40.0,84.64145782917282,12.659246444702148,3110,2026-02-20 16:22:12,2026-02-20 16:22:12
1100.0,64,82,15.143814086914062,13,20002.825755213682,63916.50799630601,46.0616963771238,53.10346763572103,12.659246444702148,3111,2026-02-20 16:22:12,2026-02-20 16:22:12
1100.0,64,86,13.176440238952637,1,24589.735119618083,70293.00876862365,56.0,67.0,12.659246444702148,3115,2026-02-20 16:22:12,2026-02-20 16:22:12
1100.0,64,88,15.312561988830566,5,27465.03201826924,60846.99067211912,62.22980994707752,46.413960590813346,12.659246444702148,3117,2026-02-20 16:22:12,2026-02-20 16:22:12
1100.0,64,90,18.0,1,1512.8120426950027,43679.38782351011,6.0,9.0,17.65924644470215,3118,2026-02-20 16:22:12,2026-02-20 16:22:12
1100.0,64,91,18.807762145996094,1,10282.042811925772,59280.47596374908,25.0,43.0,17.65924644470215,3119,2026-02-20 16:22:12,2026-02-20 16:22:12
1100.0,65,3,3.070943593978882,14,-504.9352650528408,62785.993332197664,1.6282141665463397,50.63969727341251,7.659246444702148,3121,2026-02-20 16:30:58,2026-02-20 16:30:58
1100.0,65,5,8.733039855957031,7,4046.2619017387624,67399.59276350052,11.48914136126148,60.694276752372765,7.659246444702148,3123,2026-02-20 16:30:58,2026-02-20 16:30:58
1100.0,65,7,9.855830192565918,11,4976.421961191559,76972.06511408568,13.504488156742537,81.55590236427128,7.659246444702148,3125,2026-02-20 16:30:58,2026-02-20 16:30:58
1100.0,65,12,7.812129020690918,1,11205.119735002694,72128.43090276941,27.0,71.0,7.659246444702148,3130,2026-02-20 16:30:58,2026-02-20 16:30:58
1100.0,65,15,7.835357189178467,2,12786.390260466633,67081.02003386857,30.426086138505198,60.0,7.659246444702148,3133,2026-02-20 16:30:58,2026-02-20 16:30:58
1100.0,65,30,8.46657657623291,1,19512.812042695004,44138.24335704655,45.0,10.0,7.659246444702148,3146,2026-02-20 16:30:58,2026-02-20 16:30:58
1100.0,65,46,8.657730102539062,1,26435.888965771926,50103.36529302027,60.0,23.0,7.659246444702148,3158,2026-02-20 16:30:58,2026-02-20 16:30:58
1100.0,65,56,13.672866821289062,39,2232.993331055555,44226.60994889661,7.560392791447863,10.192580421051066,12.659246444702148,3167,2026-02-20 16:30:58,2026-02-20 16:30:58
1100.0,65,61,14.674245834350586,22,3674.6231909821277,51327.53712334832,10.683924154622105,25.667880718127652,12.659246444702148,3172,2026-02-20 16:30:58,2026-02-20 16:30:58
1100.0,65,63,12.76756477355957,1,4743.581273464233,39549.688021682145,13.0,0.0,12.659246444702148,3174,2026-02-20 16:30:58,2026-02-20 16:30:58
1100.0,65,74,14.000090599060059,2,8529.13613993875,53774.2095613118,21.202035544028117,31.0,12.659246444702148,3184,2026-02-20 16:30:58,2026-02-20 16:30:58
1100.0,65,75,14.100174903869629,2,9108.421893593482,49644.50975948383,22.457154676946708,22.0,12.659246444702148,3185,2026-02-20 16:30:58,2026-02-20 16:30:58
1100.0,65,79,12.667011260986328,2,10282.042811925772,48258.99882505194,25.0,18.980507298770835,12.659246444702148,3189,2026-02-20 16:30:58,2026-02-20 16:30:58
1100.0,65,80,14.248052597045898,9,10910.059030520655,59245.328598993554,26.360701806955582,42.92340211202284,12.659246444702148,3190,2026-02-20 16:30:58,2026-02-20 16:30:58
1100.0,65,91,14.666762351989746,2,20934.537977250227,67998.73110094146,48.08040619153632,62.0,12.659246444702148,3201,2026-02-20 16:30:58,2026-02-20 16:30:58
1100.0,65,94,12.864603042602539,2,26338.86663277754,67539.875567405,59.78978494517882,61.0,12.659246444702148,3203,2026-02-20 16:30:58,2026-02-20 16:30:58
1100.0,65,98,19.227771759033203,1,5666.658196541156,58362.7648966762,15.0,41.0,17.65924644470215,3206,2026-02-20 16:30:58,2026-02-20 16:30:58
1100.0,65,99,19.833189010620117,2,22743.58127346423,63105.0962556959,52.0,51.335129495922466,17.65924644470215,3207,2026-02-20 16:30:58,2026-02-20 16:30:58
1100.0,66,9,8.692401885986328,3,1512.8120426950027,71632.56253409965,6.0,69.9193366268288,7.659246444702148,3215,2026-02-20 16:39:43,2026-02-20 16:39:43
1100.0,66,13,7.89222526550293,2,4514.1803053918775,77634.6973052067,12.502964569176562,83.0,7.659246444702148,3219,2026-02-20 16:39:43,2026-02-20 16:39:43
1100.0,66,14,7.999779224395752,2,4420.628768175864,79928.9749728889,12.3002695718752,88.0,7.659246444702148,3220,2026-02-20 16:39:43,2026-02-20 16:39:43
1100.0,66,23,8.101943016052246,12,11279.970002935466,40488.00083327794,27.162175580521005,2.044898106304033,7.659246444702148,3229,2026-02-20 16:39:43,2026-02-20 16:39:43
1100.0,66,24,10.724092483520508,14,11496.855201271639,66463.59529044555,27.63209351024938,58.6544245447702,7.659246444702148,3230,2026-02-20 16:39:43,2026-02-20 16:39:43
1100.0,66,35,8.359925270080566,1,15358.96588884885,46432.52102472875,36.0,15.0,7.659246444702148,3241,2026-02-20 16:39:43,2026-02-20 16:39:43
1100.0,66,48,7.856794834136963,1,21358.96588884885,44138.24335704655,49.0,10.0,7.659246444702148,3252,2026-02-20 16:39:43,2026-02-20 16:39:43
1100.0,66,51,6.605059623718262,5,23799.13749350205,50524.90882867223,54.287038476748606,23.91868465092506,7.659246444702148,3254,2026-02-20 16:39:43,2026-02-20 16:39:43
1100.0,66,55,7.3324198722839355,28,25945.0928238948,60741.295132754945,58.93660835926622,46.1836145850682,7.659246444702148,3258,2026-02-20 16:39:43,2026-02-20 16:39:43
1100.0,66,87,13.698195457458496,2,9535.075613093484,56527.34276253044,23.38157106919671,37.0,12.659246444702148,3284,2026-02-20 16:39:43,2026-02-20 16:39:43
1100.0,66,88,16.674991607666016,1,9820.504350387311,48726.79869241095,24.0,20.0,12.659246444702148,3285,2026-02-20 16:39:43,2026-02-20 16:39:43
1100.0,66,89,13.471518516540527,1,10743.581273464233,50562.22082655672,26.0,24.0,12.659246444702148,3286,2026-02-20 16:39:43,2026-02-20 16:39:43
1100.0,66,93,13.145750045776367,1,17205.119735002692,65704.45343325924,40.0,57.0,12.659246444702148,3290,2026-02-20 16:39:43,2026-02-20 16:39:43
1100.0,66,97,12.781185150146484,4,20665.45252016412,60996.8827493774,47.49738770118309,46.74062566577289,12.659246444702148,3294,2026-02-20 16:39:43,2026-02-20 16:39:43
1100.0,66,99,12.84194278717041,4,22496.39119152513,71451.64831518306,51.464421489131944,69.5250639076523,12.659246444702148,3296,2026-02-20 16:39:43,2026-02-20 16:39:43
1100.0,66,103,21.159122467041016,2,-261.10068650657706,45586.6311362244,2.1565224200632445,13.156522420063245,17.65924644470215,3299,2026-02-20 16:39:43,2026-02-20 16:39:43
1100.0,66,104,18.31488609313965,1,2897.4274273103874,58821.62043021264,9.0,42.0,17.65924644470215,3300,2026-02-20 16:39:43,2026-02-20 16:39:43
1100.0,66,105,18.343429565429688,1,3358.9658888488484,49185.65422594739,10.0,21.0,17.65924644470215,3301,2026-02-20 16:39:43,2026-02-20 16:39:43
1100.0,66,106,20.29815673828125,1,4282.042811925772,55150.776161921116,12.0,34.0,17.65924644470215,3302,2026-02-20 16:39:43,2026-02-20 16:39:43
1100.0,67,7,8.615675926208496,1,2435.8889657719255,69834.1532350872,8.0,66.0,7.659246444702148,3306,2026-02-20 16:48:29,2026-02-20 16:48:29
1100.0,67,11,8.93691349029541,2,5666.658196541156,76538.27894633386,15.0,80.61053691469591,7.659246444702148,3310,2026-02-20 16:48:29,2026-02-20 16:48:29
1100.0,67,14,7.878612995147705,1,7974.350504233464,71210.71983569654,20.0,69.0,7.659246444702148,3313,2026-02-20 16:48:29,2026-02-20 16:48:29
1100.0,67,35,10.409440040588379,8,17039.72434205334,68931.25872500849,39.641643315276404,64.03229024368513,7.659246444702148,3332,2026-02-20 16:48:29,2026-02-20 16:48:29
1100.0,67,39,7.8015642166137695,1,19051.273581156544,45514.80995765587,44.0,13.0,7.659246444702148,3336,2026-02-20 16:48:29,2026-02-20 16:48:29
1100.0,67,48,9.876792907714844,3,23265.21638230944,76258.13070459737,53.130209402497954,80.0,7.659246444702148,3342,2026-02-20 16:48:29,2026-02-20 16:48:29
1100.0,67,59,10.952484130859375,13,26907.170319564968,71628.52904449266,61.02110959988492,69.91054630108967,7.659246444702148,3351,2026-02-20 16:48:29,2026-02-20 16:48:29
1100.0,67,84,13.21761703491211,5,10661.355036110652,60556.79306073055,25.821843152400575,45.781522731446174,12.659246444702148,3372,2026-02-20 16:48:29,2026-02-20 16:48:29
1100.0,67,85,12.857427597045898,1,12589.735119618079,46891.37655826519,30.0,16.0,12.659246444702148,3373,2026-02-20 16:48:29,2026-02-20 16:48:29
1100.0,67,97,13.166414260864258,1,26897.427427310387,60657.0425643584,61.0,46.0,12.659246444702148,3383,2026-02-20 16:48:29,2026-02-20 16:48:29
1100.0,67,98,13.185084342956543,1,27358.96588884885,57903.909363139755,62.0,40.0,12.659246444702148,3384,2026-02-20 16:48:29,2026-02-20 16:48:29
1100.0,67,100,19.0,2,813.7649620916649,44597.09889058299,4.485397992026102,11.0,17.65924644470215,3385,2026-02-20 16:48:29,2026-02-20 16:48:29
1100.0,67,101,18.45978355407715,2,3624.769961127353,54956.179578754614,10.575908823270092,33.57590882327009,17.65924644470215,3386,2026-02-20 16:48:29,2026-02-20 16:48:29
1100.0,67,102,19.0,1,4282.042811925772,61115.89809789484,12.0,47.0,17.65924644470215,3387,2026-02-20 16:48:29,2026-02-20 16:48:29
1100.0,67,103,21.40796661376953,1,19512.812042695004,53315.35402777536,45.0,30.0,17.65924644470215,3388,2026-02-20 16:48:29,2026-02-20 16:48:29
1100.0,67,104,19.5,1,19974.350504233465,61115.89809789484,46.0,47.0,17.65924644470215,3389,2026-02-20 16:48:29,2026-02-20 16:48:29
1400.0,0,7,13.303691864013672,1,13512.812042695003,44138.24335704655,32.0,10.0,8.306211471557617,5,2026-02-20 11:32:35,2026-02-20 11:32:35
1400.0,0,9,10.626166343688965,1,17205.119735002692,89106.0856436177,40.0,108.0,8.306211471557617,7,2026-02-20 11:32:35,2026-02-20 11:32:35
1400.0,0,17,12.852425575256348,3,25051.273581156544,90326.92995586412,57.0,110.66062894095941,8.306211471557617,12,2026-02-20 11:32:35,2026-02-20 11:32:35
1400.0,0,21,10.00016975402832,2,28743.58127346423,69129.98718453957,65.0,64.4653861638748,8.306211471557617,15,2026-02-20 11:32:35,2026-02-20 11:32:35
1400.0,0,31,13.873148918151855,2,8638.012378462436,67539.875567405,21.437934060829438,61.0,13.306211471557617,22,2026-02-20 11:32:35,2026-02-20 11:32:35
1400.0,0,39,20.661846160888672,37,-862.1365063601937,79654.85727785621,0.8542781437137417,87.4026056678013,18.306211471557617,27,2026-02-20 11:32:35,2026-02-20 11:32:35
1400.0,0,42,22.27711296081543,8,2212.761449448385,70223.24331642121,7.516557047965662,66.84795769669651,18.306211471557617,30,2026-02-20 11:32:35,2026-02-20 11:32:35
1400.0,0,43,19.213420867919922,1,13974.350504233464,63869.031299113485,33.0,53.0,18.306211471557617,31,2026-02-20 11:32:35,2026-02-20 11:32:35
1400.0,0,44,18.430763244628906,1,20897.427427310387,76258.13070459737,48.0,80.0,18.306211471557617,32,2026-02-20 11:32:35,2026-02-20 11:32:35
1400.0,1,4,10.416692733764648,3,-1193.820714643744,86975.70542087051,0.13562902576604946,103.35718746523952,8.306211471557617,35,2026-02-20 11:36:48,2026-02-20 11:36:48
1400.0,1,5,10.299718856811523,1,2435.8889657719255,58821.62043021264,8.0,42.0,8.306211471557617,36,2026-02-20 11:36:48,2026-02-20 11:36:48
1400.0,1,7,8.990344047546387,1,3358.9658888488484,58362.7648966762,10.0,41.0,8.306211471557617,37,2026-02-20 11:36:48,2026-02-20 11:36:48
1400.0,1,11,10.749505043029785,1,8897.427427310387,53315.35402777536,22.0,30.0,8.306211471557617,40,2026-02-20 11:36:48,2026-02-20 11:36:48
1400.0,1,16,8.818168640136719,7,25655.669483454887,69964.514609403,58.309524454979744,66.28410112723519,8.306211471557617,43,2026-02-20 11:36:48,2026-02-20 11:36:48
1400.0,1,17,10.800652503967285,2,24845.695046257228,92572.54640722701,56.554579841051485,115.55457984105149,8.306211471557617,44,2026-02-20 11:36:48,2026-02-20 11:36:48
1400.0,1,34,15.568699836730957,5,8121.835287950399,69888.85879350534,20.319550364720026,66.11922174719463,13.306211471557617,54,2026-02-20 11:36:48,2026-02-20 11:36:48
1400.0,1,35,17.74986457824707,6,10360.364071746742,48420.27848325424,25.169696062945437,19.33198972932867,13.306211471557617,55,2026-02-20 11:36:48,2026-02-20 11:36:48
1400.0,1,45,17.12443733215332,8,27996.94714460465,84909.56591037284,63.38229272080424,98.85437697372436,13.306211471557617,63,2026-02-20 11:36:48,2026-02-20 11:36:48
1400.0,1,49,21.701345443725586,33,-974.9087244127247,80827.35810374946,0.6099383379332578,89.95787794894099,18.306211471557617,66,2026-02-20 11:36:48,2026-02-20 11:36:48
1400.0,1,51,20.6210994720459,12,2334.5299060387406,72591.25692879081,7.780388703911433,72.00865303389581,18.306211471557617,68,2026-02-20 11:36:48,2026-02-20 11:36:48
1400.0,1,54,19.623123168945312,4,13731.758534199615,66358.0119652276,32.47438406492666,58.42432309125997,18.306211471557617,71,2026-02-20 11:36:48,2026-02-20 11:36:48
1400.0,1,55,18.5,1,21358.96588884885,79470.11943935245,49.0,87.0,18.306211471557617,72,2026-02-20 11:36:48,2026-02-20 11:36:48
1400.0,2,4,9.010643005371094,2,2435.8889657719255,61429.39286859656,8.0,47.683210177908464,8.306211471557617,75,2026-02-20 11:41:11,2026-02-20 11:41:11
1400.0,2,16,5.071690559387207,6,25453.18332832706,72989.81470779315,57.87080445220279,72.87724401705475,8.306211471557617,82,2026-02-20 11:41:11,2026-02-20 11:41:11
1400.0,2,18,9.878793716430664,6,25969.170027824224,94783.74823139588,58.98877563444665,120.37352973390102,8.306211471557617,83,2026-02-20 11:41:11,2026-02-20 11:41:11
1400.0,2,34,16.320852279663086,9,8355.230259237162,72206.68764884636,20.825239469174676,71.1705476786426,13.306211471557617,91,2026-02-20 11:41:11,2026-02-20 11:41:11
1400.0,2,35,15.622885704040527,14,10773.321133296897,50646.94312732773,26.06443636297077,24.184638289350143,13.306211471557617,92,2026-02-20 11:41:11,2026-02-20 11:41:11
1400.0,2,51,21.934823989868164,28,-863.2618081027481,82507.6711098705,0.8518399899382073,93.61984317178734,18.306211471557617,104,2026-02-20 11:41:11,2026-02-20 11:41:11
1400.0,2,52,19.241172790527344,12,2356.629594652927,74456.8231764684,7.828271362575504,76.07434716054061,18.306211471557617,105,2026-02-20 11:41:11,2026-02-20 11:41:11
1400.0,2,56,20.712682723999023,6,13315.354928159992,69138.0162935749,31.57217625184081,64.48288428354101,18.306211471557617,109,2026-02-20 11:41:11,2026-02-20 11:41:11
1400.0,2,57,19.0,1,23205.119735002692,80846.68603996179,53.0,90.0,18.306211471557617,110,2026-02-20 11:41:11,2026-02-20 11:41:11
1400.0,2,58,19.5,1,27820.50435038731,83140.96370764397,63.0,95.0,18.306211471557617,111,2026-02-20 11:41:11,2026-02-20 11:41:11
1400.0,3,4,8.930702209472656,2,1974.350504233464,63675.48387319722,7.0,52.578195288559385,8.306211471557617,113,2026-02-20 11:45:33,2026-02-20 11:45:33
1400.0,3,13,10.003669738769531,4,15949.14990396292,98283.19631434651,37.27873203274715,128.0,8.306211471557617,118,2026-02-20 11:45:33,2026-02-20 11:45:33
1400.0,3,16,9.113597869873047,1,16282.042811925772,56527.34276253044,38.0,37.0,8.306211471557617,121,2026-02-20 11:45:33,2026-02-20 11:45:33
1400.0,3,21,10.74975872039795,2,25512.812042695004,97858.09803519654,58.0,127.07356837156632,8.306211471557617,125,2026-02-20 11:45:33,2026-02-20 11:45:33
1400.0,3,22,8.6171293258667,2,26302.339176158544,74881.56410398806,59.71064212250434,77.0,8.306211471557617,126,2026-02-20 11:45:33,2026-02-20 11:45:33
1400.0,3,34,16.926790237426758,4,7882.909840716469,57914.03116736228,19.801878562379844,40.02205880387779,13.306211471557617,131,2026-02-20 11:45:33,2026-02-20 11:45:33
1400.0,3,37,10.318140029907227,18,10845.864522734266,52357.775582286085,26.221613706751736,27.913115620271302,13.306211471557617,134,2026-02-20 11:45:33,2026-02-20 11:45:33
1400.0,3,50,25.092876434326172,20,-799.5422703283518,83581.28955339725,0.989898988449399,95.95961759981324,18.306211471557617,144,2026-02-20 11:45:33,2026-02-20 11:45:33
1400.0,3,52,22.63671112060547,9,2517.219048188035,76812.5370548451,8.176215178568237,81.2082372549261,18.306211471557617,146,2026-02-20 11:45:33,2026-02-20 11:45:33
1400.0,3,53,18.5368595123291,1,4743.581273464233,82682.10817410753,13.0,94.0,18.306211471557617,147,2026-02-20 11:45:33,2026-02-20 11:45:33
1400.0,3,54,18.73516273498535,1,13051.273581156542,71669.57536923297,31.0,70.0,18.306211471557617,148,2026-02-20 11:45:33,2026-02-20 11:45:33
1400.0,3,55,18.589031219482422,1,13974.350504233464,72587.28643630585,33.0,72.0,18.306211471557617,149,2026-02-20 11:45:33,2026-02-20 11:45:33
1400.0,3,56,21.455543518066406,5,27859.216274576658,89524.70568037152,63.08387583574359,108.91231336697085,18.306211471557617,150,2026-02-20 11:45:33,2026-02-20 11:45:33
1400.0,4,5,9.035924911499023,2,3225.123330463272,63869.031299113485,9.710007790164584,53.0,8.306211471557617,153,2026-02-20 11:49:56,2026-02-20 11:49:56
1400.0,4,7,9.188300132751465,1,3358.9658888488484,90023.79671069059,10.0,110.0,8.306211471557617,155,2026-02-20 11:49:56,2026-02-20 11:49:56
1400.0,4,18,9.023510932922363,2,17513.572825711693,98131.00083041127,40.668315029869504,127.6683150298695,8.306211471557617,162,2026-02-20 11:49:56,2026-02-20 11:49:56
1400.0,4,21,10.151397705078125,1,24128.19665807962,67539.875567405,55.0,61.0,8.306211471557617,164,2026-02-20 11:49:56,2026-02-20 11:49:56
1400.0,4,24,13.041881561279297,7,25999.7998538711,77424.74612204914,59.05514025754821,82.54244600356142,8.306211471557617,166,2026-02-20 11:49:56,2026-02-20 11:49:56
1400.0,4,40,16.93972396850586,9,10913.102054093517,54755.62601759163,26.367295024696784,33.1388353949139,13.306211471557617,177,2026-02-20 11:49:56,2026-02-20 11:49:56
1400.0,4,46,13.5,1,21358.96588884885,85894.09690886262,49.0,101.0,13.306211471557617,182,2026-02-20 11:49:56,2026-02-20 11:49:56
1400.0,4,56,18.805076599121094,2,-794.8802649973053,84832.68117272478,1.0,98.68681936129784,18.306211471557617,188,2026-02-20 11:49:56,2026-02-20 11:49:56
1400.0,4,57,20.228931427001953,7,2183.4079469662884,78888.3940111399,7.452957792587786,85.73222531778325,18.306211471557617,189,2026-02-20 11:49:56,2026-02-20 11:49:56
1400.0,4,58,20.041109085083008,6,7466.490882531092,59953.4256941827,18.899637486311526,44.46658301197139,18.306211471557617,190,2026-02-20 11:49:56,2026-02-20 11:49:56
1400.0,4,59,19.742406845092773,4,13334.02084898202,74623.32548084998,31.612619080288535,76.43721148757253,18.306211471557617,191,2026-02-20 11:49:56,2026-02-20 11:49:56
1400.0,4,65,20.005273818969727,7,28528.882771277094,91624.23500157984,64.53481991192787,113.48789144712832,18.306211471557617,197,2026-02-20 11:49:56,2026-02-20 11:49:56
1400.0,5,2,10.689038276672363,3,-1219.3004393596482,87066.0097710538,0.0804229555482572,103.55399091116792,8.306211471557617,201,2026-02-20 11:54:09,2026-02-20 11:54:09
1400.0,5,6,9.573762893676758,3,3165.4108613579065,66766.69077629696,9.580630773769625,59.31497119551106,8.306211471557617,204,2026-02-20 11:54:09,2026-02-20 11:54:09
1400.0,5,11,8.813234329223633,1,7051.273581156542,45055.95442411943,18.0,12.0,8.306211471557617,206,2026-02-20 11:54:09,2026-02-20 11:54:09
1400.0,5,18,8.489058494567871,1,21358.96588884885,95988.9186466643,49.0,123.0,8.306211471557617,213,2026-02-20 11:54:09,2026-02-20 11:54:09
1400.0,5,19,8.447823524475098,1,22743.58127346423,70293.00876862365,52.0,67.0,8.306211471557617,214,2026-02-20 11:54:09,2026-02-20 11:54:09
1400.0,5,27,6.822531700134277,4,28500.87296430118,77886.50722278362,64.47413199681338,83.54877820833107,8.306211471557617,220,2026-02-20 11:54:09,2026-02-20 11:54:09
1400.0,5,52,18.464693069458008,3,1773.049518271698,81284.59065617104,6.563847863749507,90.95434092912487,18.306211471557617,236,2026-02-20 11:54:09,2026-02-20 11:54:09
1400.0,5,55,25.320947647094727,25,7489.47699426219,62199.08263021751,18.949440728395572,49.360622141732655,18.306211471557617,239,2026-02-20 11:54:09,2026-02-20 11:54:09
1400.0,5,58,12.80418872833252,4,12048.495568239756,56284.06118891471,28.827314305346967,36.46980791156482,18.306211471557617,242,2026-02-20 11:54:09,2026-02-20 11:54:09
1400.0,5,59,21.33949089050293,5,13772.389261459317,76415.25395452662,32.56241730732268,80.3424242238473,18.306211471557617,243,2026-02-20 11:54:09,2026-02-20 11:54:09
1400.0,5,61,19.158424377441406,5,25751.20204013786,88967.93316904387,58.51651166112619,107.69891945399662,18.306211471557617,245,2026-02-20 11:54:09,2026-02-20 11:54:09
1400.0,6,14,17.443666458129883,15,2687.453121350796,83188.18854421476,8.545055670420886,95.10291874701134,13.306211471557617,253,2026-02-20 11:58:32,2026-02-20 11:58:32
1400.0,6,17,17.092058181762695,8,8671.47887216942,80966.5153363234,21.51044479719457,90.26114819938658,13.306211471557617,255,2026-02-20 11:58:32,2026-02-20 11:58:32
1400.0,6,32,13.813969612121582,1,28743.58127346423,79928.9749728889,65.0,88.0,13.306211471557617,267,2026-02-20 11:58:32,2026-02-20 11:58:32
1400.0,6,37,27.98369026184082,27,7459.913086988109,64859.58856225122,18.885385595968398,55.15875627673796,18.306211471557617,271,2026-02-20 11:58:32,2026-02-20 11:58:32
1400.0,6,38,17.02663803100586,2,12365.21640707585,58585.978479546575,29.513542789491837,41.48645721050816,18.306211471557617,272,2026-02-20 11:58:32,2026-02-20 11:58:32
1400.0,6,39,21.3623104095459,2,13761.321769874221,79470.11943935245,32.53843774222164,87.0,18.306211471557617,273,2026-02-20 11:58:32,2026-02-20 11:58:32
1400.0,6,40,20.86166000366211,2,25974.350504233465,91937.25609360999,59.0,114.17006932045084,18.306211471557617,274,2026-02-20 11:58:32,2026-02-20 11:58:32
1400.0,7,3,12.239206314086914,4,14619.15047241874,80582.08289357348,34.397066597734764,89.42334105824337,8.306211471557617,276,2026-02-20 12:02:45,2026-02-20 12:02:45
1400.0,7,13,14.660454750061035,1,3820.5043503873103,88647.23011008126,11.0,107.0,13.306211471557617,282,2026-02-20 12:02:45,2026-02-20 12:02:45
1400.0,7,22,22.915241241455078,33,7327.603338048689,67447.70509306793,18.59871447326632,60.799129644080544,18.306211471557617,286,2026-02-20 12:02:45,2026-02-20 12:02:45
1400.0,7,23,18.706083297729492,1,12128.196658079618,61115.89809789484,29.0,47.0,18.306211471557617,287,2026-02-20 12:02:45,2026-02-20 12:02:45
1400.0,7,24,19.202049255371094,1,14897.427427310387,57903.909363139755,35.0,40.0,18.306211471557617,288,2026-02-20 12:02:45,2026-02-20 12:02:45
1400.0,7,25,21.0,1,28282.04281192577,92318.07437837278,64.0,115.0,18.306211471557617,289,2026-02-20 12:02:45,2026-02-20 12:02:45
1400.0,8,4,8.132054328918457,4,-1019.6680801526609,46043.71691571924,0.512959733830063,14.15266553284656,8.306211471557617,293,2026-02-20 12:07:07,2026-02-20 12:07:07
1400.0,8,7,10.114962577819824,2,4079.335819385879,43220.532289973664,11.560801516163565,8.0,8.306211471557617,295,2026-02-20 12:07:07,2026-02-20 12:07:07
1400.0,8,9,9.24425220489502,3,6682.242911552119,95071.20757959143,17.200433549190418,121.0,8.306211471557617,296,2026-02-20 12:07:07,2026-02-20 12:07:07
1400.0,8,16,4.825733184814453,3,15761.016732238379,66888.94737438866,36.87111016067731,59.58140929891467,8.306211471557617,302,2026-02-20 12:07:07,2026-02-20 12:07:07
1400.0,8,17,10.099566459655762,2,20199.97704602235,95071.20757959143,46.488857507209254,121.0,8.306211471557617,303,2026-02-20 12:07:07,2026-02-20 12:07:07
1400.0,8,22,10.191980361938477,2,28486.7559128867,89106.0856436177,64.44354505208202,108.0,8.306211471557617,306,2026-02-20 12:07:07,2026-02-20 12:07:07
1400.0,8,25,13.60521411895752,1,3358.9658888488484,87729.51904300839,10.0,105.0,13.306211471557617,308,2026-02-20 12:07:07,2026-02-20 12:07:07
1400.0,8,28,12.66886043548584,49,11866.169116473588,63488.61598421692,28.4322736598536,52.17094752685085,13.306211471557617,310,2026-02-20 12:07:07,2026-02-20 12:07:07
1400.0,8,29,13.509729385375977,1,13974.350504233464,84058.67477471687,33.0,97.0,13.306211471557617,311,2026-02-20 12:07:07,2026-02-20 12:07:07
1400.0,8,31,14.0,2,28743.58127346423,83509.45572599284,65.0,95.8030676136972,13.306211471557617,312,2026-02-20 12:07:07,2026-02-20 12:07:07
1400.0,8,35,23.626245498657227,28,7260.336785505303,70363.85655023564,18.452970276088983,67.15440106184612,18.306211471557617,315,2026-02-20 12:07:07,2026-02-20 12:07:07
1400.0,8,36,18.603408813476562,2,27060.259753807346,95988.9186466643,61.35280337407674,123.0,18.306211471557617,316,2026-02-20 12:07:07,2026-02-20 12:07:07
1400.0,9,4,10.933337211608887,3,2004.8675219178847,89157.5578170667,7.066120204982911,108.11217511762864,8.306211471557617,318,2026-02-20 12:11:20,2026-02-20 12:11:20
1400.0,9,7,9.781009674072266,2,9143.677111452644,90023.79671069059,22.533540982308224,110.0,8.306211471557617,319,2026-02-20 12:11:20,2026-02-20 12:11:20
1400.0,9,10,8.812431335449219,1,19974.350504233465,68457.58663447789,46.0,63.0,8.306211471557617,321,2026-02-20 12:11:20,2026-02-20 12:11:20
1400.0,9,11,8.778105735778809,1,20435.888965771926,97365.48524727364,47.0,126.0,8.306211471557617,322,2026-02-20 12:11:20,2026-02-20 12:11:20
1400.0,9,13,8.772334098815918,1,28743.58127346423,91400.36331129991,65.0,113.0,8.306211471557617,323,2026-02-20 12:11:20,2026-02-20 12:11:20
1400.0,9,15,14.350699424743652,4,-1204.2312852993477,43513.44118567155,0.11307278934557449,8.638346656605435,13.306211471557617,324,2026-02-20 12:11:20,2026-02-20 12:11:20
1400.0,9,19,15.208233833312988,2,6340.140253630593,98283.19631434651,16.45921112369378,128.0,13.306211471557617,327,2026-02-20 12:11:20,2026-02-20 12:11:20
1400.0,9,23,15.985200881958008,9,14679.48833164515,63152.79417208284,34.527798626058654,51.43907924241311,13.306211471557617,330,2026-02-20 12:11:20,2026-02-20 12:11:20
1400.0,9,24,14.202728271484375,1,13974.350504233464,86811.8079759355,33.0,103.0,13.306211471557617,331,2026-02-20 12:11:20,2026-02-20 12:11:20
1400.0,9,28,25.284330368041992,37,7064.496773110607,72828.84419524498,18.02865024923381,72.52643531849213,18.306211471557617,332,2026-02-20 12:11:20,2026-02-20 12:11:20
1400.0,9,29,17.101423263549805,3,9129.81686101466,66142.85377707714,22.503510439692594,57.955421285734765,18.306211471557617,333,2026-02-20 12:11:20,2026-02-20 12:11:20
1400.0,9,32,18.843273162841797,3,27504.036989112177,96447.77418020075,62.314320717237216,124.0,18.306211471557617,336,2026-02-20 12:11:20,2026-02-20 12:11:20
1400.0,10,3,13.000000953674316,1,3358.9658888488484,92776.92991190922,10.0,116.0,8.306211471557617,339,2026-02-20 12:15:43,2026-02-20 12:15:43
1400.0,10,7,9.013846397399902,1,13974.350504233464,74881.56410398806,33.0,77.0,8.306211471557617,341,2026-02-20 12:15:43,2026-02-20 12:15:43
1400.0,10,8,9.060673713684082,1,14897.427427310387,90023.79671069059,35.0,110.0,8.306211471557617,342,2026-02-20 12:15:43,2026-02-20 12:15:43
1400.0,10,12,10.264385223388672,1,28282.04281192577,58821.62043021264,64.0,42.0,8.306211471557617,345,2026-02-20 12:15:43,2026-02-20 12:15:43
1400.0,10,18,15.234624862670898,1,7974.350504233464,40467.399088755024,20.0,2.0,13.306211471557617,346,2026-02-20 12:15:43,2026-02-20 12:15:43
1400.0,10,23,17.0,3,28552.78484586392,87370.54874686508,64.58660774019933,104.21768341033902,13.306211471557617,350,2026-02-20 12:15:43,2026-02-20 12:15:43
1400.0,10,26,18.3883056640625,3,-908.5141648085491,45947.2339209363,0.7537932170756383,13.942396749468616,18.306211471557617,352,2026-02-20 12:15:43,2026-02-20 12:15:43
1400.0,10,29,27.768014907836914,61,7070.355224579368,75146.75070132146,18.041343560749457,77.5779304769185,18.306211471557617,355,2026-02-20 12:15:43,2026-02-20 12:15:43
1400.0,10,30,19.89373779296875,11,8891.215709361413,68773.44513676687,21.986541277777224,63.68836154127778,18.306211471557617,356,2026-02-20 12:15:43,2026-02-20 12:15:43
1400.0,10,31,20.979154586791992,1,27820.50435038731,98283.19631434651,63.0,128.0,18.306211471557617,357,2026-02-20 12:15:43,2026-02-20 12:15:43
1400.0,11,3,8.521700859069824,2,-1256.4187265357668,60619.97019283626,0.0,45.91920687708304,8.306211471557617,358,2026-02-20 12:20:06,2026-02-20 12:20:06
1400.0,11,6,9.78017520904541,1,6128.196658079618,48726.79869241095,16.0,20.0,8.306211471557617,360,2026-02-20 12:20:06,2026-02-20 12:20:06
1400.0,11,12,9.466976165771484,2,13373.829806127906,96447.77418020075,31.698871820771288,124.0,8.306211471557617,365,2026-02-20 12:20:06,2026-02-20 12:20:06
1400.0,11,16,10.773877143859863,6,28545.405988439103,60194.128014270595,64.57062021577889,44.99115404249331,8.306211471557617,367,2026-02-20 12:20:06,2026-02-20 12:20:06
1400.0,11,19,14.55085277557373,1,-1256.4187265357668,52856.49849423891,0.0,29.0,13.306211471557617,368,2026-02-20 12:20:06,2026-02-20 12:20:06
1400.0,11,25,15.009572982788086,2,16282.042811925772,65997.9798103346,38.0,57.639692355485224,13.306211471557617,372,2026-02-20 12:20:06,2026-02-20 12:20:06
1400.0,11,28,18.838573455810547,9,-106.6598864309972,47351.956353990994,2.491144153560334,17.003757745223364,18.306211471557617,373,2026-02-20 12:20:06,2026-02-20 12:20:06
1400.0,11,29,27.856582641601562,60,6668.038598023433,77615.60869288669,17.169657536544932,82.95839951591539,18.306211471557617,374,2026-02-20 12:20:06,2026-02-20 12:20:06
1400.0,11,31,19.473995208740234,2,8435.888965771926,42603.49673619081,21.0,6.655272719438931,18.306211471557617,376,2026-02-20 12:20:06,2026-02-20 12:20:06
1400.0,11,34,19.0,1,27820.50435038731,90941.50777776347,63.0,112.0,18.306211471557617,379,2026-02-20 12:20:06,2026-02-20 12:20:06
1400.0,12,3,8.344162940979004,2,-809.8940646700521,63410.17576557704,0.9674701007090486,52.0,8.306211471557617,380,2026-02-20 12:24:19,2026-02-20 12:24:19
1400.0,12,7,8.544455528259277,1,6128.196658079618,51479.93189362959,16.0,26.0,8.306211471557617,381,2026-02-20 12:24:19,2026-02-20 12:24:19
1400.0,12,8,8.974217414855957,1,6589.73511961808,50562.22082655672,17.0,24.0,8.306211471557617,382,2026-02-20 12:24:19,2026-02-20 12:24:19
1400.0,12,16,8.49189281463623,6,28678.12135133015,61663.18784489342,64.85817016870949,48.1927277912082,8.306211471557617,387,2026-02-20 12:24:19,2026-02-20 12:24:19
1400.0,12,20,15.793991088867188,2,-1256.4187265357668,55221.711278019655,0.0,34.15459139296378,13.306211471557617,389,2026-02-20 12:24:19,2026-02-20 12:24:19
1400.0,12,25,17.350452423095703,4,8928.351266769154,45150.787394560335,22.067001652160663,12.206672827305836,13.306211471557617,393,2026-02-20 12:24:19,2026-02-20 12:24:19
1400.0,12,29,13.501973152160645,1,16743.58127346423,67998.73110094146,39.0,62.0,13.306211471557617,397,2026-02-20 12:24:19,2026-02-20 12:24:19
1400.0,12,32,20.518978118896484,4,169.7375317762039,48988.73685156715,3.090005226342603,20.570851041366797,18.306211471557617,398,2026-02-20 12:24:19,2026-02-20 12:24:19
1400.0,12,34,24.889862060546875,40,6758.456561538404,79569.55481817534,17.3655631241607,87.21670301773747,18.306211471557617,400,2026-02-20 12:24:19,2026-02-20 12:24:19
1400.0,12,38,18.825550079345703,1,28743.58127346423,91400.36331129991,65.0,113.0,18.306211471557617,404,2026-02-20 12:24:19,2026-02-20 12:24:19
1400.0,13,9,10.491662979125977,6,7269.2567426094,53643.77555286906,18.472296849814526,30.71574057865779,8.306211471557617,409,2026-02-20 12:28:24,2026-02-20 12:28:24
1400.0,13,15,8.856943130493164,1,13051.273581156542,97365.48524727364,31.0,126.0,8.306211471557617,414,2026-02-20 12:28:24,2026-02-20 12:28:24
1400.0,13,17,12.06517505645752,1,14435.888965771926,96906.62971373719,34.0,125.0,8.306211471557617,416,2026-02-20 12:28:24,2026-02-20 12:28:24
1400.0,13,18,8.433897972106934,1,15358.96588884885,72587.28643630585,36.0,72.0,8.306211471557617,417,2026-02-20 12:28:24,2026-02-20 12:28:24
1400.0,13,19,8.612850189208984,1,15820.504350387311,54691.92062838467,37.0,33.0,8.306211471557617,418,2026-02-20 12:28:24,2026-02-20 12:28:24
1400.0,13,20,8.560247421264648,1,19051.273581156544,49185.65422594739,44.0,21.0,8.306211471557617,419,2026-02-20 12:28:24,2026-02-20 12:28:24
1400.0,13,21,8.957998275756836,1,19512.812042695004,52856.49849423891,45.0,29.0,8.306211471557617,420,2026-02-20 12:28:24,2026-02-20 12:28:24
1400.0,13,24,7.277337551116943,2,27701.93205531345,68116.61413399875,62.743093360673306,62.256906639326694,8.306211471557617,422,2026-02-20 12:28:24,2026-02-20 12:28:24
1400.0,13,26,8.990617752075195,2,28282.04281192577,59052.9222301372,64.0,42.50408414635844,8.306211471557617,424,2026-02-20 12:28:24,2026-02-20 12:28:24
1400.0,13,27,10.205995559692383,2,28743.58127346423,64135.70114730968,65.0,53.58116297768265,8.306211471557617,425,2026-02-20 12:28:24,2026-02-20 12:28:24
1400.0,13,30,14.788596153259277,1,-1256.4187265357668,58821.62043021264,0.0,42.0,13.306211471557617,426,2026-02-20 12:28:24,2026-02-20 12:28:24
1400.0,13,36,13.702437400817871,2,28282.04281192577,95415.81164572155,64.0,121.75100775940139,13.306211471557617,429,2026-02-20 12:28:24,2026-02-20 12:28:24
1400.0,13,38,19.024410247802734,1,-794.8802649973053,45514.80995765587,1.0,13.0,18.306211471557617,430,2026-02-20 12:28:24,2026-02-20 12:28:24
1400.0,13,39,23.03253746032715,14,-88.88576394075562,52209.729675073475,2.529654752289191,27.59047396861331,18.306211471557617,431,2026-02-20 12:28:24,2026-02-20 12:28:24
1400.0,13,40,22.949695587158203,55,7057.739019727944,81784.77442861894,18.014008450238038,92.04440901350199,18.306211471557617,432,2026-02-20 12:28:24,2026-02-20 12:28:24
1400.0,13,47,19.085115432739258,1,8897.427427310387,46432.52102472875,22.0,15.0,18.306211471557617,439,2026-02-20 12:28:24,2026-02-20 12:28:24
1400.0,14,5,10.606588363647461,4,-1089.5997467576715,64015.343643950844,0.36144112285254004,53.318863638212484,8.306211471557617,442,2026-02-20 12:32:47,2026-02-20 12:32:47
1400.0,14,11,11.607440948486328,1,5205.119735002695,58362.7648966762,14.0,41.0,8.306211471557617,446,2026-02-20 12:32:47,2026-02-20 12:32:47
1400.0,14,12,8.377043724060059,1,5205.119735002695,67539.875567405,14.0,61.0,8.306211471557617,447,2026-02-20 12:32:47,2026-02-20 12:32:47
1400.0,14,20,8.881365776062012,1,14435.888965771926,40926.25462229147,34.0,3.0,8.306211471557617,452,2026-02-20 12:32:47,2026-02-20 12:32:47
1400.0,14,22,11.171782493591309,2,27358.96588884885,70450.67189750427,62.0,67.34360080103099,8.306211471557617,454,2026-02-20 12:32:47,2026-02-20 12:32:47
1400.0,14,24,10.471287727355957,1,28282.04281192577,60198.187030821966,64.0,45.0,8.306211471557617,455,2026-02-20 12:32:47,2026-02-20 12:32:47
1400.0,14,25,9.079834938049316,1,28282.04281192577,61574.75363143128,64.0,48.0,8.306211471557617,456,2026-02-20 12:32:47,2026-02-20 12:32:47
1400.0,14,30,15.594735145568848,4,1840.5671918128292,48826.09908595771,6.7101361564219575,20.216408839578424,13.306211471557617,458,2026-02-20 12:32:47,2026-02-20 12:32:47
1400.0,14,43,14.218070030212402,1,15358.96588884885,73504.99750337873,36.0,74.0,13.306211471557617,467,2026-02-20 12:32:47,2026-02-20 12:32:47
1400.0,14,44,13.663054466247559,1,27820.50435038731,96447.77418020075,63.0,124.0,13.306211471557617,468,2026-02-20 12:32:47,2026-02-20 12:32:47
1400.0,14,45,14.0,1,28743.58127346423,96906.62971373719,65.0,125.0,13.306211471557617,469,2026-02-20 12:32:47,2026-02-20 12:32:47
1400.0,14,47,20.30017852783203,20,269.3740868248161,54559.59537919309,3.3058844289479294,32.71161893118789,18.306211471557617,470,2026-02-20 12:32:47,2026-02-20 12:32:47
1400.0,14,49,21.77714729309082,14,7165.6714491730445,83840.83400330579,18.24786204736909,96.52525194644129,18.306211471557617,472,2026-02-20 12:32:47,2026-02-20 12:32:47
1400.0,14,53,19.965621948242188,7,7713.734850550755,77572.49817742484,19.43533275035413,82.86444725357786,18.306211471557617,476,2026-02-20 12:32:47,2026-02-20 12:32:47
1400.0,14,56,19.427696228027344,1,8897.427427310387,49644.50975948383,22.0,22.0,18.306211471557617,479,2026-02-20 12:32:47,2026-02-20 12:32:47
1400.0,15,10,11.120863914489746,7,6166.3075899739615,70407.18696883351,16.082573685771077,67.24883256682094,8.306211471557617,486,2026-02-20 12:37:09,2026-02-20 12:37:09
1400.0,15,29,8.65126895904541,1,15358.96588884885,46432.52102472875,36.0,15.0,8.306211471557617,499,2026-02-20 12:37:09,2026-02-20 12:37:09
1400.0,15,30,4.070009708404541,6,19386.345398553673,53291.06203310397,44.72598893769378,29.947059601778875,8.306211471557617,500,2026-02-20 12:37:09,2026-02-20 12:37:09
1400.0,15,31,8.774959564208984,1,26897.427427310387,73046.14196984228,61.0,73.0,8.306211471557617,501,2026-02-20 12:37:09,2026-02-20 12:37:09
1400.0,15,32,8.354220390319824,2,28282.04281192577,63829.886442406125,64.0,52.91469023723945,8.306211471557617,502,2026-02-20 12:37:09,2026-02-20 12:37:09
1400.0,15,36,14.895770072937012,4,1850.5041760100414,51198.96189081262,6.731666288849251,25.38767219248397,13.306211471557617,503,2026-02-20 12:37:09,2026-02-20 12:37:09
1400.0,15,46,13.931900024414062,11,9356.22165575841,50910.4352368709,22.994054161637386,24.75887590944032,13.306211471557617,509,2026-02-20 12:37:09,2026-02-20 12:37:09
1400.0,15,52,13.35644245147705,2,14614.433881847317,77175.84177167025,34.38684731816335,82.0,13.306211471557617,514,2026-02-20 12:37:09,2026-02-20 12:37:09
1400.0,15,56,23.217132568359375,17,1190.6638442622575,56551.7513406017,5.302012236729053,37.053194472524154,18.306211471557617,517,2026-02-20 12:37:09,2026-02-20 12:37:09
1400.0,15,57,22.389928817749023,18,7377.766412506307,80438.91005582089,18.70740113459116,89.11131945822224,18.306211471557617,518,2026-02-20 12:37:09,2026-02-20 12:37:09
1400.0,15,60,21.870939254760742,5,7287.960777944663,87027.16302120483,18.512822259707598,103.46933082316689,18.306211471557617,521,2026-02-20 12:37:09,2026-02-20 12:37:09
1400.0,15,65,19.962366104125977,3,10592.24515365584,59035.701082492444,25.67210507374848,42.466553493710464,18.306211471557617,526,2026-02-20 12:37:09,2026-02-20 12:37:09
1400.0,16,5,9.5,1,589.7351196180794,45973.66549119231,4.0,14.0,8.306211471557617,530,2026-02-20 12:41:22,2026-02-20 12:41:22
1400.0,16,28,8.381757736206055,1,17666.658196541153,41385.110155827904,41.0,4.0,8.306211471557617,540,2026-02-20 12:41:22,2026-02-20 12:41:22
1400.0,16,29,10.5,1,18589.735119618083,49185.65422594739,43.0,21.0,8.306211471557617,541,2026-02-20 12:41:22,2026-02-20 12:41:22
1400.0,16,31,8.816864013671875,2,24042.82888676558,51479.93189362959,54.81503649548625,26.0,8.306211471557617,543,2026-02-20 12:41:22,2026-02-20 12:41:22
1400.0,16,32,9.180777549743652,2,28138.339456830086,39865.67554925954,63.68864273062602,0.688642730626024,8.306211471557617,544,2026-02-20 12:41:22,2026-02-20 12:41:22
1400.0,16,39,17.78076934814453,6,3596.8436392192307,52689.98065416311,10.515401792469161,28.637101815483323,13.306211471557617,548,2026-02-20 12:41:22,2026-02-20 12:41:22
1400.0,16,40,14.636053085327148,9,5750.949731690285,72537.03993277709,15.18263165948978,71.89049602792953,13.306211471557617,549,2026-02-20 12:41:22,2026-02-20 12:41:22
1400.0,16,55,18.99754524230957,2,-1256.4187265357668,64587.37039153867,0.0,54.56550164468735,18.306211471557617,558,2026-02-20 12:41:22,2026-02-20 12:41:22
1400.0,16,56,22.645709991455078,16,1410.4100305878203,59110.422027644054,5.778128973767772,42.629395477059184,18.306211471557617,559,2026-02-20 12:41:22,2026-02-20 12:41:22
1400.0,16,59,22.0,10,7350.577080453908,89183.60926802718,18.648490915144293,108.1689499608123,18.306211471557617,562,2026-02-20 12:41:22,2026-02-20 12:41:22
1400.0,16,62,17.416431427001953,5,7969.624151034653,83072.49928013979,19.989759568069243,94.85079306557226,18.306211471557617,565,2026-02-20 12:41:22,2026-02-20 12:41:22
1400.0,16,63,23.30655288696289,31,10122.643047188607,61766.43633891417,24.654633843069476,48.41774086498548,18.306211471557617,566,2026-02-20 12:41:22,2026-02-20 12:41:22
1400.0,16,65,18.781740188598633,2,9820.504350387311,51516.66222607204,24.0,26.08004770512271,18.306211471557617,568,2026-02-20 12:41:22,2026-02-20 12:41:22
1400.0,17,1,8.875114440917969,1,-1256.4187265357668,39549.688021682145,0.0,0.0,8.306211471557617,570,2026-02-20 12:45:27,2026-02-20 12:45:27
1400.0,17,10,9.0,1,5666.658196541156,45973.66549119231,15.0,14.0,8.306211471557617,575,2026-02-20 12:45:27,2026-02-20 12:45:27
1400.0,17,21,8.966401100158691,2,15714.171549113054,49997.6506054545,36.76961226390578,22.769612263905778,8.306211471557617,579,2026-02-20 12:45:27,2026-02-20 12:45:27
1400.0,17,22,10.261713981628418,3,17237.52501401411,42862.15221380054,40.07021143785807,7.21896969747523,8.306211471557617,580,2026-02-20 12:45:27,2026-02-20 12:45:27
1400.0,17,23,8.860681533813477,1,19051.273581156544,57903.909363139755,44.0,40.0,8.306211471557617,581,2026-02-20 12:45:27,2026-02-20 12:45:27
1400.0,17,24,8.455870628356934,1,19512.812042695004,59739.33149728552,45.0,44.0,8.306211471557617,582,2026-02-20 12:45:27,2026-02-20 12:45:27
1400.0,17,25,7.201165676116943,4,23892.247466073648,53857.095808898426,54.488776750653734,31.18063691408015,8.306211471557617,583,2026-02-20 12:45:27,2026-02-20 12:45:27
1400.0,17,29,8.22285270690918,4,28189.191443374482,41580.08458040391,63.79882203480554,4.424914619800533,8.306211471557617,587,2026-02-20 12:45:27,2026-02-20 12:45:27
1400.0,17,30,10.706831932067871,5,28549.71393554585,68200.85705176866,64.57995410117684,62.44050019244488,8.306211471557617,588,2026-02-20 12:45:27,2026-02-20 12:45:27
1400.0,17,32,10.041579246520996,3,28743.58127346423,60777.90124909448,65.0,46.26339158166975,8.306211471557617,590,2026-02-20 12:45:27,2026-02-20 12:45:27
1400.0,17,35,14.198086738586426,11,-1253.6144010071355,66302.89189293642,0.006076038645367938,58.30419797940533,13.306211471557617,592,2026-02-20 12:45:27,2026-02-20 12:45:27
1400.0,17,52,16.776779174804688,2,14516.404081299408,81305.54157349822,34.17444941697621,91.0,13.306211471557617,600,2026-02-20 12:45:27,2026-02-20 12:45:27
1400.0,17,54,19.770246505737305,7,1191.1018725875495,61560.51609324579,5.302961298100518,47.968971632365935,18.306211471557617,601,2026-02-20 12:45:27,2026-02-20 12:45:27
1400.0,17,55,18.962007522583008,2,1974.350504233464,55348.179584263475,7.0,34.430208220049025,18.306211471557617,602,2026-02-20 12:45:27,2026-02-20 12:45:27
1400.0,17,57,18.420557022094727,2,5666.658196541156,74759.97892765517,15.0,76.73502514964608,18.306211471557617,604,2026-02-20 12:45:27,2026-02-20 12:45:27
1400.0,17,58,21.179424285888672,7,7632.8428744993325,91552.50848941563,19.260066802242715,113.331575336889,18.306211471557617,605,2026-02-20 12:45:27,2026-02-20 12:45:27
1400.0,17,60,17.553699493408203,3,7971.980478266819,84276.17295353,19.994864943738936,97.47400142946266,18.306211471557617,607,2026-02-20 12:45:27,2026-02-20 12:45:27
1400.0,17,62,26.20818328857422,42,9916.981035445935,64535.746473416795,24.20903281762702,54.45299582455698,18.306211471557617,609,2026-02-20 12:45:27,2026-02-20 12:45:27
1400.0,17,63,20.400909423828125,3,8733.953553226756,85446.04315020288,21.64580660615213,100.02354068783578,18.306211471557617,610,2026-02-20 12:45:27,2026-02-20 12:45:27
1400.0,17,64,18.634267807006836,2,10743.581273464233,53671.77453771909,26.0,30.776759750932424,18.306211471557617,611,2026-02-20 12:45:27,2026-02-20 12:45:27
1400.0,18,8,8.37475872039795,1,5205.119735002695,71669.57536923297,14.0,70.0,8.306211471557617,614,2026-02-20 12:49:40,2026-02-20 12:49:40
1400.0,18,10,8.538400650024414,1,6128.196658079618,53315.35402777536,16.0,30.0,8.306211471557617,616,2026-02-20 12:49:40,2026-02-20 12:49:40
1400.0,18,22,10.229104995727539,2,17335.05012688244,45514.80995765587,40.28151584907279,13.0,8.306211471557617,624,2026-02-20 12:49:40,2026-02-20 12:49:40
1400.0,18,23,10.693078994750977,2,19051.273581156544,61332.510725138294,44.0,47.47207151578625,8.306211471557617,625,2026-02-20 12:49:40,2026-02-20 12:49:40
1400.0,18,25,9.486817359924316,2,20264.11017830673,61115.89809789484,46.62781262715875,47.0,8.306211471557617,627,2026-02-20 12:49:40,2026-02-20 12:49:40
1400.0,18,36,9.222996711730957,1,28282.04281192577,70751.86430216009,64.0,68.0,8.306211471557617,637,2026-02-20 12:49:40,2026-02-20 12:49:40
1400.0,18,37,8.753963470458984,1,28743.58127346423,46432.52102472875,65.0,15.0,8.306211471557617,638,2026-02-20 12:49:40,2026-02-20 12:49:40
1400.0,18,38,8.794648170471191,1,28743.58127346423,69834.1532350872,65.0,66.0,8.306211471557617,639,2026-02-20 12:49:40,2026-02-20 12:49:40
1400.0,18,51,14.915900230407715,23,5261.420091659947,77043.91574107016,14.121984106090713,81.71248896230294,13.306211471557617,648,2026-02-20 12:49:40,2026-02-20 12:49:40
1400.0,18,70,15.0,2,14435.888965771926,50716.35257424392,34.0,24.33590473781432,13.306211471557617,661,2026-02-20 12:49:40,2026-02-20 12:49:40
1400.0,18,72,13.83116626739502,2,25512.812042695004,55062.12850497768,58.0,33.80680704390722,13.306211471557617,663,2026-02-20 12:49:40,2026-02-20 12:49:40
1400.0,18,74,18.220409393310547,5,-1015.2962809352227,40140.3169279678,0.5224319654678455,1.2871783450743655,18.306211471557617,664,2026-02-20 12:49:40,2026-02-20 12:49:40
1400.0,18,76,20.628679275512695,3,1170.4261156271423,63685.56672224372,5.258163824686303,52.60016919605222,18.306211471557617,666,2026-02-20 12:49:40,2026-02-20 12:49:40
1400.0,18,81,23.587039947509766,44,10095.671524497138,67753.54794270477,24.596195543904624,61.465663721330685,18.306211471557617,671,2026-02-20 12:49:40,2026-02-20 12:49:40
1400.0,18,82,18.476036071777344,4,10186.655991232243,90217.36559600437,24.79332855516402,110.42185147866024,18.306211471557617,672,2026-02-20 12:49:40,2026-02-20 12:49:40
1400.0,18,83,21.4708251953125,16,10954.219479990532,56867.984253379196,26.45638278080698,37.742371979745776,18.306211471557617,673,2026-02-20 12:49:40,2026-02-20 12:49:40
1400.0,19,11,10.678178787231445,1,6589.73511961808,85435.24137532618,17.0,100.0,8.306211471557617,679,2026-02-20 12:53:47,2026-02-20 12:53:47
1400.0,19,17,8.928247451782227,4,15226.427029785727,49956.90757774142,35.7128324720299,22.680819550872386,8.306211471557617,683,2026-02-20 12:53:47,2026-02-20 12:53:47
1400.0,19,20,11.317187309265137,5,16713.433803102027,42615.19369753782,38.93468048088189,6.6807643186288965,8.306211471557617,686,2026-02-20 12:53:47,2026-02-20 12:53:47
1400.0,19,25,8.33517074584961,1,19512.812042695004,68457.58663447789,45.0,63.0,8.306211471557617,691,2026-02-20 12:53:47,2026-02-20 12:53:47
1400.0,19,33,8.550219535827637,1,28743.58127346423,41385.110155827904,65.0,4.0,8.306211471557617,697,2026-02-20 12:53:47,2026-02-20 12:53:47
1400.0,19,41,16.451316833496094,8,131.92007382965886,58942.07712112527,3.0080674007917554,42.2625155023941,13.306211471557617,703,2026-02-20 12:53:47,2026-02-20 12:53:47
1400.0,19,46,16.746809005737305,21,5560.418589053263,79628.95807540914,14.76981418377623,87.34616262515678,13.306211471557617,707,2026-02-20 12:53:47,2026-02-20 12:53:47
1400.0,19,54,13.423023223876953,1,23666.658196541153,57903.909363139755,54.0,40.0,13.306211471557617,710,2026-02-20 12:53:47,2026-02-20 12:53:47
1400.0,19,56,15.264925003051758,1,24589.735119618083,58362.7648966762,56.0,41.0,13.306211471557617,712,2026-02-20 12:53:47,2026-02-20 12:53:47
1400.0,19,57,14.674674034118652,5,25857.477293999662,63846.81140191149,58.74677471116009,52.95157539665972,13.306211471557617,713,2026-02-20 12:53:47,2026-02-20 12:53:47
1400.0,19,59,22.89985466003418,6,-1015.7929275592513,40144.420965028155,0.5213558977824503,1.2961224173594412,18.306211471557617,714,2026-02-20 12:53:47,2026-02-20 12:53:47
1400.0,19,62,20.154144287109375,5,637.986816036073,66317.56106829735,4.104545342238986,58.33616702911445,18.306211471557617,717,2026-02-20 12:53:47,2026-02-20 12:53:47
1400.0,19,64,19.079809188842773,8,8658.768412171157,90331.48078698832,21.482905467198332,110.67054672725942,18.306211471557617,719,2026-02-20 12:53:47,2026-02-20 12:53:47
1400.0,19,65,22.19727897644043,52,9956.04480921699,71599.32657464116,24.29367099413097,69.8469043316305,18.306211471557617,720,2026-02-20 12:53:47,2026-02-20 12:53:47
1400.0,19,66,18.401681900024414,1,8897.427427310387,62951.3202320406,22.0,51.0,18.306211471557617,721,2026-02-20 12:53:47,2026-02-20 12:53:47
1400.0,19,68,20.491880416870117,15,11714.920158669674,57620.25054494071,28.10456758461179,39.381812362568965,18.306211471557617,723,2026-02-20 12:53:47,2026-02-20 12:53:47
1400.0,20,23,8.606157302856445,4,17531.42661490287,45288.26766065695,40.70699823978372,12.506288405736468,8.306211471557617,735,2026-02-20 12:58:10,2026-02-20 12:58:10
1400.0,20,27,9.050288200378418,4,18128.19665807962,49356.73786081428,42.0,21.372848581662154,8.306211471557617,739,2026-02-20 12:58:10,2026-02-20 12:58:10
1400.0,20,28,9.950669288635254,2,18864.377512279432,71210.71983569654,43.595058517432925,69.0,8.306211471557617,740,2026-02-20 12:58:10,2026-02-20 12:58:10
1400.0,20,34,13.080820083618164,3,21485.423576447043,39549.688021682145,49.273991656462755,0.0,8.306211471557617,746,2026-02-20 12:58:10,2026-02-20 12:58:10
1400.0,20,35,10.414463996887207,30,24378.1561314552,60818.912446466384,55.541578858980415,46.35276872627085,8.306211471557617,747,2026-02-20 12:58:10,2026-02-20 12:58:10
1400.0,20,37,10.0,2,23859.74849817277,55150.776161921116,54.41836232020183,34.0,8.306211471557617,749,2026-02-20 12:58:10,2026-02-20 12:58:10
1400.0,20,50,14.388477325439453,5,1685.9567168742253,63307.41980278727,6.375146794054983,51.77606031685436,13.306211471557617,757,2026-02-20 12:58:10,2026-02-20 12:58:10
1400.0,20,61,14.420406341552734,1,28743.58127346423,67539.875567405,65.0,61.0,13.306211471557617,763,2026-02-20 12:58:10,2026-02-20 12:58:10
1400.0,20,63,16.99869155883789,15,-659.0208352285073,40384.63927054083,1.2943620978323958,1.8196386178971038,18.306211471557617,764,2026-02-20 12:58:10,2026-02-20 12:58:10
1400.0,20,66,19.814943313598633,4,-1011.7774383031518,71646.7669900798,0.5300561245039992,69.95029289724941,18.306211471557617,767,2026-02-20 12:58:10,2026-02-20 12:58:10
1400.0,20,68,18.464540481567383,2,2869.2921849416457,68457.58663447789,8.93904030820106,63.0,18.306211471557617,769,2026-02-20 12:58:10,2026-02-20 12:58:10
1400.0,20,69,18.403139114379883,1,5666.658196541156,81764.39710703466,15.0,92.0,18.306211471557617,770,2026-02-20 12:58:10,2026-02-20 12:58:10
1400.0,20,70,21.691503524780273,2,7770.559911356895,91859.21884483634,19.5584537154341,114.0,18.306211471557617,771,2026-02-20 12:58:10,2026-02-20 12:58:10
1400.0,20,71,18.733943939208984,2,7512.812042695003,98052.7591023367,19.0,127.49780008048761,18.306211471557617,772,2026-02-20 12:58:10,2026-02-20 12:58:10
1400.0,20,72,24.626361846923828,52,9828.508327107642,74691.67062970709,24.017341949560716,76.58615847385028,18.306211471557617,773,2026-02-20 12:58:10,2026-02-20 12:58:10
1400.0,20,75,19.9174747467041,8,10635.66320134708,62206.0058056045,25.766177510412838,49.37571006130863,18.306211471557617,776,2026-02-20 12:58:10,2026-02-20 12:58:10
1400.0,21,4,10.150422096252441,2,-981.199882652099,81305.54157349822,0.5963074950812803,91.0,8.306211471557617,778,2026-02-20 13:02:31,2026-02-20 13:02:31
1400.0,21,19,10.5,3,12871.610255260854,52871.7611311396,30.610729460559345,29.03326240131194,8.306211471557617,785,2026-02-20 13:02:31,2026-02-20 13:02:31
1400.0,21,24,9.892990112304688,6,17041.974571555096,48725.503020206204,39.64651881253021,19.997176296001573,8.306211471557617,790,2026-02-20 13:02:31,2026-02-20 13:02:31
1400.0,21,34,10.176520347595215,2,21566.097092446456,42302.821222900784,49.44878427446149,6.0,8.306211471557617,798,2026-02-20 13:02:31,2026-02-20 13:02:31
1400.0,21,36,8.343263626098633,2,22717.603608194637,40926.25462229147,51.94371505858255,3.0,8.306211471557617,800,2026-02-20 13:02:31,2026-02-20 13:02:31
1400.0,21,45,9.309913635253906,1,25512.812042695004,45514.80995765587,58.0,13.0,8.306211471557617,806,2026-02-20 13:02:31,2026-02-20 13:02:31
1400.0,21,51,4.490158557891846,2,28440.925720649895,53616.25024063153,64.3442463022356,30.6557536977644,8.306211471557617,809,2026-02-20 13:02:31,2026-02-20 13:02:31
1400.0,21,54,15.056020736694336,2,-1253.4046432277507,53318.35059018494,0.006530513834035022,30.006530513834036,13.306211471557617,810,2026-02-20 13:02:31,2026-02-20 13:02:31
1400.0,21,57,14.919209480285645,7,-38.31201781022125,63303.20830591116,2.639231202238682,51.766882053613976,13.306211471557617,811,2026-02-20 13:02:31,2026-02-20 13:02:31
1400.0,21,65,13.504594802856445,1,6589.73511961808,84517.5303082533,17.0,98.0,13.306211471557617,817,2026-02-20 13:02:31,2026-02-20 13:02:31
1400.0,21,69,14.019063949584961,1,18128.19665807962,53774.2095613118,42.0,31.0,13.306211471557617,819,2026-02-20 13:02:31,2026-02-20 13:02:31
1400.0,21,70,13.478886604309082,1,19051.273581156544,70293.00876862365,44.0,67.0,13.306211471557617,820,2026-02-20 13:02:31,2026-02-20 13:02:31
1400.0,21,71,15.386190414428711,1,24128.19665807962,57903.909363139755,55.0,40.0,13.306211471557617,821,2026-02-20 13:02:31,2026-02-20 13:02:31
1400.0,21,72,13.664765357971191,5,25393.086609492617,63378.37521790735,57.74059489472816,51.93069594818961,13.306211471557617,822,2026-02-20 13:02:31,2026-02-20 13:02:31
1400.0,21,74,15.988248825073242,5,28440.67419695114,64555.88311406368,64.34370133422163,54.4968803136285,13.306211471557617,824,2026-02-20 13:02:31,2026-02-20 13:02:31
1400.0,21,75,14.381784439086914,5,28652.661722802364,69925.20596114577,64.80300764023262,66.1984344077902,13.306211471557617,825,2026-02-20 13:02:31,2026-02-20 13:02:31
1400.0,21,78,20.5877742767334,23,-922.7219794744071,42319.43069521208,0.723009618632946,6.036197607084056,18.306211471557617,827,2026-02-20 13:02:31,2026-02-20 13:02:31
1400.0,21,81,19.251968383789062,4,-852.7977911334109,74091.62933672716,0.8745120267051044,75.27846738346425,18.306211471557617,830,2026-02-20 13:02:31,2026-02-20 13:02:31
1400.0,21,84,18.46650505065918,1,6589.73511961808,58821.62043021264,17.0,42.0,18.306211471557617,833,2026-02-20 13:02:31,2026-02-20 13:02:31
1400.0,21,85,21.94476318359375,5,7668.466723726368,93985.82620806237,19.337251808901293,118.63459020933247,18.306211471557617,834,2026-02-20 13:02:31,2026-02-20 13:02:31
1400.0,21,87,20.69832992553711,72,9472.209325648146,77113.79295326612,23.24536077973181,81.8647748280904,18.306211471557617,836,2026-02-20 13:02:31,2026-02-20 13:02:31
1400.0,21,89,20.916994094848633,15,10631.963235336916,64775.35418086766,25.758160917390814,54.975181327266704,18.306211471557617,838,2026-02-20 13:02:31,2026-02-20 13:02:31
1400.0,22,3,6.124349117279053,3,-853.1666626218016,56365.98675103722,0.8737128051469246,36.64835117003028,8.306211471557617,841,2026-02-20 13:06:54,2026-02-20 13:06:54
1400.0,22,5,8.05844497680664,8,-428.1054828841515,65239.16433295229,1.7946786945784998,55.9859791016991,8.306211471557617,842,2026-02-20 13:06:54,2026-02-20 13:06:54
1400.0,22,14,8.355039596557617,3,7046.042372741538,61927.893356207795,17.988665715100826,48.76960982044791,8.306211471557617,847,2026-02-20 13:06:54,2026-02-20 13:06:54
1400.0,22,15,9.445033073425293,3,7418.418837106378,53433.559244359974,18.795481387891314,30.257608785217432,8.306211471557617,848,2026-02-20 13:06:54,2026-02-20 13:06:54
1400.0,22,16,12.684022903442383,2,7205.384155712534,86811.8079759355,18.33390624487132,103.0,8.306211471557617,849,2026-02-20 13:06:54,2026-02-20 13:06:54
1400.0,22,32,10.6500825881958,7,19576.21231902641,74001.30590162022,45.13736726538471,75.08162234509061,8.306211471557617,862,2026-02-20 13:06:54,2026-02-20 13:06:54
1400.0,22,40,8.547025680541992,2,22891.20579086821,43679.38782351011,52.31985312104196,9.0,8.306211471557617,870,2026-02-20 13:06:54,2026-02-20 13:06:54
1400.0,22,60,14.809747695922852,11,-910.1449576601603,77188.58468751301,0.750259832563814,82.02777108460377,13.306211471557617,884,2026-02-20 13:06:54,2026-02-20 13:06:54
1400.0,22,66,17.573129653930664,12,7056.239092474935,96347.81774922775,18.01075860785652,123.78216143498885,13.306211471557617,889,2026-02-20 13:06:54,2026-02-20 13:06:54
1400.0,22,74,13.65403938293457,1,17205.119735002692,65245.59789972281,40.0,56.0,13.306211471557617,895,2026-02-20 13:06:54,2026-02-20 13:06:54
1400.0,22,75,14.04826545715332,1,17666.658196541153,54233.065094848236,41.0,32.0,13.306211471557617,896,2026-02-20 13:06:54,2026-02-20 13:06:54
1400.0,22,78,13.974397659301758,1,25051.273581156544,71669.57536923297,57.0,70.0,13.306211471557617,899,2026-02-20 13:06:54,2026-02-20 13:06:54
1400.0,22,79,14.173648834228516,1,25512.812042695004,72587.28643630585,58.0,72.0,13.306211471557617,900,2026-02-20 13:06:54,2026-02-20 13:06:54
1400.0,22,81,13.427334785461426,1,28282.04281192577,72587.28643630585,64.0,72.0,13.306211471557617,901,2026-02-20 13:06:54,2026-02-20 13:06:54
1400.0,22,83,25.957975387573242,45,-929.6239603482588,47127.55668403762,0.7080553267396007,16.514715653426176,18.306211471557617,902,2026-02-20 13:06:54,2026-02-20 13:06:54
1400.0,22,87,20.696840286254883,53,9194.597429630869,80142.60497481322,22.643868338361045,88.46557137554355,18.306211471557617,906,2026-02-20 13:06:54,2026-02-20 13:06:54
1400.0,22,89,19.986894607543945,12,10616.61977967208,67810.74862290328,25.724916763450338,61.59032317516283,18.306211471557617,908,2026-02-20 13:06:54,2026-02-20 13:06:54
1400.0,22,90,21.959299087524414,5,28502.75580152511,66725.05209949335,64.47821147746524,59.22422656291897,18.306211471557617,909,2026-02-20 13:06:54,2026-02-20 13:06:54
1400.0,23,2,8.648992538452148,1,-1256.4187265357668,68457.58663447789,0.0,63.0,8.306211471557617,910,2026-02-20 13:11:16,2026-02-20 13:11:16
1400.0,23,8,11.56898307800293,3,4450.94606430825,64802.688064560396,12.365957046828703,55.034751021200805,8.306211471557617,914,2026-02-20 13:11:16,2026-02-20 13:11:16
1400.0,23,20,10.123814582824707,3,12589.735119618079,53295.155100761316,30.0,29.95597976805822,8.306211471557617,922,2026-02-20 13:11:16,2026-02-20 13:11:16
1400.0,23,31,10.252020835876465,6,20047.399633162393,76369.87224648261,46.158273112679346,80.24352227164843,8.306211471557617,931,2026-02-20 13:11:16,2026-02-20 13:11:16
1400.0,23,32,7.550488471984863,3,22278.53443694315,43957.79092316614,50.99239852087099,9.606733665191635,8.306211471557617,932,2026-02-20 13:11:16,2026-02-20 13:11:16
1400.0,23,42,10.444241523742676,1,25512.812042695004,55609.63169545756,58.0,35.0,8.306211471557617,939,2026-02-20 13:11:16,2026-02-20 13:11:16
1400.0,23,45,10.0,1,26897.427427310387,59280.47596374908,61.0,43.0,8.306211471557617,942,2026-02-20 13:11:16,2026-02-20 13:11:16
1400.0,23,46,9.505337715148926,2,27820.50435038731,40698.83065368754,63.0,2.5043669478034745,8.306211471557617,943,2026-02-20 13:11:16,2026-02-20 13:11:16
1400.0,23,53,13.739465713500977,5,-1065.5846533410815,78604.74445377743,0.4134738252551513,85.11405786281902,13.306211471557617,946,2026-02-20 13:11:16,2026-02-20 13:11:16
1400.0,23,57,16.2960147857666,6,7656.584542479491,98003.77761207004,19.31150708286639,127.39105299630373,13.306211471557617,949,2026-02-20 13:11:16,2026-02-20 13:11:16
1400.0,23,63,13.980545997619629,1,16743.58127346423,64327.88683264992,39.0,54.0,13.306211471557617,952,2026-02-20 13:11:16,2026-02-20 13:11:16
1400.0,23,64,14.048751831054688,1,17666.658196541153,56527.34276253044,41.0,37.0,13.306211471557617,953,2026-02-20 13:11:16,2026-02-20 13:11:16
1400.0,23,65,14.260601997375488,1,18128.19665807962,55150.776161921116,42.0,34.0,13.306211471557617,954,2026-02-20 13:11:16,2026-02-20 13:11:16
1400.0,23,66,14.0,1,19051.273581156544,53315.35402777536,44.0,30.0,13.306211471557617,955,2026-02-20 13:11:16,2026-02-20 13:11:16
1400.0,23,69,13.587035179138184,1,25051.273581156544,73963.85303691517,57.0,75.0,13.306211471557617,957,2026-02-20 13:11:16,2026-02-20 13:11:16
1400.0,23,73,20.143329620361328,57,-733.3957851734248,49219.09222262826,1.133216372951741,21.072872602021715,18.306211471557617,958,2026-02-20 13:11:16,2026-02-20 13:11:16
1400.0,23,74,21.34463882446289,10,9000.517952926133,75352.63764040412,22.223362805500784,78.02662712332456,18.306211471557617,959,2026-02-20 13:11:16,2026-02-20 13:11:16
1400.0,23,75,19.803377151489258,4,8575.196265818038,80943.91089586695,21.30183248343324,90.21188554740932,18.306211471557617,960,2026-02-20 13:11:16,2026-02-20 13:11:16
1400.0,23,81,19.0,1,23205.119735002692,62951.3202320406,53.0,51.0,18.306211471557617,966,2026-02-20 13:11:16,2026-02-20 13:11:16
1400.0,23,82,21.590858459472656,1,28282.04281192577,65704.45343325924,64.0,57.0,18.306211471557617,967,2026-02-20 13:11:16,2026-02-20 13:11:16
1400.0,23,83,18.456281661987305,1,28743.58127346423,69834.1532350872,65.0,66.0,18.306211471557617,968,2026-02-20 13:11:16,2026-02-20 13:11:16
1400.0,24,2,9.055334091186523,1,-1256.4187265357668,63410.17576557704,0.0,52.0,8.306211471557617,969,2026-02-20 13:15:30,2026-02-20 13:15:30
1400.0,24,4,7.039681911468506,6,-977.1860211606414,81683.19864074451,0.6050041949794385,91.82304132705049,8.306211471557617,971,2026-02-20 13:15:30,2026-02-20 13:15:30
1400.0,24,6,11.640483856201172,1,-333.34180345884374,63410.17576557704,2.0,52.0,8.306211471557617,973,2026-02-20 13:15:30,2026-02-20 13:15:30
1400.0,24,15,10.143617630004883,2,9612.048352464974,87270.66350947194,23.548345337834935,104.0,8.306211471557617,980,2026-02-20 13:15:30,2026-02-20 13:15:30
1400.0,24,19,10.748589515686035,16,16709.9554837524,66848.0101573993,38.92714412229103,59.49219338236277,8.306211471557617,983,2026-02-20 13:15:30,2026-02-20 13:15:30
1400.0,24,35,9.022045135498047,5,25088.31546638903,54818.70541694864,57.080257418003725,33.276306548134706,8.306211471557617,994,2026-02-20 13:15:30,2026-02-20 13:15:30
1400.0,24,49,17.01419448852539,8,9606.739296285812,60010.017753766915,23.536842382780087,44.589916077496525,13.306211471557617,1001,2026-02-20 13:15:30,2026-02-20 13:15:30
1400.0,24,52,13.712146759033203,1,12589.735119618079,55609.63169545756,30.0,35.0,13.306211471557617,1003,2026-02-20 13:15:30,2026-02-20 13:15:30
1400.0,24,53,13.4376220703125,1,17666.658196541153,59280.47596374908,41.0,43.0,13.306211471557617,1004,2026-02-20 13:15:30,2026-02-20 13:15:30
1400.0,24,54,13.46724796295166,1,22282.04281192577,46432.52102472875,51.0,15.0,13.306211471557617,1005,2026-02-20 13:15:30,2026-02-20 13:15:30
1400.0,24,55,13.617443084716797,1,22743.58127346423,63410.17576557704,52.0,52.0,13.306211471557617,1006,2026-02-20 13:15:30,2026-02-20 13:15:30
1400.0,24,57,14.5,1,25051.273581156544,77175.84177167025,57.0,82.0,13.306211471557617,1008,2026-02-20 13:15:30,2026-02-20 13:15:30
1400.0,24,58,16.0,1,25512.812042695004,62951.3202320406,58.0,51.0,13.306211471557617,1009,2026-02-20 13:15:30,2026-02-20 13:15:30
1400.0,24,63,25.628671646118164,66,-778.7664726191553,49813.07831651593,1.0349132168193251,22.36736738409347,18.306211471557617,1012,2026-02-20 13:15:30,2026-02-20 13:15:30
1400.0,24,68,17.511274337768555,24,9202.973721108476,78806.70249996179,22.66201696989586,85.55419213477137,18.306211471557617,1017,2026-02-20 13:15:30,2026-02-20 13:15:30
1400.0,24,70,18.557518005371094,2,11584.71730168496,70293.00876862365,27.82246139447824,67.0,18.306211471557617,1019,2026-02-20 13:15:30,2026-02-20 13:15:30
1400.0,24,72,16.48733139038086,4,28473.735830820842,71514.14325251475,64.41533487427266,69.66126132222861,18.306211471557617,1021,2026-02-20 13:15:30,2026-02-20 13:15:30
1400.0,25,2,8.377416610717773,2,2885.733084518911,74422.70857045162,8.974662257285134,76.0,8.306211471557617,1022,2026-02-20 13:19:53,2026-02-20 13:19:53
1400.0,25,4,10.25623607635498,4,3547.3795700293804,61396.64380561086,10.408229642557819,47.61183899331515,8.306211471557617,1024,2026-02-20 13:19:53,2026-02-20 13:19:53
1400.0,25,6,8.474699020385742,1,7051.273581156542,68457.58663447789,18.0,63.0,8.306211471557617,1025,2026-02-20 13:19:53,2026-02-20 13:19:53
1400.0,25,10,8.327383995056152,1,9820.504350387311,45973.66549119231,24.0,14.0,8.306211471557617,1028,2026-02-20 13:19:53,2026-02-20 13:19:53
1400.0,25,23,10.88232135772705,1,25974.350504233465,40467.399088755024,59.0,2.0,8.306211471557617,1036,2026-02-20 13:19:53,2026-02-20 13:19:53
1400.0,25,24,12.23727035522461,1,25974.350504233465,56068.487228993996,59.0,36.0,8.306211471557617,1037,2026-02-20 13:19:53,2026-02-20 13:19:53
1400.0,25,25,9.15107536315918,1,25974.350504233465,62492.46469850416,59.0,50.0,8.306211471557617,1038,2026-02-20 13:19:53,2026-02-20 13:19:53
1400.0,25,26,8.76346206665039,1,27358.96588884885,63410.17576557704,62.0,52.0,8.306211471557617,1039,2026-02-20 13:19:53,2026-02-20 13:19:53
1400.0,25,27,8.518763542175293,1,27358.96588884885,64327.88683264992,62.0,54.0,8.306211471557617,1040,2026-02-20 13:19:53,2026-02-20 13:19:53
1400.0,25,30,9.125646591186523,1,28743.58127346423,49644.50975948383,65.0,22.0,8.306211471557617,1042,2026-02-20 13:19:53,2026-02-20 13:19:53
1400.0,25,41,14.77994441986084,1,10282.042811925772,88647.23011008126,25.0,107.0,13.306211471557617,1048,2026-02-20 13:19:53,2026-02-20 13:19:53
1400.0,25,43,14.132369995117188,1,12589.735119618079,57903.909363139755,30.0,40.0,13.306211471557617,1050,2026-02-20 13:19:53,2026-02-20 13:19:53
1400.0,25,44,13.738160133361816,1,14435.888965771926,57445.05382960332,34.0,39.0,13.306211471557617,1051,2026-02-20 13:19:53,2026-02-20 13:19:53
1400.0,25,45,13.548023223876953,2,17580.386044447125,63869.031299113485,40.81307700379627,53.0,13.306211471557617,1052,2026-02-20 13:19:53,2026-02-20 13:19:53
1400.0,25,47,13.554313659667969,2,18034.74004344079,61481.84028109063,41.797510668282534,47.797510668282534,13.306211471557617,1054,2026-02-20 13:19:53,2026-02-20 13:19:53
1400.0,25,49,15.477394104003906,1,22743.58127346423,48267.943158874514,52.0,19.0,13.306211471557617,1056,2026-02-20 13:19:53,2026-02-20 13:19:53
1400.0,25,50,14.737942695617676,1,22743.58127346423,49185.65422594739,52.0,21.0,13.306211471557617,1057,2026-02-20 13:19:53,2026-02-20 13:19:53
1400.0,25,51,15.614649772644043,19,24297.914666204117,74330.44139012256,55.367722350936404,75.79891888931154,13.306211471557617,1058,2026-02-20 13:19:53,2026-02-20 13:19:53
1400.0,25,57,22.965906143188477,75,-805.6424496501562,53599.60528774785,0.9766819332521564,30.619478766621256,18.306211471557617,1063,2026-02-20 13:19:53,2026-02-20 13:19:53
1400.0,25,58,18.697206497192383,1,1512.8120426950027,48726.79869241095,6.0,20.0,18.306211471557617,1064,2026-02-20 13:19:53,2026-02-20 13:19:53
1400.0,25,59,21.001590728759766,42,8876.194576085192,79431.52104681691,21.953995489012076,86.91588116582565,18.306211471557617,1065,2026-02-20 13:19:53,2026-02-20 13:19:53
1400.0,25,60,17.13156509399414,12,9585.387659305276,63212.560786444505,23.49058050265559,51.56933072679869,18.306211471557617,1066,2026-02-20 13:19:53,2026-02-20 13:19:53
1400.0,26,4,9.416692733764648,1,2897.4274273103874,76716.98623813382,9.0,81.0,8.306211471557617,1070,2026-02-20 13:24:15,2026-02-20 13:24:15
1400.0,26,8,8.51334285736084,1,4282.042811925772,64327.88683264992,12.0,54.0,8.306211471557617,1074,2026-02-20 13:24:15,2026-02-20 13:24:15
1400.0,26,11,8.776268005371094,2,6589.73511961808,71500.4477826799,17.0,69.63141430321303,8.306211471557617,1076,2026-02-20 13:24:15,2026-02-20 13:24:15
1400.0,26,15,11.998387336730957,1,10743.581273464233,56527.34276253044,26.0,37.0,8.306211471557617,1077,2026-02-20 13:24:15,2026-02-20 13:24:15
1400.0,26,35,8.37466812133789,1,27820.50435038731,45514.80995765587,63.0,13.0,8.306211471557617,1091,2026-02-20 13:24:15,2026-02-20 13:24:15
1400.0,26,37,9.019903182983398,1,28743.58127346423,47350.232091801634,65.0,17.0,8.306211471557617,1092,2026-02-20 13:24:15,2026-02-20 13:24:15
1400.0,26,50,14.598552703857422,3,17073.940933438487,66622.16450033212,39.715779263277554,59.0,13.306211471557617,1098,2026-02-20 13:24:15,2026-02-20 13:24:15
1400.0,26,55,13.930808067321777,1,18128.19665807962,54691.92062838467,42.0,33.0,13.306211471557617,1103,2026-02-20 13:24:15,2026-02-20 13:24:15
1400.0,26,56,13.531753540039062,2,23081.73525350632,48726.79869241095,52.73266695675785,20.0,13.306211471557617,1104,2026-02-20 13:24:15,2026-02-20 13:24:15
1400.0,26,57,13.909924507141113,2,23205.119735002692,51390.029443536,53.0,25.804072429069976,13.306211471557617,1105,2026-02-20 13:24:15,2026-02-20 13:24:15
1400.0,26,59,9.488073348999023,4,24424.2269619748,39988.52533176544,55.64139899177289,0.9563735816829629,13.306211471557617,1106,2026-02-20 13:24:15,2026-02-20 13:24:15
1400.0,26,64,15.58314323425293,3,28743.58127346423,72469.9524507167,65.0,71.74428991912804,13.306211471557617,1111,2026-02-20 13:24:15,2026-02-20 13:24:15
1400.0,26,67,28.228118896484375,67,-865.9298108630423,56923.72479142216,0.8460593172909031,37.86384929443209,18.306211471557617,1113,2026-02-20 13:24:15,2026-02-20 13:24:15
1400.0,26,69,18.710464477539062,2,-51.76564997582715,49465.5935742455,2.610081665879869,21.610081665879868,18.306211471557617,1115,2026-02-20 13:24:15,2026-02-20 13:24:15
1400.0,26,72,21.769800186157227,8,9465.188717520597,66401.01833159184,23.23014946212212,58.51804837780665,18.306211471557617,1118,2026-02-20 13:24:15,2026-02-20 13:24:15
1400.0,26,73,23.008342742919922,10,9440.153375645457,80517.62214708474,23.17590622139265,89.28285948664296,18.306211471557617,1119,2026-02-20 13:24:15,2026-02-20 13:24:15
1400.0,26,78,18.388370513916016,1,24128.19665807962,76258.13070459737,55.0,80.0,18.306211471557617,1124,2026-02-20 13:24:15,2026-02-20 13:24:15
1400.0,27,2,11.150413513183594,2,391.28845907994304,66163.30896679568,3.5700322355007046,58.0,8.306211471557617,1125,2026-02-20 13:28:37,2026-02-20 13:28:37
1400.0,27,4,8.442745208740234,2,4191.5493742838025,53315.35402777536,11.803930885109066,30.0,8.306211471557617,1127,2026-02-20 13:28:37,2026-02-20 13:28:37
1400.0,27,15,9.418766975402832,1,10743.581273464233,60198.187030821966,26.0,45.0,8.306211471557617,1132,2026-02-20 13:28:37,2026-02-20 13:28:37
1400.0,27,42,12.358367919921875,12,25940.32211549733,60937.44547110669,58.926271824405035,46.611091915111494,8.306211471557617,1149,2026-02-20 13:28:37,2026-02-20 13:28:37
1400.0,27,56,5.053495407104492,14,9297.125265138819,68234.95937982957,22.866011981961602,62.514820595204526,13.306211471557617,1156,2026-02-20 13:28:37,2026-02-20 13:28:37
1400.0,27,57,14.057085990905762,1,9358.965888848848,55150.776161921116,23.0,34.0,13.306211471557617,1157,2026-02-20 13:28:37,2026-02-20 13:28:37
1400.0,27,71,14.0,1,23666.658196541153,79928.9749728889,54.0,88.0,13.306211471557617,1169,2026-02-20 13:28:37,2026-02-20 13:28:37
1400.0,27,72,18.025178909301758,3,24181.764673622194,42330.639890240964,55.11606403367558,6.060626199984513,13.306211471557617,1170,2026-02-20 13:28:37,2026-02-20 13:28:37
1400.0,27,73,14.318191528320312,1,24128.19665807962,78552.40837227958,55.0,85.0,13.306211471557617,1171,2026-02-20 13:28:37,2026-02-20 13:28:37
1400.0,27,75,14.0,1,25051.273581156544,79470.11943935245,57.0,87.0,13.306211471557617,1172,2026-02-20 13:28:37,2026-02-20 13:28:37
1400.0,27,76,13.525517463684082,1,28743.58127346423,70751.86430216009,65.0,68.0,13.306211471557617,1173,2026-02-20 13:28:37,2026-02-20 13:28:37
1400.0,27,77,15.151644706726074,1,28743.58127346423,74881.56410398806,65.0,77.0,13.306211471557617,1174,2026-02-20 13:28:37,2026-02-20 13:28:37
1400.0,27,79,18.67709732055664,2,-831.7441986718343,52856.49849423891,0.9201281437051873,29.0,18.306211471557617,1175,2026-02-20 13:28:37,2026-02-20 13:28:37
1400.0,27,80,25.22333526611328,89,-684.0644406382924,59008.36628854714,1.2401009527778615,42.40698181603093,18.306211471557617,1176,2026-02-20 13:28:37,2026-02-20 13:28:37
1400.0,27,81,18.526317596435547,2,-452.45797292815786,51021.07636009315,1.7419149661498194,25.0,18.306211471557617,1177,2026-02-20 13:28:37,2026-02-20 13:28:37
1400.0,27,84,19.01401138305664,5,9513.744812635041,82799.7266222736,23.335354334870082,94.25633002016905,18.306211471557617,1180,2026-02-20 13:28:37,2026-02-20 13:28:37
1400.0,27,86,18.772964477539062,2,16548.994559867155,70293.00876862365,38.578395453873,67.0,18.306211471557617,1182,2026-02-20 13:28:37,2026-02-20 13:28:37
1400.0,27,87,20.18124008178711,1,24589.735119618083,55609.63169545756,56.0,35.0,18.306211471557617,1183,2026-02-20 13:28:37,2026-02-20 13:28:37
1400.0,28,3,8.459392547607422,1,4282.042811925772,70293.00876862365,12.0,67.0,8.306211471557617,1185,2026-02-20 13:33:00,2026-02-20 13:33:00
1400.0,28,50,9.317231178283691,2,28743.58127346423,52032.626244962375,65.0,27.204506235487923,8.306211471557617,1213,2026-02-20 13:33:00,2026-02-20 13:33:00
1400.0,28,54,15.045809745788574,3,29.45347556837607,51021.07636009315,2.7860564378923094,25.0,13.306211471557617,1215,2026-02-20 13:33:00,2026-02-20 13:33:00
1400.0,28,58,13.600215911865234,7,9144.157006823682,72573.8181402426,22.534580755612136,71.97064806877353,13.306211471557617,1219,2026-02-20 13:33:00,2026-02-20 13:33:00
1400.0,28,61,14.332340240478516,5,9616.474194716513,87599.1872947324,23.557934662713272,104.71596343783521,13.306211471557617,1221,2026-02-20 13:33:00,2026-02-20 13:33:00
1400.0,28,67,14.261247634887695,3,17253.54322456786,61665.29891106831,40.10491756072453,48.19732851195929,13.306211471557617,1226,2026-02-20 13:33:00,2026-02-20 13:33:00
1400.0,28,69,14.595307350158691,1,18128.19665807962,67081.02003386857,42.0,60.0,13.306211471557617,1228,2026-02-20 13:33:00,2026-02-20 13:33:00
1400.0,28,70,16.756864547729492,1,22282.04281192577,62951.3202320406,51.0,51.0,13.306211471557617,1229,2026-02-20 13:33:00,2026-02-20 13:33:00
1400.0,28,75,15.0,1,28282.04281192577,77634.6973052067,64.0,83.0,13.306211471557617,1232,2026-02-20 13:33:00,2026-02-20 13:33:00
1400.0,28,77,24.387529373168945,91,-797.2481012267903,61033.903582183,0.9948696881694493,46.82130646855252,18.306211471557617,1233,2026-02-20 13:33:00,2026-02-20 13:33:00
1400.0,28,78,20.52579116821289,4,9621.984964918935,57703.41225904422,23.569874664818517,39.56304961051621,18.306211471557617,1234,2026-02-20 13:33:00,2026-02-20 13:33:00
1400.0,28,79,18.40245819091797,3,17010.04223846297,72587.28643630585,39.5773320908306,72.0,18.306211471557617,1235,2026-02-20 13:33:00,2026-02-20 13:33:00
1400.0,28,80,18.574195861816406,2,23666.658196541153,56126.01263962341,54.0,36.125367150279445,18.306211471557617,1236,2026-02-20 13:33:00,2026-02-20 13:33:00
1400.0,28,81,21.148666381835938,4,24843.876605893507,44159.28795924208,56.550639886930085,10.045863241603165,18.306211471557617,1237,2026-02-20 13:33:00,2026-02-20 13:33:00
1400.0,29,14,13.08383846282959,2,13696.2108686565,84058.67477471687,32.39736412291658,97.0,8.306211471557617,1245,2026-02-20 13:37:13,2026-02-20 13:37:13
1400.0,29,34,8.9478120803833,1,28282.04281192577,81305.54157349822,64.0,91.0,8.306211471557617,1257,2026-02-20 13:37:13,2026-02-20 13:37:13
1400.0,29,43,16.157306671142578,3,8915.303988104932,75121.01678132593,22.03873254838818,77.52184764013283,13.306211471557617,1262,2026-02-20 13:37:13,2026-02-20 13:37:13
1400.0,29,47,12.003026008605957,5,16454.32783390668,75530.67724270101,38.373284214291964,78.41463508941517,13.306211471557617,1264,2026-02-20 13:37:13,2026-02-20 13:37:13
1400.0,29,48,18.201366424560547,8,17361.317895514254,64212.87274951983,40.33842934777505,53.74934576413699,13.306211471557617,1265,2026-02-20 13:37:13,2026-02-20 13:37:13
1400.0,29,50,16.487802505493164,2,17306.688426805016,70293.00876862365,40.220065498905036,67.0,13.306211471557617,1267,2026-02-20 13:37:13,2026-02-20 13:37:13
1400.0,29,61,13.940471649169922,1,27820.50435038731,75340.4196375245,63.0,78.0,13.306211471557617,1275,2026-02-20 13:37:13,2026-02-20 13:37:13
1400.0,29,63,26.688674926757812,76,-976.9085956172897,63081.65100212671,0.6056052836567003,51.28403443036121,18.306211471557617,1276,2026-02-20 13:37:13,2026-02-20 13:37:13
1400.0,29,64,19.77198600769043,2,-794.8802649973053,70025.59074075216,1.0,66.41720648804109,18.306211471557617,1277,2026-02-20 13:37:13,2026-02-20 13:37:13
1400.0,29,65,19.621715545654297,3,66.31296415313263,53020.04527400259,2.865918663159282,29.3564232483004,18.306211471557617,1278,2026-02-20 13:37:13,2026-02-20 13:37:13
1400.0,29,67,22.068021774291992,16,9668.929998362357,60697.42641833407,23.67158890394593,46.088009953077005,18.306211471557617,1280,2026-02-20 13:37:13,2026-02-20 13:37:13
1400.0,29,69,18.453414916992188,2,10330.092716849233,88647.23011008126,25.104108127334165,107.0,18.306211471557617,1282,2026-02-20 13:37:13,2026-02-20 13:37:13
1400.0,29,70,19.75323486328125,2,23901.517208050194,58362.7648966762,54.50886119160291,41.0,18.306211471557617,1283,2026-02-20 13:37:13,2026-02-20 13:37:13
1400.0,29,72,20.224971771240234,4,25293.463243594506,46221.06120003997,57.524744268615585,14.539158168020688,18.306211471557617,1285,2026-02-20 13:37:13,2026-02-20 13:37:13
1400.0,30,4,9.742071151733398,2,6589.73511961808,42522.74787493068,17.0,6.479293886541815,8.306211471557617,1287,2026-02-20 13:41:36,2026-02-20 13:41:36
1400.0,30,12,8.692534446716309,1,13051.273581156542,85894.09690886262,31.0,101.0,8.306211471557617,1291,2026-02-20 13:41:36,2026-02-20 13:41:36
1400.0,30,19,8.419147491455078,1,18128.19665807962,52856.49849423891,42.0,29.0,8.306211471557617,1296,2026-02-20 13:41:36,2026-02-20 13:41:36
1400.0,30,34,7.65207576751709,4,28735.924505679817,53375.9630327485,64.9834103364671,30.13208733586806,8.306211471557617,1306,2026-02-20 13:41:36,2026-02-20 13:41:36
1400.0,30,40,13.824006080627441,5,7253.116971306578,90922.9215756287,18.43732734532508,111.95949443609946,13.306211471557617,1309,2026-02-20 13:41:36,2026-02-20 13:41:36
1400.0,30,42,15.223261833190918,4,8681.848013783405,78794.0729075661,21.532911270691535,85.5266680199408,13.306211471557617,1311,2026-02-20 13:41:36,2026-02-20 13:41:36
1400.0,30,45,13.64059066772461,1,9820.504350387311,71210.71983569654,24.0,69.0,13.306211471557617,1313,2026-02-20 13:41:36,2026-02-20 13:41:36
1400.0,30,46,16.453310012817383,5,15166.862051557328,72655.77715425681,35.5837750192017,72.14926423012294,13.306211471557617,1314,2026-02-20 13:41:36,2026-02-20 13:41:36
1400.0,30,59,14.5927152633667,2,27621.5003871786,78354.56122123258,62.568824746381125,84.56882474638113,13.306211471557617,1323,2026-02-20 13:41:36,2026-02-20 13:41:36
1400.0,30,61,19.194046020507812,16,-1081.8385774904473,59766.758390847775,0.3782569895981922,44.059772393613464,18.306211471557617,1324,2026-02-20 13:41:36,2026-02-20 13:41:36
1400.0,30,62,24.13214111328125,51,-979.0165553728501,67621.80756110999,0.6010380375196529,61.178557275039324,18.306211471557617,1325,2026-02-20 13:41:36,2026-02-20 13:41:36
1400.0,30,66,21.997291564941406,27,9611.550701134207,61809.16704469716,23.547267093284944,48.5108653947338,18.306211471557617,1329,2026-02-20 13:41:36,2026-02-20 13:41:36
1400.0,30,68,18.854000091552734,5,17329.275616713072,67298.65837630002,40.26900441037249,60.47430689296497,18.306211471557617,1331,2026-02-20 13:41:36,2026-02-20 13:41:36
1400.0,30,69,20.550968170166016,1,22743.58127346423,63410.17576557704,52.0,52.0,18.306211471557617,1332,2026-02-20 13:41:36,2026-02-20 13:41:36
1400.0,30,70,18.82050895690918,1,24128.19665807962,58821.62043021264,55.0,42.0,18.306211471557617,1333,2026-02-20 13:41:36,2026-02-20 13:41:36
1400.0,30,71,19.55955696105957,4,25584.665360798208,49258.50644804887,58.155682189223604,21.15876940949148,18.306211471557617,1334,2026-02-20 13:41:36,2026-02-20 13:41:36
1400.0,31,6,10.936156272888184,1,7051.273581156542,44597.09889058299,18.0,11.0,8.306211471557617,1337,2026-02-20 13:45:59,2026-02-20 13:45:59
1400.0,31,16,9.10976791381836,3,17813.461697635703,55609.63169545756,41.31807425237152,35.0,8.306211471557617,1341,2026-02-20 13:45:59,2026-02-20 13:45:59
1400.0,31,26,10.591947555541992,1,19512.812042695004,44138.24335704655,45.0,10.0,8.306211471557617,1350,2026-02-20 13:45:59,2026-02-20 13:45:59
1400.0,31,37,10.117644309997559,2,27986.17758494343,43679.38782351011,63.358958674871594,9.0,8.306211471557617,1358,2026-02-20 13:45:59,2026-02-20 13:45:59
1400.0,31,38,8.176240921020508,2,27919.67128924321,78453.81789189746,63.214861700854456,84.78513829914554,8.306211471557617,1359,2026-02-20 13:45:59,2026-02-20 13:45:59
1400.0,31,39,10.92366886138916,2,27820.50435038731,80620.5279733438,63.0,89.50712577251718,8.306211471557617,1360,2026-02-20 13:45:59,2026-02-20 13:45:59
1400.0,31,51,16.795780181884766,2,8435.888965771926,81401.63300082045,21.0,91.20941542664126,13.306211471557617,1368,2026-02-20 13:45:59,2026-02-20 13:45:59
1400.0,31,53,14.721973419189453,1,8897.427427310387,75340.4196375245,22.0,78.0,13.306211471557617,1369,2026-02-20 13:45:59,2026-02-20 13:45:59
1400.0,31,55,13.639546394348145,2,9620.988899311664,80387.83050642534,23.567716522669432,89.0,13.306211471557617,1371,2026-02-20 13:45:59,2026-02-20 13:45:59
1400.0,31,58,13.574679374694824,3,14941.47962245637,75282.19702773995,35.095446422816295,77.87311341908462,13.306211471557617,1373,2026-02-20 13:45:59,2026-02-20 13:45:59
1400.0,31,72,14.304525375366211,32,-315.66815968854917,59198.64043781213,2.0382928948356382,42.82165296055987,18.306211471557617,1381,2026-02-20 13:45:59,2026-02-20 13:45:59
1400.0,31,73,26.028793334960938,38,-1011.4131505502912,69595.15774658411,0.5308454146351972,65.47914872757198,18.306211471557617,1382,2026-02-20 13:45:59,2026-02-20 13:45:59
1400.0,31,74,18.36722183227539,2,-345.76364121407346,74881.56410398806,1.9730860181970022,77.0,18.306211471557617,1383,2026-02-20 13:45:59,2026-02-20 13:45:59
1400.0,31,76,19.551517486572266,2,7705.695049446417,92776.92991190922,19.417913181294733,116.0,18.306211471557617,1385,2026-02-20 13:45:59,2026-02-20 13:45:59
1400.0,31,77,20.294301986694336,20,10099.587093423985,61760.15911429867,24.60467927657946,48.40406068864083,18.306211471557617,1386,2026-02-20 13:45:59,2026-02-20 13:45:59
1400.0,31,81,18.37261390686035,2,17205.119735002692,70733.24660942118,40.0,67.95942580751853,18.306211471557617,1390,2026-02-20 13:45:59,2026-02-20 13:45:59
1400.0,31,82,15.504042625427246,6,23231.528934205355,63407.95285521231,53.057219931605765,51.99515553327297,18.306211471557617,1391,2026-02-20 13:45:59,2026-02-20 13:45:59
1400.0,31,85,19.41466522216797,1,26435.888965771926,51021.07636009315,60.0,25.0,18.306211471557617,1394,2026-02-20 13:45:59,2026-02-20 13:45:59
1400.0,31,86,18.446428298950195,1,26435.888965771926,51938.78742716603,60.0,27.0,18.306211471557617,1395,2026-02-20 13:45:59,2026-02-20 13:45:59
1400.0,32,1,11.164074897766113,2,-1256.4187265357668,51593.25480427457,0.0,26.246968604195718,8.306211471557617,1396,2026-02-20 13:50:22,2026-02-20 13:50:22
1400.0,32,9,12.633124351501465,1,8435.888965771926,95530.06311312786,21.0,122.0,8.306211471557617,1400,2026-02-20 13:50:22,2026-02-20 13:50:22
1400.0,32,11,9.638894081115723,3,9671.238555107388,46327.586901096336,23.676590776893498,14.771313374334449,8.306211471557617,1402,2026-02-20 13:50:22,2026-02-20 13:50:22
1400.0,32,15,10.699761390686035,2,14897.427427310387,77888.00811170631,35.0,83.55204914833939,8.306211471557617,1405,2026-02-20 13:50:22,2026-02-20 13:50:22
1400.0,32,19,8.44972038269043,3,18321.469913647044,58609.561246408215,42.418758720396085,41.537851963623346,8.306211471557617,1408,2026-02-20 13:50:22,2026-02-20 13:50:22
1400.0,32,22,8.71545124053955,1,19051.273581156544,43220.532289973664,44.0,8.0,8.306211471557617,1411,2026-02-20 13:50:22,2026-02-20 13:50:22
1400.0,32,31,8.803193092346191,2,28136.86957688365,69230.9683600731,63.68545799074207,64.68545799074207,8.306211471557617,1417,2026-02-20 13:50:22,2026-02-20 13:50:22
1400.0,32,42,15.959362030029297,5,8603.392624863016,78937.87123922817,21.36292459469736,85.84005278083454,13.306211471557617,1420,2026-02-20 13:50:22,2026-02-20 13:50:22
1400.0,32,45,15.366976737976074,1,12128.196658079618,57445.05382960332,29.0,39.0,13.306211471557617,1422,2026-02-20 13:50:22,2026-02-20 13:50:22
1400.0,32,46,13.3080415725708,16,16879.453043237707,72854.9083272338,39.2943888345092,72.58323779788678,13.306211471557617,1423,2026-02-20 13:50:22,2026-02-20 13:50:22
1400.0,32,53,14.143903732299805,2,22596.259783443522,74881.56410398806,51.680803438288464,77.0,13.306211471557617,1428,2026-02-20 13:50:22,2026-02-20 13:50:22
1400.0,32,56,13.5,1,28743.58127346423,78552.40837227958,65.0,85.0,13.306211471557617,1430,2026-02-20 13:50:22,2026-02-20 13:50:22
1400.0,32,60,24.83418083190918,48,-772.3186489369392,72200.49553501999,1.0488835014641265,71.15705298723363,18.306211471557617,1433,2026-02-20 13:50:22,2026-02-20 13:50:22
1400.0,32,61,26.578821182250977,24,360.45673646749367,59440.8504620318,3.5032301698403976,43.34950978371492,18.306211471557617,1434,2026-02-20 13:50:22,2026-02-20 13:50:22
1400.0,32,64,18.108617782592773,4,6192.73141817491,70268.93118478205,16.1398253135398,66.94752687484004,18.306211471557617,1437,2026-02-20 13:50:22,2026-02-20 13:50:22
1400.0,32,66,23.3902645111084,12,10533.528283611628,63050.90778990632,25.54488518865269,51.21703466687694,18.306211471557617,1439,2026-02-20 13:50:22,2026-02-20 13:50:22
1400.0,32,70,17.813737869262695,3,22935.18984417322,67499.84159967868,52.415151903202805,60.91275256633003,18.306211471557617,1443,2026-02-20 13:50:22,2026-02-20 13:50:22
1400.0,32,71,19.288976669311523,3,23866.540685221382,63409.62943440725,54.43307872547382,51.998809361269814,18.306211471557617,1444,2026-02-20 13:50:22,2026-02-20 13:50:22
1400.0,32,73,20.350040435791016,2,26037.563183375885,53378.199250939375,59.136960804808574,30.136960804808577,18.306211471557617,1446,2026-02-20 13:50:22,2026-02-20 13:50:22
1400.0,33,4,7.926508903503418,6,173.53147585413905,52525.44146511757,3.0982254385114625,28.27851577473663,8.306211471557617,1448,2026-02-20 13:54:45,2026-02-20 13:54:45
1400.0,33,10,11.375531196594238,11,7361.176486235694,49076.10537382922,18.671456294338164,20.7612563342674,8.306211471557617,1450,2026-02-20 13:54:45,2026-02-20 13:54:45
1400.0,33,45,9.077205657958984,3,28282.04281192577,72759.16661053701,64.0,72.37458450790922,8.306211471557617,1475,2026-02-20 13:54:45,2026-02-20 13:54:45
1400.0,33,64,13.561841011047363,1,9820.504350387311,80846.68603996179,24.0,90.0,13.306211471557617,1483,2026-02-20 13:54:45,2026-02-20 13:54:45
1400.0,33,66,14.771637916564941,1,16743.58127346423,74881.56410398806,39.0,77.0,13.306211471557617,1485,2026-02-20 13:54:45,2026-02-20 13:54:45
1400.0,33,73,13.5,1,26435.888965771926,46432.52102472875,60.0,15.0,13.306211471557617,1489,2026-02-20 13:54:45,2026-02-20 13:54:45
1400.0,33,78,23.078672409057617,26,-910.2552141054457,73562.05290971667,0.750020943599029,74.12434285339923,18.306211471557617,1493,2026-02-20 13:54:45,2026-02-20 13:54:45
1400.0,33,80,21.94826889038086,18,162.25358299817154,61338.54152115117,3.0737900039901995,47.48521464161149,18.306211471557617,1495,2026-02-20 13:54:45,2026-02-20 13:54:45
1400.0,33,82,18.580780029296875,1,6128.196658079618,73046.14196984228,16.0,73.0,18.306211471557617,1497,2026-02-20 13:54:45,2026-02-20 13:54:45
1400.0,33,84,18.386966705322266,2,8393.616299245941,97824.34078081007,20.908409222527034,127.0,18.306211471557617,1499,2026-02-20 13:54:45,2026-02-20 13:54:45
1400.0,33,85,24.0,1,9820.504350387311,57445.05382960332,24.0,39.0,18.306211471557617,1500,2026-02-20 13:54:45,2026-02-20 13:54:45
1400.0,33,87,17.27325439453125,9,10703.13270634614,66014.57241648913,25.912361437910796,57.67585320556074,18.306211471557617,1502,2026-02-20 13:54:45,2026-02-20 13:54:45
1400.0,33,90,14.562931060791016,4,23996.036337622652,67842.74817629231,54.7136526390099,61.66006092713547,18.306211471557617,1505,2026-02-20 13:54:45,2026-02-20 13:54:45
1400.0,33,91,19.44839859008789,8,26562.99812562007,55644.758768524865,60.275403179670974,35.07655366558746,18.306211471557617,1506,2026-02-20 13:54:45,2026-02-20 13:54:45
1400.0,34,8,11.00681209564209,2,3957.79358409826,56986.19829606688,11.297460006373724,38.0,8.306211471557617,1511,2026-02-20 13:59:07,2026-02-20 13:59:07
1400.0,34,24,10.93065357208252,6,16353.339149366711,77424.96148476886,38.1544753977887,82.5429153511098,8.306211471557617,1522,2026-02-20 13:59:07,2026-02-20 13:59:07
1400.0,34,26,9.60954475402832,3,18568.21461744892,58821.62043021264,42.95337224530015,42.0,8.306211471557617,1523,2026-02-20 13:59:07,2026-02-20 13:59:07
1400.0,34,27,8.495783805847168,2,18589.735119618083,49160.67614365012,43.0,20.945564386889345,8.306211471557617,1524,2026-02-20 13:59:07,2026-02-20 13:59:07
1400.0,34,28,9.996467590332031,1,19512.812042695004,43220.532289973664,45.0,8.0,8.306211471557617,1525,2026-02-20 13:59:07,2026-02-20 13:59:07
1400.0,34,44,14.178595542907715,1,-1256.4187265357668,53315.35402777536,0.0,30.0,13.306211471557617,1536,2026-02-20 13:59:07,2026-02-20 13:59:07
1400.0,34,57,14.498770713806152,1,8435.888965771926,48267.943158874514,21.0,19.0,13.306211471557617,1543,2026-02-20 13:59:07,2026-02-20 13:59:07
1400.0,34,66,13.531789779663086,2,17666.658196541153,67006.93276515415,41.0,59.83853900999423,13.306211471557617,1549,2026-02-20 13:59:07,2026-02-20 13:59:07
1400.0,34,70,15.827556610107422,12,24468.983511689228,70953.67987594244,55.738371516154146,68.43982377683656,13.306211471557617,1553,2026-02-20 13:59:07,2026-02-20 13:59:07
1400.0,34,76,18.457902908325195,1,-1256.4187265357668,70293.00876862365,0.0,67.0,18.306211471557617,1557,2026-02-20 13:59:07,2026-02-20 13:59:07
1400.0,34,77,20.784852981567383,16,-796.9661308510204,75710.41646351093,0.9954806239836174,78.8063470938987,18.306211471557617,1558,2026-02-20 13:59:07,2026-02-20 13:59:07
1400.0,34,79,19.249731063842773,2,-333.34180345884374,62708.11053642727,2.0,50.469964557823054,18.306211471557617,1560,2026-02-20 13:59:07,2026-02-20 13:59:07
1400.0,34,80,18.72776222229004,2,154.95041846267915,63869.031299113485,3.057966480829966,53.0,18.306211471557617,1561,2026-02-20 13:59:07,2026-02-20 13:59:07
1400.0,34,84,19.666893005371094,7,10154.322767102709,65382.631667750225,24.723273236216695,56.29864250948722,18.306211471557617,1565,2026-02-20 13:59:07,2026-02-20 13:59:07
1400.0,34,85,20.835195541381836,3,10018.54161700109,57473.8813927297,24.429080744329855,39.062824922049444,18.306211471557617,1566,2026-02-20 13:59:07,2026-02-20 13:59:07
1400.0,34,86,19.135578155517578,3,10175.527755268637,77175.84177167025,24.76921737724287,82.0,18.306211471557617,1567,2026-02-20 13:59:07,2026-02-20 13:59:07
1400.0,34,87,21.917055130004883,7,10682.367047420797,68540.35806098265,25.86736917690589,63.18038668045872,18.306211471557617,1568,2026-02-20 13:59:07,2026-02-20 13:59:07
1400.0,34,88,20.464797973632812,11,26750.488158222255,57880.08027503962,60.68163158364238,39.94806843034781,18.306211471557617,1569,2026-02-20 13:59:07,2026-02-20 13:59:07
1400.0,35,20,9.417581558227539,3,19127.17169592813,51669.202332255125,44.16444591533843,26.41248372263665,8.306211471557617,1580,2026-02-20 14:03:30,2026-02-20 14:03:30
1400.0,35,21,10.930521965026855,3,19068.21043702175,60198.187030821966,44.03669652104128,45.0,8.306211471557617,1581,2026-02-20 14:03:30,2026-02-20 14:03:30
1400.0,35,30,8.397214889526367,1,21820.50435038731,46432.52102472875,50.0,15.0,8.306211471557617,1589,2026-02-20 14:03:30,2026-02-20 14:03:30
1400.0,35,33,10.0,2,21864.03838768521,78552.40837227958,50.09432374747878,85.0,8.306211471557617,1590,2026-02-20 14:03:30,2026-02-20 14:03:30
1400.0,35,68,15.56286907196045,2,16530.180264313865,79011.26390581601,38.53763114684087,86.0,13.306211471557617,1613,2026-02-20 14:03:30,2026-02-20 14:03:30
1400.0,35,70,15.712876319885254,5,22498.499543532016,70960.42953686978,51.468989585146865,68.45453355024894,13.306211471557617,1615,2026-02-20 14:03:30,2026-02-20 14:03:30
1400.0,35,80,19.169218063354492,2,-1158.913330768794,75340.4196375245,0.2112616908284412,78.0,18.306211471557617,1623,2026-02-20 14:03:30,2026-02-20 14:03:30
1400.0,35,84,19.13074493408203,1,589.7351196180794,55609.63169545756,4.0,35.0,18.306211471557617,1627,2026-02-20 14:03:30,2026-02-20 14:03:30
1400.0,35,86,16.692955017089844,3,4047.6014320783556,64769.28487492883,11.492043676997264,54.96195427540562,18.306211471557617,1629,2026-02-20 14:03:30,2026-02-20 14:03:30
1400.0,35,87,17.866134643554688,13,9817.863151804811,68299.08082443912,23.99427740307125,62.65456271428799,18.306211471557617,1630,2026-02-20 14:03:30,2026-02-20 14:03:30
1400.0,35,88,19.3258113861084,2,8761.64597182043,79470.11943935245,21.705806846438424,87.0,18.306211471557617,1631,2026-02-20 14:03:30,2026-02-20 14:03:30
1400.0,35,90,19.0,6,9687.24246681402,57519.12170918721,23.711265918924536,39.161418734591784,18.306211471557617,1633,2026-02-20 14:03:30,2026-02-20 14:03:30
1400.0,35,96,23.002016067504883,13,27135.431515388205,59854.872008040205,61.51567552416861,44.25180149809724,18.306211471557617,1639,2026-02-20 14:03:30,2026-02-20 14:03:30
1400.0,36,1,11.682313919067383,1,-1256.4187265357668,40926.25462229147,0.0,3.0,8.306211471557617,1640,2026-02-20 14:07:52,2026-02-20 14:07:52
1400.0,36,58,17.637741088867188,10,557.1353640007827,57944.76144832806,3.929367196162524,40.089030385824174,13.306211471557617,1680,2026-02-20 14:07:52,2026-02-20 14:07:52
1400.0,36,77,15.405092239379883,8,18623.869983814544,53661.16891266008,43.07395887242566,30.753646539292006,13.306211471557617,1693,2026-02-20 14:07:52,2026-02-20 14:07:52
1400.0,36,82,15.846235275268555,3,21626.245184013536,71964.61314844937,49.57910513952349,70.64298620732,13.306211471557617,1698,2026-02-20 14:07:52,2026-02-20 14:07:52
1400.0,36,94,18.71006202697754,3,900.6007562955489,74422.70857045162,4.673542212801184,76.0,18.306211471557617,1706,2026-02-20 14:07:52,2026-02-20 14:07:52
1400.0,36,96,21.411907196044922,4,8210.068422599346,82305.57706666482,20.510722156459412,93.17941251674408,18.306211471557617,1708,2026-02-20 14:07:52,2026-02-20 14:07:52
1400.0,36,97,24.659536361694336,31,10011.29233567497,58812.542699596925,24.413373968123263,41.98021658244861,18.306211471557617,1709,2026-02-20 14:07:52,2026-02-20 14:07:52
1400.0,36,100,15.272025108337402,6,10152.89554539462,71191.81261883899,24.720180922515837,68.95879483742556,18.306211471557617,1712,2026-02-20 14:07:52,2026-02-20 14:07:52
1400.0,36,105,22.843400955200195,13,27443.105585249938,62044.329162247195,62.182302675535695,49.023362467042396,18.306211471557617,1717,2026-02-20 14:07:52,2026-02-20 14:07:52
1400.0,36,106,18.5,1,28743.58127346423,67081.02003386857,65.0,60.0,18.306211471557617,1718,2026-02-20 14:07:52,2026-02-20 14:07:52
1400.0,37,20,12.42213249206543,1,14897.427427310387,57903.909363139755,35.0,40.0,8.306211471557617,1731,2026-02-20 14:12:16,2026-02-20 14:12:16
1400.0,37,22,8.910722732543945,7,16508.489989933914,73298.43292280623,38.49063555235098,73.54982654566572,8.306211471557617,1733,2026-02-20 14:12:16,2026-02-20 14:12:16
1400.0,37,31,11.605992317199707,4,21831.529570609964,80092.22015482174,50.02388797714909,88.35576596554192,8.306211471557617,1738,2026-02-20 14:12:16,2026-02-20 14:12:16
1400.0,37,41,8.819997787475586,2,26897.427427310387,48110.9240564572,61.0,18.657802748487846,8.306211471557617,1744,2026-02-20 14:12:16,2026-02-20 14:12:16
1400.0,37,47,13.485828399658203,1,-1256.4187265357668,43679.38782351011,0.0,9.0,13.306211471557617,1749,2026-02-20 14:12:16,2026-02-20 14:12:16
1400.0,37,48,16.847618103027344,15,-746.4140111175202,72366.88392159993,1.1050102167395344,71.5196690491945,13.306211471557617,1750,2026-02-20 14:12:16,2026-02-20 14:12:16
1400.0,37,49,13.890745162963867,3,-573.1636392003155,81305.54157349822,1.4803860225601444,91.0,13.306211471557617,1751,2026-02-20 14:12:16,2026-02-20 14:12:16
1400.0,37,52,14.630928039550781,4,1576.3110165395237,57630.818200029644,6.137581109996463,39.40484282491838,13.306211471557617,1754,2026-02-20 14:12:16,2026-02-20 14:12:16
1400.0,37,54,13.82760238647461,1,3820.5043503873103,64327.88683264992,11.0,54.0,13.306211471557617,1756,2026-02-20 14:12:16,2026-02-20 14:12:16
1400.0,37,69,13.804780006408691,1,19512.812042695004,62951.3202320406,45.0,51.0,13.306211471557617,1768,2026-02-20 14:12:16,2026-02-20 14:12:16
1400.0,37,76,14.477729797363281,2,24829.25174737345,75340.4196375245,56.51895269346996,78.0,13.306211471557617,1772,2026-02-20 14:12:16,2026-02-20 14:12:16
1400.0,37,86,18.52951431274414,2,7512.812042695003,75216.63471309024,19.0,77.73023116125412,18.306211471557617,1779,2026-02-20 14:12:16,2026-02-20 14:12:16
1400.0,37,87,25.15420913696289,89,9877.919127744952,59411.58062674252,24.124398684274887,43.28572100238828,18.306211471557617,1780,2026-02-20 14:12:16,2026-02-20 14:12:16
1400.0,37,88,20.61651039123535,14,10246.189384904848,69322.42469454072,24.922317574787996,64.88477199653114,18.306211471557617,1781,2026-02-20 14:12:16,2026-02-20 14:12:16
1400.0,37,92,18.347827911376953,1,22743.58127346423,52856.49849423891,52.0,29.0,18.306211471557617,1785,2026-02-20 14:12:16,2026-02-20 14:12:16
1400.0,37,96,22.374366760253906,13,27776.19654231113,64158.82005913173,62.90399974916827,53.63154683519847,18.306211471557617,1789,2026-02-20 14:12:16,2026-02-20 14:12:16
1400.0,38,8,11.412148475646973,7,3378.9359136122725,66310.4381252852,10.04326838698742,58.320643748928106,8.306211471557617,1793,2026-02-20 14:16:39,2026-02-20 14:16:39
1400.0,38,21,10.083749771118164,11,18775.06991539349,58736.45830623509,43.401558724180056,41.81440318846936,8.306211471557617,1802,2026-02-20 14:16:39,2026-02-20 14:16:39
1400.0,38,33,9.0,3,27120.34213685141,50457.854875025136,61.48298187067222,23.7725516117737,8.306211471557617,1810,2026-02-20 14:16:39,2026-02-20 14:16:39
1400.0,38,39,13.591171264648438,3,-877.3218463050603,80656.10274807134,0.8213765738331975,89.58465513007633,13.306211471557617,1814,2026-02-20 14:16:39,2026-02-20 14:16:39
1400.0,38,42,16.598285675048828,7,1774.5314100952235,59793.46561791889,6.567058629367145,44.117976392735535,13.306211471557617,1817,2026-02-20 14:16:39,2026-02-20 14:16:39
1400.0,38,59,15.049468040466309,4,21459.656326431024,76479.81167114772,49.21816261476138,80.48311712586711,13.306211471557617,1828,2026-02-20 14:16:39,2026-02-20 14:16:39
1400.0,38,71,18.796411514282227,1,-794.8802649973053,44138.24335704655,1.0,10.0,18.306211471557617,1835,2026-02-20 14:16:39,2026-02-20 14:16:39
1400.0,38,72,18.47991180419922,1,2435.8889657719255,74422.70857045162,8.0,76.0,18.306211471557617,1836,2026-02-20 14:16:39,2026-02-20 14:16:39
1400.0,38,73,23.56088638305664,44,9588.564216899757,70739.64529304425,23.4974630441103,67.9733706837495,18.306211471557617,1837,2026-02-20 14:16:39,2026-02-20 14:16:39
1400.0,38,74,29.125682830810547,107,9949.266972315354,60778.704428425015,24.278985680844094,46.26514197862877,18.306211471557617,1838,2026-02-20 14:16:39,2026-02-20 14:16:39
1400.0,38,76,18.374963760375977,1,10282.042811925772,76716.98623813382,25.0,81.0,18.306211471557617,1840,2026-02-20 14:16:39,2026-02-20 14:16:39
1400.0,38,77,18.608295440673828,1,12128.196658079618,79470.11943935245,29.0,87.0,18.306211471557617,1841,2026-02-20 14:16:39,2026-02-20 14:16:39
1400.0,38,78,19.159034729003906,2,19648.07671505696,65704.45343325924,45.293073456784235,57.0,18.306211471557617,1842,2026-02-20 14:16:39,2026-02-20 14:16:39
1400.0,38,79,20.13243293762207,6,23082.46620861782,55157.26693778318,52.73425069283278,34.01414557608587,18.306211471557617,1843,2026-02-20 14:16:39,2026-02-20 14:16:39
1400.0,38,83,30.21994972229004,19,28030.679979981804,66610.40793390051,63.45538053078807,58.97437850135314,18.306211471557617,1847,2026-02-20 14:16:39,2026-02-20 14:16:39
1400.0,39,5,9.27835464477539,5,1335.3950006555658,62342.311266901066,5.615596408914554,49.67276534632621,8.306211471557617,1850,2026-02-20 14:21:02,2026-02-20 14:21:02
1400.0,39,7,8.621286392211914,2,4743.581273464233,58426.65002073588,13.0,41.139227097398845,8.306211471557617,1852,2026-02-20 14:21:02,2026-02-20 14:21:02
1400.0,39,14,10.0,1,16743.58127346423,78552.40837227958,39.0,85.0,8.306211471557617,1856,2026-02-20 14:21:02,2026-02-20 14:21:02
1400.0,39,18,9.029134750366211,1,19051.273581156544,42302.821222900784,44.0,6.0,8.306211471557617,1858,2026-02-20 14:21:02,2026-02-20 14:21:02
1400.0,39,24,9.81428050994873,1,22282.04281192577,79470.11943935245,51.0,87.0,8.306211471557617,1863,2026-02-20 14:21:02,2026-02-20 14:21:02
1400.0,39,25,8.5,1,24128.19665807962,79011.26390581601,55.0,86.0,8.306211471557617,1864,2026-02-20 14:21:02,2026-02-20 14:21:02
1400.0,39,26,8.359926223754883,1,26435.888965771926,45055.95442411943,60.0,12.0,8.306211471557617,1865,2026-02-20 14:21:02,2026-02-20 14:21:02
1400.0,39,33,10.015515327453613,1,28282.04281192577,50562.22082655672,64.0,24.0,8.306211471557617,1871,2026-02-20 14:21:02,2026-02-20 14:21:02
1400.0,39,46,13.779865264892578,1,19051.273581156544,53315.35402777536,44.0,30.0,13.306211471557617,1878,2026-02-20 14:21:02,2026-02-20 14:21:02
1400.0,39,59,24.982759475708008,4,-697.0766791255882,46659.67805489072,1.2119077693887204,15.495051303863013,18.306211471557617,1884,2026-02-20 14:21:02,2026-02-20 14:21:02
1400.0,39,60,17.768091201782227,5,3099.232763922413,76708.15890112302,9.437244895992723,80.98076227403698,18.306211471557617,1885,2026-02-20 14:21:02,2026-02-20 14:21:02
1400.0,39,62,23.927217483520508,61,8872.93992268584,72643.30465969254,21.94694373998015,72.12208248412078,18.306211471557617,1887,2026-02-20 14:21:02,2026-02-20 14:21:02
1400.0,39,63,26.261886596679688,143,9868.685268216954,62636.8103371469,24.10439198863089,50.31457752624284,18.306211471557617,1888,2026-02-20 14:21:02,2026-02-20 14:21:02
1400.0,39,64,19.735023498535156,5,8720.33343953684,78629.87639757115,21.61629635982398,85.16882879169947,18.306211471557617,1889,2026-02-20 14:21:02,2026-02-20 14:21:02
1400.0,39,65,18.975664138793945,1,9358.965888848848,55609.63169545756,23.0,35.0,18.306211471557617,1890,2026-02-20 14:21:02,2026-02-20 14:21:02
1400.0,39,66,19.243614196777344,1,19051.273581156544,70751.86430216009,44.0,68.0,18.306211471557617,1891,2026-02-20 14:21:02,2026-02-20 14:21:02
1400.0,39,67,27.49187660217285,13,22860.29510880086,57533.83627755499,52.252879976562696,39.19348671087698,18.306211471557617,1892,2026-02-20 14:21:02,2026-02-20 14:21:02
1400.0,39,73,24.975305557250977,22,27934.287611591495,69114.99932380693,63.246530399275734,64.43272259192847,18.306211471557617,1898,2026-02-20 14:21:02,2026-02-20 14:21:02
1400.0,39,74,18.601160049438477,5,27679.029543737044,60480.07835374453,62.69347125225776,45.61433567282061,18.306211471557617,1899,2026-02-20 14:21:02,2026-02-20 14:21:02
1400.0,40,5,10.293262481689453,5,-1157.206238881135,84387.15577467793,0.21496038991836905,97.71587019432769,8.306211471557617,1902,2026-02-20 14:25:24,2026-02-20 14:25:24
1400.0,40,7,8.392467498779297,1,4743.581273464233,61115.89809789484,13.0,47.0,8.306211471557617,1904,2026-02-20 14:25:24,2026-02-20 14:25:24
1400.0,40,17,8.758262634277344,1,17205.119735002692,48726.79869241095,40.0,20.0,8.306211471557617,1911,2026-02-20 14:25:24,2026-02-20 14:25:24
1400.0,40,22,9.639790534973145,5,18681.861527033834,55868.286892019365,43.19960721606746,35.56369636553869,8.306211471557617,1915,2026-02-20 14:25:24,2026-02-20 14:25:24
1400.0,40,25,9.5,6,18879.750293754787,40417.429809794434,43.62836621062953,1.8911001931796054,8.306211471557617,1918,2026-02-20 14:25:24,2026-02-20 14:25:24
1400.0,40,26,9.334590911865234,1,18589.735119618083,46432.52102472875,43.0,15.0,8.306211471557617,1919,2026-02-20 14:25:24,2026-02-20 14:25:24
1400.0,40,32,9.791265487670898,2,21185.724825234505,80387.83050642534,48.62464436216892,89.0,8.306211471557617,1922,2026-02-20 14:25:24,2026-02-20 14:25:24
1400.0,40,33,10.75699234008789,5,21964.142743951987,51471.85733038801,50.311216519390136,25.982402820383683,8.306211471557617,1923,2026-02-20 14:25:24,2026-02-20 14:25:24
1400.0,40,56,13.249822616577148,4,18901.999331899737,71074.49891759694,43.676572459943586,68.70312896294456,13.306211471557617,1936,2026-02-20 14:25:24,2026-02-20 14:25:24
1400.0,40,57,16.0843448638916,2,19599.8325832661,63410.17576557704,45.18854450457071,52.0,13.306211471557617,1937,2026-02-20 14:25:24,2026-02-20 14:25:24
1400.0,40,67,14.494972229003906,1,28743.58127346423,52397.64296070248,65.0,28.0,13.306211471557617,1943,2026-02-20 14:25:24,2026-02-20 14:25:24
1400.0,40,69,18.39841651916504,3,-490.93416280041333,49175.24371498295,1.6585498880932659,20.977312007367093,18.306211471557617,1944,2026-02-20 14:25:24,2026-02-20 14:25:24
1400.0,40,70,21.354402542114258,2,3120.094424324426,79011.26390581601,9.482445160197084,86.0,18.306211471557617,1945,2026-02-20 14:25:24,2026-02-20 14:25:24
1400.0,40,71,25.33319664001465,232,9390.79588598247,66098.38188047224,23.068964993789514,57.858502117598874,18.306211471557617,1946,2026-02-20 14:25:24,2026-02-20 14:25:24
1400.0,40,72,21.364830017089844,4,8116.820020998162,81842.45580019723,20.30868395299018,92.17011605496172,18.306211471557617,1947,2026-02-20 14:25:24,2026-02-20 14:25:24
1400.0,40,73,21.453489303588867,19,9558.917045979008,58309.16585939437,23.433227507115344,40.88318973322882,18.306211471557617,1948,2026-02-20 14:25:24,2026-02-20 14:25:24
1400.0,40,74,25.21895408630371,19,23185.687913876118,59464.76170366291,52.957897720892426,43.4016203934461,18.306211471557617,1949,2026-02-20 14:25:24,2026-02-20 14:25:24
1400.0,40,76,19.84329605102539,14,24113.85253455392,68942.12774063957,54.96892106569432,64.05597747166146,18.306211471557617,1951,2026-02-20 14:25:24,2026-02-20 14:25:24
1400.0,40,79,22.851655960083008,14,28079.427772314924,71441.88594500066,63.56100074750983,69.50378843101772,18.306211471557617,1954,2026-02-20 14:25:24,2026-02-20 14:25:24
1400.0,40,80,21.626266479492188,9,28340.447998424635,62407.26987154873,64.12654457074754,49.81433191771966,18.306211471557617,1955,2026-02-20 14:25:24,2026-02-20 14:25:24
1400.0,41,44,14.388532638549805,1,589.7351196180794,44597.09889058299,4.0,11.0,13.306211471557617,1983,2026-02-20 14:29:47,2026-02-20 14:29:47
1400.0,41,51,12.025558471679688,3,16182.657759765732,50380.45237868511,37.784665720319914,23.60386562962269,13.306211471557617,1988,2026-02-20 14:29:47,2026-02-20 14:29:47
1400.0,41,53,12.432036399841309,4,18993.150623134527,70786.04206906263,43.87406692428563,68.07448480928002,13.306211471557617,1990,2026-02-20 14:29:47,2026-02-20 14:29:47
1400.0,41,54,13.591306686401367,1,19051.273581156544,58821.62043021264,44.0,42.0,13.306211471557617,1991,2026-02-20 14:29:47,2026-02-20 14:29:47
1400.0,41,65,14.03537654876709,1,27358.96588884885,56527.34276253044,62.0,37.0,13.306211471557617,1998,2026-02-20 14:29:47,2026-02-20 14:29:47
1400.0,41,70,20.739307403564453,5,-150.6432741282817,51165.33458462562,2.395846813549551,25.314387021598396,18.306211471557617,2001,2026-02-20 14:29:47,2026-02-20 14:29:47
1400.0,41,71,18.83357048034668,1,2435.8889657719255,81305.54157349822,8.0,91.0,18.306211471557617,2002,2026-02-20 14:29:47,2026-02-20 14:29:47
1400.0,41,72,22.48667335510254,200,9320.900274827789,67784.49258698378,22.91752450295437,61.5331024727837,18.306211471557617,2003,2026-02-20 14:29:47,2026-02-20 14:29:47
1400.0,41,73,18.020065307617188,8,7517.989298622799,77280.32915773249,19.01121738784356,82.22771303476921,18.306211471557617,2004,2026-02-20 14:29:47,2026-02-20 14:29:47
1400.0,41,76,29.017730712890625,22,9722.1986929681,60888.544064333975,23.787004408925043,46.504519359702115,18.306211471557617,2007,2026-02-20 14:29:47,2026-02-20 14:29:47
1400.0,41,80,29.807300567626953,15,23361.110677039695,61717.96057245499,53.337980374413505,48.31209592247912,18.306211471557617,2011,2026-02-20 14:29:47,2026-02-20 14:29:47
1400.0,41,82,21.53011703491211,14,24080.747047499608,70469.53635317886,54.89719251040997,67.3847127726557,18.306211471557617,2013,2026-02-20 14:29:47,2026-02-20 14:29:47
1400.0,41,84,21.535079956054688,7,28362.346559468784,73686.36299035884,64.17399145300986,74.39525618353628,18.306211471557617,2015,2026-02-20 14:29:47,2026-02-20 14:29:47
1400.0,41,85,21.935317993164062,6,28483.597365911,64441.78564258979,64.43670153363466,54.24822368178071,18.306211471557617,2016,2026-02-20 14:29:47,2026-02-20 14:29:47
1400.0,42,8,13.0,1,7051.273581156542,53315.35402777536,18.0,30.0,8.306211471557617,2022,2026-02-20 14:34:10,2026-02-20 14:34:10
1400.0,42,23,9.970797538757324,4,19769.341690861795,44446.52488683836,45.55581423769471,10.671848778668656,8.306211471557617,2033,2026-02-20 14:34:10,2026-02-20 14:34:10
1400.0,42,39,8.209760665893555,4,26781.354262295717,50605.938164486986,60.74850814246822,24.095274731882025,8.306211471557617,2043,2026-02-20 14:34:10,2026-02-20 14:34:10
1400.0,42,45,16.452512741088867,6,1660.4215511620796,47780.08709174083,6.319820601678667,17.93679811732087,13.306211471557617,2044,2026-02-20 14:34:10,2026-02-20 14:34:10
1400.0,42,46,13.828253746032715,3,2833.483316011146,82223.2526405711,8.86145442551831,93.0,13.306211471557617,2045,2026-02-20 14:34:10,2026-02-20 14:34:10
1400.0,42,50,13.341400146484375,2,17153.836505271844,52397.64296070248,39.88888633558316,28.0,13.306211471557617,2048,2026-02-20 14:34:10,2026-02-20 14:34:10
1400.0,42,75,24.813228607177734,12,-122.13014185533345,52672.2728760048,2.4576252668076055,28.598510631844675,18.306211471557617,2067,2026-02-20 14:34:10,2026-02-20 14:34:10
1400.0,42,76,26.87260627746582,197,9206.495601727784,70752.41543170765,22.669647711237694,68.0012010960036,18.306211471557617,2068,2026-02-20 14:34:10,2026-02-20 14:34:10
1400.0,42,77,20.195552825927734,3,8299.205491720379,80084.594181787,20.703852472888315,88.33914641433816,18.306211471557617,2069,2026-02-20 14:34:10,2026-02-20 14:34:10
1400.0,42,78,21.576568603515625,17,9679.268519295336,63356.120348387936,23.693989032634054,51.88219512844817,18.306211471557617,2070,2026-02-20 14:34:10,2026-02-20 14:34:10
1400.0,42,79,20.0,1,19974.350504233465,70293.00876862365,46.0,67.0,18.306211471557617,2071,2026-02-20 14:34:10,2026-02-20 14:34:10
1400.0,42,80,27.533470153808594,30,23609.445377983466,63547.87318740015,53.87603889312501,52.300088833541714,18.306211471557617,2072,2026-02-20 14:34:10,2026-02-20 14:34:10
1400.0,42,83,18.976099014282227,5,28246.231164659457,76379.52985881869,63.92240809758965,80.26456944582466,18.306211471557617,2075,2026-02-20 14:34:10,2026-02-20 14:34:10
1400.0,43,6,11.933891296386719,3,7751.420308060967,63579.83442496179,19.51698457495959,52.36974308248431,8.306211471557617,2079,2026-02-20 14:38:24,2026-02-20 14:38:24
1400.0,43,17,8.815311431884766,1,17666.658196541153,79011.26390581601,41.0,86.0,8.306211471557617,2085,2026-02-20 14:38:24,2026-02-20 14:38:24
1400.0,43,22,10.99089241027832,1,20435.888965771926,46432.52102472875,47.0,15.0,8.306211471557617,2090,2026-02-20 14:38:24,2026-02-20 14:38:24
1400.0,43,40,15.07937240600586,2,2897.4274273103874,83371.95340990716,9.0,95.50340398095003,13.306211471557617,2101,2026-02-20 14:38:24,2026-02-20 14:38:24
1400.0,43,43,15.917886734008789,11,8895.046765664842,82369.0069460468,21.994841899767984,93.31764748340804,13.306211471557617,2103,2026-02-20 14:38:24,2026-02-20 14:38:24
1400.0,43,44,13.867857933044434,1,9358.965888848848,53774.2095613118,23.0,31.0,13.306211471557617,2104,2026-02-20 14:38:24,2026-02-20 14:38:24
1400.0,43,49,14.639235496520996,3,19141.36916593049,73315.83779642267,44.19520710034355,73.58775759878455,13.306211471557617,2108,2026-02-20 14:38:24,2026-02-20 14:38:24
1400.0,43,55,14.096268653869629,2,24438.89456738085,75799.27517106093,55.673178803485996,79.0,13.306211471557617,2113,2026-02-20 14:38:24,2026-02-20 14:38:24
1400.0,43,66,25.02777099609375,10,34.54874673066984,54593.875325754045,2.797096192077279,32.78632642419067,18.306211471557617,2120,2026-02-20 14:38:24,2026-02-20 14:38:24
1400.0,43,67,19.493412017822266,3,2109.494592924238,49678.75638262775,7.2928121921633435,22.074634870108195,18.306211471557617,2121,2026-02-20 14:38:24,2026-02-20 14:38:24
1400.0,43,68,23.29599380493164,232,8834.51656812393,72758.4944646481,21.863693138429344,72.37311967673735,18.306211471557617,2122,2026-02-20 14:38:24,2026-02-20 14:38:24
1400.0,43,70,19.537084579467773,1,17205.119735002692,54691.92062838467,40.0,33.0,18.306211471557617,2124,2026-02-20 14:38:24,2026-02-20 14:38:24
1400.0,43,71,21.42613410949707,36,23418.65238325206,65672.82493115455,53.46265407120697,56.93107089313945,18.306211471557617,2125,2026-02-20 14:38:24,2026-02-20 14:38:24
1400.0,43,73,12.449365615844727,6,27336.27163171733,62428.45734853686,61.95082910954837,49.86050653138257,18.306211471557617,2127,2026-02-20 14:38:24,2026-02-20 14:38:24
1400.0,43,75,17.74545669555664,3,28662.607395295494,78769.08560346044,64.82455659730107,85.47221230941885,18.306211471557617,2129,2026-02-20 14:38:24,2026-02-20 14:38:24
1400.0,44,6,6.2418389320373535,2,5921.5784107437,41131.671795550785,15.552327130772179,3.4476728692278216,8.306211471557617,2130,2026-02-20 14:42:37,2026-02-20 14:42:37
1400.0,44,32,10.0050687789917,1,20897.427427310387,48267.943158874514,48.0,19.0,8.306211471557617,2151,2026-02-20 14:42:37,2026-02-20 14:42:37
1400.0,44,47,15.947362899780273,4,-1256.4187265357668,48158.91251247734,0.0,18.762385678218013,13.306211471557617,2161,2026-02-20 14:42:37,2026-02-20 14:42:37
1400.0,44,52,13.533137321472168,1,7974.350504233464,84517.5303082533,20.0,98.0,13.306211471557617,2162,2026-02-20 14:42:37,2026-02-20 14:42:37
1400.0,44,53,16.53667449951172,2,17205.119735002692,56578.56689321176,40.0,37.11163454930255,13.306211471557617,2163,2026-02-20 14:42:37,2026-02-20 14:42:37
1400.0,44,71,13.5,1,28743.58127346423,80846.68603996179,65.0,90.0,13.306211471557617,2177,2026-02-20 14:42:37,2026-02-20 14:42:37
1400.0,44,73,20.47206687927246,6,-20.818767475977328,55927.64339925342,2.6771332446295437,35.69305408903957,18.306211471557617,2178,2026-02-20 14:42:37,2026-02-20 14:42:37
1400.0,44,76,23.427927017211914,238,8682.297517346347,74686.9067263746,21.53388519507791,76.57577633179397,18.306211471557617,2181,2026-02-20 14:42:37,2026-02-20 14:42:37
1400.0,44,77,20.502517700195312,27,9408.819344871998,57590.17638040028,23.10801582138349,39.31627067822085,18.306211471557617,2182,2026-02-20 14:42:37,2026-02-20 14:42:37
1400.0,44,78,19.50621223449707,2,9358.965888848848,68266.63789256825,23.0,62.58385869199837,18.306211471557617,2183,2026-02-20 14:42:37,2026-02-20 14:42:37
1400.0,44,80,20.66188621520996,35,23468.094708896664,67994.32211056144,53.5697791101036,61.99039133222162,18.306211471557617,2185,2026-02-20 14:42:37,2026-02-20 14:42:37
1400.0,44,82,19.29904556274414,15,27735.437951196527,64450.28923561971,62.81568946841997,54.266755861101686,18.306211471557617,2187,2026-02-20 14:42:37,2026-02-20 14:42:37
1400.0,44,84,19.444225311279297,1,27820.50435038731,73504.99750337873,63.0,74.0,18.306211471557617,2189,2026-02-20 14:42:37,2026-02-20 14:42:37
1400.0,45,7,9.938162803649902,4,5206.773167519959,43472.98643919064,14.00358243712074,8.550182204998785,8.306211471557617,2191,2026-02-20 14:47:00,2026-02-20 14:47:00
1400.0,45,34,13.5291109085083,9,-164.35738142505326,58357.56322880092,2.366132914406546,40.98866382228152,13.306211471557617,2207,2026-02-20 14:47:00,2026-02-20 14:47:00
1400.0,45,36,14.0,1,3820.5043503873103,62033.609164967726,11.0,49.0,13.306211471557617,2209,2026-02-20 14:47:00,2026-02-20 14:47:00
1400.0,45,46,13.56483268737793,5,17509.488404189844,59185.30048438865,40.6594654499055,42.79258073096143,13.306211471557617,2216,2026-02-20 14:47:00,2026-02-20 14:47:00
1400.0,45,50,14.24211311340332,1,20897.427427310387,53774.2095613118,48.0,31.0,13.306211471557617,2220,2026-02-20 14:47:00,2026-02-20 14:47:00
1400.0,45,63,14.970161437988281,1,28743.58127346423,83140.96370764397,65.0,95.0,13.306211471557617,2231,2026-02-20 14:47:00,2026-02-20 14:47:00
1400.0,45,65,18.56837272644043,1,-1256.4187265357668,49644.50975948383,0.0,22.0,18.306211471557617,2232,2026-02-20 14:47:00,2026-02-20 14:47:00
1400.0,45,66,24.728389739990234,209,8447.989701024822,76291.78917343856,21.026218259714607,80.07335308475368,18.306211471557617,2233,2026-02-20 14:47:00,2026-02-20 14:47:00
1400.0,45,67,27.117172241210938,46,9521.852160514423,60001.47411178974,23.35292025527541,44.571296618096476,18.306211471557617,2234,2026-02-20 14:47:00,2026-02-20 14:47:00
1400.0,45,68,20.31997299194336,2,8178.043366324273,81305.54157349822,20.441334534530085,91.0,18.306211471557617,2235,2026-02-20 14:47:00,2026-02-20 14:47:00
1400.0,45,69,19.958534240722656,1,10743.581273464233,68916.44216801433,26.0,64.0,18.306211471557617,2236,2026-02-20 14:47:00,2026-02-20 14:47:00
1400.0,45,72,22.453886032104492,24,23389.327093270207,71193.0163670397,53.39911594291295,68.96141820820947,18.306211471557617,2239,2026-02-20 14:47:00,2026-02-20 14:47:00
1400.0,45,74,18.033519744873047,4,23659.576839969475,59005.971622338206,53.984657060761364,42.401763035752786,18.306211471557617,2241,2026-02-20 14:47:00,2026-02-20 14:47:00
1400.0,45,77,27.741514205932617,8,28043.85791895101,66189.37462324508,63.48393273188802,58.056805801705174,18.306211471557617,2244,2026-02-20 14:47:00,2026-02-20 14:47:00
1400.0,46,4,9.355063438415527,1,3358.9658888488484,75799.27517106093,10.0,79.0,8.306211471557617,2246,2026-02-20 14:51:12,2026-02-20 14:51:12
1400.0,46,7,9.53696060180664,1,6589.73511961808,84976.38584178974,17.0,99.0,8.306211471557617,2247,2026-02-20 14:51:12,2026-02-20 14:51:12
1400.0,46,15,12.553454399108887,2,11860.91290672236,81764.39710703466,28.420885205392608,92.0,8.306211471557617,2253,2026-02-20 14:51:12,2026-02-20 14:51:12
1400.0,46,43,14.410164833068848,8,-1116.5496603938423,52048.077473516176,0.30304964330750345,27.238179641221347,13.306211471557617,2271,2026-02-20 14:51:12,2026-02-20 14:51:12
1400.0,46,44,13.608428001403809,1,-333.34180345884374,60657.0425643584,2.0,46.0,13.306211471557617,2272,2026-02-20 14:51:12,2026-02-20 14:51:12
1400.0,46,48,14.499999046325684,6,6289.178160811821,45392.03811237465,16.348793255919773,12.732439000277488,13.306211471557617,2275,2026-02-20 14:51:12,2026-02-20 14:51:12
1400.0,46,52,14.284116744995117,4,15771.44094809862,65797.8879081496,36.893695961707834,57.2036250367741,13.306211471557617,2277,2026-02-20 14:51:12,2026-02-20 14:51:12
1400.0,46,54,17.9403018951416,5,17772.908538348216,61180.38286408772,41.2302090739153,47.140533918586286,13.306211471557617,2279,2026-02-20 14:51:12,2026-02-20 14:51:12
1400.0,46,70,13.585463523864746,2,27820.50435038731,78430.68307247577,63.0,84.73471977363843,13.306211471557617,2291,2026-02-20 14:51:12,2026-02-20 14:51:12
1400.0,46,71,14.078875541687012,1,27820.50435038731,85894.09690886262,63.0,101.0,13.306211471557617,2292,2026-02-20 14:51:12,2026-02-20 14:51:12
1400.0,46,75,23.04795265197754,199,8138.917980433049,77730.28935591236,20.3565628650991,83.20832711762006,18.306211471557617,2295,2026-02-20 14:51:12,2026-02-20 14:51:12
1400.0,46,76,28.360794067382812,56,9777.908246165305,62396.036402642094,23.90770844085232,49.78985042390383,18.306211471557617,2296,2026-02-20 14:51:12,2026-02-20 14:51:12
1400.0,46,78,21.56014060974121,10,10269.548944150567,70907.65532976185,24.97292995315372,68.33952086488107,18.306211471557617,2298,2026-02-20 14:51:12,2026-02-20 14:51:12
1400.0,46,80,19.017168045043945,1,21820.50435038731,56527.34276253044,50.0,37.0,18.306211471557617,2300,2026-02-20 14:51:12,2026-02-20 14:51:12
1400.0,46,83,22.059711456298828,19,23167.206524601483,73577.60136706084,52.91785471079738,74.15822815325454,18.306211471557617,2303,2026-02-20 14:51:12,2026-02-20 14:51:12
1400.0,46,84,18.83188247680664,8,23603.53585067837,61672.78209113663,53.863234917297305,48.21363686942998,18.306211471557617,2304,2026-02-20 14:51:12,2026-02-20 14:51:12
1400.0,47,8,11.894110679626465,3,7246.887194480176,52979.57002879877,18.42382949553454,29.268214123106105,8.306211471557617,2312,2026-02-20 14:55:35,2026-02-20 14:55:35
1400.0,47,15,9.290578842163086,2,10743.581273464233,60028.277529588675,26.0,44.62971024905425,8.306211471557617,2316,2026-02-20 14:55:35,2026-02-20 14:55:35
1400.0,47,37,16.23387336730957,8,-1061.116150095309,54165.29972052343,0.4231555822876587,31.852316536748422,13.306211471557617,2330,2026-02-20 14:55:35,2026-02-20 14:55:35
1400.0,47,38,13.979388236999512,1,1512.8120426950027,59280.47596374908,6.0,43.0,13.306211471557617,2331,2026-02-20 14:55:35,2026-02-20 14:55:35
1400.0,47,39,15.133390426635742,1,2897.4274273103874,58821.62043021264,9.0,42.0,13.306211471557617,2332,2026-02-20 14:55:35,2026-02-20 14:55:35
1400.0,47,41,13.437249183654785,8,6450.876265673184,47955.660133476005,16.69913914978606,18.319430621242137,13.306211471557617,2333,2026-02-20 14:55:35,2026-02-20 14:55:35
1400.0,47,46,15.315646171569824,6,17727.142958782457,63401.70952246744,41.13105031818949,51.98154921867379,13.306211471557617,2335,2026-02-20 14:55:35,2026-02-20 14:55:35
1400.0,47,61,14.577075958251953,7,27855.366773748516,88000.83942217164,63.07553525061595,105.59129804335618,13.306211471557617,2346,2026-02-20 14:55:35,2026-02-20 14:55:35
1400.0,47,62,15.853571891784668,1,27820.50435038731,69375.29770155076,63.0,65.0,13.306211471557617,2347,2026-02-20 14:55:35,2026-02-20 14:55:35
1400.0,47,64,13.440850257873535,1,28282.04281192577,70751.86430216009,64.0,68.0,13.306211471557617,2349,2026-02-20 14:55:35,2026-02-20 14:55:35
1400.0,47,65,14.0,1,28743.58127346423,79011.26390581601,65.0,86.0,13.306211471557617,2350,2026-02-20 14:55:35,2026-02-20 14:55:35
1400.0,47,67,23.625518798828125,144,8276.252810635122,79033.86265297305,20.654121663870256,86.04925024436965,18.306211471557617,2351,2026-02-20 14:55:35,2026-02-20 14:55:35
1400.0,47,68,19.312541961669922,1,6589.73511961808,84058.67477471687,17.0,97.0,18.306211471557617,2352,2026-02-20 14:55:35,2026-02-20 14:55:35
1400.0,47,69,23.876445770263672,52,10084.724601820993,65000.91988396385,24.572477211439644,55.46676459609586,18.306211471557617,2353,2026-02-20 14:55:35,2026-02-20 14:55:35
1400.0,47,70,22.521575927734375,9,10586.67486268783,72935.646605261,25.66003610998446,72.75919356637222,18.306211471557617,2354,2026-02-20 14:55:35,2026-02-20 14:55:35
1400.0,47,71,20.950307846069336,1,10743.581273464233,41843.96568936435,26.0,5.0,18.306211471557617,2355,2026-02-20 14:55:35,2026-02-20 14:55:35
1400.0,47,72,19.749055862426758,5,22114.908821597306,68956.8621843101,50.63787635428832,64.08808876289287,18.306211471557617,2356,2026-02-20 14:55:35,2026-02-20 14:55:35
1400.0,47,73,20.369226455688477,6,23092.13125858036,75934.07002810996,52.75519163441828,79.29376317206018,18.306211471557617,2357,2026-02-20 14:55:35,2026-02-20 14:55:35
1400.0,47,75,22.610462188720703,15,24179.510967476108,63210.80517462714,55.11118100369239,51.565504660228605,18.306211471557617,2359,2026-02-20 14:55:35,2026-02-20 14:55:35
1400.0,48,2,9.043997764587402,6,-718.4809660871913,64450.34701515787,1.1655318143052469,54.26688178208104,8.306211471557617,2362,2026-02-20 14:59:58,2026-02-20 14:59:58
1400.0,48,4,9.9829740524292,6,1233.6595265096792,61121.7525562407,5.395169548265133,47.01275882694656,8.306211471557617,2364,2026-02-20 14:59:58,2026-02-20 14:59:58
1400.0,48,39,17.5,4,28684.692353577004,72559.47911490533,64.87240734024434,71.93939852662078,8.306211471557617,2384,2026-02-20 14:59:58,2026-02-20 14:59:58
1400.0,48,42,12.36131477355957,2,28743.58127346423,77676.205571291,65.0,83.09046042392553,8.306211471557617,2387,2026-02-20 14:59:58,2026-02-20 14:59:58
1400.0,48,54,14.217427253723145,1,7974.350504233464,55150.776161921116,20.0,34.0,13.306211471557617,2394,2026-02-20 14:59:58,2026-02-20 14:59:58
1400.0,48,55,14.242828369140625,4,8559.610110894466,85731.48269854549,21.268062481098834,100.64560913308848,13.306211471557617,2395,2026-02-20 14:59:58,2026-02-20 14:59:58
1400.0,48,62,14.419788360595703,1,15358.96588884885,71210.71983569654,36.0,69.0,13.306211471557617,2399,2026-02-20 14:59:58,2026-02-20 14:59:58
1400.0,48,84,14.252195358276367,1,27820.50435038731,90482.65224422702,63.0,111.0,13.306211471557617,2418,2026-02-20 14:59:58,2026-02-20 14:59:58
1400.0,48,88,18.56545066833496,1,589.7351196180794,54691.92062838467,4.0,33.0,18.306211471557617,2421,2026-02-20 14:59:58,2026-02-20 14:59:58
1400.0,48,90,23.583614349365234,69,7839.767981717707,80153.96180143821,19.708404534549192,88.4903217071729,18.306211471557617,2423,2026-02-20 14:59:58,2026-02-20 14:59:58
1400.0,48,92,19.696178436279297,54,10171.624220870632,67657.4583325326,24.76075971938053,61.25625225486848,18.306211471557617,2425,2026-02-20 14:59:58,2026-02-20 14:59:58
1400.0,48,95,21.332134246826172,5,10402.760896838912,75296.59568477536,25.261555850645138,77.90449291869406,18.306211471557617,2428,2026-02-20 14:59:58,2026-02-20 14:59:58
1400.0,48,96,20.031753540039062,5,11130.030676980334,43126.73405506572,26.83730704095155,7.795582208227864,18.306211471557617,2429,2026-02-20 14:59:58,2026-02-20 14:59:58
1400.0,48,97,18.375621795654297,2,19974.350504233465,56931.888539599335,46.0,37.881640837914766,18.306211471557617,2430,2026-02-20 14:59:58,2026-02-20 14:59:58
1400.0,48,99,17.133602142333984,2,22223.884510625638,71727.39559570704,50.873990347183046,70.12600965281696,18.306211471557617,2432,2026-02-20 14:59:58,2026-02-20 14:59:58
1400.0,48,100,16.216598510742188,5,24094.447885972644,66134.3647382387,54.92687766043488,57.936920824875074,18.306211471557617,2433,2026-02-20 14:59:58,2026-02-20 14:59:58
1400.0,48,103,19.968564987182617,4,26517.095177946223,60055.88245882921,60.17594679304431,44.68987064208205,18.306211471557617,2436,2026-02-20 14:59:58,2026-02-20 14:59:58
1400.0,49,3,8.58176040649414,4,531.5537618805538,63777.30231036478,3.8739403915686945,52.800091789148226,8.306211471557617,2438,2026-02-20 15:04:11,2026-02-20 15:04:11
1400.0,49,22,10.595331192016602,1,11205.119735002694,63410.17576557704,27.0,52.0,8.306211471557617,2449,2026-02-20 15:04:11,2026-02-20 15:04:11
1400.0,49,40,9.847596168518066,5,28000.9250667885,75575.5445265332,63.39091155220258,78.51241593883935,8.306211471557617,2460,2026-02-20 15:04:11,2026-02-20 15:04:11
1400.0,49,45,17.28694725036621,10,641.8397031176105,56268.28263691567,4.112893264248984,36.435421158336766,13.306211471557617,2463,2026-02-20 15:04:11,2026-02-20 15:04:11
1400.0,49,55,14.26522445678711,2,9695.26637946731,86811.8079759355,23.728651063006666,103.0,13.306211471557617,2467,2026-02-20 15:04:11,2026-02-20 15:04:11
1400.0,49,81,14.79470443725586,1,28282.04281192577,91859.21884483634,64.0,114.0,13.306211471557617,2486,2026-02-20 15:04:11,2026-02-20 15:04:11
1400.0,49,83,24.520076751708984,47,7418.037536097569,81754.41406983111,18.79465523570556,91.97824361596643,18.306211471557617,2487,2026-02-20 15:04:11,2026-02-20 15:04:11
1400.0,49,84,19.497556686401367,11,7273.648669019062,52032.725266670066,18.481812690368795,27.20472203697762,18.306211471557617,2488,2026-02-20 15:04:11,2026-02-20 15:04:11
1400.0,49,85,20.826414108276367,48,9702.04505607048,70185.86636841069,23.743338195646864,66.76650079952789,18.306211471557617,2489,2026-02-20 15:04:11,2026-02-20 15:04:11
1400.0,49,87,17.635601043701172,6,10160.80630381159,77056.85359825978,24.73732089908594,81.74068488943911,18.306211471557617,2491,2026-02-20 15:04:11,2026-02-20 15:04:11
1400.0,49,89,19.478679656982422,4,11397.783839502441,57587.278678522314,27.417438893082785,39.309955614619824,18.306211471557617,2493,2026-02-20 15:04:11,2026-02-20 15:04:11
1400.0,49,92,19.04511070251465,2,19974.350504233465,58498.00453820663,46.0,41.29473250652144,18.306211471557617,2496,2026-02-20 15:04:11,2026-02-20 15:04:11
1400.0,49,93,18.635051727294922,1,21358.96588884885,73963.85303691517,49.0,75.0,18.306211471557617,2497,2026-02-20 15:04:11,2026-02-20 15:04:11
1400.0,49,96,20.241657257080078,1,22282.04281192577,73963.85303691517,51.0,75.0,18.306211471557617,2500,2026-02-20 15:04:11,2026-02-20 15:04:11
1400.0,49,99,21.05634117126465,6,23969.89462658932,66334.33702102146,54.657012265104356,58.372727452816484,18.306211471557617,2503,2026-02-20 15:04:11,2026-02-20 15:04:11
1400.0,49,103,15.214546203613281,5,27046.51605377741,61361.399277047916,61.323025357345216,47.535029352835686,18.306211471557617,2507,2026-02-20 15:04:11,2026-02-20 15:04:11
1400.0,49,104,18.58852195739746,5,27098.386180340054,58779.585334389405,61.43541063156428,41.908391437498274,18.306211471557617,2508,2026-02-20 15:04:11,2026-02-20 15:04:11
1400.0,50,1,10.624083518981934,1,-794.8802649973053,67081.02003386857,1.0,60.0,8.306211471557617,2509,2026-02-20 15:08:24,2026-02-20 15:08:24
1400.0,50,11,10.474650382995605,2,9158.295491552652,90023.79671069059,22.565214139191575,110.0,8.306211471557617,2515,2026-02-20 15:08:24,2026-02-20 15:08:24
1400.0,50,15,9.173014640808105,2,10578.617576275785,88647.23011008126,25.642578656091693,107.0,8.306211471557617,2517,2026-02-20 15:08:24,2026-02-20 15:08:24
1400.0,50,33,12.796648025512695,1,28743.58127346423,53315.35402777536,65.0,30.0,8.306211471557617,2526,2026-02-20 15:08:24,2026-02-20 15:08:24
1400.0,50,37,16.27112579345703,9,861.3556173402047,58144.442116689206,4.588511078397938,40.52420148820184,13.306211471557617,2529,2026-02-20 15:08:24,2026-02-20 15:08:24
1400.0,50,38,16.021446228027344,2,5303.712316340884,82682.10817410753,14.213617259566076,94.0,13.306211471557617,2530,2026-02-20 15:08:24,2026-02-20 15:08:24
1400.0,50,47,14.19412612915039,3,13079.51936198401,76716.98623813382,31.06119919179285,81.0,13.306211471557617,2534,2026-02-20 15:08:24,2026-02-20 15:08:24
1400.0,50,48,14.587979316711426,1,18128.19665807962,53774.2095613118,42.0,31.0,13.306211471557617,2535,2026-02-20 15:08:24,2026-02-20 15:08:24
1400.0,50,55,13.435126304626465,13,22196.672057693093,75552.94237146374,50.81503003249587,78.4631582674863,13.306211471557617,2541,2026-02-20 15:08:24,2026-02-20 15:08:24
1400.0,50,66,18.028928756713867,1,27820.50435038731,93694.6409789821,63.0,118.0,13.306211471557617,2547,2026-02-20 15:08:24,2026-02-20 15:08:24
1400.0,50,68,19.97519302368164,14,7816.57471374525,53887.95043443412,19.658152453942204,31.247879484520347,18.306211471557617,2548,2026-02-20 15:08:24,2026-02-20 15:08:24
1400.0,50,69,23.255525588989258,47,9668.542903665979,72496.3233702573,23.67075019877045,71.80176099142255,18.306211471557617,2549,2026-02-20 15:08:24,2026-02-20 15:08:24
1400.0,50,73,21.383697509765625,6,10855.694299660718,60783.76579198084,26.24291155675905,46.276172386210035,18.306211471557617,2553,2026-02-20 15:08:24,2026-02-20 15:08:24
1400.0,50,77,22.510828018188477,13,12434.58845528066,48063.23297468325,29.663848893935594,18.553867896909637,18.306211471557617,2557,2026-02-20 15:08:24,2026-02-20 15:08:24
1400.0,50,79,16.603431701660156,5,23645.539052294203,59448.823984119335,53.95424185413161,43.36688676079109,18.306211471557617,2559,2026-02-20 15:08:24,2026-02-20 15:08:24
1400.0,50,82,18.884855270385742,2,24000.444338202775,68457.58663447789,54.7232033069335,63.0,18.306211471557617,2562,2026-02-20 15:08:24,2026-02-20 15:08:24
1400.0,51,28,13.034505844116211,5,1218.0032416525771,60527.9670604696,5.361247597741412,45.71870121540432,13.306211471557617,2579,2026-02-20 15:12:46,2026-02-20 15:12:46
1400.0,51,31,17.028169631958008,12,6959.280425675547,84703.43528749407,17.800681496457845,98.40514925865224,13.306211471557617,2580,2026-02-20 15:12:46,2026-02-20 15:12:46
1400.0,51,43,13.803396224975586,2,22515.624289250496,76716.98623813382,51.50609320087024,81.0,13.306211471557617,2589,2026-02-20 15:12:46,2026-02-20 15:12:46
1400.0,51,46,14.54323959350586,1,22743.58127346423,82223.2526405711,52.0,93.0,13.306211471557617,2592,2026-02-20 15:12:46,2026-02-20 15:12:46
1400.0,51,54,21.984416961669922,33,9141.549728686985,74763.71372079954,22.528931652982628,76.74316451568049,18.306211471557617,2594,2026-02-20 15:12:46,2026-02-20 15:12:46
1400.0,51,55,24.18815803527832,10,8133.962801979611,55886.73793269989,20.345826645116652,35.60390736732901,18.306211471557617,2595,2026-02-20 15:12:46,2026-02-20 15:12:46
1400.0,51,57,24.079219818115234,19,11015.809609398848,63432.7930913625,26.589828061191668,52.049290733427895,18.306211471557617,2597,2026-02-20 15:12:46,2026-02-20 15:12:46
1400.0,51,61,24.884685516357422,12,13292.28420793217,49863.22508134602,31.522189691347197,22.476653992110602,18.306211471557617,2601,2026-02-20 15:12:46,2026-02-20 15:12:46
1400.0,51,62,19.839744567871094,1,13512.812042695003,77634.6973052067,32.0,83.0,18.306211471557617,2602,2026-02-20 15:12:46,2026-02-20 15:12:46
1400.0,51,64,22.987585067749023,8,24302.95404609967,61185.143617110414,55.37864100737677,47.15090919506167,18.306211471557617,2604,2026-02-20 15:12:46,2026-02-20 15:12:46
1400.0,51,65,18.482437133789062,1,24128.19665807962,70293.00876862365,55.0,67.0,18.306211471557617,2605,2026-02-20 15:12:46,2026-02-20 15:12:46
1400.0,52,1,10.07667064666748,14,709.6389830868491,62238.806327429025,4.2597917041823345,49.44719339195896,8.306211471557617,2608,2026-02-20 15:17:08,2026-02-20 15:17:08
1400.0,52,2,8.705730438232422,2,1974.350504233464,52297.314864618274,7.0,27.78135145214232,8.306211471557617,2609,2026-02-20 15:17:08,2026-02-20 15:17:08
1400.0,52,29,9.713248252868652,4,25973.806921289575,53297.38860376383,58.99882223695491,29.960847319693272,8.306211471557617,2626,2026-02-20 15:17:08,2026-02-20 15:17:08
1400.0,52,40,14.700584411621094,4,8141.060427772635,88495.84376488581,20.36120483433487,106.67007841437868,13.306211471557617,2632,2026-02-20 15:17:08,2026-02-20 15:17:08
1400.0,52,57,14.5,1,23205.119735002692,86352.95244239905,53.0,102.0,13.306211471557617,2644,2026-02-20 15:17:08,2026-02-20 15:17:08
1400.0,52,66,19.16621971130371,25,8813.205627889734,77041.75891543196,21.817519434588586,81.70778851634432,18.306211471557617,2649,2026-02-20 15:17:08,2026-02-20 15:17:08
1400.0,52,67,25.21696662902832,15,8353.466397458815,58218.5422233539,20.821417768654925,40.68569045640409,18.306211471557617,2650,2026-02-20 15:17:08,2026-02-20 15:17:08
1400.0,52,70,22.077129364013672,20,11463.903886819015,66381.7349193063,27.560698995602024,58.47602335930699,18.306211471557617,2653,2026-02-20 15:17:08,2026-02-20 15:17:08
1400.0,52,74,16.04962730407715,6,13449.046794580467,80348.64419142272,31.861841962418506,88.9145998857187,18.306211471557617,2657,2026-02-20 15:17:08,2026-02-20 15:17:08
1400.0,52,75,23.284517288208008,9,13988.50937758941,52582.71769765997,33.03067755893788,28.40333988244865,18.306211471557617,2658,2026-02-20 15:17:08,2026-02-20 15:17:08
1400.0,52,76,16.88260269165039,2,23839.918062018583,58190.512192645656,54.37539637520109,40.62460362479891,18.306211471557617,2659,2026-02-20 15:17:08,2026-02-20 15:17:08
1400.0,52,77,18.953523635864258,4,24445.490837105306,63210.39936654588,55.68747072122232,51.56462026840676,18.306211471557617,2660,2026-02-20 15:17:08,2026-02-20 15:17:08
1400.0,52,78,19.545330047607422,1,24128.19665807962,73046.14196984228,55.0,73.0,18.306211471557617,2661,2026-02-20 15:17:08,2026-02-20 15:17:08
1400.0,52,81,21.074350357055664,2,28743.58127346423,65971.93446520489,65.0,57.582930818953294,18.306211471557617,2664,2026-02-20 15:17:08,2026-02-20 15:17:08
1400.0,53,2,9.259793281555176,6,805.9481813021321,63950.041913482244,4.468461633648781,53.17654928065137,8.306211471557617,2666,2026-02-20 15:21:30,2026-02-20 15:21:30
1400.0,53,3,8.580812454223633,2,1512.8120426950027,48661.75692758464,6.0,19.85825219470489,8.306211471557617,2667,2026-02-20 15:21:30,2026-02-20 15:21:30
1400.0,53,10,12.877429008483887,5,9379.298393677587,52151.38899596612,23.04405376046227,27.46333007507078,8.306211471557617,2671,2026-02-20 15:21:30,2026-02-20 15:21:30
1400.0,53,15,4.045040607452393,3,14760.400235527322,41148.79321651749,34.70310775113669,3.484986184019403,8.306211471557617,2674,2026-02-20 15:21:30,2026-02-20 15:21:30
1400.0,53,17,11.438241958618164,2,15006.28012689954,50562.22082655672,35.2358475157765,24.0,8.306211471557617,2676,2026-02-20 15:21:30,2026-02-20 15:21:30
1400.0,53,38,16.500001907348633,1,7974.350504233464,89106.0856436177,20.0,108.0,13.306211471557617,2687,2026-02-20 15:21:30,2026-02-20 15:21:30
1400.0,53,49,14.5,1,23205.119735002692,89564.94117715413,53.0,109.0,13.306211471557617,2694,2026-02-20 15:21:30,2026-02-20 15:21:30
1400.0,53,51,13.834275245666504,2,24128.19665807962,75206.79974768657,55.0,77.708797475301,13.306211471557617,2695,2026-02-20 15:21:30,2026-02-20 15:21:30
1400.0,53,61,20.96954917907715,22,8859.876846573241,78909.49046792877,21.91864040840285,85.77820156792517,18.306211471557617,2702,2026-02-20 15:21:30,2026-02-20 15:21:30
1400.0,53,62,23.81941795349121,24,11166.467830362111,68567.15717835155,26.91625420661207,63.238790939338124,18.306211471557617,2703,2026-02-20 15:21:30,2026-02-20 15:21:30
1400.0,53,63,25.487119674682617,46,12074.196205485434,56659.96314232823,28.88299901937927,37.28902425732054,18.306211471557617,2704,2026-02-20 15:21:30,2026-02-20 15:21:30
1400.0,53,66,19.22039222717285,3,20435.888965771926,65611.4536912069,47.0,56.797322391787276,18.306211471557617,2707,2026-02-20 15:21:30,2026-02-20 15:21:30
1400.0,53,67,21.539142608642578,3,21556.079574419993,70673.82269150118,49.427079652070816,67.82992117353922,18.306211471557617,2708,2026-02-20 15:21:30,2026-02-20 15:21:30
1400.0,53,68,19.027881622314453,1,24589.735119618083,60198.187030821966,56.0,45.0,18.306211471557617,2709,2026-02-20 15:21:30,2026-02-20 15:21:30
1400.0,53,69,20.111406326293945,1,25512.812042695004,55609.63169545756,58.0,35.0,18.306211471557617,2710,2026-02-20 15:21:30,2026-02-20 15:21:30
1400.0,53,70,20.002826690673828,1,27358.96588884885,62492.46469850416,62.0,50.0,18.306211471557617,2711,2026-02-20 15:21:30,2026-02-20 15:21:30
1400.0,54,1,11.840141296386719,2,1532.73248414253,50562.22082655672,6.0431609564696425,24.0,8.306211471557617,2712,2026-02-20 15:25:53,2026-02-20 15:25:53
1400.0,54,41,14.576285362243652,1,14435.888965771926,77634.6973052067,34.0,83.0,13.306211471557617,2736,2026-02-20 15:25:53,2026-02-20 15:25:53
1400.0,54,43,14.922798156738281,1,15820.504350387311,41843.96568936435,37.0,5.0,13.306211471557617,2738,2026-02-20 15:25:53,2026-02-20 15:25:53
1400.0,54,46,14.297708511352539,1,23666.658196541153,74422.70857045162,54.0,76.0,13.306211471557617,2740,2026-02-20 15:25:53,2026-02-20 15:25:53
1400.0,54,52,21.1458740234375,12,8891.844647599375,62224.65731456559,21.987903977292806,49.416357950672285,18.306211471557617,2743,2026-02-20 15:25:53,2026-02-20 15:25:53
1400.0,54,53,18.5,1,8435.888965771926,80387.83050642534,21.0,89.0,18.306211471557617,2744,2026-02-20 15:25:53,2026-02-20 15:25:53
1400.0,54,54,25.51462745666504,91,12389.41207506519,58546.00407185408,29.56596673680207,41.39933957811435,18.306211471557617,2745,2026-02-20 15:25:53,2026-02-20 15:25:53
1400.0,54,55,21.67489242553711,23,11404.69307857792,71220.08504081897,27.432408911079655,69.020409920853,18.306211471557617,2746,2026-02-20 15:25:53,2026-02-20 15:25:53
1400.0,54,57,18.5,1,15358.96588884885,82682.10817410753,36.0,94.0,18.306211471557617,2748,2026-02-20 15:25:53,2026-02-20 15:25:53
1400.0,54,58,19.232112884521484,4,20314.1864207336,67780.8528617955,46.73631115241696,61.525170291689115,18.306211471557617,2749,2026-02-20 15:25:53,2026-02-20 15:25:53
1400.0,54,59,21.22687339782715,7,25085.751640618684,62421.039161127264,57.07470246216797,49.84433981469851,18.306211471557617,2750,2026-02-20 15:25:53,2026-02-20 15:25:53
1400.0,55,2,10.460576057434082,1,589.7351196180794,45055.95442411943,4.0,12.0,8.306211471557617,2755,2026-02-20 15:30:06,2026-02-20 15:30:06
1400.0,55,4,11.000000953674316,1,1051.2735811565408,39549.688021682145,5.0,0.0,8.306211471557617,2757,2026-02-20 15:30:06,2026-02-20 15:30:06
1400.0,55,5,9.846689224243164,8,2292.621262031848,52457.4563138668,7.689586641896498,28.130353343901813,8.306211471557617,2758,2026-02-20 15:30:06,2026-02-20 15:30:06
1400.0,55,34,10.997126579284668,16,25747.534799679084,69782.35142577294,58.50856597346551,65.88710649533847,8.306211471557617,2777,2026-02-20 15:30:06,2026-02-20 15:30:06
1400.0,55,43,14.425530433654785,1,7974.350504233464,81764.39710703466,20.0,92.0,13.306211471557617,2784,2026-02-20 15:30:06,2026-02-20 15:30:06
1400.0,55,44,16.5,1,7974.350504233464,82682.10817410753,20.0,94.0,13.306211471557617,2785,2026-02-20 15:30:06,2026-02-20 15:30:06
1400.0,55,47,13.502285957336426,1,14897.427427310387,80387.83050642534,35.0,89.0,13.306211471557617,2786,2026-02-20 15:30:06,2026-02-20 15:30:06
1400.0,55,48,14.075718879699707,1,15358.96588884885,84976.38584178974,36.0,99.0,13.306211471557617,2787,2026-02-20 15:30:06,2026-02-20 15:30:06
1400.0,55,49,14.375947952270508,2,16743.58127346423,43985.11279587229,39.0,9.666277183160306,13.306211471557617,2788,2026-02-20 15:30:06,2026-02-20 15:30:06
1400.0,55,50,14.717949867248535,5,20500.152233245037,68272.65558238122,47.139237079525074,62.596973255021275,13.306211471557617,2789,2026-02-20 15:30:06,2026-02-20 15:30:06
1400.0,55,52,14.015236854553223,1,22743.58127346423,76258.13070459737,52.0,80.0,13.306211471557617,2791,2026-02-20 15:30:06,2026-02-20 15:30:06
1400.0,55,59,10.54038143157959,4,9308.37525485697,63808.393904096025,22.890386959684264,52.86785079271003,18.306211471557617,2795,2026-02-20 15:30:06,2026-02-20 15:30:06
1400.0,55,62,23.649059295654297,115,12995.230806657977,60327.62999895357,30.878573988586442,45.28209961234198,18.306211471557617,2798,2026-02-20 15:30:06,2026-02-20 15:30:06
1400.0,55,64,22.992753982543945,8,11551.516265711523,73610.47450048922,27.750525816535795,74.22986972892659,18.306211471557617,2800,2026-02-20 15:30:06,2026-02-20 15:30:06
1400.0,55,66,20.449708938598633,1,25974.350504233465,62492.46469850416,59.0,50.0,18.306211471557617,2802,2026-02-20 15:30:06,2026-02-20 15:30:06
1400.0,55,67,19.336854934692383,1,25974.350504233465,64327.88683264992,59.0,54.0,18.306211471557617,2803,2026-02-20 15:30:06,2026-02-20 15:30:06
1400.0,56,1,11.258279800415039,16,-448.1247810292034,53040.57352395409,1.751303548597554,29.401161185300506,8.306211471557617,2804,2026-02-20 15:34:19,2026-02-20 15:34:19
1400.0,56,2,8.68057632446289,2,-578.9168046141547,45514.80995765587,1.4679208308301597,13.0,8.306211471557617,2805,2026-02-20 15:34:19,2026-02-20 15:34:19
1400.0,56,4,11.490921974182129,2,358.43655990651195,44597.09889058299,3.498853120624937,11.0,8.306211471557617,2807,2026-02-20 15:34:19,2026-02-20 15:34:19
1400.0,56,9,8.399026870727539,1,7974.350504233464,84058.67477471687,20.0,97.0,8.306211471557617,2810,2026-02-20 15:34:19,2026-02-20 15:34:19
1400.0,56,14,10.5,4,14453.489368933902,81665.22692245706,34.03813420685095,91.7838749294069,8.306211471557617,2814,2026-02-20 15:34:19,2026-02-20 15:34:19
1400.0,56,21,8.804632186889648,1,19512.812042695004,60657.0425643584,45.0,46.0,8.306211471557617,2819,2026-02-20 15:34:19,2026-02-20 15:34:19
1400.0,56,38,14.321195602416992,2,9358.965888848848,58849.93696101112,23.0,42.06171121132665,13.306211471557617,2827,2026-02-20 15:34:19,2026-02-20 15:34:19
1400.0,56,42,14.740191459655762,1,17205.119735002692,46432.52102472875,40.0,15.0,13.306211471557617,2830,2026-02-20 15:34:19,2026-02-20 15:34:19
1400.0,56,49,15.931516647338867,3,26477.725221236666,58840.14923533802,60.0906452201736,42.04038047657959,13.306211471557617,2834,2026-02-20 15:34:19,2026-02-20 15:34:19
1400.0,56,51,14.17792797088623,3,26897.427427310387,64465.16243741487,61.0,54.29916955279355,13.306211471557617,2836,2026-02-20 15:34:19,2026-02-20 15:34:19
1400.0,56,54,19.44259262084961,6,10130.010153372721,76730.35245240113,24.67059590646839,81.02912946077885,18.306211471557617,2838,2026-02-20 15:34:19,2026-02-20 15:34:19
1400.0,56,55,18.534299850463867,4,9589.226859763276,66070.73378064626,23.49889877031459,57.798247641396124,18.306211471557617,2839,2026-02-20 15:34:19,2026-02-20 15:34:19
1400.0,56,56,24.809814453125,145,13442.50536500578,62311.26087305137,31.847668865006682,49.605096131115076,18.306211471557617,2840,2026-02-20 15:34:19,2026-02-20 15:34:19
1400.0,56,58,20.5,1,18128.19665807962,54691.92062838467,42.0,33.0,18.306211471557617,2842,2026-02-20 15:34:19,2026-02-20 15:34:19
1400.0,56,59,18.944910049438477,1,20435.888965771926,71669.57536923297,47.0,70.0,18.306211471557617,2843,2026-02-20 15:34:19,2026-02-20 15:34:19
1400.0,56,60,19.119394302368164,1,26435.888965771926,73046.14196984228,60.0,73.0,18.306211471557617,2844,2026-02-20 15:34:19,2026-02-20 15:34:19
1400.0,57,10,8.75409984588623,3,5267.583454733703,45055.95442411943,14.135338059417183,12.0,8.306211471557617,2851,2026-02-20 15:38:42,2026-02-20 15:38:42
1400.0,57,20,9.100458145141602,2,12128.196658079618,49842.17021673176,29.0,22.430768385257444,8.306211471557617,2856,2026-02-20 15:38:42,2026-02-20 15:38:42
1400.0,57,28,11.17443561553955,2,19974.350504233465,60863.57499274403,46.0,46.450103383942796,8.306211471557617,2862,2026-02-20 15:38:42,2026-02-20 15:38:42
1400.0,57,41,10.5,4,-209.3837780779056,46253.07197135351,2.2685757216586993,14.60892036761067,13.306211471557617,2870,2026-02-20 15:38:42,2026-02-20 15:38:42
1400.0,57,42,14.424720764160156,1,128.19665807961792,56068.487228993996,3.0,36.0,13.306211471557617,2871,2026-02-20 15:38:42,2026-02-20 15:38:42
1400.0,57,43,13.691781997680664,1,2435.8889657719255,56986.19829606688,8.0,38.0,13.306211471557617,2872,2026-02-20 15:38:42,2026-02-20 15:38:42
1400.0,57,45,15.240469932556152,5,9543.405315713746,68291.48377830771,23.399618758207275,62.63800620450185,13.306211471557617,2874,2026-02-20 15:38:42,2026-02-20 15:38:42
1400.0,57,51,13.724644660949707,2,17666.658196541153,47571.29168008129,41.0,17.481762934350886,13.306211471557617,2877,2026-02-20 15:38:42,2026-02-20 15:38:42
1400.0,57,52,14.796577453613281,2,20252.137778835393,73963.85303691517,46.601872428304176,75.0,13.306211471557617,2878,2026-02-20 15:38:42,2026-02-20 15:38:42
1400.0,57,59,19.239826202392578,1,9820.504350387311,79011.26390581601,24.0,86.0,18.306211471557617,2880,2026-02-20 15:38:42,2026-02-20 15:38:42
1400.0,57,60,23.959434509277344,156,13803.910513346873,64522.87733761239,32.63071335307905,54.42494966435222,18.306211471557617,2881,2026-02-20 15:38:42,2026-02-20 15:38:42
1400.0,57,61,20.17519760131836,1,10282.042811925772,78093.55283874314,25.0,84.0,18.306211471557617,2882,2026-02-20 15:38:42,2026-02-20 15:38:42
1400.0,57,63,18.67346954345703,1,26435.888965771926,73046.14196984228,60.0,73.0,18.306211471557617,2884,2026-02-20 15:38:42,2026-02-20 15:38:42
1400.0,57,64,19.052629470825195,1,26897.427427310387,66622.16450033212,61.0,59.0,18.306211471557617,2885,2026-02-20 15:38:42,2026-02-20 15:38:42
1400.0,57,65,20.615861892700195,1,27820.50435038731,60198.187030821966,63.0,45.0,18.306211471557617,2886,2026-02-20 15:38:42,2026-02-20 15:38:42
1400.0,57,66,20.16965103149414,1,27820.50435038731,62951.3202320406,63.0,51.0,18.306211471557617,2887,2026-02-20 15:38:42,2026-02-20 15:38:42
1400.0,58,21,9.813491821289062,1,4743.581273464233,69834.1532350872,13.0,66.0,8.306211471557617,2905,2026-02-20 15:43:04,2026-02-20 15:43:04
1400.0,58,38,6.75031042098999,3,17129.788252843842,53994.062576282384,39.83678178865583,31.479133406708982,8.306211471557617,2915,2026-02-20 15:43:04,2026-02-20 15:43:04
1400.0,58,39,9.861491203308105,1,18589.735119618083,49185.65422594739,43.0,21.0,8.306211471557617,2916,2026-02-20 15:43:04,2026-02-20 15:43:04
1400.0,58,40,8.545563697814941,2,19974.350504233465,62460.33853527154,46.0,49.92998632274297,8.306211471557617,2917,2026-02-20 15:43:04,2026-02-20 15:43:04
1400.0,58,41,8.736170768737793,2,20435.888965771926,65655.85039358345,47.0,56.89407768649707,8.306211471557617,2918,2026-02-20 15:43:04,2026-02-20 15:43:04
1400.0,58,50,10.83493423461914,9,26375.412158105108,70164.46012823856,59.868966916721895,66.71984942756525,8.306211471557617,2927,2026-02-20 15:43:04,2026-02-20 15:43:04
1400.0,58,59,14.176780700683594,1,-794.8802649973053,46891.37655826519,1.0,16.0,13.306211471557617,2932,2026-02-20 15:43:04,2026-02-20 15:43:04
1400.0,58,60,18.261737823486328,1,128.19665807961792,46891.37655826519,3.0,16.0,13.306211471557617,2933,2026-02-20 15:43:04,2026-02-20 15:43:04
1400.0,58,61,12.259825706481934,3,497.3713996700846,58152.62821521813,3.7998786067793446,40.542041740592026,13.306211471557617,2934,2026-02-20 15:43:04,2026-02-20 15:43:04
1400.0,58,68,13.59519100189209,1,10282.042811925772,47350.232091801634,25.0,17.0,13.306211471557617,2939,2026-02-20 15:43:04,2026-02-20 15:43:04
1400.0,58,69,14.072436332702637,1,10282.042811925772,70293.00876862365,25.0,67.0,13.306211471557617,2940,2026-02-20 15:43:04,2026-02-20 15:43:04
1400.0,58,70,13.717388153076172,1,10282.042811925772,71210.71983569654,25.0,69.0,13.306211471557617,2941,2026-02-20 15:43:04,2026-02-20 15:43:04
1400.0,58,72,14.144942283630371,1,11205.119735002694,55150.776161921116,27.0,34.0,13.306211471557617,2943,2026-02-20 15:43:04,2026-02-20 15:43:04
1400.0,58,75,15.5,1,26435.888965771926,59739.33149728552,60.0,44.0,13.306211471557617,2945,2026-02-20 15:43:04,2026-02-20 15:43:04
1400.0,58,79,22.5827579498291,182,14236.065487545166,66521.13402520471,33.567049130508686,58.779820732794136,18.306211471557617,2947,2026-02-20 15:43:04,2026-02-20 15:43:04
1400.0,58,80,18.563703536987305,1,10282.042811925772,80387.83050642534,25.0,89.0,18.306211471557617,2948,2026-02-20 15:43:04,2026-02-20 15:43:04
1400.0,58,81,18.5,1,26897.427427310387,75799.27517106093,61.0,79.0,18.306211471557617,2949,2026-02-20 15:43:04,2026-02-20 15:43:04
1400.0,58,82,18.56361198425293,3,28503.710103398837,64745.84114774169,64.48027913152498,54.91086253634244,18.306211471557617,2950,2026-02-20 15:43:04,2026-02-20 15:43:04
1400.0,59,38,10.164068222045898,2,10024.32322329245,84517.5303082533,24.441607557961134,98.0,8.306211471557617,2982,2026-02-20 15:47:27,2026-02-20 15:47:27
1400.0,59,41,8.685009956359863,3,10869.493175851932,74881.56410398806,26.272809121840016,77.0,8.306211471557617,2985,2026-02-20 15:47:27,2026-02-20 15:47:27
1400.0,59,50,12.516841888427734,3,18318.276282877276,51479.93189362959,42.41183918706158,26.0,8.306211471557617,2992,2026-02-20 15:47:27,2026-02-20 15:47:27
1400.0,59,53,9.138750076293945,2,20435.888965771926,61017.4763375304,47.0,46.78550599661316,8.306211471557617,2995,2026-02-20 15:47:27,2026-02-20 15:47:27
1400.0,59,58,11.406414031982422,5,26949.53483199097,71954.75188661394,61.11289937680793,70.62149521262846,8.306211471557617,3000,2026-02-20 15:47:27,2026-02-20 15:47:27
1400.0,59,68,11.247069358825684,16,1163.6313086182272,59270.16499545576,5.243441742833654,42.977528944210704,13.306211471557617,3007,2026-02-20 15:47:27,2026-02-20 15:47:27
1400.0,59,69,13.429283142089844,2,-333.34180345884374,51894.16376608461,2.0,26.902750086203593,13.306211471557617,3008,2026-02-20 15:47:27,2026-02-20 15:47:27
1400.0,59,80,14.621285438537598,2,11666.658196541157,58237.94736699238,28.0,40.72798076832192,13.306211471557617,3016,2026-02-20 15:47:27,2026-02-20 15:47:27
1400.0,59,82,13.313923835754395,1,26435.888965771926,78093.55283874314,60.0,84.0,13.306211471557617,3018,2026-02-20 15:47:27,2026-02-20 15:47:27
1400.0,59,83,15.998429298400879,2,28743.58127346423,66678.44046375861,65.0,59.122644186053016,13.306211471557617,3019,2026-02-20 15:47:27,2026-02-20 15:47:27
1400.0,59,85,18.78481674194336,1,589.7351196180794,46891.37655826519,4.0,16.0,18.306211471557617,3020,2026-02-20 15:47:27,2026-02-20 15:47:27
1400.0,59,86,18.369094848632812,1,8435.888965771926,48267.943158874514,21.0,19.0,18.306211471557617,3021,2026-02-20 15:47:27,2026-02-20 15:47:27
1400.0,59,87,20.725887298583984,171,14634.599425731232,68981.85105674111,34.43053932991183,64.14254789132143,18.306211471557617,3022,2026-02-20 15:47:27,2026-02-20 15:47:27
1400.0,60,15,9.591833114624023,6,3114.9937643328476,40850.37661704471,9.47139373021533,2.83463639489764,8.306211471557617,3034,2026-02-20 15:51:50,2026-02-20 15:51:50
1400.0,60,32,9.984807968139648,5,9141.347964882629,42102.84419888805,22.52849449807319,5.564183039329406,8.306211471557617,3047,2026-02-20 15:51:50,2026-02-20 15:51:50
1400.0,60,44,9.879904747009277,5,20615.076912147702,57665.81653661122,47.388240550480845,39.481115930555454,8.306211471557617,3058,2026-02-20 15:51:50,2026-02-20 15:51:50
1400.0,60,49,11.0,1,26435.888965771926,79011.26390581601,60.0,86.0,8.306211471557617,3062,2026-02-20 15:51:50,2026-02-20 15:51:50
1400.0,60,54,9.23693561553955,2,27743.09165675828,56527.34276253044,62.8322724971371,37.0,8.306211471557617,3067,2026-02-20 15:51:50,2026-02-20 15:51:50
1400.0,60,55,10.069672584533691,2,27358.96588884885,58823.449653052376,62.0,42.00398648965969,8.306211471557617,3068,2026-02-20 15:51:50,2026-02-20 15:51:50
1400.0,60,61,14.9429292678833,12,-552.2842569057949,58953.130244001695,1.5256246841982726,42.286603961764385,13.306211471557617,3072,2026-02-20 15:51:50,2026-02-20 15:51:50
1400.0,60,64,14.389158248901367,2,427.3609303894499,53774.2095613118,3.648189256671303,31.0,13.306211471557617,3074,2026-02-20 15:51:50,2026-02-20 15:51:50
1400.0,60,70,16.170263290405273,3,7574.4164640133195,53428.068438759576,19.133476246189687,30.24564247948699,13.306211471557617,3079,2026-02-20 15:51:50,2026-02-20 15:51:50
1400.0,60,72,16.645273208618164,2,8435.888965771926,48445.727307414636,21.0,19.38745124673539,13.306211471557617,3080,2026-02-20 15:51:50,2026-02-20 15:51:50
1400.0,60,79,15.30832576751709,4,27015.438850363018,73976.81559775528,61.255691416614034,75.02824976467039,13.306211471557617,3086,2026-02-20 15:51:50,2026-02-20 15:51:50
1400.0,60,80,17.72243881225586,1,28743.58127346423,67081.02003386857,65.0,60.0,13.306211471557617,3087,2026-02-20 15:51:50,2026-02-20 15:51:50
1400.0,60,82,19.156429290771484,1,589.7351196180794,46891.37655826519,4.0,16.0,18.306211471557617,3088,2026-02-20 15:51:50,2026-02-20 15:51:50
1400.0,60,83,20.701873779296875,1,6589.73511961808,63869.031299113485,17.0,53.0,18.306211471557617,3089,2026-02-20 15:51:50,2026-02-20 15:51:50
1400.0,60,84,19.220165252685547,2,9820.504350387311,72889.63480567677,24.0,72.65891843352243,18.306211471557617,3090,2026-02-20 15:51:50,2026-02-20 15:51:50
1400.0,60,85,22.98006820678711,159,14606.986083022803,70986.5812271653,34.37071042071023,68.51152684854038,18.306211471557617,3091,2026-02-20 15:51:50,2026-02-20 15:51:50
1400.0,60,86,21.42953109741211,1,11666.658196541157,56986.19829606688,28.0,38.0,18.306211471557617,3092,2026-02-20 15:51:50,2026-02-20 15:51:50
1400.0,60,91,18.81686782836914,3,15358.96588884885,76774.02580424325,36.0,81.12430833223222,18.306211471557617,3097,2026-02-20 15:51:50,2026-02-20 15:51:50
1400.0,61,8,8.560600280761719,4,3122.3272910174937,40418.52107397234,9.487283038032064,1.89347842357708,8.306211471557617,3104,2026-02-20 15:56:13,2026-02-20 15:56:13
1400.0,61,13,5.090209007263184,29,7662.667939491003,49049.11888586366,19.324687776391336,20.7024437320578,8.306211471557617,3109,2026-02-20 15:56:13,2026-02-20 15:56:13
1400.0,61,45,11.178451538085938,5,17624.39750944483,48852.28089847202,40.90843517795796,20.27346778428052,8.306211471557617,3138,2026-02-20 15:56:13,2026-02-20 15:56:13
1400.0,61,54,10.23135757446289,1,24589.735119618083,73963.85303691517,56.0,75.0,8.306211471557617,3144,2026-02-20 15:56:13,2026-02-20 15:56:13
1400.0,61,57,8.395439147949219,1,27358.96588884885,76258.13070459737,62.0,80.0,8.306211471557617,3146,2026-02-20 15:56:13,2026-02-20 15:56:13
1400.0,61,64,16.228944778442383,4,-148.68597755122698,58471.58333714335,2.4000876227998362,41.23715185393642,13.306211471557617,3151,2026-02-20 15:56:13,2026-02-20 15:56:13
1400.0,61,67,14.68639087677002,3,2066.764386768355,63920.15542298943,7.200230078825597,53.11141660095483,13.306211471557617,3154,2026-02-20 15:56:13,2026-02-20 15:56:13
1400.0,61,71,14.467035293579102,1,9358.965888848848,56527.34276253044,23.0,37.0,13.306211471557617,3157,2026-02-20 15:56:13,2026-02-20 15:56:13
1400.0,61,72,13.788324356079102,1,13051.273581156542,62492.46469850416,31.0,50.0,13.306211471557617,3158,2026-02-20 15:56:13,2026-02-20 15:56:13
1400.0,61,74,14.671826362609863,1,19974.350504233465,61115.89809789484,46.0,47.0,13.306211471557617,3160,2026-02-20 15:56:13,2026-02-20 15:56:13
1400.0,61,76,15.133407592773438,3,22554.5071371566,66315.81585919933,51.59033937133347,58.33236363355642,13.306211471557617,3162,2026-02-20 15:56:13,2026-02-20 15:56:13
1400.0,61,77,14.083086013793945,1,27820.50435038731,60657.0425643584,63.0,46.0,13.306211471557617,3163,2026-02-20 15:56:13,2026-02-20 15:56:13
1400.0,61,78,15.323810577392578,2,28743.58127346423,68668.99310464498,65.0,63.46072555459398,13.306211471557617,3164,2026-02-20 15:56:13,2026-02-20 15:56:13
1400.0,61,81,20.819875717163086,5,11183.951822398252,76931.64472322828,26.954136189357044,81.46781278508308,18.306211471557617,3166,2026-02-20 15:56:13,2026-02-20 15:56:13
1400.0,61,82,21.4121036529541,180,15399.92708159189,72270.18491023243,36.08874925094325,71.30892949327759,18.306211471557617,3167,2026-02-20 15:56:13,2026-02-20 15:56:13
1400.0,62,2,4.6574177742004395,39,33.004415489861124,45650.71578427881,2.793750141055527,13.296184347120102,8.306211471557617,3174,2026-02-20 16:04:50,2026-02-20 16:04:50
1400.0,62,8,8.790142059326172,3,-794.8802649973053,66081.6514484592,1.0,57.822040898783236,8.306211471557617,3179,2026-02-20 16:04:50,2026-02-20 16:04:50
1400.0,62,10,5.836257457733154,2,-259.56249779722083,53242.00360200484,2.1598551622668496,29.84014483773315,8.306211471557617,3180,2026-02-20 16:04:50,2026-02-20 16:04:50
1400.0,62,32,10.6752347946167,13,13397.127182509548,63216.302575996306,31.749349469598183,51.57748534034986,8.306211471557617,3199,2026-02-20 16:04:50,2026-02-20 16:04:50
1400.0,62,41,8.979961395263672,37,18755.69027989748,56323.511956131624,43.359569513938695,36.55578435585625,8.306211471557617,3208,2026-02-20 16:04:50,2026-02-20 16:04:50
1400.0,62,57,5.653358459472656,4,22557.319610776598,74376.66930128733,51.59643306417679,75.89966500172841,8.306211471557617,3223,2026-02-20 16:04:50,2026-02-20 16:04:50
1400.0,62,60,8.626286506652832,2,25051.273581156544,52736.857227109234,57.0,28.739261579330666,8.306211471557617,3226,2026-02-20 16:04:50,2026-02-20 16:04:50
1400.0,62,61,5.283234119415283,12,26760.299759040736,71077.39086773565,60.702890052082424,68.70943149157797,8.306211471557617,3227,2026-02-20 16:04:50,2026-02-20 16:04:50
1400.0,62,69,14.816964149475098,1,-333.34180345884374,40467.399088755024,2.0,2.0,13.306211471557617,3233,2026-02-20 16:04:50,2026-02-20 16:04:50
1400.0,62,70,15.587983131408691,2,1974.350504233464,59321.165995847696,7.0,43.088677217827176,13.306211471557617,3234,2026-02-20 16:04:50,2026-02-20 16:04:50
1400.0,62,73,13.843361854553223,2,3639.8783065795246,62492.46469850416,10.608643571749798,50.0,13.306211471557617,3237,2026-02-20 16:04:50,2026-02-20 16:04:50
1400.0,62,75,13.983147621154785,1,4282.042811925772,42761.67675643723,12.0,7.0,13.306211471557617,3239,2026-02-20 16:04:50,2026-02-20 16:04:50
1400.0,62,76,14.436445236206055,2,4743.581273464233,57964.162175862446,13.0,40.13131107357106,13.306211471557617,3240,2026-02-20 16:04:50,2026-02-20 16:04:50
1400.0,62,78,13.411314964294434,1,5205.119735002695,70293.00876862365,14.0,67.0,13.306211471557617,3242,2026-02-20 16:04:50,2026-02-20 16:04:50
1400.0,62,82,15.0,2,8435.888965771926,58063.418201167166,21.0,40.34762321987938,13.306211471557617,3245,2026-02-20 16:04:50,2026-02-20 16:04:50
1400.0,62,84,14.404274940490723,2,9430.387417525419,56527.34276253044,23.154746645465902,37.0,13.306211471557617,3246,2026-02-20 16:04:50,2026-02-20 16:04:50
1400.0,62,85,15.000000953674316,2,10099.356577524211,51479.93189362959,24.604179825463284,26.0,13.306211471557617,3247,2026-02-20 16:04:50,2026-02-20 16:04:50
1400.0,62,88,12.836610794067383,6,20815.495139032242,65554.62979927193,47.82248004206402,56.673484085867706,13.306211471557617,3250,2026-02-20 16:04:50,2026-02-20 16:04:50
1400.0,62,89,14.834830284118652,1,27358.96588884885,60657.0425643584,62.0,46.0,13.306211471557617,3251,2026-02-20 16:04:50,2026-02-20 16:04:50
1400.0,62,91,19.0,1,7974.350504233464,82682.10817410753,20.0,94.0,18.306211471557617,3252,2026-02-20 16:04:50,2026-02-20 16:04:50
1400.0,62,93,21.180679321289062,37,16061.44702589353,73193.49206185831,37.52204246359681,73.32112523713158,18.306211471557617,3254,2026-02-20 16:04:50,2026-02-20 16:04:50
1400.0,63,7,8.316771507263184,2,572.160488079673,69375.29770155076,3.9619216316667862,65.0,8.306211471557617,3261,2026-02-20 16:13:26,2026-02-20 16:13:26
1400.0,63,19,6.009486675262451,3,6002.327288608394,75027.22942665723,15.727283032812348,77.31745356004866,8.306211471557617,3273,2026-02-20 16:13:26,2026-02-20 16:13:26
1400.0,63,27,9.694950103759766,5,9749.685185350238,39567.66971859982,23.846558475753007,0.039188144423336284,8.306211471557617,3280,2026-02-20 16:13:26,2026-02-20 16:13:26
1400.0,63,42,8.486795425415039,1,13512.812042695003,61115.89809789484,32.0,47.0,8.306211471557617,3294,2026-02-20 16:13:26,2026-02-20 16:13:26
1400.0,63,43,8.641999244689941,1,13512.812042695003,62033.609164967726,32.0,49.0,8.306211471557617,3295,2026-02-20 16:13:26,2026-02-20 16:13:26
1400.0,63,45,10.627123832702637,10,13843.909704684196,67433.88253705911,32.717378267643255,60.769005661697044,8.306211471557617,3297,2026-02-20 16:13:26,2026-02-20 16:13:26
1400.0,63,55,10.467765808105469,1,18128.19665807962,49185.65422594739,42.0,21.0,8.306211471557617,3306,2026-02-20 16:13:26,2026-02-20 16:13:26
1400.0,63,59,11.100869178771973,24,22019.459999743292,68265.30916094672,50.43107057360463,62.58096294045039,8.306211471557617,3310,2026-02-20 16:13:26,2026-02-20 16:13:26
1400.0,63,66,6.468027114868164,4,26209.29765888278,57412.01905734072,59.509052168406846,38.928006159132494,8.306211471557617,3317,2026-02-20 16:13:26,2026-02-20 16:13:26
1400.0,63,68,10.609513282775879,2,27174.229849423493,75799.27517106093,61.59973858124506,79.0,8.306211471557617,3319,2026-02-20 16:13:26,2026-02-20 16:13:26
1400.0,63,69,9.384177207946777,1,27358.96588884885,49185.65422594739,62.0,21.0,8.306211471557617,3320,2026-02-20 16:13:26,2026-02-20 16:13:26
1400.0,63,75,13.737936019897461,2,-1256.4187265357668,58622.24110938419,0.0,41.56548563489729,13.306211471557617,3324,2026-02-20 16:13:26,2026-02-20 16:13:26
1400.0,63,83,12.66374683380127,3,3110.9075147991834,41383.62518884072,9.462540189559059,3.9967637592256073,13.306211471557617,3331,2026-02-20 16:13:26,2026-02-20 16:13:26
1400.0,63,85,14.02629280090332,5,4821.138480518091,63815.37341543172,13.168040615283358,52.88306148720008,13.306211471557617,3333,2026-02-20 16:13:26,2026-02-20 16:13:26
1400.0,63,86,14.504495620727539,3,6268.277814734921,85546.81735936695,16.303509172753156,100.2431614656161,13.306211471557617,3334,2026-02-20 16:13:26,2026-02-20 16:13:26
1400.0,63,92,16.491960525512695,6,9387.879013458074,54565.417419114136,23.06264510331999,32.72430710752126,13.306211471557617,3340,2026-02-20 16:13:26,2026-02-20 16:13:26
1400.0,63,96,13.735307693481445,1,19512.812042695004,61115.89809789484,45.0,47.0,13.306211471557617,3343,2026-02-20 16:13:26,2026-02-20 16:13:26
1400.0,63,99,15.07794189453125,1,28743.58127346423,67081.02003386857,65.0,60.0,13.306211471557617,3346,2026-02-20 16:13:26,2026-02-20 16:13:26
1400.0,63,101,18.642587661743164,2,1974.350504233464,49071.07172101878,7.0,20.750286317688023,18.306211471557617,3347,2026-02-20 16:13:26,2026-02-20 16:13:26
1400.0,63,102,15.979866027832031,29,16456.0321369003,77382.16811023999,38.376976870778144,82.44965424515982,18.306211471557617,3348,2026-02-20 16:13:26,2026-02-20 16:13:26
1400.0,64,24,8.772453308105469,8,11870.714030617595,43077.32458508943,28.442120973832285,7.687902412812759,8.306211471557617,3371,2026-02-20 16:22:12,2026-02-20 16:22:12
1400.0,64,30,8.758563995361328,19,13712.148682452715,71402.46539343202,32.431896052808376,69.41787783675112,8.306211471557617,3376,2026-02-20 16:22:12,2026-02-20 16:22:12
1400.0,64,42,9.548562049865723,1,16743.58127346423,40467.399088755024,39.0,2.0,8.306211471557617,3388,2026-02-20 16:22:12,2026-02-20 16:22:12
1400.0,64,45,7.35237979888916,9,17762.16729046358,49365.63322105755,41.20693637016526,21.392234553047768,8.306211471557617,3390,2026-02-20 16:22:12,2026-02-20 16:22:12
1400.0,64,61,8.650188446044922,2,22676.598483411304,84976.38584178974,51.85487062155199,99.0,8.306211471557617,3405,2026-02-20 16:22:12,2026-02-20 16:22:12
1400.0,64,84,13.366264343261719,6,294.24413170693964,46835.85516784671,3.3597695261925304,15.879000281438103,13.306211471557617,3425,2026-02-20 16:22:12,2026-02-20 16:22:12
1400.0,64,87,13.742648124694824,24,830.5931173892312,52611.57478887237,4.521858995170829,28.466229156094297,13.306211471557617,3428,2026-02-20 16:22:12,2026-02-20 16:22:12
1400.0,64,91,13.609396934509277,2,2998.9894652003,39549.688021682145,9.22005108209481,0.0,13.306211471557617,3432,2026-02-20 16:22:12,2026-02-20 16:22:12
1400.0,64,97,15.52286434173584,9,5068.853402285805,74577.3764007897,13.704756279113404,76.33707304158685,13.306211471557617,3438,2026-02-20 16:22:12,2026-02-20 16:22:12
1400.0,64,99,13.971282005310059,2,4743.581273464233,69378.08669378633,13.0,65.00607814885456,13.306211471557617,3440,2026-02-20 16:22:12,2026-02-20 16:22:12
1400.0,64,110,16.08415985107422,11,20105.448711857094,64386.688476907875,46.284046116517864,54.12814849110517,13.306211471557617,3447,2026-02-20 16:22:12,2026-02-20 16:22:12
1400.0,64,115,14.776408195495605,1,23205.119735002692,72128.43090276941,53.0,71.0,13.306211471557617,3452,2026-02-20 16:22:12,2026-02-20 16:22:12
1400.0,64,117,13.981545448303223,1,24589.735119618083,70293.00876862365,56.0,67.0,13.306211471557617,3454,2026-02-20 16:22:12,2026-02-20 16:22:12
1400.0,64,118,13.646371841430664,1,26435.888965771926,70293.00876862365,60.0,67.0,13.306211471557617,3455,2026-02-20 16:22:12,2026-02-20 16:22:12
1400.0,64,119,15.040674209594727,4,27481.99771963652,60936.36326908992,62.26656896670663,46.608733434200445,13.306211471557617,3456,2026-02-20 16:22:12,2026-02-20 16:22:12
1400.0,64,121,19.43379783630371,1,8435.888965771926,57903.909363139755,21.0,40.0,18.306211471557617,3457,2026-02-20 16:22:12,2026-02-20 16:22:12
1400.0,64,122,20.28326988220215,1,10282.042811925772,57445.05382960332,25.0,39.0,18.306211471557617,3458,2026-02-20 16:22:12,2026-02-20 16:22:12
1400.0,64,123,18.89048957824707,1,12589.735119618079,57445.05382960332,30.0,39.0,18.306211471557617,3459,2026-02-20 16:22:12,2026-02-20 16:22:12
1400.0,64,124,19.532791137695312,1,19051.273581156544,79470.11943935245,44.0,87.0,18.306211471557617,3460,2026-02-20 16:22:12,2026-02-20 16:22:12
1400.0,65,18,9.0,2,8205.217894132042,81764.39710703466,20.500212678113584,92.0,8.306211471557617,3475,2026-02-20 16:30:58,2026-02-20 16:30:58
1400.0,65,27,9.446063041687012,5,12212.474731195867,43636.62795266687,29.182602491751872,8.906811909810306,8.306211471557617,3484,2026-02-20 16:30:58,2026-02-20 16:30:58
1400.0,65,45,12.0,19,18605.592806323348,54249.65333276216,43.034358321194745,32.03615133021514,8.306211471557617,3500,2026-02-20 16:30:58,2026-02-20 16:30:58
1400.0,65,47,11.435840606689453,6,19057.40811670554,49197.93852351288,44.01329149368949,21.026771601664716,8.306211471557617,3502,2026-02-20 16:30:58,2026-02-20 16:30:58
1400.0,65,62,10.975062370300293,12,23809.454628968862,75363.20779237639,54.309392270260034,78.04966302721961,8.306211471557617,3514,2026-02-20 16:30:58,2026-02-20 16:30:58
1400.0,65,67,10.0,4,26122.88169082729,54970.8174663124,59.321817570953286,33.60780968636957,8.306211471557617,3518,2026-02-20 16:30:58,2026-02-20 16:30:58
1400.0,65,84,11.383493423461914,4,3492.6754230545152,45120.82258323628,10.289703990778944,12.141369460267612,13.306211471557617,3533,2026-02-20 16:30:58,2026-02-20 16:30:58
1400.0,65,85,17.4367733001709,18,3450.044199665776,51818.87191571864,10.197336340103343,26.738663909045208,13.306211471557617,3534,2026-02-20 16:30:58,2026-02-20 16:30:58
1400.0,65,89,15.090916633605957,9,4726.3372346247,77955.21213537392,12.962637915847678,83.6985092403637,13.306211471557617,3538,2026-02-20 16:30:58,2026-02-20 16:30:58
1400.0,65,99,14.06208610534668,2,9017.298982211876,49644.50975948383,22.25972170228656,22.0,13.306211471557617,3546,2026-02-20 16:30:58,2026-02-20 16:30:58
1400.0,65,118,18.605106353759766,1,6589.73511961808,58362.7648966762,17.0,41.0,18.306211471557617,3563,2026-02-20 16:30:58,2026-02-20 16:30:58
1400.0,65,119,20.200271606445312,2,6589.73511961808,63460.90848102673,17.0,52.11056359080752,18.306211471557617,3564,2026-02-20 16:30:58,2026-02-20 16:30:58
1400.0,65,120,21.307781219482422,3,26043.40774101597,68602.8995605455,59.14962401302876,63.31668556974277,18.306211471557617,3565,2026-02-20 16:30:58,2026-02-20 16:30:58
1400.0,66,12,11.809746742248535,50,4201.609057354902,72065.3727596737,11.825726865096447,70.86257517129691,8.306211471557617,3575,2026-02-20 16:39:43,2026-02-20 16:39:43
1400.0,66,31,11.862444877624512,15,11494.429133812664,66547.45072028722,27.626837030754935,58.837173631820285,8.306211471557617,3592,2026-02-20 16:39:43,2026-02-20 16:39:43
1400.0,66,48,9.987918853759766,2,14651.58381707823,77175.84177167025,34.46733884449699,82.0,8.306211471557617,3608,2026-02-20 16:39:43,2026-02-20 16:39:43
1400.0,66,49,7.5565667152404785,13,16383.618663581512,71029.73137753447,38.22008101192077,68.60556548862522,8.306211471557617,3609,2026-02-20 16:39:43,2026-02-20 16:39:43
1400.0,66,54,4.839015007019043,2,16691.259406162484,78604.42609200836,38.886635954179546,85.11336404582045,8.306211471557617,3614,2026-02-20 16:39:43,2026-02-20 16:39:43
1400.0,66,56,9.756661415100098,2,17915.02906060227,78552.40837227958,41.53813687213241,85.0,8.306211471557617,3616,2026-02-20 16:39:43,2026-02-20 16:39:43
1400.0,66,61,9.17993450164795,1,21358.96588884885,44138.24335704655,49.0,10.0,8.306211471557617,3620,2026-02-20 16:39:43,2026-02-20 16:39:43
1400.0,66,68,8.763998031616211,1,26897.427427310387,45514.80995765587,61.0,13.0,8.306211471557617,3627,2026-02-20 16:39:43,2026-02-20 16:39:43
1400.0,66,82,16.563024520874023,37,3329.233060005752,50905.4445189017,9.935578870839958,24.747999462270247,13.306211471557617,3639,2026-02-20 16:39:43,2026-02-20 16:39:43
1400.0,66,87,13.677176475524902,2,4621.357789893752,78093.55283874314,12.735182452263958,84.0,13.306211471557617,3644,2026-02-20 16:39:43,2026-02-20 16:39:43
1400.0,66,89,13.57539176940918,1,5666.658196541156,41385.110155827904,15.0,4.0,13.306211471557617,3646,2026-02-20 16:39:43,2026-02-20 16:39:43
1400.0,66,97,14.329859733581543,2,17015.14757383053,65704.45343325924,39.58839365079365,57.0,13.306211471557617,3653,2026-02-20 16:39:43,2026-02-20 16:39:43
1400.0,66,98,13.699378967285156,1,19512.812042695004,53315.35402777536,45.0,30.0,13.306211471557617,3654,2026-02-20 16:39:43,2026-02-20 16:39:43
1400.0,66,99,13.676260948181152,1,19974.350504233465,54233.065094848236,46.0,32.0,13.306211471557617,3655,2026-02-20 16:39:43,2026-02-20 16:39:43
1400.0,66,100,13.978821754455566,1,20897.427427310387,61115.89809789484,48.0,47.0,13.306211471557617,3656,2026-02-20 16:39:43,2026-02-20 16:39:43
1400.0,66,109,21.666711807250977,1,-794.8802649973053,45514.80995765587,1.0,13.0,18.306211471557617,3663,2026-02-20 16:39:43,2026-02-20 16:39:43
1400.0,66,110,18.318340301513672,1,6589.73511961808,58362.7648966762,17.0,41.0,18.306211471557617,3664,2026-02-20 16:39:43,2026-02-20 16:39:43
1400.0,66,111,19.178882598876953,1,22743.58127346423,72587.28643630585,52.0,72.0,18.306211471557617,3665,2026-02-20 16:39:43,2026-02-20 16:39:43
1400.0,67,14,11.703973770141602,54,4358.609779198106,76401.16673889048,12.165895095756722,80.31172345943114,8.306211471557617,3677,2026-02-20 16:48:29,2026-02-20 16:48:29
1400.0,67,21,8.521549224853516,3,6992.121385617648,81557.73322737572,17.87183690966573,91.54961013967477,8.306211471557617,3684,2026-02-20 16:48:29,2026-02-20 16:48:29
1400.0,67,26,11.175066947937012,23,11490.2171975809,47822.77166189318,27.617711168919445,18.02982210206696,8.306211471557617,3689,2026-02-20 16:48:29,2026-02-20 16:48:29
1400.0,67,30,9.386545181274414,10,11672.020855401253,72197.08062307804,28.011619094196877,71.14961074955235,8.306211471557617,3693,2026-02-20 16:48:29,2026-02-20 16:48:29
1400.0,67,33,8.66334342956543,1,12128.196658079618,81305.54157349822,29.0,91.0,8.306211471557617,3696,2026-02-20 16:48:29,2026-02-20 16:48:29
1400.0,67,56,10.902575492858887,8,22568.067703289795,48417.29078023788,51.619720597955386,19.32547852308184,8.306211471557617,3717,2026-02-20 16:48:29,2026-02-20 16:48:29
1400.0,67,76,16.129024505615234,6,-709.3480990173049,58479.09876148819,1.1853196929566676,41.25353048249281,13.306211471557617,3731,2026-02-20 16:48:29,2026-02-20 16:48:29
1400.0,67,77,14.834989547729492,1,-794.8802649973053,46891.37655826519,1.0,16.0,13.306211471557617,3732,2026-02-20 16:48:29,2026-02-20 16:48:29
1400.0,67,79,14.20469856262207,1,589.7351196180794,46432.52102472875,4.0,15.0,13.306211471557617,3734,2026-02-20 16:48:29,2026-02-20 16:48:29
1400.0,67,80,14.862019538879395,1,1051.2735811565408,45514.80995765587,5.0,13.0,13.306211471557617,3735,2026-02-20 16:48:29,2026-02-20 16:48:29
1400.0,67,83,16.866069793701172,47,3777.327445127094,55527.53451296073,10.906450038602864,34.8210827232177,13.306211471557617,3738,2026-02-20 16:48:29,2026-02-20 16:48:29
1400.0,67,85,15.6163969039917,18,4021.3739939220286,61729.057671266906,11.43521756099189,48.336280220152055,13.306211471557617,3740,2026-02-20 16:48:29,2026-02-20 16:48:29
1400.0,67,87,13.596765518188477,1,5205.119735002695,67081.02003386857,14.0,60.0,13.306211471557617,3742,2026-02-20 16:48:29,2026-02-20 16:48:29
1400.0,67,91,11.031143188476562,4,9822.553116221994,56822.8670778908,24.004438992641813,37.64404653264771,13.306211471557617,3746,2026-02-20 16:48:29,2026-02-20 16:48:29
1400.0,67,95,10.669255256652832,4,16515.490255925215,69271.57066774041,38.50580279533213,64.77394402763126,13.306211471557617,3750,2026-02-20 16:48:29,2026-02-20 16:48:29
1400.0,67,96,14.943262100219727,4,17401.276599586716,70417.3623799244,40.42500653993205,67.27100819803204,13.306211471557617,3751,2026-02-20 16:48:29,2026-02-20 16:48:29
1400.0,67,98,13.404001235961914,1,17666.658196541153,56986.19829606688,41.0,38.0,13.306211471557617,3753,2026-02-20 16:48:29,2026-02-20 16:48:29
1400.0,67,99,15.93970775604248,1,19051.273581156544,54233.065094848236,44.0,32.0,13.306211471557617,3754,2026-02-20 16:48:29,2026-02-20 16:48:29
1400.0,67,100,15.0,1,19974.350504233465,61115.89809789484,46.0,47.0,13.306211471557617,3755,2026-02-20 16:48:29,2026-02-20 16:48:29
1400.0,67,101,15.0,1,23666.658196541153,66163.30896679568,54.0,58.0,13.306211471557617,3756,2026-02-20 16:48:29,2026-02-20 16:48:29
1400.0,67,104,13.5,2,25974.350504233465,54922.44264523287,59.0,33.50238473767885,13.306211471557617,3759,2026-02-20 16:48:29,2026-02-20 16:48:29
1400.0,67,105,13.956645965576172,9,26818.171283505362,72094.3072046173,60.82827835508911,70.92563302464914,13.306211471557617,3760,2026-02-20 16:48:29,2026-02-20 16:48:29
1400.0,67,106,13.499999046325684,1,26435.888965771926,63869.031299113485,60.0,53.0,13.306211471557617,3761,2026-02-20 16:48:29,2026-02-20 16:48:29
1400.0,67,107,14.5,1,26897.427427310387,78093.55283874314,61.0,84.0,13.306211471557617,3762,2026-02-20 16:48:29,2026-02-20 16:48:29
1400.0,67,108,13.835273742675781,1,27358.96588884885,66622.16450033212,62.0,59.0,13.306211471557617,3763,2026-02-20 16:48:29,2026-02-20 16:48:29
1700.0,0,9,11.832767486572266,1,13512.812042695003,44138.24335704655,32.0,10.0,8.852158546447754,6,2026-02-20 11:32:35,2026-02-20 11:32:35
1700.0,0,38,18.367794036865234,23,21240.254972304574,76382.8213045331,48.742793014154074,80.27174260921457,13.852158546447754,25,2026-02-20 11:32:35,2026-02-20 11:32:35
1700.0,0,39,14.796088218688965,6,21269.89135673169,82195.26918638506,48.80700518041282,92.93901467424755,13.852158546447754,26,2026-02-20 11:32:35,2026-02-20 11:32:35
1700.0,0,47,14.5,1,26897.427427310387,67081.02003386857,61.0,60.0,13.852158546447754,33,2026-02-20 11:32:35,2026-02-20 11:32:35
1700.0,0,49,20.63787078857422,37,-837.4506878653965,79656.4127079138,0.9077640837858023,87.40599547122287,18.852158546447754,34,2026-02-20 11:32:35,2026-02-20 11:32:35
1700.0,0,50,21.095317840576172,4,-1028.2674746094774,84798.95263361804,0.4943277125069603,98.6133135699504,18.852158546447754,35,2026-02-20 11:32:35,2026-02-20 11:32:35
1700.0,0,53,24.32688331604004,10,2050.895664427447,70699.90924402069,7.1658478470869635,67.88677251478482,18.852158546447754,38,2026-02-20 11:32:35,2026-02-20 11:32:35
1700.0,0,54,21.65611457824707,2,13512.812042695003,64091.29686886874,32.0,53.48439117218929,18.852158546447754,39,2026-02-20 11:32:35,2026-02-20 11:32:35
1700.0,0,55,20.025854110717773,3,16943.243247516057,88908.83841194013,39.43260094377896,107.57013217175923,18.852158546447754,40,2026-02-20 11:32:35,2026-02-20 11:32:35
1700.0,0,57,19.893945693969727,3,28104.713149178504,80482.62177198999,63.61578573071426,89.20658193840245,18.852158546447754,42,2026-02-20 11:32:35,2026-02-20 11:32:35
1700.0,1,3,10.363245010375977,1,2435.8889657719255,58821.62043021264,8.0,42.0,8.852158546447754,44,2026-02-20 11:36:48,2026-02-20 11:36:48
1700.0,1,4,9.40657901763916,1,3358.9658888488484,58362.7648966762,10.0,41.0,8.852158546447754,45,2026-02-20 11:36:48,2026-02-20 11:36:48
1700.0,1,21,8.904556274414062,1,28743.58127346423,67081.02003386857,65.0,60.0,8.852158546447754,55,2026-02-20 11:36:48,2026-02-20 11:36:48
1700.0,1,42,17.978599548339844,5,17908.739622242014,91018.74232877741,41.52450975568519,112.16831997299604,13.852158546447754,69,2026-02-20 11:36:48,2026-02-20 11:36:48
1700.0,1,43,18.756540298461914,26,21567.667946200992,78812.8245055387,49.45218779092964,85.5675340368069,13.852158546447754,70,2026-02-20 11:36:48,2026-02-20 11:36:48
1700.0,1,55,22.5242977142334,39,-930.4813101926995,81475.94144032757,0.7061977354099792,91.37135842193308,18.852158546447754,80,2026-02-20 11:36:48,2026-02-20 11:36:48
1700.0,1,56,19.424739837646484,1,-794.8802649973053,87270.66350947194,1.0,104.0,18.852158546447754,81,2026-02-20 11:36:48,2026-02-20 11:36:48
1700.0,1,58,20.88446044921875,10,2377.1101229025026,72775.53675709786,7.872645840449583,72.41026054396937,18.852158546447754,83,2026-02-20 11:36:48,2026-02-20 11:36:48
1700.0,1,61,20.80914306640625,5,13492.04197865308,66724.41613738693,31.954998194575836,59.2228405883367,18.852158546447754,86,2026-02-20 11:36:48,2026-02-20 11:36:48
1700.0,1,63,21.61370086669922,9,27850.892469887316,84641.60612143601,63.06584092558335,98.27040278282456,18.852158546447754,88,2026-02-20 11:36:48,2026-02-20 11:36:48
1700.0,2,2,9.192763328552246,2,2435.8889657719255,61446.63000960058,8.0,47.720775685446704,8.852158546447754,89,2026-02-20 11:41:11,2026-02-20 11:41:11
1700.0,2,17,12.0,1,26435.888965771926,72587.28643630585,60.0,72.0,8.852158546447754,98,2026-02-20 11:41:11,2026-02-20 11:41:11
1700.0,2,18,9.020451545715332,1,26435.888965771926,73504.99750337873,60.0,74.0,8.852158546447754,99,2026-02-20 11:41:11,2026-02-20 11:41:11
1700.0,2,20,9.5,1,28282.04281192577,69834.1532350872,64.0,66.0,8.852158546447754,101,2026-02-20 11:41:11,2026-02-20 11:41:11
1700.0,2,23,13.860268592834473,1,-1256.4187265357668,90023.79671069059,0.0,110.0,13.852158546447754,102,2026-02-20 11:41:11,2026-02-20 11:41:11
1700.0,2,33,15.121074676513672,7,8987.6336756316,71664.94476786023,22.195446871362627,69.9899083675922,13.852158546447754,110,2026-02-20 11:41:11,2026-02-20 11:41:11
1700.0,2,36,16.541887283325195,4,16969.970864885727,93445.57764661385,39.49051078141324,117.45720752139852,13.852158546447754,112,2026-02-20 11:41:11,2026-02-20 11:41:11
1700.0,2,41,12.37829875946045,5,21760.99966946629,89622.74384354697,49.87107319133779,109.12597138351443,13.852158546447754,116,2026-02-20 11:41:11,2026-02-20 11:41:11
1700.0,2,46,25.84975242614746,38,-727.6482325433559,83057.80215655688,1.1456694036502237,94.81876310732017,18.852158546447754,120,2026-02-20 11:41:11,2026-02-20 11:41:11
1700.0,2,48,19.21342658996582,2,5666.658196541156,77003.19097833447,15.0,81.62373605477708,18.852158546447754,122,2026-02-20 11:41:11,2026-02-20 11:41:11
1700.0,2,49,21.405094146728516,7,13609.605506154376,69262.13060001253,32.20971917082864,64.75337095606967,18.852158546447754,123,2026-02-20 11:41:11,2026-02-20 11:41:11
1700.0,2,50,19.66852378845215,1,21358.96588884885,80846.68603996179,49.0,90.0,18.852158546447754,124,2026-02-20 11:41:11,2026-02-20 11:41:11
1700.0,2,51,19.494932174682617,1,22743.58127346423,81764.39710703466,52.0,92.0,18.852158546447754,125,2026-02-20 11:41:11,2026-02-20 11:41:11
1700.0,2,52,23.528305053710938,11,27499.890334573138,83658.19611372412,62.305336299069296,96.12722277117109,18.852158546447754,126,2026-02-20 11:41:11,2026-02-20 11:41:11
1700.0,3,2,9.193870544433594,4,-1122.2475140605354,91836.52565764723,0.29070429369633455,113.95054393914745,8.852158546447754,129,2026-02-20 11:45:33,2026-02-20 11:45:33
1700.0,3,20,9.480809211730957,1,24589.735119618083,75799.27517106093,56.0,79.0,8.852158546447754,137,2026-02-20 11:45:33,2026-02-20 11:45:33
1700.0,3,22,9.158767700195312,1,26435.888965771926,74881.56410398806,60.0,77.0,8.852158546447754,139,2026-02-20 11:45:33,2026-02-20 11:45:33
1700.0,3,24,11.0,1,28282.04281192577,77634.6973052067,64.0,83.0,8.852158546447754,141,2026-02-20 11:45:33,2026-02-20 11:45:33
1700.0,3,28,11.175962448120117,6,3222.3802002094776,88146.35759250776,9.704064341281363,105.90843090915077,13.852158546447754,142,2026-02-20 11:45:33,2026-02-20 11:45:33
1700.0,3,32,12.698911666870117,6,8304.107750725372,74380.30814146016,20.7144740340658,75.90759525407773,13.852158546447754,146,2026-02-20 11:45:33,2026-02-20 11:45:33
1700.0,3,33,17.234676361083984,1,7974.350504233464,57903.909363139755,20.0,40.0,13.852158546447754,147,2026-02-20 11:45:33,2026-02-20 11:45:33
1700.0,3,34,14.871623039245605,1,10743.581273464233,56527.34276253044,26.0,37.0,13.852158546447754,148,2026-02-20 11:45:33,2026-02-20 11:45:33
1700.0,3,37,14.143474578857422,2,16655.076886645846,95530.06311312786,38.808240495226826,122.0,13.852158546447754,150,2026-02-20 11:45:33,2026-02-20 11:45:33
1700.0,3,49,21.84708023071289,36,-800.0628206660443,84303.31577899349,0.9887711293843988,97.53315474347919,18.852158546447754,158,2026-02-20 11:45:33,2026-02-20 11:45:33
1700.0,3,50,22.559741973876953,10,2570.4811870931144,76854.10430399532,8.291616479529242,81.29882622272139,18.852158546447754,159,2026-02-20 11:45:33,2026-02-20 11:45:33
1700.0,3,51,16.10257911682129,3,13467.098173776052,71815.67707960946,31.90095328400894,70.31840459512489,18.852158546447754,160,2026-02-20 11:45:33,2026-02-20 11:45:33
1700.0,3,52,20.50028419494629,2,22025.883227561822,83140.96370764397,50.44498756721144,95.0,18.852158546447754,161,2026-02-20 11:45:33,2026-02-20 11:45:33
1700.0,3,55,24.937814712524414,27,27501.004177264127,85934.57222281906,62.30774962489977,101.08820927502933,18.852158546447754,164,2026-02-20 11:45:33,2026-02-20 11:45:33
1700.0,4,4,10.44260025024414,2,3122.508937546201,64327.88683264992,9.48767660551093,54.0,8.852158546447754,168,2026-02-20 11:49:56,2026-02-20 11:49:56
1700.0,4,15,10.0,1,12589.735119618079,89564.94117715413,30.0,109.0,8.852158546447754,173,2026-02-20 11:49:56,2026-02-20 11:49:56
1700.0,4,19,9.187829971313477,1,24589.735119618083,68457.58663447789,56.0,63.0,8.852158546447754,176,2026-02-20 11:49:56,2026-02-20 11:49:56
1700.0,4,21,12.982351303100586,6,26081.242311639304,77384.7690137269,59.23159891604598,82.45532248559023,8.852158546447754,178,2026-02-20 11:49:56,2026-02-20 11:49:56
1700.0,4,30,13.874072074890137,1,4743.581273464233,90482.65224422702,13.0,111.0,13.852158546447754,183,2026-02-20 11:49:56,2026-02-20 11:49:56
1700.0,4,33,16.255199432373047,1,5666.658196541156,90482.65224422702,15.0,111.0,13.852158546447754,186,2026-02-20 11:49:56,2026-02-20 11:49:56
1700.0,4,36,13.304343223571777,6,8372.211512332307,76498.77357368427,20.862032184214158,80.52444146686483,13.852158546447754,188,2026-02-20 11:49:56,2026-02-20 11:49:56
1700.0,4,56,24.07874870300293,21,-981.6567717286448,86153.21332439172,0.5953175687487645,101.56470151625301,18.852158546447754,203,2026-02-20 11:49:56,2026-02-20 11:49:56
1700.0,4,57,20.361867904663086,7,2141.7121906717475,78824.58266683765,7.362616987282947,85.59315901120425,18.852158546447754,204,2026-02-20 11:49:56,2026-02-20 11:49:56
1700.0,4,58,19.028423309326172,7,7562.338959975177,60061.454288327746,19.10730832077371,44.702013526042926,18.852158546447754,205,2026-02-20 11:49:56,2026-02-20 11:49:56
1700.0,4,59,19.214832305908203,1,10743.581273464233,55150.776161921116,26.0,34.0,18.852158546447754,206,2026-02-20 11:49:56,2026-02-20 11:49:56
1700.0,4,60,16.980308532714844,3,13684.332970685477,74777.11879984838,32.37162867731269,76.77237867584441,18.852158546447754,207,2026-02-20 11:49:56,2026-02-20 11:49:56
1700.0,4,62,25.609525680541992,22,26431.418460358007,87429.0800236837,59.99031390493651,104.3452426801761,18.852158546447754,209,2026-02-20 11:49:56,2026-02-20 11:49:56
1700.0,5,5,12.589435577392578,4,2981.8251247747626,66890.39546212467,9.18286167783948,59.5845651674401,8.852158546447754,212,2026-02-20 11:54:09,2026-02-20 11:54:09
1700.0,5,14,9.112744331359863,1,12128.196658079618,92776.92991190922,29.0,116.0,8.852158546447754,217,2026-02-20 11:54:09,2026-02-20 11:54:09
1700.0,5,20,8.907478332519531,18,25950.758005837157,80144.19371753681,58.94888292014133,88.46903377842956,8.852158546447754,222,2026-02-20 11:54:09,2026-02-20 11:54:09
1700.0,5,53,19.93743133544922,4,-1019.2807135864882,87100.72396691644,0.5137990280567704,103.62964477894434,18.852158546447754,242,2026-02-20 11:54:09,2026-02-20 11:54:09
1700.0,5,54,19.628583908081055,5,1895.9284458061463,81356.01115279875,6.830085540074145,91.1099901289444,18.852158546447754,243,2026-02-20 11:54:09,2026-02-20 11:54:09
1700.0,5,56,19.79798698425293,2,4935.379616555196,88188.37457654483,13.415563076697085,106.0,18.852158546447754,245,2026-02-20 11:54:09,2026-02-20 11:54:09
1700.0,5,57,26.60988998413086,28,7548.440888604063,62325.23152219285,19.077195832802964,49.63554285807031,18.852158546447754,246,2026-02-20 11:54:09,2026-02-20 11:54:09
1700.0,5,58,19.279993057250977,3,10844.49122740906,57596.29678551613,26.218638233547125,39.32960909231534,18.852158546447754,247,2026-02-20 11:54:09,2026-02-20 11:54:09
1700.0,5,59,12.325011253356934,3,12093.630625536358,56390.4687777205,28.925106929489605,36.70170571169746,18.852158546447754,248,2026-02-20 11:54:09,2026-02-20 11:54:09
1700.0,5,60,21.066852569580078,4,13797.575716995325,76338.45693822598,32.616987960984034,80.17505778563796,18.852158546447754,249,2026-02-20 11:54:09,2026-02-20 11:54:09
1700.0,5,62,19.58615493774414,2,21177.0315516693,89106.0856436177,48.60580893611098,108.0,18.852158546447754,251,2026-02-20 11:54:09,2026-02-20 11:54:09
1700.0,5,64,23.81360626220703,3,27155.43907868449,89914.476444323,61.559025244643884,109.76175449923193,18.852158546447754,253,2026-02-20 11:54:09,2026-02-20 11:54:09
1700.0,6,11,9.623470306396484,1,14897.427427310387,62951.3202320406,35.0,51.0,8.852158546447754,263,2026-02-20 11:58:32,2026-02-20 11:58:32
1700.0,6,13,13.383901596069336,4,20150.260589669102,90941.50777776347,46.38113851844388,112.0,8.852158546447754,265,2026-02-20 11:58:32,2026-02-20 11:58:32
1700.0,6,48,14.321308135986328,2,25420.386200768877,89564.94117715413,57.79974400916006,109.0,13.852158546447754,292,2026-02-20 11:58:32,2026-02-20 11:58:32
1700.0,6,49,14.29345989227295,3,26327.795251788484,81876.02457357448,59.765796953035874,92.24327366323666,13.852158546447754,293,2026-02-20 11:58:32,2026-02-20 11:58:32
1700.0,6,52,19.97742462158203,4,1894.6934422820884,83655.95116484133,6.827409699105353,96.12233027512667,18.852158546447754,295,2026-02-20 11:58:32,2026-02-20 11:58:32
1700.0,6,56,30.0701961517334,35,7477.271300585676,65126.79309473708,18.922995058763124,55.74108451069536,18.852158546447754,299,2026-02-20 11:58:32,2026-02-20 11:58:32
1700.0,6,57,17.10426139831543,2,12350.171100776579,58600.93632731978,29.480944625843417,41.519055374156586,18.852158546447754,300,2026-02-20 11:58:32,2026-02-20 11:58:32
1700.0,6,58,21.595304489135742,2,13752.295042735794,79470.11943935245,32.518879833421714,87.0,18.852158546447754,301,2026-02-20 11:58:32,2026-02-20 11:58:32
1700.0,7,7,10.934480667114258,8,14446.102946151637,66038.84029977919,34.02213029082271,57.728741057000654,8.852158546447754,305,2026-02-20 12:02:45,2026-02-20 12:02:45
1700.0,7,25,14.840408325195312,18,13940.042914009098,82113.04629732644,32.92566688784721,92.75982344073462,13.852158546447754,316,2026-02-20 12:02:45,2026-02-20 12:02:45
1700.0,7,27,15.088621139526367,4,25827.02399324512,84151.62280204977,58.680792559525244,97.20256490450608,13.852158546447754,317,2026-02-20 12:02:45,2026-02-20 12:02:45
1700.0,7,32,20.015422821044922,10,2450.409356344631,85210.95517049769,8.031460846240861,99.51120518673949,18.852158546447754,321,2026-02-20 12:02:45,2026-02-20 12:02:45
1700.0,7,35,24.95564842224121,38,7265.442804105717,67805.23574320253,18.46403331638988,61.57830876256926,18.852158546447754,324,2026-02-20 12:02:45,2026-02-20 12:02:45
1700.0,7,36,19.5,1,7974.350504233464,82682.10817410753,20.0,94.0,18.852158546447754,325,2026-02-20 12:02:45,2026-02-20 12:02:45
1700.0,7,37,19.086605072021484,1,12128.196658079618,61115.89809789484,29.0,47.0,18.852158546447754,326,2026-02-20 12:02:45,2026-02-20 12:02:45
1700.0,7,38,19.020891189575195,1,14435.888965771926,58821.62043021264,34.0,42.0,18.852158546447754,327,2026-02-20 12:02:45,2026-02-20 12:02:45
1700.0,7,39,19.072978973388672,1,14897.427427310387,57903.909363139755,35.0,40.0,18.852158546447754,328,2026-02-20 12:02:45,2026-02-20 12:02:45
1700.0,8,1,11.7732515335083,2,-1022.4999366757984,40926.25462229147,0.5068240446965983,3.0,8.852158546447754,329,2026-02-20 12:07:07,2026-02-20 12:07:07
1700.0,8,3,7.298168182373047,4,-933.6909393108642,46102.299017663565,0.699243538987289,14.280335567667375,8.852158546447754,331,2026-02-20 12:07:07,2026-02-20 12:07:07
1700.0,8,15,10.0,1,27358.96588884885,98283.19631434651,62.0,128.0,8.852158546447754,337,2026-02-20 12:07:07,2026-02-20 12:07:07
1700.0,8,31,15.632058143615723,6,11078.955469247543,88784.46399957969,26.72664409086384,107.29907864124631,13.852158546447754,348,2026-02-20 12:07:07,2026-02-20 12:07:07
1700.0,8,34,18.13636589050293,17,14165.445833153106,84681.01855841214,33.41403987932589,98.35629569267437,13.852158546447754,351,2026-02-20 12:07:07,2026-02-20 12:07:07
1700.0,8,45,18.687021255493164,7,2585.650187319485,88073.85602968412,8.324482646686379,105.7504257037545,18.852158546447754,360,2026-02-20 12:07:07,2026-02-20 12:07:07
1700.0,8,46,28.592411041259766,35,7162.722635072945,70982.91589742215,18.241472950152207,68.50353886653895,18.852158546447754,361,2026-02-20 12:07:07,2026-02-20 12:07:07
1700.0,8,47,19.024822235107422,1,7051.273581156542,91859.21884483634,18.0,114.0,18.852158546447754,362,2026-02-20 12:07:07,2026-02-20 12:07:07
1700.0,8,48,19.75952911376953,4,12336.836546025272,63389.15511916236,29.452053090548915,51.95418896607245,18.852158546447754,363,2026-02-20 12:07:07,2026-02-20 12:07:07
1700.0,8,49,20.981260299682617,2,28428.33786961648,84058.67477471687,64.31697262499654,97.0,18.852158546447754,364,2026-02-20 12:07:07,2026-02-20 12:07:07
1700.0,9,1,10.604400634765625,2,-794.8802649973053,48748.530711723804,1.0,20.047361353900133,8.852158546447754,365,2026-02-20 12:11:20,2026-02-20 12:11:20
1700.0,9,12,12.372588157653809,2,13741.89578958767,71669.57536923297,32.49634811826745,70.0,8.852158546447754,371,2026-02-20 12:11:20,2026-02-20 12:11:20
1700.0,9,14,9.176515579223633,1,19974.350504233465,68916.44216801433,46.0,64.0,8.852158546447754,373,2026-02-20 12:11:20,2026-02-20 12:11:20
1700.0,9,25,16.15250587463379,8,2818.1305509539034,90389.1801766024,8.828190101227618,110.79629303605815,13.852158546447754,380,2026-02-20 12:11:20,2026-02-20 12:11:20
1700.0,9,28,16.0,1,6589.73511961808,96906.62971373719,17.0,125.0,13.852158546447754,382,2026-02-20 12:11:20,2026-02-20 12:11:20
1700.0,9,35,18.72501564025879,16,14210.161215105782,87399.16004686529,33.51092320689002,104.28003702255263,13.852158546447754,388,2026-02-20 12:11:20,2026-02-20 12:11:20
1700.0,9,37,16.243812561035156,12,14561.126647609117,63476.74595500566,34.27134831064725,52.14507875477833,13.852158546447754,390,2026-02-20 12:11:20,2026-02-20 12:11:20
1700.0,9,42,14.106362342834473,3,28458.559122313603,85863.36171147015,64.3824520058403,100.93301770351206,13.852158546447754,395,2026-02-20 12:11:20,2026-02-20 12:11:20
1700.0,9,44,27.61248779296875,44,7008.428654486429,73183.7955176867,17.90716932554809,73.29999321743709,18.852158546447754,396,2026-02-20 12:11:20,2026-02-20 12:11:20
1700.0,9,45,19.478404998779297,5,8445.66008882949,67240.73098428246,21.021170766624724,60.34806369051059,18.852158546447754,397,2026-02-20 12:11:20,2026-02-20 12:11:20
1700.0,10,11,8.95335578918457,1,13974.350504233464,74881.56410398806,33.0,77.0,8.852158546447754,404,2026-02-20 12:15:43,2026-02-20 12:15:43
1700.0,10,16,9.302693367004395,1,28282.04281192577,58821.62043021264,64.0,42.0,8.852158546447754,408,2026-02-20 12:15:43,2026-02-20 12:15:43
1700.0,10,21,15.327483177185059,3,9091.293439351186,90856.61798061004,22.420043026088397,111.81499667989361,13.852158546447754,409,2026-02-20 12:15:43,2026-02-20 12:15:43
1700.0,10,27,16.124757766723633,2,14617.298419676352,89564.94117715413,34.39305381679292,109.0,13.852158546447754,415,2026-02-20 12:15:43,2026-02-20 12:15:43
1700.0,10,28,14.5,1,25051.273581156544,90482.65224422702,57.0,111.0,13.852158546447754,416,2026-02-20 12:15:43,2026-02-20 12:15:43
1700.0,10,31,20.96392822265625,2,369.4442427297698,45055.95442411943,3.5227031000753293,12.0,18.852158546447754,418,2026-02-20 12:15:43,2026-02-20 12:15:43
1700.0,10,32,27.19322395324707,63,7086.934951579372,75137.00865373352,18.0772663025828,77.55669929002867,18.852158546447754,419,2026-02-20 12:15:43,2026-02-20 12:15:43
1700.0,10,34,22.184432983398438,4,8969.793823899652,69170.62432819353,22.15679385927674,64.5539481200547,18.852158546447754,421,2026-02-20 12:15:43,2026-02-20 12:15:43
1700.0,11,14,8.96784782409668,1,27358.96588884885,63869.031299113485,62.0,53.0,8.852158546447754,428,2026-02-20 12:20:06,2026-02-20 12:20:06
1700.0,11,16,8.901723861694336,1,28743.58127346423,60198.187030821966,65.0,45.0,8.852158546447754,429,2026-02-20 12:20:06,2026-02-20 12:20:06
1700.0,11,17,11.059931755065918,1,28743.58127346423,61115.89809789484,65.0,47.0,8.852158546447754,430,2026-02-20 12:20:06,2026-02-20 12:20:06
1700.0,11,20,14.189146995544434,1,-794.8802649973053,53774.2095613118,1.0,31.0,13.852158546447754,431,2026-02-20 12:20:06,2026-02-20 12:20:06
1700.0,11,22,13.923907279968262,1,2435.8889657719255,95530.06311312786,8.0,122.0,13.852158546447754,432,2026-02-20 12:20:06,2026-02-20 12:20:06
1700.0,11,28,14.481789588928223,4,14443.28886266263,92318.07437837278,34.01603310992986,115.0,13.852158546447754,436,2026-02-20 12:20:06,2026-02-20 12:20:06
1700.0,11,29,16.974441528320312,3,15616.010256988327,66163.30896679568,36.5569294643022,58.0,13.852158546447754,437,2026-02-20 12:20:06,2026-02-20 12:20:06
1700.0,11,30,15.163568496704102,1,27358.96588884885,89106.0856436177,62.0,108.0,13.852158546447754,438,2026-02-20 12:20:06,2026-02-20 12:20:06
1700.0,11,33,22.000001907348633,2,589.7351196180794,47135.70571143448,4.0,16.53247511539464,18.852158546447754,440,2026-02-20 12:20:06,2026-02-20 12:20:06
1700.0,11,34,24.871326446533203,55,6733.277972662854,77727.0161236136,17.311009514930344,83.20119364736739,18.852158546447754,441,2026-02-20 12:20:06,2026-02-20 12:20:06
1700.0,11,37,23.574857711791992,8,8588.434169602095,72043.08510795812,21.3305146082987,70.81400290816258,18.852158546447754,444,2026-02-20 12:20:06,2026-02-20 12:20:06
1700.0,12,2,10.310837745666504,16,-939.1927091065766,55743.80850443802,0.6873230377632455,35.29241623817054,8.852158546447754,445,2026-02-20 12:24:19,2026-02-20 12:24:19
1700.0,12,3,9.591143608093262,1,-794.8802649973053,63410.17576557704,1.0,52.0,8.852158546447754,446,2026-02-20 12:24:19,2026-02-20 12:24:19
1700.0,12,5,8.879624366760254,1,5666.658196541156,62033.609164967726,15.0,49.0,8.852158546447754,447,2026-02-20 12:24:19,2026-02-20 12:24:19
1700.0,12,10,11.6527681350708,2,27820.50435038731,65967.6364755292,63.0,57.573564058913234,8.852158546447754,450,2026-02-20 12:24:19,2026-02-20 12:24:19
1700.0,12,11,9.946613311767578,2,28743.58127346423,62341.848340462566,65.0,49.67175647445987,8.852158546447754,451,2026-02-20 12:24:19,2026-02-20 12:24:19
1700.0,12,13,13.017293930053711,17,90.66212795360615,50152.42834319629,2.9186751847269745,23.106924830562424,13.852158546447754,452,2026-02-20 12:24:19,2026-02-20 12:24:19
1700.0,12,15,17.73341178894043,2,9120.89430047855,45055.95442411943,22.484178225197688,12.0,13.852158546447754,453,2026-02-20 12:24:19,2026-02-20 12:24:19
1700.0,12,19,14.371537208557129,2,15697.868693494976,68457.58663447789,36.73428941006661,63.0,13.852158546447754,457,2026-02-20 12:24:19,2026-02-20 12:24:19
1700.0,12,22,27.42345428466797,68,6762.263999895409,80119.26959382038,17.373812573934213,88.41471575915162,18.852158546447754,459,2026-02-20 12:24:19,2026-02-20 12:24:19
1700.0,13,10,8.080179214477539,3,8740.01946835026,47290.20443177187,21.658949422253055,16.869179609610182,8.852158546447754,466,2026-02-20 12:28:24,2026-02-20 12:28:24
1700.0,13,15,9.0,1,15820.504350387311,54691.92062838467,37.0,33.0,8.852158546447754,471,2026-02-20 12:28:24,2026-02-20 12:28:24
1700.0,13,17,9.010148048400879,1,19512.812042695004,52856.49849423891,45.0,29.0,8.852158546447754,473,2026-02-20 12:28:24,2026-02-20 12:28:24
1700.0,13,18,9.5,1,27358.96588884885,67539.875567405,62.0,61.0,8.852158546447754,474,2026-02-20 12:28:24,2026-02-20 12:28:24
1700.0,13,21,14.912413597106934,1,-1256.4187265357668,58821.62043021264,0.0,42.0,13.852158546447754,475,2026-02-20 12:28:24,2026-02-20 12:28:24
1700.0,13,22,16.0,1,-794.8802649973053,45514.80995765587,1.0,13.0,13.852158546447754,476,2026-02-20 12:28:24,2026-02-20 12:28:24
1700.0,13,24,14.189679145812988,1,7051.273581156542,62951.3202320406,18.0,51.0,13.852158546447754,477,2026-02-20 12:28:24,2026-02-20 12:28:24
1700.0,13,27,25.082347869873047,4,-570.3135498102573,53085.241283192125,1.486561216238604,29.498507203760337,18.852158546447754,479,2026-02-20 12:28:24,2026-02-20 12:28:24
1700.0,13,28,22.542203903198242,77,7053.535361475692,82474.95597356412,18.004900524024826,93.54854592479933,18.852158546447754,480,2026-02-20 12:28:24,2026-02-20 12:28:24
1700.0,14,3,10.339801788330078,4,-890.7352193281846,63987.53605396522,0.7923142656164283,53.258261579496285,8.852158546447754,487,2026-02-20 12:32:47,2026-02-20 12:32:47
1700.0,14,6,9.41406536102295,2,1051.2735811565408,49136.10917921557,5.0,20.892024737393974,8.852158546447754,490,2026-02-20 12:32:47,2026-02-20 12:32:47
1700.0,14,9,11.74516487121582,1,5205.119735002695,58362.7648966762,14.0,41.0,8.852158546447754,492,2026-02-20 12:32:47,2026-02-20 12:32:47
1700.0,14,10,9.169027328491211,1,7051.273581156542,67998.73110094146,18.0,62.0,8.852158546447754,493,2026-02-20 12:32:47,2026-02-20 12:32:47
1700.0,14,12,9.086732864379883,4,10092.999945365353,55358.918397538844,24.590407122452426,34.45361169345296,8.852158546447754,495,2026-02-20 12:32:47,2026-02-20 12:32:47
1700.0,14,13,10.778867721557617,1,9820.504350387311,47350.232091801634,24.0,17.0,8.852158546447754,496,2026-02-20 12:32:47,2026-02-20 12:32:47
1700.0,14,16,9.248156547546387,4,15836.861611097995,74094.1658117665,37.035440731539815,75.28399521271324,8.852158546447754,499,2026-02-20 12:32:47,2026-02-20 12:32:47
1700.0,14,18,9.008255004882812,1,27358.96588884885,70293.00876862365,62.0,67.0,8.852158546447754,501,2026-02-20 12:32:47,2026-02-20 12:32:47
1700.0,14,19,10.432012557983398,1,28282.04281192577,62033.609164967726,64.0,49.0,8.852158546447754,502,2026-02-20 12:32:47,2026-02-20 12:32:47
1700.0,14,26,22.36578941345215,18,380.62585012716767,54282.458046678585,3.5469299161030245,32.107643796838786,18.852158546447754,504,2026-02-20 12:32:47,2026-02-20 12:32:47
1700.0,14,29,18.83144187927246,70,7379.220924915379,85305.68652269791,18.71055257814415,99.71765655384,18.852158546447754,507,2026-02-20 12:32:47,2026-02-20 12:32:47
1700.0,14,31,19.66657066345215,5,5857.621269264501,79674.98712360143,15.413753324233914,87.44647534850465,18.852158546447754,509,2026-02-20 12:32:47,2026-02-20 12:32:47
1700.0,15,16,9.268014907836914,1,19512.812042695004,53315.35402777536,45.0,30.0,8.852158546447754,522,2026-02-20 12:37:09,2026-02-20 12:37:09
1700.0,15,17,9.832245826721191,1,20897.427427310387,61115.89809789484,48.0,47.0,8.852158546447754,523,2026-02-20 12:37:09,2026-02-20 12:37:09
1700.0,15,18,6.127483367919922,3,28106.364345542483,63921.5664291295,63.61936332283621,53.114491656254266,8.852158546447754,524,2026-02-20 12:37:09,2026-02-20 12:37:09
1700.0,15,19,9.09325122833252,2,28743.58127346423,70465.69023565845,65.0,67.37633079349382,8.852158546447754,525,2026-02-20 12:37:09,2026-02-20 12:37:09
1700.0,15,23,13.935277938842773,1,1974.350504233464,50562.22082655672,7.0,24.0,13.852158546447754,526,2026-02-20 12:37:09,2026-02-20 12:37:09
1700.0,15,24,14.499999046325684,1,3820.5043503873103,62033.609164967726,11.0,49.0,13.852158546447754,527,2026-02-20 12:37:09,2026-02-20 12:37:09
1700.0,15,27,13.546062469482422,3,5829.448104492006,70733.29791189394,15.352711467226841,67.95953761280145,13.852158546447754,529,2026-02-20 12:37:09,2026-02-20 12:37:09
1700.0,15,36,22.940935134887695,11,1176.3650080763593,56592.63924553276,5.27103142499294,37.14230292157331,18.852158546447754,536,2026-02-20 12:37:09,2026-02-20 12:37:09
1700.0,15,37,28.45692253112793,73,7286.5292954118495,87598.48820374656,18.509720714219835,104.71443988426604,18.852158546447754,537,2026-02-20 12:37:09,2026-02-20 12:37:09
1700.0,15,39,19.092390060424805,8,8283.246466220418,79903.08628300088,20.669274584305068,87.9435798677451,18.852158546447754,539,2026-02-20 12:37:09,2026-02-20 12:37:09
1700.0,15,44,20.487693786621094,3,10515.898801797544,59107.25771179906,25.506687978055506,42.62249937226427,18.852158546447754,544,2026-02-20 12:37:09,2026-02-20 12:37:09
1700.0,16,4,9.5,1,589.7351196180794,45973.66549119231,4.0,14.0,8.852158546447754,547,2026-02-20 12:41:22,2026-02-20 12:41:22
1700.0,16,27,11.039972305297852,1,16743.58127346423,62033.609164967726,39.0,49.0,8.852158546447754,560,2026-02-20 12:41:22,2026-02-20 12:41:22
1700.0,16,28,10.599617958068848,1,24128.19665807962,51479.93189362959,55.0,26.0,8.852158546447754,561,2026-02-20 12:41:22,2026-02-20 12:41:22
1700.0,16,41,13.470850944519043,4,11647.316833706307,56845.8010560415,27.958093713857824,37.69402735771033,13.852158546447754,568,2026-02-20 12:41:22,2026-02-20 12:41:22
1700.0,16,45,19.001680374145508,2,-1256.4187265357668,64758.929948779565,0.0,54.93938742071508,18.852158546447754,571,2026-02-20 12:41:22,2026-02-20 12:41:22
1700.0,16,46,23.62758445739746,13,1083.0334164255482,59200.33687891326,5.068812976416183,42.82535007430731,18.852158546447754,572,2026-02-20 12:41:22,2026-02-20 12:41:22
1700.0,16,47,20.5,3,3413.0948428987513,52416.68684325342,10.117279400441456,28.04150300292593,18.852158546447754,573,2026-02-20 12:41:22,2026-02-20 12:41:22
1700.0,16,48,18.152498245239258,45,7509.20371676522,83770.36768363867,18.99218196048547,96.37168221802582,18.852158546447754,574,2026-02-20 12:41:22,2026-02-20 12:41:22
1700.0,16,49,16.074600219726562,3,5491.209810273318,72952.53306999413,14.619861829753017,72.79599483278166,18.852158546447754,575,2026-02-20 12:41:22,2026-02-20 12:41:22
1700.0,16,50,22.142467498779297,46,7283.465080501322,89610.30482529815,18.50308158191369,109.09886259362375,18.852158546447754,576,2026-02-20 12:41:22,2026-02-20 12:41:22
1700.0,16,52,24.15892219543457,31,10069.912201858877,61918.357538662865,24.54038367818839,48.74882807794295,18.852158546447754,578,2026-02-20 12:41:22,2026-02-20 12:41:22
1700.0,17,1,12.711298942565918,2,-1004.3404009876826,39549.688021682145,0.5461697053541825,0.0,8.852158546447754,579,2026-02-20 12:45:27,2026-02-20 12:45:27
1700.0,17,17,9.654012680053711,1,19051.273581156544,57903.909363139755,44.0,40.0,8.852158546447754,585,2026-02-20 12:45:27,2026-02-20 12:45:27
1700.0,17,18,7.401366710662842,4,23904.976095859834,53891.35661933435,54.516355448523804,31.255302703052728,8.852158546447754,586,2026-02-20 12:45:27,2026-02-20 12:45:27
1700.0,17,28,17.75505828857422,15,5436.751448798864,75112.16674204901,14.501868713225033,77.5025604383229,13.852158546447754,592,2026-02-20 12:45:27,2026-02-20 12:45:27
1700.0,17,36,16.463502883911133,5,10686.003524480268,54178.728569412924,25.875248210534743,31.881582499361976,13.852158546447754,599,2026-02-20 12:45:27,2026-02-20 12:45:27
1700.0,17,39,16.16826629638672,3,14671.465889821231,81397.40420558023,34.510416668773495,91.20019946446763,13.852158546447754,602,2026-02-20 12:45:27,2026-02-20 12:45:27
1700.0,17,43,22.169301986694336,8,1177.1298756311999,61585.90932928758,5.272688638028428,48.024312004630985,18.852158546447754,605,2026-02-20 12:45:27,2026-02-20 12:45:27
1700.0,17,44,22.151832580566406,1,4282.042811925772,55150.776161921116,12.0,34.0,18.852158546447754,606,2026-02-20 12:45:27,2026-02-20 12:45:27
1700.0,17,45,22.731645584106445,64,8014.031627524453,85883.78609435966,20.085975767130478,100.97752927937147,18.852158546447754,607,2026-02-20 12:45:27,2026-02-20 12:45:27
1700.0,17,47,21.991594314575195,22,7470.149359267118,91146.43944310526,18.90756418590625,112.44661478475015,18.852158546447754,609,2026-02-20 12:45:27,2026-02-20 12:45:27
1700.0,17,48,29.122535705566406,47,10047.492643192347,64676.231978658194,24.491807967744244,54.75916082633579,18.852158546447754,610,2026-02-20 12:45:27,2026-02-20 12:45:27
1700.0,18,5,10.5,2,-1256.4187265357668,76502.77810650365,0.0,80.53316868605846,8.852158546447754,613,2026-02-20 12:49:40,2026-02-20 12:49:40
1700.0,18,25,9.323628425598145,2,20268.873197355828,61115.89809789484,46.63813250176512,47.0,8.852158546447754,623,2026-02-20 12:49:40,2026-02-20 12:49:40
1700.0,18,27,8.5,2,23889.02030443484,53553.14004672414,54.481784567102984,30.51821543289702,8.852158546447754,625,2026-02-20 12:49:40,2026-02-20 12:49:40
1700.0,18,29,9.323225021362305,2,25051.273581156544,54649.82474519183,57.0,32.90825896144609,8.852158546447754,627,2026-02-20 12:49:40,2026-02-20 12:49:40
1700.0,18,30,9.532588005065918,3,26142.285433583493,62434.701859156325,59.36385901359173,49.87411541296527,8.852158546447754,628,2026-02-20 12:49:40,2026-02-20 12:49:40
1700.0,18,32,8.89726448059082,2,28704.846201960907,70751.86430216009,64.9160740117428,68.0,8.852158546447754,630,2026-02-20 12:49:40,2026-02-20 12:49:40
1700.0,18,56,14.647242546081543,1,14435.888965771926,83599.81924118042,34.0,96.0,13.852158546447754,644,2026-02-20 12:49:40,2026-02-20 12:49:40
1700.0,18,58,19.669391632080078,3,-1070.8011319196003,68605.98102685453,0.40217145500169443,63.32340111763052,18.852158546447754,645,2026-02-20 12:49:40,2026-02-20 12:49:40
1700.0,18,60,19.349254608154297,1,-794.8802649973053,40926.25462229147,1.0,3.0,18.852158546447754,647,2026-02-20 12:49:40,2026-02-20 12:49:40
1700.0,18,61,21.237892150878906,6,1329.0200713052093,63831.01723452941,5.6017840619887815,52.91715461227831,18.852158546447754,648,2026-02-20 12:49:40,2026-02-20 12:49:40
1700.0,18,64,25.41940689086914,49,7703.8020484809285,88182.48512781558,19.41381167920284,105.9871649172805,18.852158546447754,651,2026-02-20 12:49:40,2026-02-20 12:49:40
1700.0,18,65,19.0,1,4743.581273464233,76716.98623813382,13.0,81.0,18.852158546447754,652,2026-02-20 12:49:40,2026-02-20 12:49:40
1700.0,18,69,27.16802978515625,59,9718.718928300448,68686.13933256455,23.779464918811797,63.498092932050284,18.852158546447754,656,2026-02-20 12:49:40,2026-02-20 12:49:40
1700.0,18,72,18.5563907623291,5,11506.390836715613,55638.39424784345,27.652754053711323,35.06268324185657,18.852158546447754,659,2026-02-20 12:49:40,2026-02-20 12:49:40
1700.0,19,2,13.152506828308105,4,-1037.5982717616077,45763.43824927856,0.47411098534401136,13.541844379006378,8.852158546447754,660,2026-02-20 12:53:47,2026-02-20 12:53:47
1700.0,19,4,10.384921073913574,4,-1005.745189439883,76057.17734760117,0.5431259970410816,79.56205528252558,8.852158546447754,661,2026-02-20 12:53:47,2026-02-20 12:53:47
1700.0,19,24,9.843978881835938,1,19512.812042695004,61115.89809789484,45.0,47.0,8.852158546447754,673,2026-02-20 12:53:47,2026-02-20 12:53:47
1700.0,19,25,8.924283981323242,3,19786.447971910762,67518.83981778972,45.59287784663414,60.95415605113626,8.852158546447754,674,2026-02-20 12:53:47,2026-02-20 12:53:47
1700.0,19,34,14.467500686645508,2,-453.3327633005677,39549.688021682145,1.740019587009598,0.0,13.852158546447754,680,2026-02-20 12:53:47,2026-02-20 12:53:47
1700.0,19,35,15.525367736816406,6,120.42625867192314,58970.967762750246,2.9831641346166613,42.325477893633696,13.852158546447754,681,2026-02-20 12:53:47,2026-02-20 12:53:47
1700.0,19,39,17.046735763549805,19,5542.763875719532,79661.48105188961,14.73156230488648,87.41704109147888,13.852158546447754,683,2026-02-20 12:53:47,2026-02-20 12:53:47
1700.0,19,42,18.620922088623047,2,7249.148997204006,97365.48524727364,18.42873006810284,126.0,13.852158546447754,685,2026-02-20 12:53:47,2026-02-20 12:53:47
1700.0,19,52,8.668193817138672,2,24364.7085406833,59045.33892724281,55.51244241230797,42.48755758769203,13.852158546447754,692,2026-02-20 12:53:47,2026-02-20 12:53:47
1700.0,19,54,21.480327606201172,7,-1138.7603612140463,69461.72871518366,0.2549264581970612,65.18836214737735,18.852158546447754,693,2026-02-20 12:53:47,2026-02-20 12:53:47
1700.0,19,56,20.21501350402832,5,2915.9034966095924,65999.81894686531,9.040031483481611,57.643700450400296,18.852158546447754,695,2026-02-20 12:53:47,2026-02-20 12:53:47
1700.0,19,57,24.007320404052734,64,8249.332124177654,90205.1801492074,20.595793509879076,110.39529530595149,18.852158546447754,696,2026-02-20 12:53:47,2026-02-20 12:53:47
1700.0,19,59,18.92030143737793,1,7974.350504233464,62492.46469850416,20.0,50.0,18.852158546447754,698,2026-02-20 12:53:47,2026-02-20 12:53:47
1700.0,19,60,21.134464263916016,55,9677.921190674268,71984.2520923016,23.69106982062174,70.6857860482653,18.852158546447754,699,2026-02-20 12:53:47,2026-02-20 12:53:47
1700.0,19,61,19.63399314880371,1,8897.427427310387,63869.031299113485,22.0,53.0,18.852158546447754,700,2026-02-20 12:53:47,2026-02-20 12:53:47
1700.0,19,62,19.0795841217041,1,9358.965888848848,62951.3202320406,23.0,51.0,18.852158546447754,701,2026-02-20 12:53:47,2026-02-20 12:53:47
1700.0,19,63,17.9460506439209,12,11712.680490478435,57660.48858826053,28.099714970197436,39.469504545356216,18.852158546447754,702,2026-02-20 12:53:47,2026-02-20 12:53:47
1700.0,20,5,8.32801628112793,3,279.46327648346534,77974.03431244295,3.327744339875003,83.73952907273656,8.852158546447754,703,2026-02-20 12:58:10,2026-02-20 12:58:10
1700.0,20,29,11.930017471313477,7,19390.202997325505,69952.10439940738,44.734347068366084,66.25705512018374,8.852158546447754,716,2026-02-20 12:58:10,2026-02-20 12:58:10
1700.0,20,53,15.347618103027344,13,5704.680301045159,81599.52415286348,15.082381226425339,91.64068657317806,13.852158546447754,731,2026-02-20 12:58:10,2026-02-20 12:58:10
1700.0,20,69,14.346646308898926,1,24589.735119618083,62033.609164967726,56.0,49.0,13.852158546447754,740,2026-02-20 12:58:10,2026-02-20 12:58:10
1700.0,20,72,19.903480529785156,4,-672.2036032865119,41209.81563285258,1.2657994337067189,3.6179744818062494,18.852158546447754,741,2026-02-20 12:58:10,2026-02-20 12:58:10
1700.0,20,73,19.045944213867188,1,-1256.4187265357668,47350.232091801634,0.0,17.0,18.852158546447754,742,2026-02-20 12:58:10,2026-02-20 12:58:10
1700.0,20,74,23.409931182861328,12,-1063.0855726301213,72128.2081542932,0.4188885001288985,70.99951455641278,18.852158546447754,743,2026-02-20 12:58:10,2026-02-20 12:58:10
1700.0,20,75,19.03166961669922,1,-333.34180345884374,60657.0425643584,2.0,46.0,18.852158546447754,744,2026-02-20 12:58:10,2026-02-20 12:58:10
1700.0,20,76,19.473358154296875,1,1512.8120426950027,63410.17576557704,6.0,52.0,18.852158546447754,745,2026-02-20 12:58:10,2026-02-20 12:58:10
1700.0,20,77,15.873053550720215,3,2884.692787246237,68835.52643934413,8.972408279861007,63.82365750708819,18.852158546447754,746,2026-02-20 12:58:10,2026-02-20 12:58:10
1700.0,20,78,23.363630294799805,10,7510.651706737286,92038.20256182094,18.995319272091614,114.39006550842956,18.852158546447754,747,2026-02-20 12:58:10,2026-02-20 12:58:10
1700.0,20,82,25.795242309570312,55,9700.447610025385,74588.11406665585,23.739877062549162,76.36047401440152,18.852158546447754,751,2026-02-20 12:58:10,2026-02-20 12:58:10
1700.0,20,85,22.520034790039062,12,10564.538117714454,62500.70563631923,25.612073162542142,50.017959765574915,18.852158546447754,754,2026-02-20 12:58:10,2026-02-20 12:58:10
1700.0,20,87,19.967880249023438,2,28112.21071600681,66622.16450033212,63.63203045884226,59.0,18.852158546447754,756,2026-02-20 12:58:10,2026-02-20 12:58:10
1700.0,21,14,10.710689544677734,2,5952.415286823385,58821.62043021264,15.619140362278163,42.0,8.852158546447754,763,2026-02-20 13:02:31,2026-02-20 13:02:31
1700.0,21,35,10.283302307128906,1,19051.273581156544,72587.28643630585,44.0,72.0,8.852158546447754,777,2026-02-20 13:02:31,2026-02-20 13:02:31
1700.0,21,36,9.144328117370605,1,19512.812042695004,71210.71983569654,45.0,69.0,8.852158546447754,778,2026-02-20 13:02:31,2026-02-20 13:02:31
1700.0,21,38,9.0,1,23205.119735002692,56986.19829606688,53.0,38.0,8.852158546447754,780,2026-02-20 13:02:31,2026-02-20 13:02:31
1700.0,21,51,15.44155216217041,8,-88.2214963072852,63377.84573951762,2.5310939988283767,51.929542037315656,13.852158546447754,785,2026-02-20 13:02:31,2026-02-20 13:02:31
1700.0,21,55,14.448654174804688,4,4010.20220881108,71476.11063077045,11.411012026584833,69.57837549223505,13.852158546447754,789,2026-02-20 13:02:31,2026-02-20 13:02:31
1700.0,21,59,13.963820457458496,4,6709.59841849408,84358.81568541445,17.259703814231333,97.65410764120978,13.852158546447754,791,2026-02-20 13:02:31,2026-02-20 13:02:31
1700.0,21,68,14.15093994140625,1,18128.19665807962,53774.2095613118,42.0,31.0,13.852158546447754,797,2026-02-20 13:02:31,2026-02-20 13:02:31
1700.0,21,72,13.64976692199707,4,28305.958584299726,65241.10782423139,64.05181750681024,55.990214620586976,13.852158546447754,801,2026-02-20 13:02:31,2026-02-20 13:02:31
1700.0,21,75,20.5,3,-591.9651908645328,41385.110155827904,1.4396493272876736,4.0,18.852158546447754,803,2026-02-20 13:02:31,2026-02-20 13:02:31
1700.0,21,76,21.232961654663086,11,-1064.170999097393,46934.79908383592,0.41653674278314334,16.094632236939738,18.852158546447754,804,2026-02-20 13:02:31,2026-02-20 13:02:31
1700.0,21,78,19.64499855041504,2,-936.2892603536419,74422.70857045162,0.6936138433946041,76.0,18.852158546447754,806,2026-02-20 13:02:31,2026-02-20 13:02:31
1700.0,21,81,20.369171142578125,6,8342.088749686945,93698.43393198059,20.79676619848254,118.0082661158497,18.852158546447754,809,2026-02-20 13:02:31,2026-02-20 13:02:31
1700.0,21,83,22.11039924621582,50,9686.061556909113,77973.31593010908,23.70870728079724,83.73796347685428,18.852158546447754,811,2026-02-20 13:02:31,2026-02-20 13:02:31
1700.0,21,86,20.35491943359375,18,10674.903577162844,65217.41789658508,25.851198324680325,55.93858632820544,18.852158546447754,814,2026-02-20 13:02:31,2026-02-20 13:02:31
1700.0,22,1,10.144269943237305,3,-1256.4187265357668,41326.626671641374,0.0,3.872544886326648,8.852158546447754,817,2026-02-20 13:06:54,2026-02-20 13:06:54
1700.0,22,22,13.439427375793457,7,16968.63651606072,65869.88821746172,39.48761969229239,57.36053784276602,8.852158546447754,828,2026-02-20 13:06:54,2026-02-20 13:06:54
1700.0,22,25,9.163614273071289,2,17666.658196541153,55345.31849023308,41.0,34.42397293721754,8.852158546447754,831,2026-02-20 13:06:54,2026-02-20 13:06:54
1700.0,22,27,9.388209342956543,2,19051.273581156544,71885.6821932626,44.0,70.47096920105568,8.852158546447754,833,2026-02-20 13:06:54,2026-02-20 13:06:54
1700.0,22,29,12.445773124694824,1,20897.427427310387,77634.6973052067,48.0,83.0,8.852158546447754,835,2026-02-20 13:06:54,2026-02-20 13:06:54
1700.0,22,45,15.972865104675293,1,-794.8802649973053,65245.59789972281,1.0,56.0,13.852158546447754,843,2026-02-20 13:06:54,2026-02-20 13:06:54
1700.0,22,47,14.266377449035645,1,3820.5043503873103,74422.70857045162,11.0,76.0,13.852158546447754,845,2026-02-20 13:06:54,2026-02-20 13:06:54
1700.0,22,49,16.091068267822266,2,6321.3778747133065,86352.95244239905,16.418559302706324,102.0,13.852158546447754,847,2026-02-20 13:06:54,2026-02-20 13:06:54
1700.0,22,53,16.5268611907959,2,7100.835538274042,88188.37457654483,18.10738424042125,106.0,13.852158546447754,848,2026-02-20 13:06:54,2026-02-20 13:06:54
1700.0,22,56,14.571528434753418,1,13051.273581156542,93694.6409789821,31.0,118.0,13.852158546447754,850,2026-02-20 13:06:54,2026-02-20 13:06:54
1700.0,22,60,17.0,1,25051.273581156544,72587.28643630585,57.0,72.0,13.852158546447754,854,2026-02-20 13:06:54,2026-02-20 13:06:54
1700.0,22,62,10.201433181762695,6,28277.94479683667,67974.5182339143,63.99112096730695,61.94723204743651,13.852158546447754,856,2026-02-20 13:06:54,2026-02-20 13:06:54
1700.0,22,64,22.3702335357666,21,-887.5524044585785,47522.16868580406,0.7992103645005746,17.37470746550074,18.852158546447754,857,2026-02-20 13:06:54,2026-02-20 13:06:54
1700.0,22,67,19.820354461669922,1,-1256.4187265357668,76258.13070459737,0.0,80.0,18.852158546447754,860,2026-02-20 13:06:54,2026-02-20 13:06:54
1700.0,22,68,22.112213134765625,3,7130.679582358289,96906.62971373719,18.172046335937118,125.0,18.852158546447754,861,2026-02-20 13:06:54,2026-02-20 13:06:54
1700.0,22,69,20.729045867919922,53,9238.514393006213,80260.98601414231,22.739021759007624,88.72356333745086,18.852158546447754,862,2026-02-20 13:06:54,2026-02-20 13:06:54
1700.0,22,73,21.259384155273438,12,10654.554412466514,68836.55019854785,25.807108467838276,63.82588862152159,18.852158546447754,866,2026-02-20 13:06:54,2026-02-20 13:06:54
1700.0,23,12,10.5,1,7974.350504233464,90023.79671069059,20.0,110.0,8.852158546447754,874,2026-02-20 13:11:16,2026-02-20 13:11:16
1700.0,23,16,9.788349151611328,6,16686.920760768066,64508.5724230865,38.877235555824974,54.39377446109022,8.852158546447754,877,2026-02-20 13:11:16,2026-02-20 13:11:16
1700.0,23,23,6.135814666748047,4,19787.741860167134,76525.90999480875,45.59568127118961,80.58358082368014,8.852158546447754,882,2026-02-20 13:11:16,2026-02-20 13:11:16
1700.0,23,26,10.641797065734863,1,25051.273581156544,63410.17576557704,57.0,52.0,8.852158546447754,884,2026-02-20 13:11:16,2026-02-20 13:11:16
1700.0,23,27,10.293500900268555,1,25512.812042695004,55609.63169545756,58.0,35.0,8.852158546447754,885,2026-02-20 13:11:16,2026-02-20 13:11:16
1700.0,23,33,16.437408447265625,2,-1164.2504414929786,78093.55283874314,0.19969795092604142,84.0,13.852158546447754,888,2026-02-20 13:11:16,2026-02-20 13:11:16
1700.0,23,34,15.466483116149902,2,-1017.245568389998,79011.26390581601,0.5182085093158325,86.0,13.852158546447754,889,2026-02-20 13:11:16,2026-02-20 13:11:16
1700.0,23,40,15.440203666687012,2,8258.33696328853,98283.19631434651,20.615303994619307,128.0,13.852158546447754,892,2026-02-20 13:11:16,2026-02-20 13:11:16
1700.0,23,41,14.534996032714844,1,9820.504350387311,56527.34276253044,24.0,37.0,13.852158546447754,893,2026-02-20 13:11:16,2026-02-20 13:11:16
1700.0,23,44,14.192091941833496,1,17666.658196541153,56527.34276253044,41.0,37.0,13.852158546447754,895,2026-02-20 13:11:16,2026-02-20 13:11:16
1700.0,23,45,14.13358211517334,1,18128.19665807962,55150.776161921116,42.0,34.0,13.852158546447754,896,2026-02-20 13:11:16,2026-02-20 13:11:16
1700.0,23,50,25.489582061767578,25,-945.9241761643733,48554.786821156944,0.6727381924713526,19.625128480137757,18.852158546447754,899,2026-02-20 13:11:16,2026-02-20 13:11:16
1700.0,23,53,20.77824592590332,8,8978.162191291563,75294.74024745787,22.174925321959215,77.90044929890118,18.852158546447754,902,2026-02-20 13:11:16,2026-02-20 13:11:16
1700.0,23,56,21.932687759399414,20,9004.309609577573,83401.80055544451,22.2315780615789,95.56845091480155,18.852158546447754,905,2026-02-20 13:11:16,2026-02-20 13:11:16
1700.0,23,61,19.5,1,28743.58127346423,69375.29770155076,65.0,65.0,18.852158546447754,910,2026-02-20 13:11:16,2026-02-20 13:11:16
1700.0,24,2,9.108120918273926,4,-419.9464090283049,63455.46863677516,1.812356687932834,52.09870834693665,8.852158546447754,911,2026-02-20 13:15:30,2026-02-20 13:15:30
1700.0,24,4,10.899595260620117,3,-1019.1508950184901,81764.39710703466,0.5140803016207662,92.0,8.852158546447754,913,2026-02-20 13:15:30,2026-02-20 13:15:30
1700.0,24,10,13.668050765991211,3,13051.273581156542,55748.53495721492,31.0,35.30271676291407,8.852158546447754,916,2026-02-20 13:15:30,2026-02-20 13:15:30
1700.0,24,15,8.953598022460938,12,16695.760431109615,67517.28914116911,38.89638817489833,60.95077660704706,8.852158546447754,921,2026-02-20 13:15:30,2026-02-20 13:15:30
1700.0,24,16,12.249222755432129,11,17383.370994748337,62020.66247558872,40.38621106278223,48.97178482456291,8.852158546447754,922,2026-02-20 13:15:30,2026-02-20 13:15:30
1700.0,24,18,9.238645553588867,11,18092.978566684724,58615.397504723165,41.92369413531106,41.55057112660253,8.852158546447754,924,2026-02-20 13:15:30,2026-02-20 13:15:30
1700.0,24,29,9.007325172424316,4,25125.994353465314,54889.1663592434,57.161895006669006,33.429864557453485,8.852158546447754,934,2026-02-20 13:15:30,2026-02-20 13:15:30
1700.0,24,35,9.5,1,28743.58127346423,47809.08762533807,65.0,18.0,8.852158546447754,939,2026-02-20 13:15:30,2026-02-20 13:15:30
1700.0,24,47,21.96500587463379,5,-1210.533699066517,45935.923521625824,0.09941755951670762,13.917747598518412,18.852158546447754,942,2026-02-20 13:15:30,2026-02-20 13:15:30
1700.0,24,49,22.705663681030273,34,-993.3675445413204,51201.95754697488,0.5699442276546339,25.394200731301332,18.852158546447754,944,2026-02-20 13:15:30,2026-02-20 13:15:30
1700.0,24,53,17.438243865966797,19,9194.475064565277,78876.42647482269,22.64360321405226,85.7061440450459,18.852158546447754,948,2026-02-20 13:15:30,2026-02-20 13:15:30
1700.0,24,54,18.72783851623535,15,9430.65110809899,86087.42209190983,23.15531797504197,101.42132036974085,18.852158546447754,949,2026-02-20 13:15:30,2026-02-20 13:15:30
1700.0,24,57,19.850175857543945,1,9820.504350387311,59739.33149728552,24.0,44.0,18.852158546447754,952,2026-02-20 13:15:30,2026-02-20 13:15:30
1700.0,24,58,19.46742820739746,1,10743.581273464233,69375.29770155076,26.0,65.0,18.852158546447754,953,2026-02-20 13:15:30,2026-02-20 13:15:30
1700.0,24,59,19.099411010742188,1,11666.658196541157,71210.71983569654,28.0,69.0,18.852158546447754,954,2026-02-20 13:15:30,2026-02-20 13:15:30
1700.0,24,60,15.980669975280762,2,28630.029368873093,71323.61166185456,64.75397087338587,69.24602912661413,18.852158546447754,955,2026-02-20 13:15:30,2026-02-20 13:15:30
1700.0,25,7,10.712837219238281,2,7051.273581156542,69162.49837511398,18.0,64.53623894475737,8.852158546447754,960,2026-02-20 13:19:53,2026-02-20 13:19:53
1700.0,25,17,9.823294639587402,7,15963.545484732133,71038.13288108421,37.30992245774711,68.62387518075202,8.852158546447754,966,2026-02-20 13:19:53,2026-02-20 13:19:53
1700.0,25,33,12.269914627075195,1,25974.350504233465,56068.487228993996,59.0,36.0,8.852158546447754,977,2026-02-20 13:19:53,2026-02-20 13:19:53
1700.0,25,47,16.123872756958008,2,17943.539145572464,61574.75363143128,41.59990872290116,48.0,13.852158546447754,984,2026-02-20 13:19:53,2026-02-20 13:19:53
1700.0,25,50,14.733264923095703,1,22743.58127346423,49185.65422594739,52.0,21.0,13.852158546447754,987,2026-02-20 13:19:53,2026-02-20 13:19:53
1700.0,25,51,15.54267692565918,13,24224.462274045196,74411.49193438768,55.20857550125874,75.97555519059019,13.852158546447754,988,2026-02-20 13:19:53,2026-02-20 13:19:53
1700.0,25,52,14.73723030090332,1,27820.50435038731,70751.86430216009,63.0,68.0,13.852158546447754,989,2026-02-20 13:19:53,2026-02-20 13:19:53
1700.0,25,55,13.16108512878418,5,-151.57677417979622,47569.816915738316,2.393824230104603,17.478548928557814,18.852158546447754,991,2026-02-20 13:19:53,2026-02-20 13:19:53
1700.0,25,56,22.8172664642334,47,-1010.9872787796652,54200.848673898494,0.531768136804887,31.929789620926115,18.852158546447754,992,2026-02-20 13:19:53,2026-02-20 13:19:53
1700.0,25,58,20.130414962768555,38,8896.40344126772,79587.16699603648,21.99778136357422,87.25508585628668,18.852158546447754,994,2026-02-20 13:19:53,2026-02-20 13:19:53
1700.0,25,61,21.13851547241211,12,9591.455953401712,63493.963242028316,23.50372847319787,52.182600993836814,18.852158546447754,997,2026-02-20 13:19:53,2026-02-20 13:19:53
1700.0,25,63,19.69163703918457,2,9583.8874594663,87729.51904300839,23.487330069671142,105.0,18.852158546447754,999,2026-02-20 13:19:53,2026-02-20 13:19:53
1700.0,25,65,20.58430290222168,2,10546.611825898792,88647.23011008126,25.573232863608208,107.0,18.852158546447754,1001,2026-02-20 13:19:53,2026-02-20 13:19:53
1700.0,26,2,11.16689682006836,1,-1256.4187265357668,70751.86430216009,0.0,68.0,8.852158546447754,1003,2026-02-20 13:24:15,2026-02-20 13:24:15
1700.0,26,3,9.106927871704102,2,2924.3123601945176,76716.98623813382,9.058250687915615,81.0,8.852158546447754,1004,2026-02-20 13:24:15,2026-02-20 13:24:15
1700.0,26,7,10.977421760559082,2,6128.196658079618,72824.30577802517,16.0,72.51654458625049,8.852158546447754,1007,2026-02-20 13:24:15,2026-02-20 13:24:15
1700.0,26,18,9.039852142333984,1,18128.19665807962,82223.2526405711,42.0,93.0,8.852158546447754,1015,2026-02-20 13:24:15,2026-02-20 13:24:15
1700.0,26,25,10.5,4,24386.89527752801,40513.61461390973,55.560513675471505,2.100719119149594,8.852158546447754,1020,2026-02-20 13:24:15,2026-02-20 13:24:15
1700.0,26,28,8.601263999938965,2,25489.219641557404,59303.931222007115,57.94888313086853,43.05111686913147,8.852158546447754,1023,2026-02-20 13:24:15,2026-02-20 13:24:15
1700.0,26,31,9.43887996673584,2,26846.76592380343,57903.909363139755,60.89023340906826,40.0,8.852158546447754,1026,2026-02-20 13:24:15,2026-02-20 13:24:15
1700.0,26,45,14.372591972351074,2,12319.146685798169,75799.27517106093,29.413725060056862,79.0,13.852158546447754,1033,2026-02-20 13:24:15,2026-02-20 13:24:15
1700.0,26,47,14.144997596740723,2,17486.23687362196,67360.50303556123,40.60908713367508,60.60908713367508,13.852158546447754,1035,2026-02-20 13:24:15,2026-02-20 13:24:15
1700.0,26,49,15.163907051086426,1,23205.119735002692,51479.93189362959,53.0,26.0,13.852158546447754,1037,2026-02-20 13:24:15,2026-02-20 13:24:15
1700.0,26,50,18.361278533935547,10,24171.111459178348,76543.25739359563,55.09298206904724,80.62138661988178,13.852158546447754,1038,2026-02-20 13:24:15,2026-02-20 13:24:15
1700.0,26,52,15.35044002532959,3,28743.58127346423,72408.25195605496,65.0,71.60982386139914,13.852158546447754,1040,2026-02-20 13:24:15,2026-02-20 13:24:15
1700.0,26,54,26.893146514892578,53,-974.1085335878332,57399.44581521142,0.6116720847205228,38.90060485041904,18.852158546447754,1041,2026-02-20 13:24:15,2026-02-20 13:24:15
1700.0,26,55,20.160625457763672,2,-601.3900754934673,51021.07636009315,1.4192287439249824,25.0,18.852158546447754,1042,2026-02-20 13:24:15,2026-02-20 13:24:15
1700.0,26,56,23.772323608398438,51,9764.164237201105,81374.48747754387,23.87792975476322,91.15025623318579,18.852158546447754,1043,2026-02-20 13:24:15,2026-02-20 13:24:15
1700.0,26,58,23.38614845275879,11,9444.620070328448,66482.88591959559,23.18558405987247,58.69646529123643,18.852158546447754,1045,2026-02-20 13:24:15,2026-02-20 13:24:15
1700.0,26,59,19.0,1,10282.042811925772,90023.79671069059,25.0,110.0,18.852158546447754,1046,2026-02-20 13:24:15,2026-02-20 13:24:15
1700.0,27,2,10.500317573547363,1,-1256.4187265357668,73963.85303691517,0.0,75.0,8.852158546447754,1047,2026-02-20 13:28:37,2026-02-20 13:28:37
1700.0,27,23,9.0,1,24128.19665807962,41843.96568936435,55.0,5.0,8.852158546447754,1060,2026-02-20 13:28:37,2026-02-20 13:28:37
1700.0,27,24,12.568351745605469,4,25628.467319163963,62179.39208201753,58.25058643234941,49.31770983761763,8.852158546447754,1061,2026-02-20 13:28:37,2026-02-20 13:28:37
1700.0,27,31,16.080331802368164,2,304.786057727497,53315.35402777536,3.382610365903738,30.0,13.852158546447754,1065,2026-02-20 13:28:37,2026-02-20 13:28:37
1700.0,27,34,16.41298484802246,1,9358.965888848848,55150.776161921116,23.0,34.0,13.852158546447754,1066,2026-02-20 13:28:37,2026-02-20 13:28:37
1700.0,27,40,15.512413024902344,5,23446.918517609138,53979.70536529379,53.52389736231397,31.4478442319268,13.852158546447754,1071,2026-02-20 13:28:37,2026-02-20 13:28:37
1700.0,27,41,14.370519638061523,4,24485.026196948904,78924.0464314182,55.77313066755011,85.8099238910216,13.852158546447754,1072,2026-02-20 13:28:37,2026-02-20 13:28:37
1700.0,27,42,15.081404685974121,1,28743.58127346423,74881.56410398806,65.0,77.0,13.852158546447754,1073,2026-02-20 13:28:37,2026-02-20 13:28:37
1700.0,27,44,26.11137580871582,89,-765.0177006604846,59760.26969968516,1.0647022227297782,44.0456313607864,18.852158546447754,1074,2026-02-20 13:28:37,2026-02-20 13:28:37
1700.0,27,49,17.898401260375977,3,9307.26538322882,69642.89554717798,22.88798223782327,65.58318539511733,18.852158546447754,1079,2026-02-20 13:28:37,2026-02-20 13:28:37
1700.0,27,50,23.457048416137695,23,9987.750103134116,83718.33858584134,24.36236579761808,96.25829337558051,18.852158546447754,1080,2026-02-20 13:28:37,2026-02-20 13:28:37
1700.0,27,54,20.098358154296875,1,16743.58127346423,70751.86430216009,39.0,68.0,18.852158546447754,1084,2026-02-20 13:28:37,2026-02-20 13:28:37
1700.0,28,2,9.937701225280762,1,-333.34180345884374,52397.64296070248,2.0,28.0,8.852158546447754,1085,2026-02-20 13:33:00,2026-02-20 13:33:00
1700.0,28,28,11.159468650817871,4,22879.02660553538,63596.23577626496,52.293464886154155,52.405487124136734,8.852158546447754,1103,2026-02-20 13:33:00,2026-02-20 13:33:00
1700.0,28,35,12.5,2,25708.180689739154,45973.66549119231,58.42329873526233,14.0,8.852158546447754,1107,2026-02-20 13:33:00,2026-02-20 13:33:00
1700.0,28,39,11.943739891052246,5,28251.941585118107,79173.75733863481,63.93478067525006,86.35412765226225,8.852158546447754,1111,2026-02-20 13:33:00,2026-02-20 13:33:00
1700.0,28,40,11.252636909484863,4,28379.582193607595,73101.33407716177,64.21133532697729,73.12028210032494,8.852158546447754,1112,2026-02-20 13:33:00,2026-02-20 13:33:00
1700.0,28,41,9.304098129272461,1,28743.58127346423,51938.78742716603,65.0,27.0,8.852158546447754,1113,2026-02-20 13:33:00,2026-02-20 13:33:00
1700.0,28,58,16.26542091369629,2,15820.504350387311,73244.30899920386,37.0,73.43187237567842,13.852158546447754,1125,2026-02-20 13:33:00,2026-02-20 13:33:00
1700.0,28,59,10.540332794189453,3,17036.954406256657,61917.7551846848,39.63564178771692,48.74751534673663,13.852158546447754,1126,2026-02-20 13:33:00,2026-02-20 13:33:00
1700.0,28,61,16.36527442932129,3,17875.137714654276,68009.83273353713,41.45170562257842,62.02419417830732,13.852158546447754,1128,2026-02-20 13:33:00,2026-02-20 13:33:00
1700.0,28,63,15.193546295166016,5,23448.92990727574,53644.418487581315,53.52825537325827,30.717141748885155,13.852158546447754,1130,2026-02-20 13:33:00,2026-02-20 13:33:00
1700.0,28,65,15.197721481323242,2,23765.717590250646,81764.39710703466,54.21462868637057,92.0,13.852158546447754,1132,2026-02-20 13:33:00,2026-02-20 13:33:00
1700.0,28,67,26.628406524658203,95,-816.3679219835657,62445.920522290435,0.9534434098631025,49.898564640040384,18.852158546447754,1133,2026-02-20 13:33:00,2026-02-20 13:33:00
1700.0,28,69,23.857799530029297,8,9829.927230429455,57810.42325456063,24.02041624009131,39.79626243611225,18.852158546447754,1135,2026-02-20 13:33:00,2026-02-20 13:33:00
1700.0,28,70,22.377540588378906,1,8897.427427310387,70293.00876862365,22.0,67.0,18.852158546447754,1136,2026-02-20 13:33:00,2026-02-20 13:33:00
1700.0,28,71,22.321208953857422,17,10496.239617450557,86531.04129148256,25.464093078637035,102.38811529134442,18.852158546447754,1137,2026-02-20 13:33:00,2026-02-20 13:33:00
1700.0,29,36,10.301753997802734,5,27939.09316990266,80971.89463029458,63.256942442283254,90.27287148390215,8.852158546447754,1159,2026-02-20 13:37:13,2026-02-20 13:37:13
1700.0,29,41,14.52889633178711,4,100.3767320690257,53506.29455729365,2.939723493643717,30.416123410448378,13.852158546447754,1161,2026-02-20 13:37:13,2026-02-20 13:37:13
1700.0,29,47,13.941838264465332,1,9358.965888848848,73504.99750337873,23.0,74.0,13.852158546447754,1163,2026-02-20 13:37:13,2026-02-20 13:37:13
1700.0,29,48,14.5,1,9358.965888848848,75799.27517106093,23.0,79.0,13.852158546447754,1164,2026-02-20 13:37:13,2026-02-20 13:37:13
1700.0,29,50,14.450017929077148,3,12809.796298196978,83508.3955480149,30.47679922025428,95.80075713054848,13.852158546447754,1165,2026-02-20 13:37:13,2026-02-20 13:37:13
1700.0,29,55,11.538043022155762,5,16419.057323097546,75569.02735236513,38.29686477420551,78.4982128319969,13.852158546447754,1170,2026-02-20 13:37:13,2026-02-20 13:37:13
1700.0,29,56,14.654276847839355,8,16602.113263669835,66809.4031053515,38.69348597877881,59.40805567620885,13.852158546447754,1171,2026-02-20 13:37:13,2026-02-20 13:37:13
1700.0,29,62,14.274434089660645,1,23666.658196541153,84517.5303082533,54.0,98.0,13.852158546447754,1176,2026-02-20 13:37:13,2026-02-20 13:37:13
1700.0,29,63,14.375962257385254,8,25610.66163932317,47193.985448153304,58.212007459361025,16.659486195046785,13.852158546447754,1177,2026-02-20 13:37:13,2026-02-20 13:37:13
1700.0,29,64,13.953166961669922,1,25051.273581156544,67081.02003386857,57.0,60.0,13.852158546447754,1178,2026-02-20 13:37:13,2026-02-20 13:37:13
1700.0,29,65,14.626265525817871,1,27820.50435038731,75340.4196375245,63.0,78.0,13.852158546447754,1179,2026-02-20 13:37:13,2026-02-20 13:37:13
1700.0,29,67,27.27627944946289,91,-918.1100324107299,64690.59476258316,0.7330021706042468,54.79046214641418,18.852158546447754,1180,2026-02-20 13:37:13,2026-02-20 13:37:13
1700.0,29,68,18.8966007232666,1,-1256.4187265357668,72128.43090276941,0.0,71.0,18.852158546447754,1181,2026-02-20 13:37:13,2026-02-20 13:37:13
1700.0,29,69,18.91883087158203,2,7037.385170525071,92776.92991190922,17.969908443631812,116.0,18.852158546447754,1182,2026-02-20 13:37:13,2026-02-20 13:37:13
1700.0,29,72,22.691381454467773,15,9687.364102266967,60776.54062066334,23.71152946240592,46.26042631628295,18.852158546447754,1185,2026-02-20 13:37:13,2026-02-20 13:37:13
1700.0,29,73,19.702829360961914,5,11311.001228491856,88556.07383109498,27.22940990255985,106.80133991567295,18.852158546447754,1186,2026-02-20 13:37:13,2026-02-20 13:37:13
1700.0,29,74,19.88175392150879,1,24128.19665807962,58362.7648966762,55.0,41.0,18.852158546447754,1187,2026-02-20 13:37:13,2026-02-20 13:37:13
1700.0,30,5,10.382735252380371,1,6589.73511961808,42761.67675643723,17.0,7.0,8.852158546447754,1189,2026-02-20 13:41:36,2026-02-20 13:41:36
1700.0,30,20,10.92011833190918,2,18128.19665807962,53120.18207927176,42.0,29.574654909358102,8.852158546447754,1199,2026-02-20 13:41:36,2026-02-20 13:41:36
1700.0,30,28,8.289287567138672,3,24052.157338124016,86991.46016662724,54.83524814009619,103.39152233668655,8.852158546447754,1204,2026-02-20 13:41:36,2026-02-20 13:41:36
1700.0,30,34,9.381888389587402,3,28743.58127346423,53415.374061560986,65.0,30.217977176857314,8.852158546447754,1207,2026-02-20 13:41:36,2026-02-20 13:41:36
1700.0,30,38,15.10752010345459,1,589.7351196180794,73963.85303691517,4.0,75.0,13.852158546447754,1208,2026-02-20 13:41:36,2026-02-20 13:41:36
1700.0,30,43,15.454814910888672,4,8684.427086315382,78781.26389820995,21.538499261177485,85.4987528954191,13.852158546447754,1211,2026-02-20 13:41:36,2026-02-20 13:41:36
1700.0,30,49,14.760878562927246,3,14674.579062205943,88727.15060080528,34.51716187560704,107.17417353585795,13.852158546447754,1216,2026-02-20 13:41:36,2026-02-20 13:41:36
1700.0,30,59,14.469381332397461,8,25802.407261333607,49296.29226143868,58.62745630705031,21.241117361359,13.852158546447754,1223,2026-02-20 13:41:36,2026-02-20 13:41:36
1700.0,30,60,15.770563125610352,1,27358.96588884885,78093.55283874314,62.0,84.0,13.852158546447754,1224,2026-02-20 13:41:36,2026-02-20 13:41:36
1700.0,30,62,19.425832748413086,15,-1105.6645304651995,59934.54497274552,0.3266340914862291,44.42543559179828,18.852158546447754,1225,2026-02-20 13:41:36,2026-02-20 13:41:36
1700.0,30,63,29.53274917602539,69,-906.7817218716681,67697.05384914059,0.7575468434388806,61.34254415659804,18.852158546447754,1226,2026-02-20 13:41:36,2026-02-20 13:41:36
1700.0,30,66,23.10955238342285,4,7167.401096506404,90941.50777776347,18.25160961659137,112.0,18.852158546447754,1229,2026-02-20 13:41:36,2026-02-20 13:41:36
1700.0,30,67,22.951677322387695,19,9623.781785271085,60925.217079473274,23.573767775581512,46.584442151210496,18.852158546447754,1230,2026-02-20 13:41:36,2026-02-20 13:41:36
1700.0,30,69,21.021446228027344,3,16775.28770998351,68705.3392203177,39.068697279125104,63.539935922599355,18.852158546447754,1232,2026-02-20 13:41:36,2026-02-20 13:41:36
1700.0,30,72,19.0,1,22743.58127346423,69834.1532350872,52.0,66.0,18.852158546447754,1235,2026-02-20 13:41:36,2026-02-20 13:41:36
1700.0,30,73,18.885574340820312,1,24128.19665807962,58821.62043021264,55.0,42.0,18.852158546447754,1236,2026-02-20 13:41:36,2026-02-20 13:41:36
1700.0,31,6,12.578492164611816,3,9879.154348299657,74881.56410398806,24.12707499547675,77.0,8.852158546447754,1238,2026-02-20 13:45:59,2026-02-20 13:45:59
1700.0,31,7,10.780447959899902,1,13974.350504233464,88647.23011008126,33.0,107.0,8.852158546447754,1239,2026-02-20 13:45:59,2026-02-20 13:45:59
1700.0,31,25,11.923453330993652,4,27585.811637764047,80657.93547608756,62.4914991226496,89.58864925869041,8.852158546447754,1252,2026-02-20 13:45:59,2026-02-20 13:45:59
1700.0,31,30,13.942873001098633,1,-1256.4187265357668,75799.27517106093,0.0,79.0,13.852158546447754,1254,2026-02-20 13:45:59,2026-02-20 13:45:59
1700.0,31,39,16.829288482666016,2,8435.888965771926,81345.69325896284,21.0,91.08750398007662,13.852158546447754,1260,2026-02-20 13:45:59,2026-02-20 13:45:59
1700.0,31,54,20.043777465820312,30,-461.69141346797846,59978.17415678192,1.7219091783135414,44.52051820679945,18.852158546447754,1268,2026-02-20 13:45:59,2026-02-20 13:45:59
1700.0,31,55,29.460914611816406,57,-829.2459861958096,69941.71530257937,0.9255409374032407,66.23441379613136,18.852158546447754,1269,2026-02-20 13:45:59,2026-02-20 13:45:59
1700.0,31,57,20.14745330810547,1,7051.273581156542,67539.875567405,18.0,61.0,18.852158546447754,1271,2026-02-20 13:45:59,2026-02-20 13:45:59
1700.0,31,59,19.34331703186035,2,7906.274905494036,93694.6409789821,19.852502869397906,118.0,18.852158546447754,1273,2026-02-20 13:45:59,2026-02-20 13:45:59
1700.0,31,60,19.970748901367188,22,10144.47045269509,61875.64313580923,24.70192655500019,48.65573907774189,18.852158546447754,1274,2026-02-20 13:45:59,2026-02-20 13:45:59
1700.0,31,61,21.380273818969727,1,9820.504350387311,67081.02003386857,24.0,60.0,18.852158546447754,1275,2026-02-20 13:45:59,2026-02-20 13:45:59
1700.0,31,62,19.203157424926758,1,9820.504350387311,68457.58663447789,24.0,63.0,18.852158546447754,1276,2026-02-20 13:45:59,2026-02-20 13:45:59
1700.0,31,63,20.11977767944336,2,17106.470397396493,71571.49948127898,39.786259768519905,69.78625976851991,18.852158546447754,1277,2026-02-20 13:45:59,2026-02-20 13:45:59
1700.0,31,64,19.201740264892578,1,23205.119735002692,61115.89809789484,53.0,47.0,18.852158546447754,1278,2026-02-20 13:45:59,2026-02-20 13:45:59
1700.0,31,65,19.75935935974121,1,23205.119735002692,64786.742366186365,53.0,55.0,18.852158546447754,1279,2026-02-20 13:45:59,2026-02-20 13:45:59
1700.0,31,66,19.75838279724121,1,26435.888965771926,51021.07636009315,60.0,25.0,18.852158546447754,1280,2026-02-20 13:45:59,2026-02-20 13:45:59
1700.0,31,67,19.32723045349121,1,26435.888965771926,51938.78742716603,60.0,27.0,18.852158546447754,1281,2026-02-20 13:45:59,2026-02-20 13:45:59
1700.0,32,4,13.213926315307617,1,6589.73511961808,96447.77418020075,17.0,124.0,8.852158546447754,1283,2026-02-20 13:50:22,2026-02-20 13:50:22
1700.0,32,9,10.134836196899414,2,17825.04631461806,62033.609164967726,41.34317425583329,49.0,8.852158546447754,1285,2026-02-20 13:50:22,2026-02-20 13:50:22
1700.0,32,32,16.01589584350586,5,8592.00235363672,78946.09730606721,21.338245673707053,85.85798013756843,13.852158546447754,1300,2026-02-20 13:50:22,2026-02-20 13:50:22
1700.0,32,37,13.773004531860352,13,16848.533192669118,72721.16513546661,39.22739582494392,72.29176655695738,13.852158546447754,1305,2026-02-20 13:50:22,2026-02-20 13:50:22
1700.0,32,38,14.350831985473633,7,21750.1038991461,70350.93527400735,49.84746568897738,67.12624127018204,13.852158546447754,1306,2026-02-20 13:50:22,2026-02-20 13:50:22
1700.0,32,48,19.285680770874023,5,-1071.6472223503295,66834.13298772227,0.40033825906844744,59.46195037849166,18.852158546447754,1312,2026-02-20 13:50:22,2026-02-20 13:50:22
1700.0,32,50,25.474456787109375,49,-736.1308870105585,72137.03927266653,1.1272903189712848,71.01876052323216,18.852158546447754,1314,2026-02-20 13:50:22,2026-02-20 13:50:22
1700.0,32,51,26.845415115356445,24,353.7797872136055,59467.44144118494,3.4887634464569732,43.40746043966148,18.852158546447754,1315,2026-02-20 13:50:22,2026-02-20 13:50:22
1700.0,32,53,20.250381469726562,5,7591.21071906746,70328.58167764364,19.16986379880699,67.07752529155708,18.852158546447754,1317,2026-02-20 13:50:22,2026-02-20 13:50:22
1700.0,32,55,25.61455726623535,16,10843.672354353428,63251.63515258514,26.216864008593255,51.65448686698837,18.852158546447754,1319,2026-02-20 13:50:22,2026-02-20 13:50:22
1700.0,32,58,19.182411193847656,3,24663.322107283297,66096.0034021393,56.15943847327463,57.85331861612813,18.852158546447754,1322,2026-02-20 13:50:22,2026-02-20 13:50:22
1700.0,32,59,21.069679260253906,1,25974.350504233465,53315.35402777536,59.0,30.0,18.852158546447754,1323,2026-02-20 13:50:22,2026-02-20 13:50:22
1700.0,33,10,12.441230773925781,1,7974.350504233464,98283.19631434651,20.0,128.0,8.852158546447754,1329,2026-02-20 13:54:45,2026-02-20 13:54:45
1700.0,33,15,10.626166343688965,6,16490.297996224745,75853.53125706984,38.45121956598111,79.11824219616742,8.852158546447754,1332,2026-02-20 13:54:45,2026-02-20 13:54:45
1700.0,33,36,9.210482597351074,1,28282.04281192577,72587.28643630585,64.0,72.0,8.852158546447754,1347,2026-02-20 13:54:45,2026-02-20 13:54:45
1700.0,33,37,8.95166015625,2,28743.58127346423,85419.71977920119,65.0,99.96617323974418,8.852158546447754,1348,2026-02-20 13:54:45,2026-02-20 13:54:45
1700.0,33,42,15.304078102111816,10,6642.487668481953,73802.06418594997,17.114297189205057,74.6474078677481,13.852158546447754,1350,2026-02-20 13:54:45,2026-02-20 13:54:45
1700.0,33,47,15.533610343933105,1,8897.427427310387,82682.10817410753,22.0,94.0,13.852158546447754,1354,2026-02-20 13:54:45,2026-02-20 13:54:45
1700.0,33,53,14.5415678024292,1,19051.273581156544,61115.89809789484,44.0,47.0,13.852158546447754,1359,2026-02-20 13:54:45,2026-02-20 13:54:45
1700.0,33,64,22.091754913330078,28,-801.002310290827,73870.86197566568,0.986735568530703,74.7973413101662,18.852158546447754,1366,2026-02-20 13:54:45,2026-02-20 13:54:45
1700.0,33,66,20.549413681030273,18,138.94326301447077,61439.22579686069,3.023284310692181,47.704639424251745,18.852158546447754,1368,2026-02-20 13:54:45,2026-02-20 13:54:45
1700.0,33,71,18.946792602539062,13,10626.712843642295,66594.4934634861,25.746785068719134,58.93969553634286,18.852158546447754,1373,2026-02-20 13:54:45,2026-02-20 13:54:45
1700.0,33,72,19.697715759277344,1,23205.119735002692,66163.30896679568,53.0,58.0,18.852158546447754,1374,2026-02-20 13:54:45,2026-02-20 13:54:45
1700.0,33,73,19.00252914428711,1,24589.735119618083,64327.88683264992,56.0,54.0,18.852158546447754,1375,2026-02-20 13:54:45,2026-02-20 13:54:45
1700.0,33,74,19.16122055053711,4,26771.77737532567,55682.60125783563,60.727758220699776,35.15902513328256,18.852158546447754,1376,2026-02-20 13:54:45,2026-02-20 13:54:45
1700.0,34,13,11.675984382629395,1,16282.042811925772,76716.98623813382,38.0,81.0,8.852158546447754,1384,2026-02-20 13:59:07,2026-02-20 13:59:07
1700.0,34,14,9.375067710876465,1,16282.042811925772,78552.40837227958,38.0,85.0,8.852158546447754,1385,2026-02-20 13:59:07,2026-02-20 13:59:07
1700.0,34,18,9.565865516662598,2,18397.313343764523,58821.62043021264,42.583086152317286,42.0,8.852158546447754,1387,2026-02-20 13:59:07,2026-02-20 13:59:07
1700.0,34,20,9.907092094421387,15,21482.026640959033,76359.43416240072,49.26663162957207,80.22077418795104,8.852158546447754,1388,2026-02-20 13:59:07,2026-02-20 13:59:07
1700.0,34,36,14.26941204071045,1,589.7351196180794,53774.2095613118,4.0,31.0,13.852158546447754,1399,2026-02-20 13:59:07,2026-02-20 13:59:07
1700.0,34,54,14.0,1,17205.119735002692,71210.71983569654,40.0,69.0,13.852158546447754,1411,2026-02-20 13:59:07,2026-02-20 13:59:07
1700.0,34,55,17.777111053466797,1,17666.658196541153,67539.875567405,41.0,61.0,13.852158546447754,1412,2026-02-20 13:59:07,2026-02-20 13:59:07
1700.0,34,61,16.46042823791504,6,24371.846299147248,71230.13790045494,55.52790755564652,69.04231847136886,13.852158546447754,1418,2026-02-20 13:59:07,2026-02-20 13:59:07
1700.0,34,64,20.420011520385742,8,-792.9754202344528,66581.01683197184,1.004127163652847,58.9103254393749,18.852158546447754,1419,2026-02-20 13:59:07,2026-02-20 13:59:07
1700.0,34,65,21.099578857421875,14,-1024.587668112692,75240.88974559566,0.5023006265833291,77.78309100652714,18.852158546447754,1420,2026-02-20 13:59:07,2026-02-20 13:59:07
1700.0,34,71,19.839702606201172,17,9459.548471867301,66039.40796917139,23.217928929873313,57.7299781988693,18.852158546447754,1426,2026-02-20 13:59:07,2026-02-20 13:59:07
1700.0,34,72,20.8255558013916,2,9940.551103437034,57445.05382960332,24.2601012982744,39.0,18.852158546447754,1427,2026-02-20 13:59:07,2026-02-20 13:59:07
1700.0,34,76,23.042524337768555,10,26808.77686786199,58016.395743756686,60.80792378786181,40.24514552488881,18.852158546447754,1431,2026-02-20 13:59:07,2026-02-20 13:59:07
1700.0,35,26,10.5,1,27358.96588884885,49185.65422594739,62.0,21.0,8.852158546447754,1447,2026-02-20 14:03:30,2026-02-20 14:03:30
1700.0,35,49,15.691880226135254,6,16735.93332302545,79235.2988081367,38.98342944071597,86.48824714086813,13.852158546447754,1457,2026-02-20 14:03:30,2026-02-20 14:03:30
1700.0,35,51,14.254201889038086,1,19051.273581156544,62492.46469850416,44.0,50.0,13.852158546447754,1459,2026-02-20 14:03:30,2026-02-20 14:03:30
1700.0,35,52,13.905567169189453,5,22065.100962652363,69792.7210567518,50.529959326574286,65.90970539678125,13.852158546447754,1460,2026-02-20 14:03:30,2026-02-20 14:03:30
1700.0,35,61,18.980609893798828,1,-1256.4187265357668,78093.55283874314,0.0,84.0,18.852158546447754,1467,2026-02-20 14:03:30,2026-02-20 14:03:30
1700.0,35,63,19.108684539794922,1,128.19665807961792,55609.63169545756,3.0,35.0,18.852158546447754,1469,2026-02-20 14:03:30,2026-02-20 14:03:30
1700.0,35,64,19.810855865478516,2,367.07392664589054,73046.14196984228,3.517567415226924,73.0,18.852158546447754,1470,2026-02-20 14:03:30,2026-02-20 14:03:30
1700.0,35,65,20.31995964050293,1,3820.5043503873103,64786.742366186365,11.0,55.0,18.852158546447754,1471,2026-02-20 14:03:30,2026-02-20 14:03:30
1700.0,35,66,20.637109756469727,4,8354.728160727567,69066.35962373222,20.824151589070556,64.32672038312901,18.852158546447754,1472,2026-02-20 14:03:30,2026-02-20 14:03:30
1700.0,35,67,19.627582550048828,2,8763.995826915658,79470.11943935245,21.71089819914475,87.0,18.852158546447754,1473,2026-02-20 14:03:30,2026-02-20 14:03:30
1700.0,35,68,19.222877502441406,5,9653.666061855589,57587.43926145617,23.638517041514604,39.31030557865453,18.852158546447754,1474,2026-02-20 14:03:30,2026-02-20 14:03:30
1700.0,35,75,21.470365524291992,6,27296.52225347931,60287.41962564919,61.86470545669933,45.194467731792415,18.852158546447754,1481,2026-02-20 14:03:30,2026-02-20 14:03:30
1700.0,36,50,13.138421058654785,3,-745.595450686869,80984.13176618173,1.1067837643392786,90.29954030446278,13.852158546447754,1515,2026-02-20 14:07:52,2026-02-20 14:07:52
1700.0,36,51,13.180943489074707,3,0.32624369670250525,58151.81564674998,2.7229474355036833,40.540270881555216,13.852158546447754,1516,2026-02-20 14:07:52,2026-02-20 14:07:52
1700.0,36,57,15.861699104309082,6,3689.9141617841146,61658.43093638686,10.717054591359743,48.182360893222025,13.852158546447754,1522,2026-02-20 14:07:52,2026-02-20 14:07:52
1700.0,36,69,14.99692153930664,8,10684.877024670837,77118.81191671824,25.87280746094764,81.87571283163466,13.852158546447754,1529,2026-02-20 14:07:52,2026-02-20 14:07:52
1700.0,36,73,16.356468200683594,1,17205.119735002692,81305.54157349822,40.0,91.0,13.852158546447754,1533,2026-02-20 14:07:52,2026-02-20 14:07:52
1700.0,36,74,15.03498649597168,3,18865.76417797845,53774.2095613118,43.5980629597808,31.0,13.852158546447754,1534,2026-02-20 14:07:52,2026-02-20 14:07:52
1700.0,36,76,15.501924514770508,1,20435.888965771926,69834.1532350872,47.0,66.0,13.852158546447754,1536,2026-02-20 14:07:52,2026-02-20 14:07:52
1700.0,36,77,14.08332347869873,1,20435.888965771926,70751.86430216009,47.0,68.0,13.852158546447754,1537,2026-02-20 14:07:52,2026-02-20 14:07:52
1700.0,36,78,14.533430099487305,1,21820.50435038731,76716.98623813382,50.0,81.0,13.852158546447754,1538,2026-02-20 14:07:52,2026-02-20 14:07:52
1700.0,36,82,15.5,1,24128.19665807962,69834.1532350872,55.0,66.0,13.852158546447754,1541,2026-02-20 14:07:52,2026-02-20 14:07:52
1700.0,36,88,19.176881790161133,1,-1256.4187265357668,70293.00876862365,0.0,67.0,18.852158546447754,1545,2026-02-20 14:07:52,2026-02-20 14:07:52
1700.0,36,89,19.40484046936035,1,-1256.4187265357668,72128.43090276941,0.0,71.0,18.852158546447754,1546,2026-02-20 14:07:52,2026-02-20 14:07:52
1700.0,36,90,20.80698013305664,8,8471.59458104122,82350.55659203717,21.0773621664168,93.27743797810376,18.852158546447754,1547,2026-02-20 14:07:52,2026-02-20 14:07:52
1700.0,36,91,24.833845138549805,39,9983.92819596171,58639.60423347432,24.35408499874453,41.60332570180529,18.852158546447754,1548,2026-02-20 14:07:52,2026-02-20 14:07:52
1700.0,36,93,20.36198616027832,1,9820.504350387311,53315.35402777536,24.0,30.0,18.852158546447754,1550,2026-02-20 14:07:52,2026-02-20 14:07:52
1700.0,36,95,22.19918441772461,10,10223.630486497623,67196.22068846994,24.873439961572345,60.25106083763121,18.852158546447754,1552,2026-02-20 14:07:52,2026-02-20 14:07:52
1700.0,36,98,20.120729446411133,8,27230.79238061507,62714.84262271743,61.72229073216015,50.48463603021061,18.852158546447754,1555,2026-02-20 14:07:52,2026-02-20 14:07:52
1700.0,37,19,12.92021369934082,8,15948.332832471457,71118.14047994927,37.27696171118232,68.79823855444492,8.852158546447754,1568,2026-02-20 14:12:16,2026-02-20 14:12:16
1700.0,37,30,8.389814376831055,11,22053.638856835198,79665.56901279044,50.50512476397043,87.42595012842416,8.852158546447754,1576,2026-02-20 14:12:16,2026-02-20 14:12:16
1700.0,37,44,15.034048080444336,34,703.6357647539727,72749.12790969906,4.246784731127769,72.35270681415976,13.852158546447754,1585,2026-02-20 14:12:16,2026-02-20 14:12:16
1700.0,37,46,15.557158470153809,1,-333.34180345884374,81305.54157349822,2.0,91.0,13.852158546447754,1587,2026-02-20 14:12:16,2026-02-20 14:12:16
1700.0,37,48,14.907639503479004,4,1519.4038756735301,57599.50004271987,6.01428230478681,39.33659006338274,13.852158546447754,1589,2026-02-20 14:12:16,2026-02-20 14:12:16
1700.0,37,50,14.363753318786621,2,3820.5043503873103,64367.388205715055,11.0,54.08608673139602,13.852158546447754,1591,2026-02-20 14:12:16,2026-02-20 14:12:16
1700.0,37,51,17.792373657226562,12,7812.056272694342,74184.7386013397,19.648362498331903,75.48138367804381,13.852158546447754,1592,2026-02-20 14:12:16,2026-02-20 14:12:16
1700.0,37,67,18.457008361816406,4,22887.8695599865,53105.70715533148,52.312624620798246,29.54310919860091,13.852158546447754,1605,2026-02-20 14:12:16,2026-02-20 14:12:16
1700.0,37,71,14.586799621582031,2,24865.42095042982,75340.4196375245,56.597319300092096,78.0,13.852158546447754,1608,2026-02-20 14:12:16,2026-02-20 14:12:16
1700.0,37,77,24.27855682373047,96,9790.311762324563,59739.29224429793,23.934582725864047,43.99991445458381,18.852158546447754,1612,2026-02-20 14:12:16,2026-02-20 14:12:16
1700.0,37,78,18.547929763793945,34,10016.321512472216,69121.13840480428,24.424270517850626,64.44610170702822,18.852158546447754,1613,2026-02-20 14:12:16,2026-02-20 14:12:16
1700.0,37,81,18.148496627807617,3,9998.452154311239,84402.7129690394,24.38555357516851,97.74977453507208,18.852158546447754,1616,2026-02-20 14:12:16,2026-02-20 14:12:16
1700.0,37,82,15.411272048950195,2,12286.210565231671,76559.8908675102,29.342363465496117,80.65763653450388,18.852158546447754,1617,2026-02-20 14:12:16,2026-02-20 14:12:16
1700.0,37,84,23.76435089111328,11,27821.38783078968,64855.25998454782,63.00191420753847,55.14932285513346,18.852158546447754,1619,2026-02-20 14:12:16,2026-02-20 14:12:16
1700.0,38,20,9.610698699951172,1,18128.19665807962,51021.07636009315,42.0,25.0,8.852158546447754,1631,2026-02-20 14:16:39,2026-02-20 14:16:39
1700.0,38,21,12.135191917419434,7,18663.682438610776,58824.058772556644,43.16021919115084,42.00531396521517,8.852158546447754,1632,2026-02-20 14:16:39,2026-02-20 14:16:39
1700.0,38,43,10.140463829040527,2,-1240.4646366755067,45957.80414262666,0.03456719469723029,13.96543280530277,13.852158546447754,1644,2026-02-20 14:16:39,2026-02-20 14:16:39
1700.0,38,45,14.241832733154297,1,-794.8802649973053,80846.68603996179,1.0,90.0,13.852158546447754,1646,2026-02-20 14:16:39,2026-02-20 14:16:39
1700.0,38,48,16.695083618164062,5,1781.1046020299514,59848.186331409845,6.581300545225722,44.23723116791328,13.852158546447754,1649,2026-02-20 14:16:39,2026-02-20 14:16:39
1700.0,38,51,18.436702728271484,12,3486.6980347072245,73948.58712529711,10.276752982693148,74.96673046198134,13.852158546447754,1652,2026-02-20 14:16:39,2026-02-20 14:16:39
1700.0,38,52,15.194987297058105,2,3358.9658888488484,66201.45597103488,10.0,58.08313510778698,13.852158546447754,1653,2026-02-20 14:16:39,2026-02-20 14:16:39
1700.0,38,55,14.420371055603027,7,8014.465346907443,88525.74728805758,20.08691549246029,106.73524821399145,13.852158546447754,1654,2026-02-20 14:16:39,2026-02-20 14:16:39
1700.0,38,64,14.523876190185547,4,19571.817837899696,65956.89479404716,45.127845889610164,57.55015433472564,13.852158546447754,1663,2026-02-20 14:16:39,2026-02-20 14:16:39
1700.0,38,66,15.047972679138184,3,21457.226376562412,76525.96893143712,49.212897723379385,80.58370926634684,13.852158546447754,1665,2026-02-20 14:16:39,2026-02-20 14:16:39
1700.0,38,75,22.87725067138672,46,9071.828573507097,70454.7247227383,22.37786915009287,67.35243326558208,18.852158546447754,1668,2026-02-20 14:16:39,2026-02-20 14:16:39
1700.0,38,76,20.5,1,7512.812042695003,77634.6973052067,19.0,83.0,18.852158546447754,1669,2026-02-20 14:16:39,2026-02-20 14:16:39
1700.0,38,77,31.29844093322754,132,9996.011791314366,61129.71155966667,24.38026612200862,47.03010416299303,18.852158546447754,1670,2026-02-20 14:16:39,2026-02-20 14:16:39
1700.0,38,80,19.09236717224121,1,11666.658196541157,80846.68603996179,28.0,90.0,18.852158546447754,1673,2026-02-20 14:16:39,2026-02-20 14:16:39
1700.0,38,81,20.94232749938965,8,23065.511212400084,55204.49039411375,52.69751486769435,34.11706131509118,18.852158546447754,1674,2026-02-20 14:16:39,2026-02-20 14:16:39
1700.0,38,85,19.12973403930664,2,27252.330013680006,58821.62043021264,61.76895560380084,42.0,18.852158546447754,1678,2026-02-20 14:16:39,2026-02-20 14:16:39
1700.0,38,86,24.839353561401367,15,27891.024575831205,66782.83866612791,63.15279382179511,59.350162859664024,18.852158546447754,1679,2026-02-20 14:16:39,2026-02-20 14:16:39
1700.0,39,4,8.751766204833984,6,-1116.6645866731747,81457.91285804046,0.30280063636894955,91.33206809857539,8.852158546447754,1681,2026-02-20 14:21:02,2026-02-20 14:21:02
1700.0,39,8,8.876133918762207,2,1509.6024118051598,62492.46469850416,5.993045799738674,50.0,8.852158546447754,1685,2026-02-20 14:21:02,2026-02-20 14:21:02
1700.0,39,10,9.002303123474121,1,3358.9658888488484,70293.00876862365,10.0,67.0,8.852158546447754,1687,2026-02-20 14:21:02,2026-02-20 14:21:02
1700.0,39,55,14.312285423278809,3,21955.44958679811,80268.47041640627,50.292381345556734,88.73987435849548,13.852158546447754,1715,2026-02-20 14:21:02,2026-02-20 14:21:02
1700.0,39,57,14.117410659790039,1,23666.658196541153,73046.14196984228,54.0,73.0,13.852158546447754,1716,2026-02-20 14:21:02,2026-02-20 14:21:02
1700.0,39,64,19.42030906677246,4,-570.7026248269211,46758.909761637595,1.4857182203691657,15.711310451883053,18.852158546447754,1720,2026-02-20 14:21:02,2026-02-20 14:21:02
1700.0,39,66,20.0365047454834,2,3431.305545434745,76716.98623813382,10.156735922602776,81.0,18.852158546447754,1722,2026-02-20 14:21:02,2026-02-20 14:21:02
1700.0,39,67,24.96965789794922,206,9758.213214446061,64370.877651627554,23.86503587212729,54.09369140358033,18.852158546447754,1723,2026-02-20 14:21:02,2026-02-20 14:21:02
1700.0,39,68,19.835927963256836,2,8728.029763884007,78552.40837227958,21.632971729242843,85.0,18.852158546447754,1724,2026-02-20 14:21:02,2026-02-20 14:21:02
1700.0,39,69,22.540882110595703,4,9521.660498108882,55609.63169545756,23.35250498673007,35.0,18.852158546447754,1725,2026-02-20 14:21:02,2026-02-20 14:21:02
1700.0,39,70,19.46442222595215,2,9179.374611500692,83140.96370764397,22.61088556574566,95.0,18.852158546447754,1726,2026-02-20 14:21:02,2026-02-20 14:21:02
1700.0,39,72,18.870468139648438,2,12577.392708942958,82223.2526405711,29.973258110203904,93.0,18.852158546447754,1728,2026-02-20 14:21:02,2026-02-20 14:21:02
1700.0,39,73,20.38861083984375,1,17205.119735002692,68457.58663447789,40.0,63.0,18.852158546447754,1729,2026-02-20 14:21:02,2026-02-20 14:21:02
1700.0,39,74,28.620290756225586,12,22793.82285669193,57713.380928661325,52.108856763660015,39.58477468276341,18.852158546447754,1730,2026-02-20 14:21:02,2026-02-20 14:21:02
1700.0,39,77,24.596141815185547,19,28032.70289659098,69181.02531658146,63.45976351677462,64.57661535980176,18.852158546447754,1733,2026-02-20 14:21:02,2026-02-20 14:21:02
1700.0,39,78,23.805410385131836,3,27996.807828185967,60688.16600974637,63.38199086856376,46.06782841899735,18.852158546447754,1734,2026-02-20 14:21:02,2026-02-20 14:21:02
1700.0,40,3,10.382352828979492,3,-1256.4187265357668,84168.16924891298,0.0,97.23862515801483,8.852158546447754,1735,2026-02-20 14:25:24,2026-02-20 14:25:24
1700.0,40,9,11.4013671875,10,19020.27429125954,63812.40641361094,43.932834871889824,52.87659539579672,8.852158546447754,1739,2026-02-20 14:25:24,2026-02-20 14:25:24
1700.0,40,10,10.30307674407959,5,18611.360845831292,55848.57645021313,43.04685574012862,35.52074070658797,8.852158546447754,1740,2026-02-20 14:25:24,2026-02-20 14:25:24
1700.0,40,17,11.080975532531738,12,21681.44971827514,81255.8563024977,49.69871496375697,90.89171914171418,8.852158546447754,1746,2026-02-20 14:25:24,2026-02-20 14:25:24
1700.0,40,28,10.873693466186523,2,27358.96588884885,54483.71774736712,62.0,32.54625613989458,8.852158546447754,1753,2026-02-20 14:25:24,2026-02-20 14:25:24
1700.0,40,54,19.88558578491211,4,-563.34321179579,49494.528472903134,1.5016636152699498,21.67314050802705,18.852158546447754,1766,2026-02-20 14:25:24,2026-02-20 14:25:24
1700.0,40,55,21.36113929748535,2,3130.634496988098,79011.26390581601,9.505281984301707,86.0,18.852158546447754,1767,2026-02-20 14:25:24,2026-02-20 14:25:24
1700.0,40,56,27.37044334411621,216,9438.053246649224,65454.507846599394,23.171355941900813,56.45528479359614,18.852158546447754,1768,2026-02-20 14:25:24,2026-02-20 14:25:24
1700.0,40,59,27.95334815979004,13,9553.225586803524,58391.399212539545,23.42089601223513,41.06240377149352,18.852158546447754,1771,2026-02-20 14:25:24,2026-02-20 14:25:24
1700.0,40,60,22.31877899169922,17,9246.716554304427,77069.70257947489,22.756793108487084,81.7686871260387,18.852158546447754,1772,2026-02-20 14:25:24,2026-02-20 14:25:24
1700.0,40,61,19.8261661529541,1,9820.504350387311,86811.8079759355,24.0,103.0,18.852158546447754,1773,2026-02-20 14:25:24,2026-02-20 14:25:24
1700.0,40,62,26.126222610473633,18,23091.400297167194,59711.89784444123,52.75360788468976,43.94021287564549,18.852158546447754,1774,2026-02-20 14:25:24,2026-02-20 14:25:24
1700.0,40,66,22.93010902404785,10,28090.28658029563,71360.89075930702,63.58452816480136,69.32727277462058,18.852158546447754,1778,2026-02-20 14:25:24,2026-02-20 14:25:24
1700.0,40,68,19.499574661254883,3,28357.620108221374,62784.14681284825,64.16375080864047,50.63567308886105,18.852158546447754,1780,2026-02-20 14:25:24,2026-02-20 14:25:24
1700.0,41,8,9.769430160522461,1,589.7351196180794,45973.66549119231,4.0,14.0,8.852158546447754,1785,2026-02-20 14:29:47,2026-02-20 14:29:47
1700.0,41,17,10.0,1,16282.042811925772,52856.49849423891,38.0,29.0,8.852158546447754,1791,2026-02-20 14:29:47,2026-02-20 14:29:47
1700.0,41,37,10.017227172851562,1,25051.273581156544,84976.38584178974,57.0,99.0,8.852158546447754,1805,2026-02-20 14:29:47,2026-02-20 14:29:47
1700.0,41,46,14.500328063964844,1,-794.8802649973053,86811.8079759355,1.0,103.0,13.852158546447754,1811,2026-02-20 14:29:47,2026-02-20 14:29:47
1700.0,41,51,15.055746078491211,2,6621.679240604265,92776.92991190922,17.069212262136734,116.0,13.852158546447754,1813,2026-02-20 14:29:47,2026-02-20 14:29:47
1700.0,41,52,17.87484359741211,38,8876.98825005082,84147.729475308,21.955715115937604,97.19408004062801,13.852158546447754,1814,2026-02-20 14:29:47,2026-02-20 14:29:47
1700.0,41,58,14.03691291809082,1,18128.19665807962,66622.16450033212,42.0,59.0,13.852158546447754,1820,2026-02-20 14:29:47,2026-02-20 14:29:47
1700.0,41,59,14.220231056213379,1,19051.273581156544,67998.73110094146,44.0,62.0,13.852158546447754,1821,2026-02-20 14:29:47,2026-02-20 14:29:47
1700.0,41,62,18.294214248657227,1,22282.04281192577,56986.19829606688,51.0,38.0,13.852158546447754,1823,2026-02-20 14:29:47,2026-02-20 14:29:47
1700.0,41,67,14.457225799560547,1,27358.96588884885,56527.34276253044,62.0,37.0,13.852158546447754,1827,2026-02-20 14:29:47,2026-02-20 14:29:47
1700.0,41,69,18.554903030395508,8,28503.272797591555,64696.888665880055,64.4793316356092,54.8041786711957,13.852158546447754,1829,2026-02-20 14:29:47,2026-02-20 14:29:47
1700.0,41,74,15.15665054321289,4,31.49398254893867,51152.24062661747,2.790477536350195,25.2858508984591,18.852158546447754,1832,2026-02-20 14:29:47,2026-02-20 14:29:47
1700.0,41,75,19.235427856445312,1,2435.8889657719255,81305.54157349822,8.0,91.0,18.852158546447754,1833,2026-02-20 14:29:47,2026-02-20 14:29:47
1700.0,41,79,22.154895782470703,214,9276.292393620883,68108.3937068048,22.820874093672742,62.238991573269615,18.852158546447754,1837,2026-02-20 14:29:47,2026-02-20 14:29:47
1700.0,41,80,29.11790657043457,24,9699.682849157163,61026.02020679354,23.738220080668015,46.804125951345505,18.852158546447754,1838,2026-02-20 14:29:47,2026-02-20 14:29:47
1700.0,41,82,21.66095542907715,7,9853.014824833213,78670.92644199381,24.070439361299453,85.25829059704436,18.852158546447754,1840,2026-02-20 14:29:47,2026-02-20 14:29:47
1700.0,41,83,27.850553512573242,10,23592.43018130401,61840.653972176086,53.83917263365286,48.57948596303391,18.852158546447754,1841,2026-02-20 14:29:47,2026-02-20 14:29:47
1700.0,41,85,21.549684524536133,7,28370.25237383592,73655.33562548102,64.19112071747199,74.32763715617337,18.852158546447754,1843,2026-02-20 14:29:47,2026-02-20 14:29:47
1700.0,42,16,13.344490051269531,4,17051.892254371298,52719.99325041659,39.668007125298644,28.70250932189863,8.852158546447754,1853,2026-02-20 14:34:10,2026-02-20 14:34:10
1700.0,42,28,9.05981159210205,3,22653.85212215543,52447.69485919137,51.805586838830926,28.10907986246377,8.852158546447754,1862,2026-02-20 14:34:10,2026-02-20 14:34:10
1700.0,42,40,14.983935356140137,4,2853.16555728264,82311.57577607772,8.904099281606547,93.19248571511366,13.852158546447754,1868,2026-02-20 14:34:10,2026-02-20 14:34:10
1700.0,42,44,15.609543800354004,4,8661.223656228645,86569.36225985826,21.488225162656224,102.47162952529158,13.852158546447754,1870,2026-02-20 14:34:10,2026-02-20 14:34:10
1700.0,42,45,15.794211387634277,1,8897.427427310387,52397.64296070248,22.0,28.0,13.852158546447754,1871,2026-02-20 14:34:10,2026-02-20 14:34:10
1700.0,42,47,15.9432954788208,4,9681.015184469932,87831.63227048774,23.69777347384568,105.22253894748168,13.852158546447754,1873,2026-02-20 14:34:10,2026-02-20 14:34:10
1700.0,42,55,13.863686561584473,4,23236.95271703344,73962.38785063547,53.068971461066624,74.996806868017,13.852158546447754,1879,2026-02-20 14:34:10,2026-02-20 14:34:10
1700.0,42,65,19.9824275970459,4,357.1850023504534,53124.64428509728,3.49614141258681,29.58437955142818,18.852158546447754,1885,2026-02-20 14:34:10,2026-02-20 14:34:10
1700.0,42,67,25.83265495300293,197,9235.76795358117,70172.45358017551,22.73307114025336,66.73726983846309,18.852158546447754,1887,2026-02-20 14:34:10,2026-02-20 14:34:10
1700.0,42,68,20.492971420288086,7,7507.958007677592,76432.78200720657,18.989482924128943,80.38062372543084,18.852158546447754,1888,2026-02-20 14:34:10,2026-02-20 14:34:10
1700.0,42,70,22.334259033203125,17,9636.29908404889,63430.94751940753,23.600888589600086,52.04526861356644,18.852158546447754,1890,2026-02-20 14:34:10,2026-02-20 14:34:10
1700.0,42,73,28.343299865722656,20,23386.355941063044,64078.19566202156,53.392678446464096,53.45583925140016,18.852158546447754,1893,2026-02-20 14:34:10,2026-02-20 14:34:10
1700.0,42,75,21.280118942260742,5,27234.884514823254,60350.841703247745,61.731157022944544,45.33268569575539,18.852158546447754,1895,2026-02-20 14:34:10,2026-02-20 14:34:10
1700.0,42,77,19.98522186279297,5,28203.22422494853,76482.033128366,63.829226394882646,80.487958425701,18.852158546447754,1897,2026-02-20 14:34:10,2026-02-20 14:34:10
1700.0,42,78,19.10235023498535,1,28282.04281192577,66163.30896679568,64.0,58.0,18.852158546447754,1898,2026-02-20 14:34:10,2026-02-20 14:34:10
1700.0,43,24,8.882099151611328,1,17666.658196541153,79011.26390581601,41.0,86.0,8.852158546447754,1912,2026-02-20 14:38:24,2026-02-20 14:38:24
1700.0,43,53,14.076696395874023,2,2897.4274273103874,83390.14718206304,9.0,95.54305430839764,13.852158546447754,1928,2026-02-20 14:38:24,2026-02-20 14:38:24
1700.0,43,58,16.600175857543945,15,8880.41547151551,82678.18930669916,21.963140762444432,93.99145947444904,13.852158546447754,1931,2026-02-20 14:38:24,2026-02-20 14:38:24
1700.0,43,59,14.055347442626953,1,8435.888965771926,55150.776161921116,21.0,34.0,13.852158546447754,1932,2026-02-20 14:38:24,2026-02-20 14:38:24
1700.0,43,61,14.035919189453125,1,8897.427427310387,88647.23011008126,22.0,107.0,13.852158546447754,1933,2026-02-20 14:38:24,2026-02-20 14:38:24
1700.0,43,62,14.500000953674316,1,9358.965888848848,53774.2095613118,23.0,31.0,13.852158546447754,1934,2026-02-20 14:38:24,2026-02-20 14:38:24
1700.0,43,63,15.138751029968262,1,9358.965888848848,89564.94117715413,23.0,109.0,13.852158546447754,1935,2026-02-20 14:38:24,2026-02-20 14:38:24
1700.0,43,65,16.535442352294922,5,17011.282333177525,54563.422666931074,39.58001896271214,32.71995987394278,13.852158546447754,1937,2026-02-20 14:38:24,2026-02-20 14:38:24
1700.0,43,66,15.304636001586914,1,18128.19665807962,66163.30896679568,42.0,58.0,13.852158546447754,1938,2026-02-20 14:38:24,2026-02-20 14:38:24
1700.0,43,68,12.933146476745605,2,19114.280030743754,73442.35731095531,44.136513974105625,73.86348602589437,13.852158546447754,1940,2026-02-20 14:38:24,2026-02-20 14:38:24
1700.0,43,74,14.10180950164795,1,22743.58127346423,52397.64296070248,52.0,28.0,13.852158546447754,1944,2026-02-20 14:38:24,2026-02-20 14:38:24
1700.0,43,75,16.594072341918945,2,22941.221098630438,73963.85303691517,52.42821962119345,75.0,13.852158546447754,1945,2026-02-20 14:38:24,2026-02-20 14:38:24
1700.0,43,76,14.397821426391602,2,24428.88727603433,75799.27517106093,55.651496338901865,79.0,13.852158546447754,1946,2026-02-20 14:38:24,2026-02-20 14:38:24
1700.0,43,83,16.350942611694336,5,28387.339456907528,70830.45380665944,64.2281427307938,68.17127287077408,13.852158546447754,1951,2026-02-20 14:38:24,2026-02-20 14:38:24
1700.0,43,88,22.414798736572266,5,162.39468729579914,54687.16142963131,3.0740957299683926,32.98962811079844,18.852158546447754,1955,2026-02-20 14:38:24,2026-02-20 14:38:24
1700.0,43,89,26.95718765258789,116,8862.303409730357,71003.28998850529,21.923897961909933,68.54794083969618,18.852158546447754,1956,2026-02-20 14:38:24,2026-02-20 14:38:24
1700.0,43,90,21.92708396911621,47,7839.618635805636,76973.18373980957,19.708080951739706,81.55834022464809,18.852158546447754,1957,2026-02-20 14:38:24,2026-02-20 14:38:24
1700.0,43,96,22.975107192993164,31,23495.135773950187,66026.8565163286,53.62836808438624,57.7026243763142,18.852158546447754,1963,2026-02-20 14:38:24,2026-02-20 14:38:24
1700.0,43,98,18.989233016967773,3,28310.97667509745,79160.41871010345,64.06269003687197,86.32505831004781,18.852158546447754,1965,2026-02-20 14:38:24,2026-02-20 14:38:24
1700.0,44,12,12.448999404907227,4,10042.021590522205,91628.95397738734,24.47995402029227,113.49817567704952,8.852158546447754,1972,2026-02-20 14:42:37,2026-02-20 14:42:37
1700.0,44,39,8.77682113647461,5,27113.86337703355,54540.39615956414,61.46894455773352,32.669777396705406,8.852158546447754,1990,2026-02-20 14:42:37,2026-02-20 14:42:37
1700.0,44,46,14.425289154052734,1,7974.350504233464,84517.5303082533,20.0,98.0,13.852158546447754,1993,2026-02-20 14:42:37,2026-02-20 14:42:37
1700.0,44,48,14.1575288772583,1,9358.965888848848,85435.24137532618,23.0,100.0,13.852158546447754,1994,2026-02-20 14:42:37,2026-02-20 14:42:37
1700.0,44,52,16.59527015686035,1,17205.119735002692,56527.34276253044,40.0,37.0,13.852158546447754,1998,2026-02-20 14:42:37,2026-02-20 14:42:37
1700.0,44,61,17.146499633789062,2,22951.48751807012,76258.13070459737,52.45046352997942,80.0,13.852158546447754,2004,2026-02-20 14:42:37,2026-02-20 14:42:37
1700.0,44,64,12.196612358093262,13,27167.298925991643,81607.70889291966,61.58472158047606,91.65852386500084,13.852158546447754,2007,2026-02-20 14:42:37,2026-02-20 14:42:37
1700.0,44,69,20.8691463470459,5,18.45297372823215,55816.33880365747,2.7622220172386642,35.450484069804716,18.852158546447754,2008,2026-02-20 14:42:37,2026-02-20 14:42:37
1700.0,44,70,23.085817337036133,179,8589.152908322927,74691.99516901813,21.33207187552717,76.58686575378331,18.852158546447754,2009,2026-02-20 14:42:37,2026-02-20 14:42:37
1700.0,44,71,20.73845100402832,29,9558.83560754697,57547.41623969181,23.43305105717926,39.223081999904366,18.852158546447754,2010,2026-02-20 14:42:37,2026-02-20 14:42:37
1700.0,44,72,19.040058135986328,2,9358.965888848848,68422.33199547128,23.0,62.92316832547511,18.852158546447754,2011,2026-02-20 14:42:37,2026-02-20 14:42:37
1700.0,44,73,27.834285736083984,10,22511.517208156984,64366.363115671404,51.49719452516763,54.08385271661636,18.852158546447754,2012,2026-02-20 14:42:37,2026-02-20 14:42:37
1700.0,44,79,15.03934383392334,2,28513.049250421198,69604.48963948383,64.50051395007343,65.49948604992657,18.852158546447754,2018,2026-02-20 14:42:37,2026-02-20 14:42:37
1700.0,45,5,10.5,1,4743.581273464233,44597.09889058299,13.0,11.0,8.852158546447754,2020,2026-02-20 14:47:00,2026-02-20 14:47:00
1700.0,45,8,11.260401725769043,1,9358.965888848848,85894.09690886262,23.0,101.0,8.852158546447754,2021,2026-02-20 14:47:00,2026-02-20 14:47:00
1700.0,45,17,12.5,2,21589.69607641036,50103.36529302027,49.49991540638328,23.0,8.852158546447754,2027,2026-02-20 14:47:00,2026-02-20 14:47:00
1700.0,45,19,11.261974334716797,9,23593.50683509722,80937.97469887315,53.84150538353815,90.19894858455294,8.852158546447754,2029,2026-02-20 14:47:00,2026-02-20 14:47:00
1700.0,45,37,12.943147659301758,5,-5.589501300239338,58356.923602257775,2.7101299880103094,40.98726986166342,13.852158546447754,2040,2026-02-20 14:47:00,2026-02-20 14:47:00
1700.0,45,45,17.101408004760742,4,17449.297043270824,59331.22061871303,40.52905083458096,43.11058961101081,13.852158546447754,2046,2026-02-20 14:47:00,2026-02-20 14:47:00
1700.0,45,57,14.391128540039062,1,27820.50435038731,56527.34276253044,63.0,37.0,13.852158546447754,2054,2026-02-20 14:47:00,2026-02-20 14:47:00
1700.0,45,62,20.40072250366211,2,-1256.4187265357668,49424.32848059912,0.0,21.52015119619947,18.852158546447754,2058,2026-02-20 14:47:00,2026-02-20 14:47:00
1700.0,45,63,24.344636917114258,210,8460.277083198294,76394.40032483786,21.052840921090464,80.29697717534373,18.852158546447754,2059,2026-02-20 14:47:00,2026-02-20 14:47:00
1700.0,45,64,28.322256088256836,50,9603.29104624115,60177.25139212504,23.529371174349983,44.954374226381084,18.852158546447754,2060,2026-02-20 14:47:00,2026-02-20 14:47:00
1700.0,45,66,23.516294479370117,8,10608.494818613826,68575.26514376148,25.70731268115745,63.25646091347453,18.852158546447754,2062,2026-02-20 14:47:00,2026-02-20 14:47:00
1700.0,45,68,22.502212524414062,17,23503.107792760507,71434.91280108142,53.6456407918086,69.48859161326226,18.852158546447754,2064,2026-02-20 14:47:00,2026-02-20 14:47:00
1700.0,45,69,22.27018165588379,3,23088.442192627983,63869.031299113485,52.747198658188125,53.0,18.852158546447754,2065,2026-02-20 14:47:00,2026-02-20 14:47:00
1700.0,45,71,22.272567749023438,3,23223.081360075947,59892.98074034155,53.038916854325386,44.334853198504184,18.852158546447754,2067,2026-02-20 14:47:00,2026-02-20 14:47:00
1700.0,45,72,19.45319366455078,2,27251.863653284236,84517.5303082533,61.767945156276674,98.0,18.852158546447754,2068,2026-02-20 14:47:00,2026-02-20 14:47:00
1700.0,45,73,20.065073013305664,1,27820.50435038731,66163.30896679568,63.0,58.0,18.852158546447754,2069,2026-02-20 14:47:00,2026-02-20 14:47:00
1700.0,46,20,10.052876472473145,1,21820.50435038731,51021.07636009315,50.0,25.0,8.852158546447754,2077,2026-02-20 14:51:12,2026-02-20 14:51:12
1700.0,46,35,14.381755828857422,2,-1256.4187265357668,52774.67968180175,0.0,28.821689384877672,13.852158546447754,2085,2026-02-20 14:51:12,2026-02-20 14:51:12
1700.0,46,36,14.124799728393555,1,-333.34180345884374,60657.0425643584,2.0,46.0,13.852158546447754,2086,2026-02-20 14:51:12,2026-02-20 14:51:12
1700.0,46,37,14.443293571472168,1,128.19665807961792,58362.7648966762,3.0,41.0,13.852158546447754,2087,2026-02-20 14:51:12,2026-02-20 14:51:12
1700.0,46,41,14.52055549621582,1,6589.73511961808,45973.66549119231,17.0,14.0,13.852158546447754,2090,2026-02-20 14:51:12,2026-02-20 14:51:12
1700.0,46,47,16.523727416992188,3,15862.957106646101,66163.30896679568,37.091980971894046,58.0,13.852158546447754,2093,2026-02-20 14:51:12,2026-02-20 14:51:12
1700.0,46,48,14.968924522399902,3,17402.776086600206,64327.88683264992,40.42825542846128,54.0,13.852158546447754,2094,2026-02-20 14:51:12,2026-02-20 14:51:12
1700.0,46,57,14.11931324005127,1,22743.58127346423,79928.9749728889,52.0,88.0,13.852158546447754,2099,2026-02-20 14:51:12,2026-02-20 14:51:12
1700.0,46,59,14.819657325744629,1,24128.19665807962,82682.10817410753,55.0,94.0,13.852158546447754,2100,2026-02-20 14:51:12,2026-02-20 14:51:12
1700.0,46,70,16.40138816833496,3,27995.736414017596,58007.128172297846,63.37966947119895,40.22494838051221,13.852158546447754,2110,2026-02-20 14:51:12,2026-02-20 14:51:12
1700.0,46,72,14.429220199584961,3,28117.392308212347,78229.21046608682,63.64325724195425,84.29564343770284,13.852158546447754,2112,2026-02-20 14:51:12,2026-02-20 14:51:12
1700.0,46,74,22.66608238220215,177,8223.24306013347,78227.90715499451,20.539267204450013,84.2928030860081,18.852158546447754,2113,2026-02-20 14:51:12,2026-02-20 14:51:12
1700.0,46,77,19.232147216796875,2,7512.812042695003,84765.83036164632,19.0,98.54112903788987,18.852158546447754,2116,2026-02-20 14:51:12,2026-02-20 14:51:12
1700.0,46,78,28.005268096923828,64,9903.055406587007,62783.883982830135,24.17886062176601,50.63510029416008,18.852158546447754,2117,2026-02-20 14:51:12,2026-02-20 14:51:12
1700.0,46,79,18.122892379760742,2,8567.59654246254,83927.73281557501,21.285366416162994,96.71463358383701,18.852158546447754,2118,2026-02-20 14:51:12,2026-02-20 14:51:12
1700.0,46,80,23.225791931152344,13,10564.904961039236,71176.39177300643,25.61286798974584,68.92518764582495,18.852158546447754,2119,2026-02-20 14:51:12,2026-02-20 14:51:12
1700.0,46,82,19.725276947021484,1,21820.50435038731,56527.34276253044,50.0,37.0,18.852158546447754,2121,2026-02-20 14:51:12,2026-02-20 14:51:12
1700.0,46,88,24.5,8,23235.58031044031,73773.9073649636,53.06599791344817,74.58604471763117,18.852158546447754,2127,2026-02-20 14:51:12,2026-02-20 14:51:12
1700.0,46,89,18.450109481811523,7,23781.709945201972,61840.039413156686,54.2492787887651,48.578146632951814,18.852158546447754,2128,2026-02-20 14:51:12,2026-02-20 14:51:12
1700.0,46,90,19.695392608642578,1,28743.58127346423,85435.24137532618,65.0,100.0,18.852158546447754,2129,2026-02-20 14:51:12,2026-02-20 14:51:12
1700.0,47,2,9.425849914550781,17,-583.8460230677064,63392.48467544965,1.457240857514131,51.96144518517398,8.852158546447754,2130,2026-02-20 14:55:35,2026-02-20 14:55:35
1700.0,47,13,9.304764747619629,2,10743.581273464233,60111.30478676123,26.0,44.81065447028365,8.852158546447754,2134,2026-02-20 14:55:35,2026-02-20 14:55:35
1700.0,47,15,10.079523086547852,4,14948.962189722428,69579.25093175682,35.11165865189275,65.44448244665195,8.852158546447754,2136,2026-02-20 14:55:35,2026-02-20 14:55:35
1700.0,47,36,11.363649368286133,10,28191.87990927272,70663.55644733015,63.80464704425172,67.80754758660238,8.852158546447754,2149,2026-02-20 14:55:35,2026-02-20 14:55:35
1700.0,47,44,14.77946949005127,1,-1256.4187265357668,55150.776161921116,0.0,34.0,13.852158546447754,2155,2026-02-20 14:55:35,2026-02-20 14:55:35
1700.0,47,45,14.355559349060059,1,2435.8889657719255,58362.7648966762,8.0,41.0,13.852158546447754,2156,2026-02-20 14:55:35,2026-02-20 14:55:35
1700.0,47,47,15.321908950805664,1,7051.273581156542,48726.79869241095,18.0,20.0,13.852158546447754,2157,2026-02-20 14:55:35,2026-02-20 14:55:35
1700.0,47,49,16.5,1,8897.427427310387,45973.66549119231,22.0,14.0,13.852158546447754,2158,2026-02-20 14:55:35,2026-02-20 14:55:35
1700.0,47,51,14.849475860595703,2,10434.3596917516,40926.25462229147,25.330019906289294,3.0,13.852158546447754,2159,2026-02-20 14:55:35,2026-02-20 14:55:35
1700.0,47,54,17.31121253967285,2,17847.00582326214,63410.17576557704,41.390753191228804,52.0,13.852158546447754,2161,2026-02-20 14:55:35,2026-02-20 14:55:35
1700.0,47,67,13.854874610900879,4,23948.950833188144,84722.79272387359,54.611634046068474,98.44733560046296,13.852158546447754,2170,2026-02-20 14:55:35,2026-02-20 14:55:35
1700.0,47,74,23.9594783782959,146,8439.968085058226,79501.77843391136,21.008838091786984,87.06899556013832,18.852158546447754,2175,2026-02-20 14:55:35,2026-02-20 14:55:35
1700.0,47,75,20.25186538696289,3,6319.6162698485705,84125.67730043762,16.414742492166063,97.14602096046299,18.852158546447754,2176,2026-02-20 14:55:35,2026-02-20 14:55:35
1700.0,47,77,22.98483657836914,63,10103.829867786726,65450.86715201478,24.6138719543654,56.44735049986199,18.852158546447754,2178,2026-02-20 14:55:35,2026-02-20 14:55:35
1700.0,47,79,20.359050750732422,5,11431.4172105301,73256.17242363267,27.490311196976045,73.45772675371626,18.852158546447754,2180,2026-02-20 14:55:35,2026-02-20 14:55:35
1700.0,47,81,22.59255599975586,6,21517.00750264339,69525.48267323466,49.342423496554844,65.32730339008097,18.852158546447754,2182,2026-02-20 14:55:35,2026-02-20 14:55:35
1700.0,47,82,20.490013122558594,5,23110.04695518488,75888.2772062404,52.79400897706141,79.19396526504435,18.852158546447754,2183,2026-02-20 14:55:35,2026-02-20 14:55:35
1700.0,47,83,14.185525894165039,10,24016.443074000534,64235.75641761114,54.757867234495315,53.79921694671801,18.852158546447754,2184,2026-02-20 14:55:35,2026-02-20 14:55:35
1700.0,47,85,18.961666107177734,1,28743.58127346423,87729.51904300839,65.0,105.0,18.852158546447754,2186,2026-02-20 14:55:35,2026-02-20 14:55:35
1700.0,48,3,5.1610918045043945,11,-804.3604890126145,64548.2574260298,0.9794595146334967,54.480261383537126,8.852158546447754,2188,2026-02-20 14:59:58,2026-02-20 14:59:58
1700.0,48,11,10.256811141967773,1,7051.273581156542,55609.63169545756,18.0,35.0,8.852158546447754,2193,2026-02-20 14:59:58,2026-02-20 14:59:58
1700.0,48,12,9.343866348266602,1,7051.273581156542,56527.34276253044,18.0,37.0,8.852158546447754,2194,2026-02-20 14:59:58,2026-02-20 14:59:58
1700.0,48,16,8.691508293151855,3,10555.617492920708,62867.79745019369,25.592745142155696,50.81797586442253,8.852158546447754,2196,2026-02-20 14:59:58,2026-02-20 14:59:58
1700.0,48,34,9.5,1,25974.350504233465,50103.36529302027,59.0,23.0,8.852158546447754,2207,2026-02-20 14:59:58,2026-02-20 14:59:58
1700.0,48,44,12.885821342468262,8,28370.1449594629,81038.81183736194,64.19088798633045,90.41870650642353,8.852158546447754,2216,2026-02-20 14:59:58,2026-02-20 14:59:58
1700.0,48,45,11.592973709106445,3,28698.54039053556,72743.91261431233,64.90241142032122,72.34134093752635,8.852158546447754,2217,2026-02-20 14:59:58,2026-02-20 14:59:58
1700.0,48,49,15.024210929870605,4,374.3332871855027,54855.49545901798,3.533296029729417,33.356484380547,13.852158546447754,2220,2026-02-20 14:59:58,2026-02-20 14:59:58
1700.0,48,52,14.800665855407715,1,7051.273581156542,49644.50975948383,18.0,22.0,13.852158546447754,2222,2026-02-20 14:59:58,2026-02-20 14:59:58
1700.0,48,56,17.5,1,10282.042811925772,44597.09889058299,25.0,11.0,13.852158546447754,2224,2026-02-20 14:59:58,2026-02-20 14:59:58
1700.0,48,57,16.907970428466797,3,18040.61112846594,65837.42212428806,41.81023135250369,57.28978334423476,13.852158546447754,2225,2026-02-20 14:59:58,2026-02-20 14:59:58
1700.0,48,60,11.100469589233398,12,22333.138869607214,76175.3358608842,51.11070812497646,79.8195622855955,13.852158546447754,2227,2026-02-20 14:59:58,2026-02-20 14:59:58
1700.0,48,68,15.798297882080078,3,23827.521432286812,86811.8079759355,54.34853701078226,103.0,13.852158546447754,2234,2026-02-20 14:59:58,2026-02-20 14:59:58
1700.0,48,78,23.444795608520508,98,8345.334765734267,80981.63578180314,20.80379923325174,90.29410071793464,18.852158546447754,2240,2026-02-20 14:59:58,2026-02-20 14:59:58
1700.0,48,82,21.914518356323242,56,9937.949354553746,68060.74069562477,24.254464175693943,62.1351396902755,18.852158546447754,2244,2026-02-20 14:59:58,2026-02-20 14:59:58
1700.0,48,83,17.447038650512695,4,10255.27653336892,75436.45169503821,24.942006396460155,78.2092860399298,18.852158546447754,2245,2026-02-20 14:59:58,2026-02-20 14:59:58
1700.0,48,84,19.308635711669922,1,19974.350504233465,56986.19829606688,46.0,38.0,18.852158546447754,2246,2026-02-20 14:59:58,2026-02-20 14:59:58
1700.0,48,86,21.936864852905273,1,24128.19665807962,66622.16450033212,55.0,59.0,18.852158546447754,2248,2026-02-20 14:59:58,2026-02-20 14:59:58
1700.0,48,87,23.024534225463867,4,26568.187709602338,60484.995937862775,60.28664727829923,45.625052736817516,18.852158546447754,2249,2026-02-20 14:59:58,2026-02-20 14:59:58
1700.0,49,3,10.456538200378418,3,419.8150717678217,63869.031299113485,3.6318398963244416,53.0,8.852158546447754,2252,2026-02-20 15:04:11,2026-02-20 15:04:11
1700.0,49,39,10.04935359954834,4,27943.69997400371,75662.29671232012,63.26692385116887,78.70147802798606,8.852158546447754,2271,2026-02-20 15:04:11,2026-02-20 15:04:11
1700.0,49,40,9.474895477294922,8,28065.668358030736,83525.60597663569,63.53118868322743,95.83826442285057,8.852158546447754,2272,2026-02-20 15:04:11,2026-02-20 15:04:11
1700.0,49,45,16.70914649963379,1,-1256.4187265357668,58821.62043021264,0.0,42.0,13.852158546447754,2275,2026-02-20 15:04:11,2026-02-20 15:04:11
1700.0,49,46,14.407482147216797,1,128.19665807961792,55609.63169545756,3.0,35.0,13.852158546447754,2276,2026-02-20 15:04:11,2026-02-20 15:04:11
1700.0,49,47,15.093554496765137,1,128.19665807961792,56986.19829606688,3.0,38.0,13.852158546447754,2277,2026-02-20 15:04:11,2026-02-20 15:04:11
1700.0,49,48,14.060029029846191,1,1051.2735811565408,56068.487228993996,5.0,36.0,13.852158546447754,2278,2026-02-20 15:04:11,2026-02-20 15:04:11
1700.0,49,59,17.5201416015625,1,11205.119735002694,63869.031299113485,27.0,53.0,13.852158546447754,2283,2026-02-20 15:04:11,2026-02-20 15:04:11
1700.0,49,61,15.015018463134766,1,17666.658196541153,67998.73110094146,41.0,62.0,13.852158546447754,2284,2026-02-20 15:04:11,2026-02-20 15:04:11
1700.0,49,72,13.646526336669922,16,23270.09939944209,81313.53668667031,53.14078927295203,91.017424031286,13.852158546447754,2294,2026-02-20 15:04:11,2026-02-20 15:04:11
1700.0,49,79,15.5,1,23666.658196541153,88188.37457654483,54.0,106.0,13.852158546447754,2300,2026-02-20 15:04:11,2026-02-20 15:04:11
1700.0,49,86,25.94060516357422,51,7406.00374182255,81831.2134261252,18.768582014776353,92.14561515380578,18.852158546447754,2304,2026-02-20 15:04:11,2026-02-20 15:04:11
1700.0,49,87,19.040891647338867,1,5666.658196541156,53315.35402777536,15.0,30.0,18.852158546447754,2305,2026-02-20 15:04:11,2026-02-20 15:04:11
1700.0,49,88,20.844209671020508,35,9290.728320992092,70825.87720945585,22.85215193631036,68.16129893155114,18.852158546447754,2306,2026-02-20 15:04:11,2026-02-20 15:04:11
1700.0,49,92,23.52419090270996,2,10484.35895670154,77175.84177167025,25.438351647014166,82.0,18.852158546447754,2310,2026-02-20 15:04:11,2026-02-20 15:04:11
1700.0,49,95,19.795896530151367,2,10655.066142586667,87270.66350947194,25.80821721643194,104.0,18.852158546447754,2313,2026-02-20 15:04:11,2026-02-20 15:04:11
1700.0,49,97,19.35808563232422,1,11205.119735002694,49644.50975948383,27.0,22.0,18.852158546447754,2315,2026-02-20 15:04:11,2026-02-20 15:04:11
1700.0,49,98,19.439258575439453,2,11205.119735002694,57705.82970463831,27.0,39.568318034709456,18.852158546447754,2316,2026-02-20 15:04:11,2026-02-20 15:04:11
1700.0,49,99,19.983980178833008,1,11666.658196541157,46432.52102472875,28.0,15.0,18.852158546447754,2317,2026-02-20 15:04:11,2026-02-20 15:04:11
1700.0,49,100,19.678407669067383,2,19974.350504233465,58530.18132609949,46.0,41.36485651188075,18.852158546447754,2318,2026-02-20 15:04:11,2026-02-20 15:04:11
1700.0,49,101,21.57670021057129,5,24722.163856520983,66304.66093880121,56.28692892995628,58.3080533232674,18.852158546447754,2319,2026-02-20 15:04:11,2026-02-20 15:04:11
1700.0,49,102,20.112985610961914,2,27358.96588884885,59007.42303896326,62.0,42.40492615904317,18.852158546447754,2320,2026-02-20 15:04:11,2026-02-20 15:04:11
1700.0,49,103,23.0,2,28743.58127346423,91098.17487517105,65.0,112.34143011461612,18.852158546447754,2321,2026-02-20 15:04:11,2026-02-20 15:04:11
1700.0,50,2,13.51661491394043,2,-637.3112526990425,67081.02003386857,1.3413995266462362,60.0,8.852158546447754,2323,2026-02-20 15:08:24,2026-02-20 15:08:24
1700.0,50,35,12.851956367492676,6,747.5784098306779,58310.86602280642,4.34199379546063,40.88689495913933,13.852158546447754,2337,2026-02-20 15:08:24,2026-02-20 15:08:24
1700.0,50,50,14.525609970092773,3,13117.170538982497,76716.98623813382,31.142776741956236,81.0,13.852158546447754,2345,2026-02-20 15:08:24,2026-02-20 15:08:24
1700.0,50,57,17.832923889160156,12,22387.829921750545,77865.8341247143,51.229205404620345,83.50372459873415,13.852158546447754,2351,2026-02-20 15:08:24,2026-02-20 15:08:24
1700.0,50,58,15.287467956542969,11,23200.658713721496,83222.89289210546,52.99033445389074,95.1785511527562,13.852158546447754,2352,2026-02-20 15:08:24,2026-02-20 15:08:24
1700.0,50,66,16.661354064941406,9,24395.69233444111,68967.04552438868,55.579573965449896,64.1102816740257,13.852158546447754,2360,2026-02-20 15:08:24,2026-02-20 15:08:24
1700.0,50,69,17.524742126464844,10,28013.27111434657,61040.640639499215,63.41766132191174,46.835988774471986,13.852158546447754,2363,2026-02-20 15:08:24,2026-02-20 15:08:24
1700.0,50,74,22.052894592285156,32,7246.519378820095,83962.54393837179,18.423032561604366,96.79049868788944,18.852158546447754,2367,2026-02-20 15:08:24,2026-02-20 15:08:24
1700.0,50,75,23.386577606201172,1,7512.812042695003,54691.92062838467,19.0,33.0,18.852158546447754,2368,2026-02-20 15:08:24,2026-02-20 15:08:24
1700.0,50,76,23.559947967529297,25,9529.972666630914,72746.31043579921,23.370514685194475,72.34656659421267,18.852158546447754,2369,2026-02-20 15:08:24,2026-02-20 15:08:24
1700.0,50,77,22.0,1,8435.888965771926,54233.065094848236,21.0,32.0,18.852158546447754,2370,2026-02-20 15:08:24,2026-02-20 15:08:24
1700.0,50,78,19.00025749206543,1,9358.965888848848,54233.065094848236,23.0,32.0,18.852158546447754,2371,2026-02-20 15:08:24,2026-02-20 15:08:24
1700.0,50,79,23.27928352355957,8,10939.326374614548,60768.75238353081,26.424114385825682,46.243453137224805,18.852158546447754,2372,2026-02-20 15:08:24,2026-02-20 15:08:24
1700.0,50,82,19.45277976989746,3,12759.295891713004,48267.943158874514,30.367381672872337,19.0,18.852158546447754,2375,2026-02-20 15:08:24,2026-02-20 15:08:24
1700.0,50,83,18.892282485961914,1,19974.350504233465,61115.89809789484,46.0,47.0,18.852158546447754,2376,2026-02-20 15:08:24,2026-02-20 15:08:24
1700.0,51,11,12.942198753356934,4,10957.956395780488,91534.08140336549,26.46447943168522,113.29141654026706,8.852158546447754,2382,2026-02-20 15:12:46,2026-02-20 15:12:46
1700.0,51,40,13.065576553344727,3,1370.617305658704,60431.624900229916,5.69191140308802,45.508739357698985,13.852158546447754,2397,2026-02-20 15:12:46,2026-02-20 15:12:46
1700.0,51,48,14.505330085754395,1,12589.735119618079,50103.36529302027,30.0,23.0,13.852158546447754,2400,2026-02-20 15:12:46,2026-02-20 15:12:46
1700.0,51,59,14.114370346069336,5,23394.371188957306,82897.55449034812,53.41004481690166,94.46952973320411,13.852158546447754,2410,2026-02-20 15:12:46,2026-02-20 15:12:46
1700.0,51,67,21.903602600097656,15,7467.648039488513,85910.8020987106,18.902144659719273,101.0364062076777,18.852158546447754,2415,2026-02-20 15:12:46,2026-02-20 15:12:46
1700.0,51,69,22.451845169067383,24,9377.384868420619,74628.67902621064,23.039907789072167,76.44887865723571,18.852158546447754,2417,2026-02-20 15:12:46,2026-02-20 15:12:46
1700.0,51,70,24.456037521362305,5,8073.328652518047,55908.30431612416,20.214452654616597,35.650907745112505,18.852158546447754,2418,2026-02-20 15:12:46,2026-02-20 15:12:46
1700.0,51,71,23.183488845825195,22,11269.8923914239,63412.93354128225,27.14034075557928,52.00601011757219,18.852158546447754,2419,2026-02-20 15:12:46,2026-02-20 15:12:46
1700.0,51,74,20.322940826416016,4,24234.323518002875,61176.648478556024,55.22994152983372,47.132395440876515,18.852158546447754,2422,2026-02-20 15:12:46,2026-02-20 15:12:46
1700.0,51,75,19.26764678955078,1,24128.19665807962,71210.71983569654,55.0,69.0,18.852158546447754,2423,2026-02-20 15:12:46,2026-02-20 15:12:46
1700.0,52,1,11.460314750671387,6,277.7205645246135,61613.26734391596,3.323968463964157,48.08393428796173,8.852158546447754,2424,2026-02-20 15:17:08,2026-02-20 15:17:08
1700.0,52,2,10.95203971862793,6,1195.1404986068887,63128.01587568763,5.311711654475753,51.38507902974434,8.852158546447754,2425,2026-02-20 15:17:08,2026-02-20 15:17:08
1700.0,52,24,10.596818923950195,3,26102.176563124853,53405.561524118224,59.27695646093134,30.19659236894808,8.852158546447754,2433,2026-02-20 15:17:08,2026-02-20 15:17:08
1700.0,52,49,17.11405372619629,2,22366.935831793427,82682.10817410753,51.18393487637992,94.0,13.852158546447754,2449,2026-02-20 15:17:08,2026-02-20 15:17:08
1700.0,52,50,18.795005798339844,7,23375.267921988798,88261.21426471155,53.36865440513656,106.15874209384671,13.852158546447754,2450,2026-02-20 15:17:08,2026-02-20 15:17:08
1700.0,52,56,17.495861053466797,6,24565.857972538193,73089.35414723666,55.94826618132691,73.09417381776207,13.852158546447754,2455,2026-02-20 15:17:08,2026-02-20 15:17:08
1700.0,52,63,20.32567024230957,21,8807.944888735921,77051.1265047735,21.80612116642199,81.72820363320987,18.852158546447754,2460,2026-02-20 15:17:08,2026-02-20 15:17:08
1700.0,52,64,19.067337036132812,5,7375.090171953686,88160.71265202218,18.701602613393813,105.93971539514963,18.852158546447754,2461,2026-02-20 15:17:08,2026-02-20 15:17:08
1700.0,52,65,25.572317123413086,15,8405.271605116088,58261.64066858093,20.933662385245682,40.77961641365442,18.852158546447754,2462,2026-02-20 15:17:08,2026-02-20 15:17:08
1700.0,52,67,22.99161148071289,29,11516.553595883397,66573.78152635653,27.67477336524152,58.8945572834162,18.852158546447754,2464,2026-02-20 15:17:08,2026-02-20 15:17:08
1700.0,52,70,20.86863899230957,2,12175.38448126292,54738.834148248265,29.10224028356382,33.10224028356382,18.852158546447754,2467,2026-02-20 15:17:08,2026-02-20 15:17:08
1700.0,52,71,20.320755004882812,5,13470.086144454839,80423.37259704253,31.907427220479647,89.07745812792811,18.852158546447754,2468,2026-02-20 15:17:08,2026-02-20 15:17:08
1700.0,52,73,19.125322341918945,2,26070.695282453835,62492.46469850416,59.208747019477464,50.0,18.852158546447754,2470,2026-02-20 15:17:08,2026-02-20 15:17:08
1700.0,53,1,11.2711763381958,1,-1256.4187265357668,46432.52102472875,0.0,15.0,8.852158546447754,2472,2026-02-20 15:21:30,2026-02-20 15:21:30
1700.0,53,2,11.740540504455566,6,418.0849648024219,64402.22546773642,3.628091331232742,54.162008801579795,8.852158546447754,2473,2026-02-20 15:21:30,2026-02-20 15:21:30
1700.0,53,16,9.09878158569336,2,19974.350504233465,71159.34148675567,46.0,68.88802935742129,8.852158546447754,2481,2026-02-20 15:21:30,2026-02-20 15:21:30
1700.0,53,28,9.280526161193848,3,25279.298149345563,68645.86161664063,57.49405323107621,63.41031428936182,8.852158546447754,2490,2026-02-20 15:21:30,2026-02-20 15:21:30
1700.0,53,45,17.755413055419922,10,20149.811725676824,65772.57807031427,46.380165979793944,57.14846641715309,13.852158546447754,2499,2026-02-20 15:21:30,2026-02-20 15:21:30
1700.0,53,48,13.972136497497559,2,24128.19665807962,75289.32305919808,55.0,77.88864343002993,13.852158546447754,2502,2026-02-20 15:21:30,2026-02-20 15:21:30
1700.0,53,50,18.238771438598633,7,25167.961807353222,60269.89863285945,57.252824490092806,45.15628361607584,13.852158546447754,2503,2026-02-20 15:21:30,2026-02-20 15:21:30
1700.0,53,57,20.99604034423828,20,8875.950847731714,78922.96302084337,21.953467410912875,85.80756277625747,18.852158546447754,2509,2026-02-20 15:21:30,2026-02-20 15:21:30
1700.0,53,58,21.37941551208496,1,8897.427427310387,90941.50777776347,22.0,112.0,18.852158546447754,2510,2026-02-20 15:21:30,2026-02-20 15:21:30
1700.0,53,59,24.82343101501465,40,12123.188887178638,56733.78700851663,28.989149829714542,37.44991120493874,18.852158546447754,2511,2026-02-20 15:21:30,2026-02-20 15:21:30
1700.0,53,60,24.588193893432617,23,11781.449094053372,68896.04448789863,28.248713611276468,63.95554661843459,18.852158546447754,2512,2026-02-20 15:21:30,2026-02-20 15:21:30
1700.0,53,62,19.62158966064453,2,14093.09995412671,80387.83050642534,33.2572904747687,89.0,18.852158546447754,2514,2026-02-20 15:21:30,2026-02-20 15:21:30
1700.0,53,63,20.5,1,24128.19665807962,90023.79671069059,55.0,110.0,18.852158546447754,2515,2026-02-20 15:21:30,2026-02-20 15:21:30
1700.0,54,18,12.558042526245117,3,21820.50435038731,83213.2682182516,50.0,95.15757576257252,8.852158546447754,2526,2026-02-20 15:25:53,2026-02-20 15:25:53
1700.0,54,22,8.9884033203125,1,23205.119735002692,89106.0856436177,53.0,108.0,8.852158546447754,2530,2026-02-20 15:25:53,2026-02-20 15:25:53
1700.0,54,23,10.731622695922852,1,23205.119735002692,90023.79671069059,53.0,110.0,8.852158546447754,2531,2026-02-20 15:25:53,2026-02-20 15:25:53
1700.0,54,24,11.221017837524414,9,24340.362437730982,77324.30078210104,55.459692522577946,82.32354194202823,8.852158546447754,2532,2026-02-20 15:25:53,2026-02-20 15:25:53
1700.0,54,35,13.176981925964355,48,9003.781165114877,80825.39102441061,22.230433098576395,89.95359102376503,13.852158546447754,2540,2026-02-20 15:25:53,2026-02-20 15:25:53
1700.0,54,38,15.126157760620117,2,8720.326820182514,93235.78544544567,21.616282017889606,117.0,13.852158546447754,2542,2026-02-20 15:25:53,2026-02-20 15:25:53
1700.0,54,41,14.132014274597168,1,11205.119735002694,53774.2095613118,27.0,31.0,13.852158546447754,2544,2026-02-20 15:25:53,2026-02-20 15:25:53
1700.0,54,44,16.0,1,14435.888965771926,77634.6973052067,34.0,83.0,13.852158546447754,2546,2026-02-20 15:25:53,2026-02-20 15:25:53
1700.0,54,52,23.118932723999023,15,8918.678928217747,62284.16132651094,22.046044918632614,49.54603713637753,18.852158546447754,2549,2026-02-20 15:25:53,2026-02-20 15:25:53
1700.0,54,53,21.34296989440918,22,11390.77055595814,71709.03277957243,27.402243445403467,70.085990921882,18.852158546447754,2550,2026-02-20 15:25:53,2026-02-20 15:25:53
1700.0,54,54,25.460411071777344,82,12555.755760661666,58813.82256199167,29.92637805559444,41.98300583157214,18.852158546447754,2551,2026-02-20 15:25:53,2026-02-20 15:25:53
1700.0,54,55,19.27802276611328,1,13974.350504233464,82682.10817410753,33.0,94.0,18.852158546447754,2552,2026-02-20 15:25:53,2026-02-20 15:25:53
1700.0,54,56,18.975866317749023,2,19821.214712081855,67539.875567405,45.66820578367151,61.0,18.852158546447754,2553,2026-02-20 15:25:53,2026-02-20 15:25:53
1700.0,54,59,19.305429458618164,1,24589.735119618083,62951.3202320406,56.0,51.0,18.852158546447754,2556,2026-02-20 15:25:53,2026-02-20 15:25:53
1700.0,54,60,19.007673263549805,1,25974.350504233465,60198.187030821966,59.0,45.0,18.852158546447754,2557,2026-02-20 15:25:53,2026-02-20 15:25:53
1700.0,54,61,19.178279876708984,1,25974.350504233465,62492.46469850416,59.0,50.0,18.852158546447754,2558,2026-02-20 15:25:53,2026-02-20 15:25:53
1700.0,55,1,9.885201454162598,1,-794.8802649973053,51479.93189362959,1.0,26.0,8.852158546447754,2559,2026-02-20 15:30:06,2026-02-20 15:30:06
1700.0,55,2,11.0,1,1051.2735811565408,39549.688021682145,5.0,0.0,8.852158546447754,2560,2026-02-20 15:30:06,2026-02-20 15:30:06
1700.0,55,13,13.435173034667969,1,16282.042811925772,44597.09889058299,38.0,11.0,8.852158546447754,2565,2026-02-20 15:30:06,2026-02-20 15:30:06
1700.0,55,36,17.574413299560547,11,9062.960021331779,64976.99001236081,22.358653953713016,55.41461338541171,13.852158546447754,2582,2026-02-20 15:30:06,2026-02-20 15:30:06
1700.0,55,38,15.399822235107422,4,9117.556247637818,83892.1875073664,22.476945777376102,96.63716844369876,13.852158546447754,2584,2026-02-20 15:30:06,2026-02-20 15:30:06
1700.0,55,41,14.54229736328125,6,10502.025185045151,75958.69420359476,25.47662847509199,79.34742750360918,13.852158546447754,2586,2026-02-20 15:30:06,2026-02-20 15:30:06
1700.0,55,45,14.010603904724121,1,22743.58127346423,76258.13070459737,52.0,80.0,13.852158546447754,2588,2026-02-20 15:30:06,2026-02-20 15:30:06
1700.0,55,46,14.431915283203125,1,25512.812042695004,69834.1532350872,58.0,66.0,13.852158546447754,2589,2026-02-20 15:30:06,2026-02-20 15:30:06
1700.0,55,47,14.0,1,25974.350504233465,71210.71983569654,59.0,69.0,13.852158546447754,2590,2026-02-20 15:30:06,2026-02-20 15:30:06
1700.0,55,48,14.63729476928711,3,26625.335089467295,59756.82420558169,60.41046660133997,44.03812247432508,13.852158546447754,2591,2026-02-20 15:30:06,2026-02-20 15:30:06
1700.0,55,49,18.135948181152344,1,28743.58127346423,66622.16450033212,65.0,59.0,13.852158546447754,2592,2026-02-20 15:30:06,2026-02-20 15:30:06
1700.0,55,51,24.703563690185547,112,13068.919620944378,61072.518050589824,31.03823308620698,46.90546033743849,18.852158546447754,2593,2026-02-20 15:30:06,2026-02-20 15:30:06
1700.0,55,52,19.58112335205078,1,11666.658196541157,56068.487228993996,28.0,36.0,18.852158546447754,2594,2026-02-20 15:30:06,2026-02-20 15:30:06
1700.0,55,54,20.251169204711914,1,15358.96588884885,84058.67477471687,36.0,97.0,18.852158546447754,2596,2026-02-20 15:30:06,2026-02-20 15:30:06
1700.0,55,55,20.0,1,19512.812042695004,70293.00876862365,45.0,67.0,18.852158546447754,2597,2026-02-20 15:30:06,2026-02-20 15:30:06
1700.0,56,1,11.436430931091309,1,-333.34180345884374,56068.487228993996,2.0,36.0,8.852158546447754,2598,2026-02-20 15:34:19,2026-02-20 15:34:19
1700.0,56,2,9.285011291503906,1,589.7351196180794,44597.09889058299,4.0,11.0,8.852158546447754,2599,2026-02-20 15:34:19,2026-02-20 15:34:19
1700.0,56,3,9.328149795532227,1,589.7351196180794,56068.487228993996,4.0,36.0,8.852158546447754,2600,2026-02-20 15:34:19,2026-02-20 15:34:19
1700.0,56,4,13.5,1,1974.350504233464,54233.065094848236,7.0,32.0,8.852158546447754,2601,2026-02-20 15:34:19,2026-02-20 15:34:19
1700.0,56,5,9.5,1,1974.350504233464,55150.776161921116,7.0,34.0,8.852158546447754,2602,2026-02-20 15:34:19,2026-02-20 15:34:19
1700.0,56,6,11.500000953674316,1,2897.4274273103874,42761.67675643723,9.0,7.0,8.852158546447754,2603,2026-02-20 15:34:19,2026-02-20 15:34:19
1700.0,56,7,9.0,1,4282.042811925772,40926.25462229147,12.0,3.0,8.852158546447754,2604,2026-02-20 15:34:19,2026-02-20 15:34:19
1700.0,56,9,10.526876449584961,32,9077.503468497629,85304.2338580784,22.39016475590569,99.71449071075138,8.852158546447754,2606,2026-02-20 15:34:19,2026-02-20 15:34:19
1700.0,56,47,18.5,7,26172.20707890723,71259.25908380204,59.42868924512649,69.10578329029052,13.852158546447754,2630,2026-02-20 15:34:19,2026-02-20 15:34:19
1700.0,56,53,18.90151596069336,1,8897.427427310387,77175.84177167025,22.0,82.0,18.852158546447754,2634,2026-02-20 15:34:19,2026-02-20 15:34:19
1700.0,56,54,19.993074417114258,2,9681.153923936385,66163.30896679568,23.698074076022994,58.0,18.852158546447754,2635,2026-02-20 15:34:19,2026-02-20 15:34:19
1700.0,56,55,23.424976348876953,156,13549.254102062461,62720.94017907402,32.07895779529616,50.497924649200556,18.852158546447754,2636,2026-02-20 15:34:19,2026-02-20 15:34:19
1700.0,56,56,20.13931655883789,1,15358.96588884885,85894.09690886262,36.0,101.0,18.852158546447754,2637,2026-02-20 15:34:19,2026-02-20 15:34:19
1700.0,56,57,19.266918182373047,1,26897.427427310387,58821.62043021264,61.0,42.0,18.852158546447754,2638,2026-02-20 15:34:19,2026-02-20 15:34:19
1700.0,57,6,10.218422889709473,2,357.76365067465036,40467.399088755024,3.4973951506225704,2.0,8.852158546447754,2642,2026-02-20 15:38:42,2026-02-20 15:38:42
1700.0,57,14,11.271632194519043,2,5874.235171987105,45055.95442411943,15.449750113466223,12.0,8.852158546447754,2650,2026-02-20 15:38:42,2026-02-20 15:38:42
1700.0,57,19,8.283404350280762,3,9561.05028846519,87670.52558230603,23.437849532502074,104.87143347657228,8.852158546447754,2653,2026-02-20 15:38:42,2026-02-20 15:38:42
1700.0,57,24,10.229817390441895,1,14897.427427310387,85435.24137532618,35.0,100.0,8.852158546447754,2657,2026-02-20 15:38:42,2026-02-20 15:38:42
1700.0,57,25,11.5,1,15358.96588884885,86811.8079759355,36.0,103.0,8.852158546447754,2658,2026-02-20 15:38:42,2026-02-20 15:38:42
1700.0,57,32,9.723661422729492,1,23205.119735002692,85894.09690886262,53.0,101.0,8.852158546447754,2663,2026-02-20 15:38:42,2026-02-20 15:38:42
1700.0,57,41,10.5,4,-234.4978290859202,46264.50629468792,2.2141619444746676,14.63383959054405,13.852158546447754,2668,2026-02-20 15:38:42,2026-02-20 15:38:42
1700.0,57,42,15.566356658935547,1,128.19665807961792,56068.487228993996,3.0,36.0,13.852158546447754,2669,2026-02-20 15:38:42,2026-02-20 15:38:42
1700.0,57,48,14.671897888183594,1,20435.888965771926,73963.85303691517,47.0,75.0,13.852158546447754,2672,2026-02-20 15:38:42,2026-02-20 15:38:42
1700.0,57,49,17.570293426513672,1,21820.50435038731,77175.84177167025,50.0,82.0,13.852158546447754,2673,2026-02-20 15:38:42,2026-02-20 15:38:42
1700.0,57,50,17.68956756591797,13,26397.913331246655,73547.27759707636,59.91771945852858,74.0921424949848,13.852158546447754,2674,2026-02-20 15:38:42,2026-02-20 15:38:42
1700.0,57,52,17.239866256713867,5,27492.296305207532,61192.392557924155,62.28888256877715,47.166707066687785,13.852158546447754,2676,2026-02-20 15:38:42,2026-02-20 15:38:42
1700.0,57,56,18.995044708251953,3,9507.89616571532,80356.47096883452,23.32268226654402,88.93165705696273,18.852158546447754,2679,2026-02-20 15:38:42,2026-02-20 15:38:42
1700.0,57,57,19.381797790527344,178,14014.199087628112,64592.31891251781,33.08633859735507,54.57628613047311,18.852158546447754,2680,2026-02-20 15:38:42,2026-02-20 15:38:42
1700.0,58,13,9.488633155822754,1,3820.5043503873103,42761.67675643723,11.0,7.0,8.852158546447754,2693,2026-02-20 15:43:04,2026-02-20 15:43:04
1700.0,58,16,9.254467964172363,4,7408.146769084446,46703.015203187824,18.77322524051046,15.589497475108017,8.852158546447754,2696,2026-02-20 15:43:04,2026-02-20 15:43:04
1700.0,58,22,11.464300155639648,4,10743.581273464233,55616.72070969305,26.0,35.01544933801027,8.852158546447754,2700,2026-02-20 15:43:04,2026-02-20 15:43:04
1700.0,58,28,9.7235689163208,1,16743.58127346423,54233.065094848236,39.0,32.0,8.852158546447754,2706,2026-02-20 15:43:04,2026-02-20 15:43:04
1700.0,58,31,9.5,1,20435.888965771926,76258.13070459737,47.0,80.0,8.852158546447754,2709,2026-02-20 15:43:04,2026-02-20 15:43:04
1700.0,58,34,9.023158073425293,1,22743.58127346423,79470.11943935245,52.0,87.0,8.852158546447754,2712,2026-02-20 15:43:04,2026-02-20 15:43:04
1700.0,58,39,11.702953338623047,2,26731.980501447684,69998.63841620437,60.64153166063081,66.35846833936918,8.852158546447754,2716,2026-02-20 15:43:04,2026-02-20 15:43:04
1700.0,58,41,9.600132942199707,1,28282.04281192577,57445.05382960332,64.0,39.0,8.852158546447754,2717,2026-02-20 15:43:04,2026-02-20 15:43:04
1700.0,58,43,13.933697700500488,1,-794.8802649973053,49644.50975948383,1.0,22.0,13.852158546447754,2718,2026-02-20 15:43:04,2026-02-20 15:43:04
1700.0,58,44,13.053995132446289,3,317.7463550194493,58346.39268040251,3.4106910100363015,40.96431945334187,13.852158546447754,2719,2026-02-20 15:43:04,2026-02-20 15:43:04
1700.0,58,48,14.1349515914917,2,9070.747396837769,70751.86430216009,22.37552660064266,68.0,13.852158546447754,2722,2026-02-20 15:43:04,2026-02-20 15:43:04
1700.0,58,49,15.905407905578613,13,10047.401914882063,81536.59162185546,24.49161138973863,91.50353549531486,13.852158546447754,2723,2026-02-20 15:43:04,2026-02-20 15:43:04
1700.0,58,52,17.441455841064453,9,26546.182834230647,75737.88213976753,60.238970048327225,78.86620400800174,13.852158546447754,2726,2026-02-20 15:43:04,2026-02-20 15:43:04
1700.0,58,53,15.123738288879395,1,28743.58127346423,65245.59789972281,65.0,56.0,13.852158546447754,2727,2026-02-20 15:43:04,2026-02-20 15:43:04
1700.0,58,55,25.006166458129883,191,14165.293005813426,66738.59689521666,33.41370875342325,59.25374521254476,18.852158546447754,2728,2026-02-20 15:43:04,2026-02-20 15:43:04
1700.0,59,9,12.499305725097656,1,2435.8889657719255,40008.54355521859,8.0,1.0,8.852158546447754,2736,2026-02-20 15:47:27,2026-02-20 15:47:27
1700.0,59,14,10.364727020263672,3,4857.749583498376,53103.96160490317,13.247364671740641,29.539305059169784,8.852158546447754,2741,2026-02-20 15:47:27,2026-02-20 15:47:27
1700.0,59,22,10.750157356262207,2,9536.052961478808,47809.08762533807,23.383688657364914,18.0,8.852158546447754,2746,2026-02-20 15:47:27,2026-02-20 15:47:27
1700.0,59,32,11.707810401916504,8,20465.043655823185,65144.49361452908,47.06316849511106,55.77965987592105,8.852158546447754,2754,2026-02-20 15:47:27,2026-02-20 15:47:27
1700.0,59,33,10.158501625061035,2,22034.336633013656,81305.54157349822,50.46330327902375,91.0,8.852158546447754,2755,2026-02-20 15:47:27,2026-02-20 15:47:27
1700.0,59,36,11.926971435546875,15,26612.97763475084,78010.66887122586,60.38369211612098,83.81936805495515,8.852158546447754,2758,2026-02-20 15:47:27,2026-02-20 15:47:27
1700.0,59,37,10.765658378601074,5,27074.957691249172,71728.18729304013,61.3846489052007,70.12773502665517,8.852158546447754,2759,2026-02-20 15:47:27,2026-02-20 15:47:27
1700.0,59,44,13.983983039855957,1,-794.8802649973053,52397.64296070248,1.0,28.0,13.852158546447754,2764,2026-02-20 15:47:27,2026-02-20 15:47:27
1700.0,59,45,14.97706413269043,7,243.80412184995586,59144.26039034177,3.2504828381690656,42.70314061082039,13.852158546447754,2765,2026-02-20 15:47:27,2026-02-20 15:47:27
1700.0,59,50,14.575523376464844,1,8897.427427310387,58362.7648966762,22.0,41.0,13.852158546447754,2769,2026-02-20 15:47:27,2026-02-20 15:47:27
1700.0,59,51,10.731881141662598,4,10377.955993864389,83730.33951718739,25.207811894200336,96.28444742727855,13.852158546447754,2770,2026-02-20 15:47:27,2026-02-20 15:47:27
1700.0,59,53,15.5,1,11666.658196541157,55150.776161921116,28.0,34.0,13.852158546447754,2772,2026-02-20 15:47:27,2026-02-20 15:47:27
1700.0,59,54,17.424137115478516,1,11666.658196541157,58362.7648966762,28.0,41.0,13.852158546447754,2773,2026-02-20 15:47:27,2026-02-20 15:47:27
1700.0,59,55,16.161548614501953,1,12128.196658079618,56068.487228993996,29.0,36.0,13.852158546447754,2774,2026-02-20 15:47:27,2026-02-20 15:47:27
1700.0,59,58,15.89166259765625,3,27868.205184338418,63994.36261877246,63.10335180689407,53.27313895223849,13.852158546447754,2777,2026-02-20 15:47:27,2026-02-20 15:47:27
1700.0,59,61,18.869903564453125,1,8435.888965771926,70751.86430216009,21.0,68.0,18.852158546447754,2779,2026-02-20 15:47:27,2026-02-20 15:47:27
1700.0,59,62,19.386377334594727,1,8897.427427310387,71669.57536923297,22.0,70.0,18.852158546447754,2780,2026-02-20 15:47:27,2026-02-20 15:47:27
1700.0,59,63,22.08662223815918,160,14748.883057406314,68572.57762660077,34.67815386520784,63.25060391281902,18.852158546447754,2781,2026-02-20 15:47:27,2026-02-20 15:47:27
1700.0,59,64,17.34888458251953,6,14364.336149195857,74618.33178624276,33.84496889741852,76.42632855331057,18.852158546447754,2782,2026-02-20 15:47:27,2026-02-20 15:47:27
1700.0,59,65,17.431344985961914,3,14980.972117657182,63310.90943906749,35.18101349575139,51.78366540391373,18.852158546447754,2783,2026-02-20 15:47:27,2026-02-20 15:47:27
1700.0,60,3,7.194899082183838,7,9.69715875883237,46625.35681819295,2.7432510848049647,15.420253825813111,8.852158546447754,2784,2026-02-20 15:51:50,2026-02-20 15:51:50
1700.0,60,11,9.941306114196777,4,3122.048921522859,41028.500914054894,9.486679904127023,3.2228289391552125,8.852158546447754,2792,2026-02-20 15:51:50,2026-02-20 15:51:50
1700.0,60,20,8.110694885253906,3,6770.90647592264,46378.34487682766,17.39253793865988,14.881932015762018,8.852158546447754,2801,2026-02-20 15:51:50,2026-02-20 15:51:50
1700.0,60,30,9.270730972290039,1,9820.504350387311,75799.27517106093,24.0,79.0,8.852158546447754,2808,2026-02-20 15:51:50,2026-02-20 15:51:50
1700.0,60,33,11.778176307678223,1,10282.042811925772,66163.30896679568,25.0,58.0,8.852158546447754,2810,2026-02-20 15:51:50,2026-02-20 15:51:50
1700.0,60,34,10.98705768585205,2,10905.416198933588,49644.50975948383,26.350642338516934,22.0,8.852158546447754,2811,2026-02-20 15:51:50,2026-02-20 15:51:50
1700.0,60,41,12.0,3,16122.095490534595,46057.9765608135,37.653447470319115,14.18374207884428,8.852158546447754,2818,2026-02-20 15:51:50,2026-02-20 15:51:50
1700.0,60,43,10.596407890319824,5,20618.48859896856,57624.390755390166,47.39563253859271,39.390835268792955,8.852158546447754,2820,2026-02-20 15:51:50,2026-02-20 15:51:50
1700.0,60,47,9.646038055419922,2,26050.174434227883,82223.2526405711,59.16428518165457,93.0,8.852158546447754,2824,2026-02-20 15:51:50,2026-02-20 15:51:50
1700.0,60,51,10.056418418884277,1,27820.50435038731,56527.34276253044,63.0,37.0,8.852158546447754,2827,2026-02-20 15:51:50,2026-02-20 15:51:50
1700.0,60,55,15.017959594726562,8,-585.912198452275,59129.32439418612,1.452764144180899,42.67059006917052,13.852158546447754,2829,2026-02-20 15:51:50,2026-02-20 15:51:50
1700.0,60,57,18.73280143737793,8,539.0749429408451,62131.762558865754,3.8902362838659923,49.21390914290943,13.852158546447754,2831,2026-02-20 15:51:50,2026-02-20 15:51:50
1700.0,60,60,14.0,1,7512.812042695003,53774.2095613118,19.0,31.0,13.852158546447754,2834,2026-02-20 15:51:50,2026-02-20 15:51:50
1700.0,60,62,14.0,1,9358.965888848848,88647.23011008126,23.0,107.0,13.852158546447754,2835,2026-02-20 15:51:50,2026-02-20 15:51:50
1700.0,60,64,17.70428466796875,3,11739.046922156014,57445.05382960332,28.15684223883219,39.0,13.852158546447754,2837,2026-02-20 15:51:50,2026-02-20 15:51:50
1700.0,60,67,15.37572956085205,4,26941.07698658477,74038.39352010182,61.0945740450945,75.16244869624249,13.852158546447754,2840,2026-02-20 15:51:50,2026-02-20 15:51:50
1700.0,60,68,17.48554039001465,3,28624.189430212977,66495.6868044653,64.74131767295562,58.72436270977917,13.852158546447754,2841,2026-02-20 15:51:50,2026-02-20 15:51:50
1700.0,60,70,22.73777198791504,147,14451.671378947618,69903.78647141265,34.03419522854733,66.15175416059336,18.852158546447754,2842,2026-02-20 15:51:50,2026-02-20 15:51:50
1700.0,61,10,9.712743759155273,5,2079.43000393414,41041.709250595915,7.227672249351465,3.2516143314533656,8.852158546447754,2854,2026-02-20 15:56:13,2026-02-20 15:56:13
1700.0,61,15,11.868088722229004,6,3436.294657471038,53570.51084317472,10.167545665348078,30.55607222044997,8.852158546447754,2859,2026-02-20 15:56:13,2026-02-20 15:56:13
1700.0,61,16,9.609416961669922,16,4624.818065728113,47468.90942430186,12.74267971657174,17.258637684034394,8.852158546447754,2860,2026-02-20 15:56:13,2026-02-20 15:56:13
1700.0,61,30,13.217269897460938,12,8813.288140193914,59018.721497577506,21.81769821124764,42.42954928721419,8.852158546447754,2873,2026-02-20 15:56:13,2026-02-20 15:56:13
1700.0,61,36,10.569501876831055,1,9358.965888848848,40467.399088755024,23.0,2.0,8.852158546447754,2879,2026-02-20 15:56:13,2026-02-20 15:56:13
1700.0,61,45,9.255054473876953,2,10911.939621977133,49644.50975948383,26.36477642177795,22.0,8.852158546447754,2887,2026-02-20 15:56:13,2026-02-20 15:56:13
1700.0,61,49,13.27474308013916,1,12128.196658079618,39549.688021682145,29.0,0.0,8.852158546447754,2891,2026-02-20 15:56:13,2026-02-20 15:56:13
1700.0,61,59,8.184593200683594,7,21213.45417382356,61277.77964299933,48.68472461744521,47.35279414384927,8.852158546447754,2900,2026-02-20 15:56:13,2026-02-20 15:56:13
1700.0,61,63,9.150016784667969,5,22546.634645509017,66840.5831037992,51.573282306097035,59.47600734327797,8.852158546447754,2904,2026-02-20 15:56:13,2026-02-20 15:56:13
1700.0,61,64,10.499999046325684,1,24589.735119618083,73963.85303691517,56.0,75.0,8.852158546447754,2905,2026-02-20 15:56:13,2026-02-20 15:56:13
1700.0,61,66,10.034278869628906,2,27598.111552272603,79011.26390581601,62.51814893741813,86.0,8.852158546447754,2907,2026-02-20 15:56:13,2026-02-20 15:56:13
1700.0,61,69,9.783249855041504,1,28282.04281192577,72587.28643630585,64.0,72.0,8.852158546447754,2909,2026-02-20 15:56:13,2026-02-20 15:56:13
1700.0,61,72,9.89968490600586,1,28743.58127346423,70293.00876862365,65.0,67.0,8.852158546447754,2912,2026-02-20 15:56:13,2026-02-20 15:56:13
1700.0,61,75,16.146129608154297,7,-970.6277926205291,63696.86229209539,0.6192136901496818,52.62478602864137,13.852158546447754,2914,2026-02-20 15:56:13,2026-02-20 15:56:13
1700.0,61,76,16.46502113342285,3,-166.55380607368267,58446.426604268,2.3613739943345156,41.182326901338676,13.852158546447754,2915,2026-02-20 15:56:13,2026-02-20 15:56:13
1700.0,61,82,14.5,1,10282.042811925772,90023.79671069059,25.0,110.0,13.852158546447754,2920,2026-02-20 15:56:13,2026-02-20 15:56:13
1700.0,61,83,15.726646423339844,2,13051.273581156542,62699.273204899655,31.0,50.45070505045805,13.852158546447754,2921,2026-02-20 15:56:13,2026-02-20 15:56:13
1700.0,61,86,14.217041969299316,1,28743.58127346423,63410.17576557704,65.0,52.0,13.852158546447754,2924,2026-02-20 15:56:13,2026-02-20 15:56:13
1700.0,61,90,21.1291446685791,52,13783.984609895966,74680.42492439495,32.58754056226876,76.56165031280561,18.852158546447754,2927,2026-02-20 15:56:13,2026-02-20 15:56:13
1700.0,62,2,11.176071166992188,4,-1004.2236403195478,48438.002537932865,0.5464226868018079,19.370616384960407,8.852158546447754,2937,2026-02-20 16:04:50,2026-02-20 16:04:50
1700.0,62,16,7.860352516174316,4,3179.590630784636,40861.31962772187,9.611353607527539,2.8584848828799245,8.852158546447754,2950,2026-02-20 16:04:50,2026-02-20 16:04:50
1700.0,62,27,8.870080947875977,7,5417.885780801568,71202.155799594,14.460993099230892,68.98133609496536,8.852158546447754,2960,2026-02-20 16:04:50,2026-02-20 16:04:50
1700.0,62,49,9.915505409240723,29,13858.156712322027,63423.46675732479,32.748246784191885,52.02896552569677,8.852158546447754,2979,2026-02-20 16:04:50,2026-02-20 16:04:50
1700.0,62,51,9.5,1,13512.812042695003,44597.09889058299,32.0,11.0,8.852158546447754,2981,2026-02-20 16:04:50,2026-02-20 16:04:50
1700.0,62,58,11.96765422821045,3,15872.65209680095,88196.89478171672,37.11298678389622,106.01856838274614,8.852158546447754,2987,2026-02-20 16:04:50,2026-02-20 16:04:50
1700.0,62,60,8.589167594909668,27,18977.13129045169,56447.877183688615,43.83935837013948,36.82681786960403,8.852158546447754,2989,2026-02-20 16:04:50,2026-02-20 16:04:50
1700.0,62,65,9.5,1,19974.350504233465,49185.65422594739,46.0,21.0,8.852158546447754,2994,2026-02-20 16:04:50,2026-02-20 16:04:50
1700.0,62,77,9.396475791931152,1,25051.273581156544,52856.49849423891,57.0,29.0,8.852158546447754,3005,2026-02-20 16:04:50,2026-02-20 16:04:50
1700.0,62,78,11.637752532958984,8,26568.477963723657,71271.6424982328,60.28727616222875,69.13277090082522,8.852158546447754,3006,2026-02-20 16:04:50,2026-02-20 16:04:50
1700.0,62,80,14.030594825744629,1,-794.8802649973053,63410.17576557704,1.0,52.0,13.852158546447754,3007,2026-02-20 16:04:50,2026-02-20 16:04:50
1700.0,62,81,14.245330810546875,1,589.7351196180794,64786.742366186365,4.0,55.0,13.852158546447754,3008,2026-02-20 16:04:50,2026-02-20 16:04:50
1700.0,62,82,14.27016830444336,1,1512.8120426950027,61574.75363143128,6.0,48.0,13.852158546447754,3009,2026-02-20 16:04:50,2026-02-20 16:04:50
1700.0,62,83,15.601639747619629,1,1974.350504233464,59280.47596374908,7.0,43.0,13.852158546447754,3010,2026-02-20 16:04:50,2026-02-20 16:04:50
1700.0,62,84,14.296716690063477,1,3358.9658888488484,58362.7648966762,10.0,41.0,13.852158546447754,3011,2026-02-20 16:04:50,2026-02-20 16:04:50
1700.0,62,85,17.06488037109375,1,3358.9658888488484,59280.47596374908,10.0,43.0,13.852158546447754,3012,2026-02-20 16:04:50,2026-02-20 16:04:50
1700.0,62,86,14.236281394958496,1,3820.5043503873103,61115.89809789484,11.0,47.0,13.852158546447754,3013,2026-02-20 16:04:50,2026-02-20 16:04:50
1700.0,62,87,14.451045036315918,1,4743.581273464233,57903.909363139755,13.0,40.0,13.852158546447754,3014,2026-02-20 16:04:50,2026-02-20 16:04:50
1700.0,62,88,14.762933731079102,1,4743.581273464233,64786.742366186365,13.0,55.0,13.852158546447754,3015,2026-02-20 16:04:50,2026-02-20 16:04:50
1700.0,62,90,14.503715515136719,1,6589.73511961808,46432.52102472875,17.0,15.0,13.852158546447754,3016,2026-02-20 16:04:50,2026-02-20 16:04:50
1700.0,62,92,14.5,1,9358.965888848848,53774.2095613118,23.0,31.0,13.852158546447754,3018,2026-02-20 16:04:50,2026-02-20 16:04:50
1700.0,62,97,14.738183975219727,3,20749.327149748326,66163.30896679568,47.6791160652822,58.0,13.852158546447754,3023,2026-02-20 16:04:50,2026-02-20 16:04:50
1700.0,62,98,14.174795150756836,2,21530.023977719073,78263.6165651174,49.37062585921882,84.37062585921882,13.852158546447754,3024,2026-02-20 16:04:50,2026-02-20 16:04:50
1700.0,62,100,19.009340286254883,1,7512.812042695003,82223.2526405711,19.0,93.0,18.852158546447754,3025,2026-02-20 16:04:50,2026-02-20 16:04:50
1700.0,62,105,22.343950271606445,26,16319.957729221245,77868.95994057301,38.08214898747352,83.51053679915512,18.852158546447754,3030,2026-02-20 16:04:50,2026-02-20 16:04:50
1700.0,63,1,10.291970252990723,5,-984.873332171975,40315.47949213495,0.5883483544548824,1.6689162807971079,8.852158546447754,3033,2026-02-20 16:13:26,2026-02-20 16:13:26
1700.0,63,30,9.5,4,7186.027466000496,39825.1818879594,18.291966750495234,0.6003934705853864,8.852158546447754,3056,2026-02-20 16:13:26,2026-02-20 16:13:26
1700.0,63,52,9.34068489074707,2,14080.557504848983,39549.688021682145,33.23011516800029,0.0,8.852158546447754,3076,2026-02-20 16:13:26,2026-02-20 16:13:26
1700.0,63,67,10.030961036682129,7,22022.701943152362,67133.80688584264,50.438094784324285,60.11504024276931,8.852158546447754,3090,2026-02-20 16:13:26,2026-02-20 16:13:26
1700.0,63,75,7.692131042480469,5,26157.105048497182,57410.12830595779,59.395968179238054,38.92388557815495,8.852158546447754,3098,2026-02-20 16:13:26,2026-02-20 16:13:26
1700.0,63,79,10.56016731262207,1,27358.96588884885,49185.65422594739,62.0,21.0,8.852158546447754,3102,2026-02-20 16:13:26,2026-02-20 16:13:26
1700.0,63,80,11.725032806396484,1,27358.96588884885,75799.27517106093,62.0,79.0,8.852158546447754,3103,2026-02-20 16:13:26,2026-02-20 16:13:26
1700.0,63,82,9.285950660705566,1,28282.04281192577,52856.49849423891,64.0,29.0,8.852158546447754,3104,2026-02-20 16:13:26,2026-02-20 16:13:26
1700.0,63,84,14.149382591247559,2,-1256.4187265357668,58564.72464279601,0.0,41.440137976681434,13.852158546447754,3105,2026-02-20 16:13:26,2026-02-20 16:13:26
1700.0,63,86,14.303881645202637,4,1270.6412896845484,50162.76438372696,5.475296701810683,23.12945052716024,13.852158546447754,3107,2026-02-20 16:13:26,2026-02-20 16:13:26
1700.0,63,89,15.268790245056152,2,3987.313177824704,70751.86430216009,11.361419126114352,68.0,13.852158546447754,3110,2026-02-20 16:13:26,2026-02-20 16:13:26
1700.0,63,90,16.42230987548828,13,5788.515303980017,63551.65866846165,15.2640237327842,52.30833866553637,13.852158546447754,3111,2026-02-20 16:13:26,2026-02-20 16:13:26
1700.0,63,91,16.078575134277344,8,6283.49830069431,86457.90222116896,16.336486892331834,102.22872074345719,13.852158546447754,3112,2026-02-20 16:13:26,2026-02-20 16:13:26
1700.0,63,92,13.894135475158691,1,7051.273581156542,51938.78742716603,18.0,27.0,13.852158546447754,3113,2026-02-20 16:13:26,2026-02-20 16:13:26
1700.0,63,94,15.392580032348633,1,8897.427427310387,55150.776161921116,22.0,34.0,13.852158546447754,3115,2026-02-20 16:13:26,2026-02-20 16:13:26
1700.0,63,96,14.755903244018555,1,9358.965888848848,54233.065094848236,23.0,32.0,13.852158546447754,3117,2026-02-20 16:13:26,2026-02-20 16:13:26
1700.0,63,100,14.004227638244629,3,14374.974242235845,68500.1905124789,33.868018099005155,63.09284812950311,13.852158546447754,3120,2026-02-20 16:13:26,2026-02-20 16:13:26
1700.0,63,104,13.068346977233887,2,19731.697691640507,60898.28483356239,45.474252239381926,46.525747760618074,13.852158546447754,3124,2026-02-20 16:13:26,2026-02-20 16:13:26
1700.0,63,108,16.1795654296875,4,28525.47799929142,64598.532796922096,64.5274429059589,54.58982826726808,13.852158546447754,3128,2026-02-20 16:13:26,2026-02-20 16:13:26
1700.0,63,110,15.678457260131836,20,16317.846283789291,77328.00843121034,38.07757418903763,82.3316221521125,18.852158546447754,3129,2026-02-20 16:13:26,2026-02-20 16:13:26
1700.0,64,30,10.456132888793945,6,7479.730830975259,88308.13475943028,18.92832404127389,106.26099757795761,8.852158546447754,3153,2026-02-20 16:22:12,2026-02-20 16:22:12
1700.0,64,50,6.784437656402588,4,15123.220948106453,71131.2723847912,35.48921929505814,68.82685737645349,8.852158546447754,3172,2026-02-20 16:22:12,2026-02-20 16:22:12
1700.0,64,56,9.15009880065918,6,16232.422959556088,87792.41140408065,37.892490319865686,105.1370635341096,8.852158546447754,3177,2026-02-20 16:22:12,2026-02-20 16:22:12
1700.0,64,59,13.5,1,17666.658196541153,45973.66549119231,41.0,14.0,8.852158546447754,3179,2026-02-20 16:22:12,2026-02-20 16:22:12
1700.0,64,66,11.406895637512207,1,19512.812042695004,44138.24335704655,45.0,10.0,8.852158546447754,3186,2026-02-20 16:22:12,2026-02-20 16:22:12
1700.0,64,68,10.5,1,19974.350504233465,49185.65422594739,46.0,21.0,8.852158546447754,3188,2026-02-20 16:22:12,2026-02-20 16:22:12
1700.0,64,70,9.756256103515625,4,20925.218373966844,57091.70709593953,48.06021371775566,38.22993903780452,8.852158546447754,3190,2026-02-20 16:22:12,2026-02-20 16:22:12
1700.0,64,75,10.710111618041992,12,22633.902964308854,85630.08905248085,51.762363663496686,100.4246383946881,8.852158546447754,3195,2026-02-20 16:22:12,2026-02-20 16:22:12
1700.0,64,91,15.008687019348145,2,-1256.4187265357668,58611.18139144498,0.0,41.54138280267476,13.852158546447754,3210,2026-02-20 16:22:12,2026-02-20 16:22:12
1700.0,64,93,15.142199516296387,5,326.8650702553123,47244.075799362116,3.4304482263806713,16.76864985887527,13.852158546447754,3212,2026-02-20 16:22:12,2026-02-20 16:22:12
1700.0,64,95,15.197736740112305,2,128.19665807961792,57274.18449688298,3.0,38.627618454541825,13.852158546447754,3214,2026-02-20 16:22:12,2026-02-20 16:22:12
1700.0,64,97,13.897851943969727,1,3358.9658888488484,61115.89809789484,10.0,47.0,13.852158546447754,3216,2026-02-20 16:22:12,2026-02-20 16:22:12
1700.0,64,98,13.928144454956055,1,4282.042811925772,52856.49849423891,12.0,29.0,13.852158546447754,3217,2026-02-20 16:22:12,2026-02-20 16:22:12
1700.0,64,99,16.591894149780273,4,5041.431699368015,74881.56410398806,13.645342589458194,77.0,13.852158546447754,3218,2026-02-20 16:22:12,2026-02-20 16:22:12
1700.0,64,111,17.74405860900879,18,17818.518651352933,79300.92719211534,41.32903098542552,86.63127338591053,13.852158546447754,3229,2026-02-20 16:22:12,2026-02-20 16:22:12
1700.0,64,112,13.93701457977295,8,20411.35573326175,65125.45579530855,46.94684466289461,55.738170087024315,13.852158546447754,3230,2026-02-20 16:22:12,2026-02-20 16:22:12
1700.0,64,115,19.99644660949707,1,10282.042811925772,57445.05382960332,25.0,39.0,18.852158546447754,3232,2026-02-20 16:22:12,2026-02-20 16:22:12
1700.0,65,24,8.999999046325684,2,8076.483876370367,81764.39710703466,20.22128897296329,92.0,8.852158546447754,3249,2026-02-20 16:30:58,2026-02-20 16:30:58
1700.0,65,35,10.932985305786133,7,13392.743704452158,53301.96544462979,31.73985193380717,29.970821789938164,8.852158546447754,3260,2026-02-20 16:30:58,2026-02-20 16:30:58
1700.0,65,38,10.691001892089844,5,14234.536077197688,75169.66774986642,33.56373540808915,77.627874406696,8.852158546447754,3263,2026-02-20 16:30:58,2026-02-20 16:30:58
1700.0,65,52,7.905655384063721,4,17661.446409733013,46177.81594738431,40.98870779524903,14.4449122681786,8.852158546447754,3277,2026-02-20 16:30:58,2026-02-20 16:30:58
1700.0,65,54,1.8811893463134766,6,18479.273279689427,54152.965462735185,42.76066601348791,31.825436055013395,8.852158546447754,3279,2026-02-20 16:30:58,2026-02-20 16:30:58
1700.0,65,55,10.972417831420898,8,18448.651138359,83094.68576153622,42.694318040605324,94.89914484467239,8.852158546447754,3280,2026-02-20 16:30:58,2026-02-20 16:30:58
1700.0,65,68,1.9130014181137085,2,20667.331480479697,39778.44641831855,47.50145878186684,0.49854121813316166,8.852158546447754,3293,2026-02-20 16:30:58,2026-02-20 16:30:58
1700.0,65,77,11.023344039916992,12,23724.444261909128,75503.68925732622,54.12520314163061,78.35581922384894,8.852158546447754,3301,2026-02-20 16:30:58,2026-02-20 16:30:58
1700.0,65,81,10.0,1,25974.350504233465,55150.776161921116,59.0,34.0,8.852158546447754,3305,2026-02-20 16:30:58,2026-02-20 16:30:58
1700.0,65,89,14.37273120880127,1,128.19665807961792,63410.17576557704,3.0,52.0,13.852158546447754,3312,2026-02-20 16:30:58,2026-02-20 16:30:58
1700.0,65,92,14.146093368530273,4,3147.90992909729,52141.05202447551,9.542712087204956,27.440802349599238,13.852158546447754,3315,2026-02-20 16:30:58,2026-02-20 16:30:58
1700.0,65,93,16.090377807617188,7,3596.4283827893405,46341.466628290094,10.514502070204399,14.801561951891717,13.852158546447754,3316,2026-02-20 16:30:58,2026-02-20 16:30:58
1700.0,65,94,15.100312232971191,8,4707.910911908216,77984.52853911727,12.922714216628629,83.76239950995989,13.852158546447754,3317,2026-02-20 16:30:58,2026-02-20 16:30:58
1700.0,65,100,14.924140930175781,7,9570.691265955307,63308.40976865083,23.458738317063993,51.77821778427321,13.852158546447754,3323,2026-02-20 16:30:58,2026-02-20 16:30:58
1700.0,65,110,19.5,1,25974.350504233465,69375.29770155076,59.0,65.0,18.852158546447754,3331,2026-02-20 16:30:58,2026-02-20 16:30:58
1700.0,66,15,12.305156707763672,38,4167.311300043196,72559.2468046896,11.751415057587751,71.9388922447984,8.852158546447754,3341,2026-02-20 16:39:43,2026-02-20 16:39:43
1700.0,66,32,10.768406867980957,2,12668.704310204772,49644.50975948383,30.171099912937834,22.0,8.852158546447754,3356,2026-02-20 16:39:43,2026-02-20 16:39:43
1700.0,66,50,10.180630683898926,3,17666.658196541153,78028.21351540566,41.0,83.85760371497776,8.852158546447754,3373,2026-02-20 16:39:43,2026-02-20 16:39:43
1700.0,66,52,11.219761848449707,61,20238.762343372073,57940.58223498766,46.57289231813365,40.07992247922841,8.852158546447754,3375,2026-02-20 16:39:43,2026-02-20 16:39:43
1700.0,66,85,15.500000953674316,8,2895.339205511523,51971.44663383288,8.995475519435793,27.071175357557824,13.852158546447754,3406,2026-02-20 16:39:43,2026-02-20 16:39:43
1700.0,66,88,14.382013320922852,1,4743.581273464233,78093.55283874314,13.0,84.0,13.852158546447754,3408,2026-02-20 16:39:43,2026-02-20 16:39:43
1700.0,66,98,16.077842712402344,8,17580.894608988307,66069.98504270335,40.8141788936355,57.79661589046759,13.852158546447754,3418,2026-02-20 16:39:43,2026-02-20 16:39:43
1700.0,66,99,16.436649322509766,9,22379.765362262806,72696.07709385884,51.21173219239691,72.23709130565459,13.852158546447754,3419,2026-02-20 16:39:43,2026-02-20 16:39:43
1700.0,66,107,18.957578659057617,1,3358.9658888488484,61574.75363143128,10.0,48.0,18.852158546447754,3426,2026-02-20 16:39:43,2026-02-20 16:39:43
1700.0,67,1,12.980794906616211,4,-1173.1723818492785,47020.75084506749,0.18036708015405817,16.281949932705828,8.852158546447754,3427,2026-02-20 16:48:29,2026-02-20 16:48:29
1700.0,67,6,10.877452850341797,4,1281.6737425980957,46676.41024159617,5.499200349790035,15.531516346741517,8.852158546447754,3431,2026-02-20 16:48:29,2026-02-20 16:48:29
1700.0,67,11,12.07200813293457,40,4261.051212676867,76701.68547639485,11.954518201627373,80.96665451188734,8.852158546447754,3436,2026-02-20 16:48:29,2026-02-20 16:48:29
1700.0,67,12,11.0413818359375,12,4444.220246866874,71650.73786998862,12.351384442372387,69.95894677547162,8.852158546447754,3437,2026-02-20 16:48:29,2026-02-20 16:48:29
1700.0,67,14,5.678690433502197,4,5002.226769289731,48258.760395792786,13.560398574288579,18.97998768150194,8.852158546447754,3439,2026-02-20 16:48:29,2026-02-20 16:48:29
1700.0,67,18,9.641849517822266,4,6817.205503068178,81557.42328795226,17.492852497475212,91.54893467779013,8.852158546447754,3443,2026-02-20 16:48:29,2026-02-20 16:48:29
1700.0,67,30,9.979989051818848,2,12353.697958541086,51479.93189362959,29.48858615099985,26.0,8.852158546447754,3454,2026-02-20 16:48:29,2026-02-20 16:48:29
1700.0,67,61,10.579694747924805,14,21440.892006764476,67314.36153557783,49.177506588817195,60.508529340184445,8.852158546447754,3480,2026-02-20 16:48:29,2026-02-20 16:48:29
1700.0,67,70,8.869925498962402,12,23552.539200817362,76787.83708029479,53.752742175931786,81.15440773180812,8.852158546447754,3488,2026-02-20 16:48:29,2026-02-20 16:48:29
1700.0,67,94,9.090592384338379,12,3514.726631820782,55897.68238535304,10.337481609772523,35.62775899786028,13.852158546447754,3509,2026-02-20 16:48:29,2026-02-20 16:48:29
1700.0,67,95,15.92259693145752,21,4027.6400151694056,61864.73122694159,11.448793940361206,48.631958371026776,13.852158546447754,3510,2026-02-20 16:48:29,2026-02-20 16:48:29
1700.0,67,100,14.951169967651367,2,10282.042811925772,56382.15137864804,25.0,36.68357931141552,13.852158546447754,3515,2026-02-20 16:48:29,2026-02-20 16:48:29
1700.0,67,101,15.39220905303955,3,10888.184649842055,61758.943231570025,26.31330731548528,48.401410872653486,13.852158546447754,3516,2026-02-20 16:48:29,2026-02-20 16:48:29
1700.0,67,102,16.0,1,11666.658196541157,73504.99750337873,28.0,74.0,13.852158546447754,3517,2026-02-20 16:48:29,2026-02-20 16:48:29
1700.0,67,106,14.124351501464844,9,16912.52152553625,70368.87530998797,39.366037212822704,67.16533862146024,13.852158546447754,3521,2026-02-20 16:48:29,2026-02-20 16:48:29
1700.0,67,108,14.305520057678223,1,17666.658196541153,56986.19829606688,41.0,38.0,13.852158546447754,3523,2026-02-20 16:48:29,2026-02-20 16:48:29
1700.0,67,109,14.499999046325684,1,19512.812042695004,53315.35402777536,45.0,30.0,13.852158546447754,3524,2026-02-20 16:48:29,2026-02-20 16:48:29
1700.0,67,110,14.841763496398926,1,19974.350504233465,61115.89809789484,46.0,47.0,13.852158546447754,3525,2026-02-20 16:48:29,2026-02-20 16:48:29
1700.0,67,111,14.294517517089844,1,20435.888965771926,58821.62043021264,47.0,42.0,13.852158546447754,3526,2026-02-20 16:48:29,2026-02-20 16:48:29
1700.0,67,112,13.999999046325684,1,24589.735119618083,56527.34276253044,56.0,37.0,13.852158546447754,3527,2026-02-20 16:48:29,2026-02-20 16:48:29
1700.0,67,113,14.353703498840332,1,25512.812042695004,64327.88683264992,58.0,54.0,13.852158546447754,3528,2026-02-20 16:48:29,2026-02-20 16:48:29
1700.0,67,114,15.547325134277344,6,26783.977795701518,72157.08992943859,60.75419246484745,71.06245762462164,13.852158546447754,3529,2026-02-20 16:48:29,2026-02-20 16:48:29
2000.0,0,27,12.239693641662598,3,28743.58127346423,69907.45144698666,65.0,66.15974137074156,9.022717475891113,16,2026-02-20 11:32:35,2026-02-20 11:32:35
2000.0,0,43,15.704084396362305,5,13255.606897601527,96439.63951194273,31.442722185630803,123.98227183140776,14.022717475891113,29,2026-02-20 11:32:35,2026-02-20 11:32:35
2000.0,0,50,13.715276718139648,11,21104.67530068791,76898.78144461555,48.449037058984636,81.39619268635734,14.022717475891113,34,2026-02-20 11:32:35,2026-02-20 11:32:35
2000.0,0,68,24.600614547729492,55,-801.3559566134032,79376.7605086576,0.9859693348317878,86.79653959934767,19.022717475891113,49,2026-02-20 11:32:35,2026-02-20 11:32:35
2000.0,0,69,21.544368743896484,5,-1006.7881402410392,84854.53708038185,0.5408662703052433,98.73445070942307,19.022717475891113,50,2026-02-20 11:32:35,2026-02-20 11:32:35
2000.0,0,73,24.944686889648438,10,2029.8375094925054,70708.16000187414,7.120221844727923,67.90475368151472,19.022717475891113,54,2026-02-20 11:32:35,2026-02-20 11:32:35
2000.0,0,74,21.407257080078125,1,13512.812042695003,64327.88683264992,32.0,54.0,19.022717475891113,55,2026-02-20 11:32:35,2026-02-20 11:32:35
2000.0,0,75,23.0,4,17301.939808298357,88406.3061432229,40.20977682547394,106.47494592687694,19.022717475891113,56,2026-02-20 11:32:35,2026-02-20 11:32:35
2000.0,0,76,19.802209854125977,1,25512.812042695004,89564.94117715413,58.0,109.0,19.022717475891113,57,2026-02-20 11:32:35,2026-02-20 11:32:35
2000.0,0,77,17.31601333618164,3,28035.6214216807,82641.09634195655,63.46608698780234,93.91062147200255,19.022717475891113,58,2026-02-20 11:32:35,2026-02-20 11:32:35
2000.0,1,3,11.334213256835938,4,4037.6619554390827,83387.70711317344,11.47050814427884,95.53773658046096,9.022717475891113,60,2026-02-20 11:36:48,2026-02-20 11:36:48
2000.0,1,21,11.142509460449219,2,27492.880133657614,76716.98623813382,62.29014753041899,81.0,9.022717475891113,69,2026-02-20 11:36:48,2026-02-20 11:36:48
2000.0,1,37,17.29697608947754,8,16528.470178338113,93915.21661868952,38.533925960560076,118.48070824820921,14.022717475891113,80,2026-02-20 11:36:48,2026-02-20 11:36:48
2000.0,1,40,14.381247520446777,8,17676.775846837543,91438.47568203977,41.021921575642175,113.08305962978397,14.022717475891113,83,2026-02-20 11:36:48,2026-02-20 11:36:48
2000.0,1,41,16.238073348999023,6,21525.693725633613,79117.81847350189,49.361243646366994,86.23221811637457,14.022717475891113,84,2026-02-20 11:36:48,2026-02-20 11:36:48
2000.0,1,43,15.655120849609375,4,24266.13259569774,86646.59279479216,55.298861198172595,102.63994074590315,14.022717475891113,86,2026-02-20 11:36:48,2026-02-20 11:36:48
2000.0,1,45,16.601247787475586,5,25512.30433487644,92359.90176540882,57.99889996639311,115.09115589543767,14.022717475891113,88,2026-02-20 11:36:48,2026-02-20 11:36:48
2000.0,1,49,28.46561050415039,56,-620.7476160754059,81343.59034550951,1.3772874059974487,91.08292102683832,19.022717475891113,91,2026-02-20 11:36:48,2026-02-20 11:36:48
2000.0,1,50,21.39958381652832,14,2317.1297408639075,73014.520701288,7.742688346032628,72.9310866574702,19.022717475891113,92,2026-02-20 11:36:48,2026-02-20 11:36:48
2000.0,1,52,22.377843856811523,5,13433.570098927228,66694.79104127195,31.828309121836487,59.15827757459977,19.022717475891113,94,2026-02-20 11:36:48,2026-02-20 11:36:48
2000.0,2,29,15.28204345703125,2,-1129.8524778484518,89106.0856436177,0.2742268721558492,108.0,14.022717475891113,108,2026-02-20 11:41:11,2026-02-20 11:41:11
2000.0,2,32,14.5,2,2897.4274273103874,85704.83975370554,9.0,100.58754522649328,14.022717475891113,110,2026-02-20 11:41:11,2026-02-20 11:41:11
2000.0,2,41,16.544050216674805,9,17077.095542847714,93605.58514637542,39.72261425033088,117.80591749233072,14.022717475891113,117,2026-02-20 11:41:11,2026-02-20 11:41:11
2000.0,2,53,28.604005813598633,24,-884.6550814916004,81835.90892655485,0.8054878975956938,92.15584822301051,19.022717475891113,126,2026-02-20 11:41:11,2026-02-20 11:41:11
2000.0,2,54,23.68999481201172,15,2441.564467519027,74867.90213998634,8.012296920452053,76.97022600142483,19.022717475891113,127,2026-02-20 11:41:11,2026-02-20 11:41:11
2000.0,2,55,23.322092056274414,4,4461.262820547837,80482.94876636384,12.38831001868114,89.20729456874022,19.022717475891113,128,2026-02-20 11:41:11,2026-02-20 11:41:11
2000.0,2,56,21.400768280029297,7,13627.480616852601,69240.630128691,32.24844857734146,64.70651422284946,19.022717475891113,129,2026-02-20 11:41:11,2026-02-20 11:41:11
2000.0,2,57,19.22008514404297,1,25974.350504233465,94153.49651251856,59.0,119.0,19.022717475891113,130,2026-02-20 11:41:11,2026-02-20 11:41:11
2000.0,2,58,20.5,5,28490.75403277665,87162.6645514994,64.45220764517691,103.7646340730814,19.022717475891113,131,2026-02-20 11:41:11,2026-02-20 11:41:11
2000.0,3,5,13.874674797058105,4,-1082.3960704247918,92119.63661996422,0.37704908824044603,114.56753761498922,9.022717475891113,133,2026-02-20 11:45:33,2026-02-20 11:45:33
2000.0,3,36,15.081123352050781,13,17492.47594888322,96140.44231760266,40.622605130074476,123.3302208644419,14.022717475891113,150,2026-02-20 11:45:33,2026-02-20 11:45:33
2000.0,3,43,15.81065845489502,1,25512.812042695004,97824.34078081007,58.0,127.0,14.022717475891113,156,2026-02-20 11:45:33,2026-02-20 11:45:33
2000.0,3,49,26.18224334716797,19,-919.576304079297,83858.91438988927,0.7298252486556848,96.56465516872373,19.022717475891113,159,2026-02-20 11:45:33,2026-02-20 11:45:33
2000.0,3,51,22.77707862854004,16,2538.269662450977,77083.5554240608,8.221824842804612,81.79887711738334,19.022717475891113,161,2026-02-20 11:45:33,2026-02-20 11:45:33
2000.0,3,56,15.767498016357422,3,13406.003516353989,71833.91817946413,31.768581526261137,70.3581580654908,19.022717475891113,166,2026-02-20 11:45:33,2026-02-20 11:45:33
2000.0,3,58,25.04928207397461,11,27681.756672077652,86125.9332322978,62.699380030329074,101.5052490522418,19.022717475891113,168,2026-02-20 11:45:33,2026-02-20 11:45:33
2000.0,4,23,9.123907089233398,1,25974.350504233465,78093.55283874314,59.0,84.0,9.022717475891113,182,2026-02-20 11:49:56,2026-02-20 11:49:56
2000.0,4,41,16.916276931762695,8,17186.972370712687,97753.78291976648,39.960680710704985,126.84623077224373,14.022717475891113,193,2026-02-20 11:49:56,2026-02-20 11:49:56
2000.0,4,58,22.619874954223633,5,-795.5434053214968,85091.7335968079,0.9985631959642517,99.25138141874233,19.022717475891113,206,2026-02-20 11:49:56,2026-02-20 11:49:56
2000.0,4,59,21.047657012939453,15,1742.8704320078211,79822.8368812661,6.498459843511107,87.76868952455521,19.022717475891113,207,2026-02-20 11:49:56,2026-02-20 11:49:56
2000.0,4,62,23.335147857666016,4,7279.550510845509,59984.970306548385,18.494600014326096,44.53532929497374,19.022717475891113,210,2026-02-20 11:49:56,2026-02-20 11:49:56
2000.0,4,63,18.859682083129883,4,13599.529957953726,74784.59110236623,32.1878888163939,76.78866332748687,19.022717475891113,211,2026-02-20 11:49:56,2026-02-20 11:49:56
2000.0,4,65,21.43102264404297,13,26722.213424247973,87740.02316273864,60.620369660031436,105.02289199750801,19.022717475891113,213,2026-02-20 11:49:56,2026-02-20 11:49:56
2000.0,5,9,12.656759262084961,4,9545.997604241242,57665.34444211698,23.405235383350185,39.480087078422834,9.022717475891113,218,2026-02-20 11:54:09,2026-02-20 11:54:09
2000.0,5,10,9.570802688598633,1,12128.196658079618,92776.92991190922,29.0,116.0,9.022717475891113,219,2026-02-20 11:54:09,2026-02-20 11:54:09
2000.0,5,28,9.975823402404785,2,28743.58127346423,78413.08655101551,65.0,84.69637105563423,9.022717475891113,231,2026-02-20 11:54:09,2026-02-20 11:54:09
2000.0,5,30,15.640350341796875,5,-924.3987191190017,89661.84876100796,0.7193766827363245,109.21119410527089,14.022717475891113,232,2026-02-20 11:54:09,2026-02-20 11:54:09
2000.0,5,54,22.276872634887695,15,1891.3659602907403,81864.23027085666,6.820200154790765,92.21756992457425,19.022717475891113,247,2026-02-20 11:54:09,2026-02-20 11:54:09
2000.0,5,57,21.0,2,4829.628839867272,88188.37457654483,13.186436393873251,106.0,19.022717475891113,250,2026-02-20 11:54:09,2026-02-20 11:54:09
2000.0,5,58,19.17599105834961,4,13764.620735498296,77227.15918741925,32.5455855010738,82.11183784873094,19.022717475891113,251,2026-02-20 11:54:09,2026-02-20 11:54:09
2000.0,5,59,19.980363845825195,1,21358.96588884885,89106.0856436177,49.0,108.0,19.022717475891113,252,2026-02-20 11:54:09,2026-02-20 11:54:09
2000.0,5,60,23.653697967529297,20,26911.228851052125,90393.91511698399,61.029903084773764,110.80661205813705,19.022717475891113,253,2026-02-20 11:54:09,2026-02-20 11:54:09
2000.0,6,18,17.60121726989746,4,5852.385702143727,90584.04675463124,15.402409595472237,111.220972622086,14.022717475891113,266,2026-02-20 11:58:32,2026-02-20 11:58:32
2000.0,6,20,14.913840293884277,1,7974.350504233464,81764.39710703466,20.0,92.0,14.022717475891113,267,2026-02-20 11:58:32,2026-02-20 11:58:32
2000.0,6,27,15.817859649658203,11,21147.36872551109,92106.7557257045,48.54153947943485,114.5394658291693,14.022717475891113,272,2026-02-20 11:58:32,2026-02-20 11:58:32
2000.0,6,32,20.5,1,2435.8889657719255,86352.95244239905,8.0,102.0,19.022717475891113,275,2026-02-20 11:58:32,2026-02-20 11:58:32
2000.0,6,33,20.499998092651367,1,2897.4274273103874,83140.96370764397,9.0,95.0,19.022717475891113,276,2026-02-20 11:58:32,2026-02-20 11:58:32
2000.0,6,34,19.854148864746094,1,2897.4274273103874,84517.5303082533,9.0,98.0,19.022717475891113,277,2026-02-20 11:58:32,2026-02-20 11:58:32
2000.0,6,35,26.27375030517578,19,7287.518789694645,65576.72964455425,18.511864618499224,56.72164705583777,19.022717475891113,278,2026-02-20 11:58:32,2026-02-20 11:58:32
2000.0,6,37,19.5,2,15820.504350387311,81261.70291988282,37.0,90.90446088057928,19.022717475891113,280,2026-02-20 11:58:32,2026-02-20 11:58:32
2000.0,6,38,17.433218002319336,25,27312.303897879963,91595.07568358342,61.898899019567416,113.42434352002437,19.022717475891113,281,2026-02-20 11:58:32,2026-02-20 11:58:32
2000.0,7,18,9.45167350769043,3,15008.163630556457,66108.7090618443,35.239928440366484,57.881008507120825,9.022717475891113,292,2026-02-20 12:02:45,2026-02-20 12:02:45
2000.0,7,39,14.344717025756836,10,14029.773755019552,82681.82643545659,33.120083710036525,93.99938599705058,14.022717475891113,306,2026-02-20 12:02:45,2026-02-20 12:02:45
2000.0,7,40,14.814422607421875,1,13512.812042695003,94612.35204605499,32.0,120.0,14.022717475891113,307,2026-02-20 12:02:45,2026-02-20 12:02:45
2000.0,7,41,14.377419471740723,1,13512.812042695003,96447.77418020075,32.0,124.0,14.022717475891113,308,2026-02-20 12:02:45,2026-02-20 12:02:45
2000.0,7,48,14.170954704284668,2,25512.812042695004,84427.16923467364,58.0,97.80307293477917,14.022717475891113,313,2026-02-20 12:02:45,2026-02-20 12:02:45
2000.0,7,52,14.500000953674316,2,28516.30056897887,86811.8079759355,64.50755847361505,103.0,14.022717475891113,316,2026-02-20 12:02:45,2026-02-20 12:02:45
2000.0,7,54,19.707029342651367,3,2468.890424988422,85244.54308967927,8.071503161635743,99.58440452013907,19.022717475891113,317,2026-02-20 12:02:45,2026-02-20 12:02:45
2000.0,7,56,26.4743709564209,31,7251.582648264338,68121.02792267803,18.43400297873356,62.266525764207344,19.022717475891113,319,2026-02-20 12:02:45,2026-02-20 12:02:45
2000.0,7,58,23.515174865722656,9,26198.097589841556,94346.88663953308,59.484785352150865,119.42146190441261,19.022717475891113,321,2026-02-20 12:02:45,2026-02-20 12:02:45
2000.0,8,16,10.720917701721191,4,15569.55420224078,66878.0487160302,36.45627467901585,59.55765746950015,9.022717475891113,330,2026-02-20 12:07:07,2026-02-20 12:07:07
2000.0,8,43,16.203405380249023,2,14730.142622391866,84976.38584178974,34.6375495893432,99.0,14.022717475891113,345,2026-02-20 12:07:07,2026-02-20 12:07:07
2000.0,8,45,13.828932762145996,8,20234.561104132994,95254.44553670562,46.56378963311565,121.39933692354535,14.022717475891113,347,2026-02-20 12:07:07,2026-02-20 12:07:07
2000.0,8,53,18.94460105895996,3,28513.15278620589,89125.74037941908,64.50073827760693,108.0428342568954,14.022717475891113,354,2026-02-20 12:07:07,2026-02-20 12:07:07
2000.0,8,56,19.6761531829834,2,3681.427758707064,88508.96197211255,10.6986673846928,106.6986673846928,19.022717475891113,356,2026-02-20 12:07:07,2026-02-20 12:07:07
2000.0,8,57,28.739900588989258,34,7150.205524522448,71011.75463560461,18.214352543959464,68.56638814278105,19.022717475891113,357,2026-02-20 12:07:07,2026-02-20 12:07:07
2000.0,8,59,19.053348541259766,2,8897.427427310387,65663.97657764297,22.0,56.9117873651772,19.022717475891113,359,2026-02-20 12:07:07,2026-02-20 12:07:07
2000.0,8,60,20.32441520690918,2,27443.74594150424,94696.63927135961,62.18369011408668,120.18369011408669,19.022717475891113,360,2026-02-20 12:07:07,2026-02-20 12:07:07
2000.0,9,1,12.796594619750977,1,-1256.4187265357668,43679.38782351011,0.0,9.0,9.022717475891113,361,2026-02-20 12:11:20,2026-02-20 12:11:20
2000.0,9,12,11.364289283752441,1,13974.350504233464,71669.57536923297,33.0,70.0,9.022717475891113,366,2026-02-20 12:11:20,2026-02-20 12:11:20
2000.0,9,17,9.210445404052734,1,15358.96588884885,71210.71983569654,36.0,69.0,9.022717475891113,369,2026-02-20 12:11:20,2026-02-20 12:11:20
2000.0,9,20,9.306561470031738,1,19974.350504233465,68916.44216801433,46.0,64.0,9.022717475891113,371,2026-02-20 12:11:20,2026-02-20 12:11:20
2000.0,9,32,14.253425598144531,3,3431.232873964717,94033.20498936078,10.156578467751048,118.7378444535022,14.022717475891113,377,2026-02-20 12:11:20,2026-02-20 12:11:20
2000.0,9,34,17.88275146484375,3,6389.477479467461,94222.85816862885,16.566108446340326,119.15116229628032,14.022717475891113,378,2026-02-20 12:11:20,2026-02-20 12:11:20
2000.0,9,39,14.945171356201172,6,12394.529959373049,91599.40099520874,29.577055486135766,113.43376982375004,14.022717475891113,382,2026-02-20 12:11:20,2026-02-20 12:11:20
2000.0,9,43,17.1632080078125,2,14154.333630994533,86811.8079759355,33.38996344131565,103.0,14.022717475891113,386,2026-02-20 12:11:20,2026-02-20 12:11:20
2000.0,9,44,17.837993621826172,2,14569.095243994481,63869.031299113485,34.28861360281554,53.0,14.022717475891113,387,2026-02-20 12:11:20,2026-02-20 12:11:20
2000.0,9,51,15.287066459655762,1,28743.58127346423,85894.09690886262,65.0,101.0,14.022717475891113,392,2026-02-20 12:11:20,2026-02-20 12:11:20
2000.0,9,54,28.033153533935547,50,7013.339804141335,73397.78911472381,17.917810149800385,73.76635698859582,19.022717475891113,393,2026-02-20 12:11:20,2026-02-20 12:11:20
2000.0,9,55,19.934188842773438,4,8359.922231922095,67207.3222260203,20.83540540999203,60.27525480880292,19.022717475891113,394,2026-02-20 12:11:20,2026-02-20 12:11:20
2000.0,9,57,19.637399673461914,1,19974.350504233465,97365.48524727364,46.0,126.0,19.022717475891113,396,2026-02-20 12:11:20,2026-02-20 12:11:20
2000.0,9,58,25.727048873901367,1,27820.50435038731,96447.77418020075,63.0,124.0,19.022717475891113,397,2026-02-20 12:11:20,2026-02-20 12:11:20
2000.0,9,59,21.0,1,28743.58127346423,90941.50777776347,65.0,112.0,19.022717475891113,398,2026-02-20 12:11:20,2026-02-20 12:11:20
2000.0,10,1,11.500000953674316,2,-708.8284546008429,51479.93189362959,1.1864455891923353,26.0,9.022717475891113,399,2026-02-20 12:15:43,2026-02-20 12:15:43
2000.0,10,10,11.938871383666992,6,16632.074241954426,64178.75344447104,38.75840143172876,53.67498836283067,9.022717475891113,403,2026-02-20 12:15:43,2026-02-20 12:15:43
2000.0,10,14,14.22220516204834,2,357.3535293696774,45055.95442411943,3.4965065544617957,12.0,14.022717475891113,405,2026-02-20 12:15:43,2026-02-20 12:15:43
2000.0,10,16,16.43478775024414,2,3509.0083392608076,92776.92991190922,10.325091975892578,116.0,14.022717475891113,407,2026-02-20 12:15:43,2026-02-20 12:15:43
2000.0,10,18,14.073212623596191,3,6765.4909604553995,97357.34732980648,17.380804321814193,125.98226475029202,14.022717475891113,408,2026-02-20 12:15:43,2026-02-20 12:15:43
2000.0,10,19,16.912290573120117,6,9133.260536751464,91157.08880846185,22.510971737122333,112.46982332115923,14.022717475891113,409,2026-02-20 12:15:43,2026-02-20 12:15:43
2000.0,10,27,15.568851470947266,7,14035.703642418819,89748.69680270443,33.132931799401604,109.40046509657208,14.022717475891113,417,2026-02-20 12:15:43,2026-02-20 12:15:43
2000.0,10,34,26.31941795349121,78,7058.499009058414,75450.63990936817,18.01565509378739,78.240206914351,19.022717475891113,422,2026-02-20 12:15:43,2026-02-20 12:15:43
2000.0,10,36,22.303295135498047,4,8966.299587355665,69183.69698422588,22.149223013431435,64.58243781904905,19.022717475891113,424,2026-02-20 12:15:43,2026-02-20 12:15:43
2000.0,10,37,18.272432327270508,3,28094.139249038548,89559.78168683001,63.592875613744354,108.98875574130194,19.022717475891113,425,2026-02-20 12:15:43,2026-02-20 12:15:43
2000.0,11,4,10.0,1,8435.888965771926,43679.38782351011,21.0,9.0,9.022717475891113,426,2026-02-20 12:20:06,2026-02-20 12:20:06
2000.0,11,13,11.623945236206055,1,28743.58127346423,61115.89809789484,65.0,47.0,9.022717475891113,430,2026-02-20 12:20:06,2026-02-20 12:20:06
2000.0,11,15,17.36928367614746,6,360.71170374581106,47110.79161211368,3.5037825989434186,16.478178942634603,14.022717475891113,431,2026-02-20 12:20:06,2026-02-20 12:20:06
2000.0,11,16,16.48628044128418,2,3174.356188578491,95530.06311312786,9.600012316080893,122.0,14.022717475891113,432,2026-02-20 12:20:06,2026-02-20 12:20:06
2000.0,11,23,14.614849090576172,5,13042.390823907663,93916.17505730219,30.980754025960763,118.48279700718153,14.022717475891113,438,2026-02-20 12:20:06,2026-02-20 12:20:06
2000.0,11,25,15.125564575195312,5,14121.063236204567,92589.49274446732,33.31787758593739,115.59151158972126,14.022717475891113,440,2026-02-20 12:20:06,2026-02-20 12:20:06
2000.0,11,26,18.013307571411133,3,15471.560190562157,66163.30896679568,36.24395432037883,58.0,14.022717475891113,441,2026-02-20 12:20:06,2026-02-20 12:20:06
2000.0,11,27,15.888323783874512,2,24930.692285399804,93814.52133437988,56.7387405258604,118.26125947413959,14.022717475891113,442,2026-02-20 12:20:06,2026-02-20 12:20:06
2000.0,11,31,27.681806564331055,71,6917.055270940427,78079.12307672515,17.70919366119842,83.9685527122082,19.022717475891113,444,2026-02-20 12:20:06,2026-02-20 12:20:06
2000.0,11,35,18.478212356567383,5,28344.418594267412,90058.34552181525,64.13514752840689,110.07529343900114,19.022717475891113,448,2026-02-20 12:20:06,2026-02-20 12:20:06
2000.0,12,2,10.955513000488281,3,-794.8802649973053,56574.66262426861,1.0,37.103125838700194,9.022717475891113,449,2026-02-20 12:24:19,2026-02-20 12:24:19
2000.0,12,3,11.5,1,3358.9658888488484,97824.34078081007,10.0,127.0,9.022717475891113,450,2026-02-20 12:24:19,2026-02-20 12:24:19
2000.0,12,6,11.78969669342041,1,8897.427427310387,45055.95442411943,22.0,12.0,9.022717475891113,452,2026-02-20 12:24:19,2026-02-20 12:24:19
2000.0,12,14,13.764945030212402,2,27820.50435038731,65897.76657157704,63.0,57.421294120238485,9.022717475891113,457,2026-02-20 12:24:19,2026-02-20 12:24:19
2000.0,12,18,18.5,4,358.8979109985948,50606.23785994782,3.4998527146577834,24.095927868738688,14.022717475891113,459,2026-02-20 12:24:19,2026-02-20 12:24:19
2000.0,12,22,14.433128356933594,8,12785.83819099838,96215.88492178835,30.42488998799065,123.49463558470092,14.022717475891113,462,2026-02-20 12:24:19,2026-02-20 12:24:19
2000.0,12,25,15.1881685256958,1,15820.504350387311,68457.58663447789,37.0,63.0,14.022717475891113,465,2026-02-20 12:24:19,2026-02-20 12:24:19
2000.0,12,32,23.930727005004883,67,6886.972107423704,80045.69764014399,17.644013473578852,88.2543778133294,19.022717475891113,468,2026-02-20 12:24:19,2026-02-20 12:24:19
2000.0,12,33,20.374595642089844,13,7256.326037079498,74652.8859770895,18.444280321166406,76.50163371652923,19.022717475891113,469,2026-02-20 12:24:19,2026-02-20 12:24:19
2000.0,12,38,20.521255493164062,3,28476.052535505132,91313.83719148753,64.42035440108862,112.81143058438128,19.022717475891113,474,2026-02-20 12:24:19,2026-02-20 12:24:19
2000.0,13,10,9.899569511413574,1,13974.350504233464,72128.43090276941,33.0,71.0,9.022717475891113,480,2026-02-20 12:28:24,2026-02-20 12:28:24
2000.0,13,11,12.957490921020508,1,14897.427427310387,71210.71983569654,35.0,69.0,9.022717475891113,481,2026-02-20 12:28:24,2026-02-20 12:28:24
2000.0,13,12,9.940603256225586,1,15820.504350387311,71669.57536923297,37.0,70.0,9.022717475891113,482,2026-02-20 12:28:24,2026-02-20 12:28:24
2000.0,13,15,11.573896408081055,2,27624.93034113725,68916.44216801433,62.57625631329154,64.0,9.022717475891113,484,2026-02-20 12:28:24,2026-02-20 12:28:24
2000.0,13,30,24.5,3,-653.7747994290106,53045.38567420996,1.305728508731305,29.41164847357354,19.022717475891113,490,2026-02-20 12:28:24,2026-02-20 12:28:24
2000.0,13,31,27.38387107849121,19,6667.270316256565,81907.95882431102,17.16799292605005,92.31286909884233,19.022717475891113,491,2026-02-20 12:28:24,2026-02-20 12:28:24
2000.0,13,33,19.47843360900879,5,6574.480834642071,76638.25272692424,16.96694904921865,80.82841329033832,19.022717475891113,493,2026-02-20 12:28:24,2026-02-20 12:28:24
2000.0,13,41,20.0,1,12128.196658079618,98283.19631434651,29.0,128.0,19.022717475891113,501,2026-02-20 12:28:24,2026-02-20 12:28:24
2000.0,13,42,19.873069763183594,1,28282.04281192577,95071.20757959143,64.0,121.0,19.022717475891113,502,2026-02-20 12:28:24,2026-02-20 12:28:24
2000.0,14,8,9.16124439239502,1,7051.273581156542,67998.73110094146,18.0,62.0,9.022717475891113,505,2026-02-20 12:32:47,2026-02-20 12:32:47
2000.0,14,19,12.652976989746094,6,28443.39150721057,97957.79856321974,64.34958883978373,127.29084923828005,9.022717475891113,511,2026-02-20 12:32:47,2026-02-20 12:32:47
2000.0,14,20,10.608585357666016,1,28282.04281192577,62033.609164967726,64.0,49.0,9.022717475891113,512,2026-02-20 12:32:47,2026-02-20 12:32:47
2000.0,14,25,14.223938941955566,1,-794.8802649973053,63869.031299113485,1.0,53.0,14.022717475891113,514,2026-02-20 12:32:47,2026-02-20 12:32:47
2000.0,14,38,25.5,2,-1256.4187265357668,58470.14109707246,0.0,41.234008729433214,19.022717475891113,521,2026-02-20 12:32:47,2026-02-20 12:32:47
2000.0,14,39,20.096723556518555,2,-566.8335807752236,56068.487228993996,1.4941011491478438,36.0,19.022717475891113,522,2026-02-20 12:32:47,2026-02-20 12:32:47
2000.0,14,40,20.67514991760254,2,360.2771727339745,54691.92062838467,3.5028411150844394,33.0,19.022717475891113,523,2026-02-20 12:32:47,2026-02-20 12:32:47
2000.0,14,42,19.093154907226562,3,6449.768722313045,84511.91956559323,16.696739472505758,97.9877723112178,19.022717475891113,525,2026-02-20 12:32:47,2026-02-20 12:32:47
2000.0,14,44,20.4232177734375,5,8150.030965653742,77489.16896605965,20.380640999743935,82.68284497295815,19.022717475891113,527,2026-02-20 12:32:47,2026-02-20 12:32:47
2000.0,15,17,10.664011001586914,1,25512.812042695004,98283.19631434651,58.0,128.0,9.022717475891113,537,2026-02-20 12:37:09,2026-02-20 12:37:09
2000.0,15,18,10.5,1,27358.96588884885,98283.19631434651,62.0,128.0,9.022717475891113,538,2026-02-20 12:37:09,2026-02-20 12:37:09
2000.0,15,19,6.644043922424316,3,28092.48076998744,63912.14369335226,63.58928224246695,53.093956356822154,9.022717475891113,539,2026-02-20 12:37:09,2026-02-20 12:37:09
2000.0,15,25,13.577343940734863,3,5811.001465892866,70722.01392103091,15.312743750262038,67.93494601470942,14.022717475891113,542,2026-02-20 12:37:09,2026-02-20 12:37:09
2000.0,15,37,19.982959747314453,1,-333.34180345884374,59280.47596374908,2.0,43.0,19.022717475891113,550,2026-02-20 12:37:09,2026-02-20 12:37:09
2000.0,15,38,20.068681716918945,12,6361.4768513616245,89848.1639377055,16.50544041877768,109.61723732166534,19.022717475891113,551,2026-02-20 12:37:09,2026-02-20 12:37:09
2000.0,15,41,19.355724334716797,10,8210.526149854655,81652.06967403536,20.511713898845912,91.7552008752437,19.022717475891113,554,2026-02-20 12:37:09,2026-02-20 12:37:09
2000.0,16,13,11.558903694152832,1,8897.427427310387,64327.88683264992,22.0,54.0,9.022717475891113,560,2026-02-20 12:41:22,2026-02-20 12:41:22
2000.0,16,26,14.5,3,1974.350504233464,53892.49159218919,7.0,31.257776189306853,14.022717475891113,566,2026-02-20 12:41:22,2026-02-20 12:41:22
2000.0,16,34,17.46697235107422,1,10743.581273464233,51938.78742716603,26.0,27.0,14.022717475891113,569,2026-02-20 12:41:22,2026-02-20 12:41:22
2000.0,16,37,15.16384506225586,4,15028.156933138873,79502.50223999268,35.283247262628386,87.07057297618415,14.022717475891113,572,2026-02-20 12:41:22,2026-02-20 12:41:22
2000.0,16,39,22.5,1,-1256.4187265357668,64786.742366186365,0.0,55.0,19.022717475891113,573,2026-02-20 12:41:22,2026-02-20 12:41:22
2000.0,16,40,20.678014755249023,2,5425.8572267006475,73046.14196984228,14.478264565345563,73.0,19.022717475891113,574,2026-02-20 12:41:22,2026-02-20 12:41:22
2000.0,16,42,20.626501083374023,28,7329.217050535284,90722.88966742954,18.60221085032061,111.52355786439139,19.022717475891113,576,2026-02-20 12:41:22,2026-02-20 12:41:22
2000.0,16,44,17.491952896118164,5,8038.132635391623,83264.39788571559,20.138194617509345,95.26900444486373,19.022717475891113,578,2026-02-20 12:41:22,2026-02-20 12:41:22
2000.0,17,1,13.5,2,-1025.7180789657218,39549.688021682145,0.4998514030684307,0.0,9.022717475891113,580,2026-02-20 12:45:27,2026-02-20 12:45:27
2000.0,17,10,10.654157638549805,1,8435.888965771926,58821.62043021264,21.0,42.0,9.022717475891113,582,2026-02-20 12:45:27,2026-02-20 12:45:27
2000.0,17,16,9.239496231079102,1,15358.96588884885,92776.92991190922,36.0,116.0,9.022717475891113,586,2026-02-20 12:45:27,2026-02-20 12:45:27
2000.0,17,32,23.499998092651367,3,-1256.4187265357668,65086.95095107601,0.0,55.65425512595634,19.022717475891113,592,2026-02-20 12:45:27,2026-02-20 12:45:27
2000.0,17,34,19.20087432861328,4,4945.936486698591,75246.24263474677,13.438436295341107,77.7947567460898,19.022717475891113,594,2026-02-20 12:45:27,2026-02-20 12:45:27
2000.0,17,35,18.0,7,5578.270480143578,85731.78913581738,14.808493281138581,100.64627696261105,19.022717475891113,595,2026-02-20 12:45:27,2026-02-20 12:45:27
2000.0,17,37,21.690092086791992,9,7126.569690820215,92112.9024559407,18.16314157093796,114.55286161452429,19.022717475891113,597,2026-02-20 12:45:27,2026-02-20 12:45:27
2000.0,17,41,22.647001266479492,20,10049.265859368175,65750.68736673273,24.495649936125208,57.10075923704604,19.022717475891113,601,2026-02-20 12:45:27,2026-02-20 12:45:27
2000.0,18,1,10.97135066986084,2,-1049.8571306159613,40008.54355521859,0.44755012449291187,1.0,9.022717475891113,604,2026-02-20 12:49:40,2026-02-20 12:49:40
2000.0,18,4,11.278007507324219,1,-1256.4187265357668,76716.98623813382,0.0,81.0,9.022717475891113,606,2026-02-20 12:49:40,2026-02-20 12:49:40
2000.0,18,17,7.562685012817383,2,14558.496024302249,83936.78043232612,34.2656486268157,96.7343513731843,9.022717475891113,612,2026-02-20 12:49:40,2026-02-20 12:49:40
2000.0,18,18,11.932432174682617,2,14544.567296783824,84976.38584178974,34.235469717192444,99.0,9.022717475891113,613,2026-02-20 12:49:40,2026-02-20 12:49:40
2000.0,18,19,12.900179862976074,4,15585.895638793309,95179.64134554306,36.49168112487966,121.23631351923757,9.022717475891113,614,2026-02-20 12:49:40,2026-02-20 12:49:40
2000.0,18,20,12.371630668640137,2,26167.535584130892,62492.46469850416,59.41856767311109,50.0,9.022717475891113,615,2026-02-20 12:49:40,2026-02-20 12:49:40
2000.0,18,21,9.888038635253906,2,28743.58127346423,70444.09565329897,65.0,67.32926896077917,9.022717475891113,616,2026-02-20 12:49:40,2026-02-20 12:49:40
2000.0,18,36,14.20260238647461,2,11188.409936919112,56986.19829606688,26.963795437485572,38.0,14.022717475891113,624,2026-02-20 12:49:40,2026-02-20 12:49:40
2000.0,18,40,19.558399200439453,5,-1067.1990939376215,68611.70211453304,0.40997587062931495,63.33586928519171,19.022717475891113,627,2026-02-20 12:49:40,2026-02-20 12:49:40
2000.0,18,42,19.52056312561035,1,4282.042811925772,77634.6973052067,12.0,83.0,19.022717475891113,629,2026-02-20 12:49:40,2026-02-20 12:49:40
2000.0,18,43,20.475446701049805,1,5205.119735002695,78552.40837227958,14.0,85.0,19.022717475891113,630,2026-02-20 12:49:40,2026-02-20 12:49:40
2000.0,18,46,26.40956687927246,20,7883.161236219978,92934.72529664129,19.802423252637446,116.34388903085888,19.022717475891113,633,2026-02-20 12:49:40,2026-02-20 12:49:40
2000.0,18,50,27.451303482055664,54,9695.348835574914,68844.70881164262,23.728829717906475,63.84366897393857,19.022717475891113,637,2026-02-20 12:49:40,2026-02-20 12:49:40
2000.0,19,7,10.345345497131348,1,-333.34180345884374,58821.62043021264,2.0,42.0,9.022717475891113,644,2026-02-20 12:53:47,2026-02-20 12:53:47
2000.0,19,19,9.792570114135742,2,15718.85743460725,72128.43090276941,36.779765015809865,71.0,9.022717475891113,649,2026-02-20 12:53:47,2026-02-20 12:53:47
2000.0,19,20,9.095704078674316,3,15775.844878959033,97847.3819880998,36.9032378119054,127.05021451329605,9.022717475891113,650,2026-02-20 12:53:47,2026-02-20 12:53:47
2000.0,19,22,8.90340518951416,3,19795.56004709124,67520.43432098739,45.612620676191845,60.95763100802605,9.022717475891113,652,2026-02-20 12:53:47,2026-02-20 12:53:47
2000.0,19,27,14.264165878295898,1,-1256.4187265357668,76258.13070459737,0.0,80.0,14.022717475891113,655,2026-02-20 12:53:47,2026-02-20 12:53:47
2000.0,19,28,15.535574913024902,4,-555.2233370229976,43333.22217381149,1.5192566772776666,8.245589026614358,14.022717475891113,656,2026-02-20 12:53:47,2026-02-20 12:53:47
2000.0,19,32,10.41484260559082,14,5756.018759573183,79742.61132299593,15.193614553236058,87.59385114426617,14.022717475891113,658,2026-02-20 12:53:47,2026-02-20 12:53:47
2000.0,19,39,16.712617874145508,2,10574.097355816559,60198.187030821966,25.632784845096705,45.0,14.022717475891113,661,2026-02-20 12:53:47,2026-02-20 12:53:47
2000.0,19,42,21.207260131835938,7,-1148.8379037614434,69522.42027032991,0.2330917826777008,65.32062938774052,19.022717475891113,663,2026-02-20 12:53:47,2026-02-20 12:53:47
2000.0,19,44,19.473115921020508,1,3358.9658888488484,66163.30896679568,10.0,58.0,19.022717475891113,665,2026-02-20 12:53:47,2026-02-20 12:53:47
2000.0,19,46,24.117267608642578,33,8955.173721778678,90436.7064950738,22.125116971347964,110.89986881317718,19.022717475891113,667,2026-02-20 12:53:47,2026-02-20 12:53:47
2000.0,19,48,18.703962326049805,6,7901.831242898919,96561.60312887942,19.842874933775153,124.24807143067748,19.022717475891113,669,2026-02-20 12:53:47,2026-02-20 12:53:47
2000.0,19,49,21.0749454498291,59,9656.076106712748,72052.51700498472,23.64373880537178,70.83455817302753,19.022717475891113,670,2026-02-20 12:53:47,2026-02-20 12:53:47
2000.0,20,4,10.626440048217773,6,-1011.2655043392393,79340.20875460976,0.531165314759143,86.71688107640011,9.022717475891113,672,2026-02-20 12:58:10,2026-02-20 12:58:10
2000.0,20,21,12.86534595489502,7,19351.023537337493,69945.4074019341,44.64945823839206,66.2424601180887,9.022717475891113,681,2026-02-20 12:58:10,2026-02-20 12:58:10
2000.0,20,38,13.505186080932617,5,5746.2011251483045,81602.48537195698,15.172343011982155,91.64714006208051,14.022717475891113,691,2026-02-20 12:58:10,2026-02-20 12:58:10
2000.0,20,49,19.152660369873047,2,-1256.4187265357668,43650.259695475135,0.0,8.936520046275827,19.022717475891113,697,2026-02-20 12:58:10,2026-02-20 12:58:10
2000.0,20,52,17.232887268066406,16,-985.5520730299821,72891.86965954608,0.5868777492625334,72.66378892914896,19.022717475891113,700,2026-02-20 12:58:10,2026-02-20 12:58:10
2000.0,20,53,23.0,2,-651.8032898692327,41068.49988943634,1.3100001127774907,3.3100001127774905,19.022717475891113,701,2026-02-20 12:58:10,2026-02-20 12:58:10
2000.0,20,54,16.2294864654541,2,2993.7991102935134,68820.63069465278,9.208805313130107,63.79119468686989,19.022717475891113,702,2026-02-20 12:58:10,2026-02-20 12:58:10
2000.0,20,56,24.726369857788086,39,7840.084029849364,92142.22667884167,19.709089305501116,114.61676892468564,19.022717475891113,704,2026-02-20 12:58:10,2026-02-20 12:58:10
2000.0,20,57,22.08663558959961,8,7713.778549577303,98076.56606706712,19.43542743157832,127.54968343590221,19.022717475891113,705,2026-02-20 12:58:10,2026-02-20 12:58:10
2000.0,20,58,9.900794982910156,3,7747.339308590758,66091.94131399776,19.508142409440804,57.844465964596985,19.022717475891113,706,2026-02-20 12:58:10,2026-02-20 12:58:10
2000.0,20,59,24.385156631469727,67,9708.630684632073,74898.66049340715,23.75760705753032,77.03725876265962,19.022717475891113,707,2026-02-20 12:58:10,2026-02-20 12:58:10
2000.0,20,62,20.071020126342773,2,28102.71664461938,66622.16450033212,63.61145997083615,59.0,19.022717475891113,710,2026-02-20 12:58:10,2026-02-20 12:58:10
2000.0,21,21,9.795573234558105,5,14650.994660248281,92189.50666732634,34.4660623380321,114.71980786620233,9.022717475891113,723,2026-02-20 13:02:31,2026-02-20 13:02:31
2000.0,21,26,10.94569206237793,2,17205.119735002692,97996.0662483936,40.0,127.37424735027173,9.022717475891113,728,2026-02-20 13:02:31,2026-02-20 13:02:31
2000.0,21,27,11.778889656066895,2,20209.27421337002,75340.4196375245,46.50900136979587,78.0,9.022717475891113,729,2026-02-20 13:02:31,2026-02-20 13:02:31
2000.0,21,46,15.812786102294922,2,6336.924418712534,84058.67477471687,16.45224348137132,97.0,14.022717475891113,740,2026-02-20 13:02:31,2026-02-20 13:02:31
2000.0,21,49,14.237966537475586,2,7429.799274876185,85435.24137532618,18.82013900305923,100.0,14.022717475891113,741,2026-02-20 13:02:31,2026-02-20 13:02:31
2000.0,21,52,14.426454544067383,1,25051.273581156544,70293.00876862365,57.0,67.0,14.022717475891113,744,2026-02-20 13:02:31,2026-02-20 13:02:31
2000.0,21,57,19.959524154663086,4,-941.8943037699757,74582.90340868286,0.681469582659214,76.34911824424695,19.022717475891113,747,2026-02-20 13:02:31,2026-02-20 13:02:31
2000.0,21,59,24.54180908203125,3,-693.3313926839425,46621.34338358887,1.2200225566789529,15.411507206647048,19.022717475891113,749,2026-02-20 13:02:31,2026-02-20 13:02:31
2000.0,21,60,23.580766677856445,20,7517.745062829271,94424.93736855855,19.010688210290915,119.59156060285027,19.022717475891113,750,2026-02-20 13:02:31,2026-02-20 13:02:31
2000.0,21,62,20.532392501831055,54,9278.073192855461,77423.15611821724,22.824732492014327,82.53898085229768,19.022717475891113,752,2026-02-20 13:02:31,2026-02-20 13:02:31
2000.0,21,64,19.041675567626953,11,10866.812084680736,65452.12804302712,26.26700009096909,56.45009840398473,19.022717475891113,754,2026-02-20 13:02:31,2026-02-20 13:02:31
2000.0,21,66,19.069168090820312,1,28282.04281192577,65245.59789972281,64.0,56.0,19.022717475891113,756,2026-02-20 13:02:31,2026-02-20 13:02:31
2000.0,22,6,9.942502975463867,3,2050.3438734992387,69375.29770155076,7.164652300075845,65.0,9.022717475891113,760,2026-02-20 13:06:54,2026-02-20 13:06:54
2000.0,22,14,13.150765419006348,5,12906.496857297434,93867.74267880172,30.686317098305267,118.37724662157935,9.022717475891113,764,2026-02-20 13:06:54,2026-02-20 13:06:54
2000.0,22,17,9.617576599121094,1,19051.273581156544,72128.43090276941,44.0,71.0,9.022717475891113,767,2026-02-20 13:06:54,2026-02-20 13:06:54
2000.0,22,28,14.421282768249512,3,-1256.4187265357668,51493.60425628208,0.0,26.029796660720457,14.022717475891113,774,2026-02-20 13:06:54,2026-02-20 13:06:54
2000.0,22,29,16.90349769592285,20,-759.8203665461671,77421.4295587676,1.0759631133107994,82.53521810057421,14.022717475891113,775,2026-02-20 13:06:54,2026-02-20 13:06:54
2000.0,22,35,18.486515045166016,1,7051.273581156542,88188.37457654483,18.0,106.0,14.022717475891113,778,2026-02-20 13:06:54,2026-02-20 13:06:54
2000.0,22,39,13.823445320129395,3,24398.62643065945,67486.61596563933,55.58593117392296,60.88392947698549,14.022717475891113,782,2026-02-20 13:06:54,2026-02-20 13:06:54
2000.0,22,40,14.96235179901123,3,28006.679124806407,68117.83098634293,63.403378677908044,62.25955856843125,14.022717475891113,783,2026-02-20 13:06:54,2026-02-20 13:06:54
2000.0,22,43,22.456579208374023,5,-1256.4187265357668,45550.53607098281,0.0,13.077859175090678,19.022717475891113,785,2026-02-20 13:06:54,2026-02-20 13:06:54
2000.0,22,44,18.28371810913086,5,7280.876225234021,96868.15432140994,18.497472395501205,124.9161492245049,19.022717475891113,786,2026-02-20 13:06:54,2026-02-20 13:06:54
2000.0,22,45,19.870201110839844,29,8922.077463089212,80907.39382558143,22.05340841085412,90.13230261200462,19.022717475891113,787,2026-02-20 13:06:54,2026-02-20 13:06:54
2000.0,22,49,20.835702896118164,9,10667.655599832695,68845.9358462949,25.835494373798333,63.846343093705286,19.022717475891113,791,2026-02-20 13:06:54,2026-02-20 13:06:54
2000.0,23,17,9.871249198913574,5,16742.65963886024,64560.59096525893,38.99800312502469,54.50714029929101,9.022717475891113,796,2026-02-20 13:11:16,2026-02-20 13:11:16
2000.0,23,22,10.536434173583984,1,25051.273581156544,63410.17576557704,57.0,52.0,9.022717475891113,799,2026-02-20 13:11:16,2026-02-20 13:11:16
2000.0,23,30,15.933326721191406,4,-1028.6111137168937,79196.79326988933,0.49358316110755845,86.40433066730922,14.022717475891113,804,2026-02-20 13:11:16,2026-02-20 13:11:16
2000.0,23,35,18.974872589111328,7,7387.315166943793,98106.61575021653,18.728090102539046,127.61517176709395,14.022717475891113,808,2026-02-20 13:11:16,2026-02-20 13:11:16
2000.0,23,43,15.013359069824219,1,13512.812042695003,95988.9186466643,32.0,123.0,14.022717475891113,812,2026-02-20 13:11:16,2026-02-20 13:11:16
2000.0,23,46,16.968889236450195,6,28553.0914366155,70038.88182576958,64.58727202016108,66.4461722170037,14.022717475891113,815,2026-02-20 13:11:16,2026-02-20 13:11:16
2000.0,23,49,20.804166793823242,3,-1256.4187265357668,49709.66559515513,0.0,22.14199640389893,19.022717475891113,817,2026-02-20 13:11:16,2026-02-20 13:11:16
2000.0,23,51,19.174541473388672,3,-1256.4187265357668,53316.27813116032,0.0,30.00201393100316,19.022717475891113,819,2026-02-20 13:11:16,2026-02-20 13:11:16
2000.0,23,54,20.235464096069336,13,8919.250406063496,75629.38964782393,22.047283120631736,78.62976250514477,19.022717475891113,822,2026-02-20 13:11:16,2026-02-20 13:11:16
2000.0,23,55,21.191091537475586,2,9168.21927913463,81305.54157349822,22.586715678952526,91.0,19.022717475891113,823,2026-02-20 13:11:16,2026-02-20 13:11:16
2000.0,23,57,19.710346221923828,8,10949.246962515796,71010.02276847132,26.44560899294505,68.56261382383595,19.022717475891113,825,2026-02-20 13:11:16,2026-02-20 13:11:16
2000.0,24,3,10.435824394226074,2,-1001.2649193344353,80387.83050642534,0.5528332489362184,89.0,9.022717475891113,828,2026-02-20 13:15:30,2026-02-20 13:15:30
2000.0,24,4,12.615213394165039,2,-1030.1018640464506,81305.54157349822,0.4903532020601852,91.0,9.022717475891113,829,2026-02-20 13:15:30,2026-02-20 13:15:30
2000.0,24,8,13.038358688354492,1,7512.812042695003,93694.6409789821,19.0,118.0,9.022717475891113,832,2026-02-20 13:15:30,2026-02-20 13:15:30
2000.0,24,13,8.789443969726562,9,16723.20817594359,67437.11334061196,38.95585828870528,60.77604666549175,9.022717475891113,833,2026-02-20 13:15:30,2026-02-20 13:15:30
2000.0,24,28,15.820330619812012,1,-794.8802649973053,45514.80995765587,1.0,13.0,14.022717475891113,844,2026-02-20 13:15:30,2026-02-20 13:15:30
2000.0,24,40,16.347549438476562,6,28332.203327689007,72537.83341200146,64.10868111748701,71.89222528510608,14.022717475891113,852,2026-02-20 13:15:30,2026-02-20 13:15:30
2000.0,24,42,22.308269500732422,15,-1171.5019559318794,53051.45815488905,0.18398633630842265,29.424882444257705,19.022717475891113,853,2026-02-20 13:15:30,2026-02-20 13:15:30
2000.0,24,45,23.184358596801758,33,8693.278767717804,76830.23850374445,21.557677904216067,81.24681464498813,19.022717475891113,856,2026-02-20 13:15:30,2026-02-20 13:15:30
2000.0,24,47,20.226139068603516,2,9537.579283271598,86811.8079759355,23.386995687915956,103.0,19.022717475891113,858,2026-02-20 13:15:30,2026-02-20 13:15:30
2000.0,24,49,20.108524322509766,1,11666.658196541157,71210.71983569654,28.0,69.0,19.022717475891113,860,2026-02-20 13:15:30,2026-02-20 13:15:30
2000.0,25,3,10.808002471923828,2,7051.273581156542,69157.09815695047,18.0,64.52447005941364,9.022717475891113,863,2026-02-20 13:19:53,2026-02-20 13:19:53
2000.0,25,14,10.06932544708252,9,15950.345739829385,71125.75331860807,37.281323010457825,68.81482948144132,9.022717475891113,870,2026-02-20 13:19:53,2026-02-20 13:19:53
2000.0,25,18,11.5,3,21664.056516884197,69955.7325596727,49.66102969407659,66.26496209743507,9.022717475891113,873,2026-02-20 13:19:53,2026-02-20 13:19:53
2000.0,25,22,9.375808715820312,1,26897.427427310387,65704.45343325924,61.0,57.0,9.022717475891113,876,2026-02-20 13:19:53,2026-02-20 13:19:53
2000.0,25,30,18.1728572845459,2,9579.093257708268,87270.66350947194,23.47694263252874,104.0,14.022717475891113,879,2026-02-20 13:19:53,2026-02-20 13:19:53
2000.0,25,32,17.490633010864258,2,10540.47672356517,88188.37457654483,25.559940141885363,106.0,14.022717475891113,881,2026-02-20 13:19:53,2026-02-20 13:19:53
2000.0,25,33,14.979193687438965,1,17666.658196541153,64327.88683264992,41.0,54.0,14.022717475891113,882,2026-02-20 13:19:53,2026-02-20 13:19:53
2000.0,25,37,26.273151397705078,47,-924.5868650593371,55766.436583806695,0.7189690331989309,35.34173040726049,19.022717475891113,884,2026-02-20 13:19:53,2026-02-20 13:19:53
2000.0,25,39,23.80671501159668,30,9113.38611549022,79285.10234654373,22.467910491056305,86.59678574347186,19.022717475891113,886,2026-02-20 13:19:53,2026-02-20 13:19:53
2000.0,25,41,12.703925132751465,5,9740.029067923262,63415.21679339934,23.825636887994563,52.010986089202085,19.022717475891113,888,2026-02-20 13:19:53,2026-02-20 13:19:53
2000.0,25,44,19.381206512451172,1,24128.19665807962,74881.56410398806,55.0,77.0,19.022717475891113,891,2026-02-20 13:19:53,2026-02-20 13:19:53
2000.0,26,2,12.1166410446167,1,-1256.4187265357668,70751.86430216009,0.0,68.0,9.022717475891113,892,2026-02-20 13:24:15,2026-02-20 13:24:15
2000.0,26,4,11.029746055603027,2,6128.196658079618,72822.59450529503,16.0,72.51281514941238,9.022717475891113,893,2026-02-20 13:24:15,2026-02-20 13:24:15
2000.0,26,25,9.526418685913086,1,28282.04281192577,67998.73110094146,64.0,62.0,9.022717475891113,908,2026-02-20 13:24:15,2026-02-20 13:24:15
2000.0,26,32,17.72142219543457,5,10421.61101891994,91005.74061628307,25.302397781820698,112.13998488374882,14.022717475891113,911,2026-02-20 13:24:15,2026-02-20 13:24:15
2000.0,26,36,14.273691177368164,2,17472.489892698155,67346.83596598422,40.57930200834017,60.57930200834017,14.022717475891113,915,2026-02-20 13:24:15,2026-02-20 13:24:15
2000.0,26,38,14.4923677444458,3,27911.65541866036,73877.02989319924,63.197493981258276,74.81078326974335,14.022717475891113,917,2026-02-20 13:24:15,2026-02-20 13:24:15
2000.0,26,40,26.62746238708496,40,-860.9585684804696,57211.65154632469,0.8568303424531439,38.491338196404044,19.022717475891113,918,2026-02-20 13:24:15,2026-02-20 13:24:15
2000.0,26,42,21.65214729309082,35,9979.792713280425,81807.7593937741,24.345124786268414,92.0945009563364,19.022717475891113,920,2026-02-20 13:24:15,2026-02-20 13:24:15
2000.0,26,43,28.0,9,9368.326163414438,66517.26517244188,23.02028059489211,58.771389205918986,19.022717475891113,921,2026-02-20 13:24:15,2026-02-20 13:24:15
2000.0,27,3,9.58297348022461,2,-954.7225047520918,73963.85303691517,0.6536751471979626,75.0,9.022717475891113,923,2026-02-20 13:28:37,2026-02-20 13:28:37
2000.0,27,24,9.850998878479004,4,23818.951307280415,76884.63745443536,54.32996840660173,81.36536819118086,9.022717475891113,933,2026-02-20 13:28:37,2026-02-20 13:28:37
2000.0,27,26,9.054526329040527,1,27358.96588884885,69834.1532350872,62.0,66.0,9.022717475891113,935,2026-02-20 13:28:37,2026-02-20 13:28:37
2000.0,27,41,15.5,1,10743.581273464233,94153.49651251856,26.0,119.0,14.022717475891113,942,2026-02-20 13:28:37,2026-02-20 13:28:37
2000.0,27,48,21.917856216430664,32,-727.4087719366237,56586.54349497776,1.1461882349648103,37.12901823803029,19.022717475891113,946,2026-02-20 13:28:37,2026-02-20 13:28:37
2000.0,27,53,20.260845184326172,2,8695.991839977962,85894.09690886262,21.563556227446412,101.0,19.022717475891113,951,2026-02-20 13:28:37,2026-02-20 13:28:37
2000.0,27,55,18.27583885192871,3,9304.138231638573,69632.40458087112,22.881206742711072,65.56032206332746,19.022717475891113,953,2026-02-20 13:28:37,2026-02-20 13:28:37
2000.0,27,58,20.69432830810547,2,9999.18919043235,84517.5303082533,24.38715048676425,98.0,19.022717475891113,956,2026-02-20 13:28:37,2026-02-20 13:28:37
2000.0,27,60,20.85687828063965,1,16743.58127346423,70751.86430216009,39.0,68.0,19.022717475891113,958,2026-02-20 13:28:37,2026-02-20 13:28:37
2000.0,28,19,8.158697128295898,19,16769.937380871637,67618.9927559554,39.057104899382715,61.17242287118263,9.022717475891113,967,2026-02-20 13:33:00,2026-02-20 13:33:00
2000.0,28,24,11.37246322631836,2,22743.58127346423,63693.20044399399,52.0,52.61680563430423,9.022717475891113,971,2026-02-20 13:33:00,2026-02-20 13:33:00
2000.0,28,27,12.261040687561035,2,27497.796176133364,71072.69657035347,62.300798955783115,68.69920104421688,9.022717475891113,974,2026-02-20 13:33:00,2026-02-20 13:33:00
2000.0,28,35,15.65202522277832,4,9145.364820496785,71248.5926690859,22.537197685237196,69.08253759761264,14.022717475891113,978,2026-02-20 13:33:00,2026-02-20 13:33:00
2000.0,28,40,14.238758087158203,1,11666.658196541157,80387.83050642534,28.0,89.0,14.022717475891113,981,2026-02-20 13:33:00,2026-02-20 13:33:00
2000.0,28,42,15.443094253540039,1,12589.735119618079,80387.83050642534,30.0,89.0,14.022717475891113,983,2026-02-20 13:33:00,2026-02-20 13:33:00
2000.0,28,46,12.760085105895996,18,-687.2802569945045,57989.95259703435,1.233133350672735,40.187517045357296,19.022717475891113,985,2026-02-20 13:33:00,2026-02-20 13:33:00
2000.0,28,47,27.4916934967041,35,-968.2012414454533,64978.19492054838,0.6244712176956794,55.41723928419578,19.022717475891113,986,2026-02-20 13:33:00,2026-02-20 13:33:00
2000.0,28,48,23.35767364501953,1,9358.965888848848,57903.909363139755,23.0,40.0,19.022717475891113,987,2026-02-20 13:33:00,2026-02-20 13:33:00
2000.0,28,49,20.159006118774414,2,9570.715805812759,87270.66350947194,23.45879148675514,104.0,19.022717475891113,988,2026-02-20 13:33:00,2026-02-20 13:33:00
2000.0,28,50,20.922523498535156,2,10993.17458431896,85894.09690886262,26.540785506851908,101.0,19.022717475891113,989,2026-02-20 13:33:00,2026-02-20 13:33:00
2000.0,28,51,20.361404418945312,4,16310.593516917417,73255.93578932626,38.06185986081523,73.45721104825103,19.022717475891113,990,2026-02-20 13:33:00,2026-02-20 13:33:00
2000.0,29,7,16.203920364379883,3,9027.12263483673,68869.71865352574,22.281006282973745,63.8981738018315,9.022717475891113,992,2026-02-20 13:37:13,2026-02-20 13:37:13
2000.0,29,22,12.785425186157227,2,25148.786779677794,67177.96638712625,57.21127859679604,60.21127859679604,9.022717475891113,1002,2026-02-20 13:37:13,2026-02-20 13:37:13
2000.0,29,26,14.849540710449219,2,359.695581356702,53774.2095613118,3.5015810004336823,31.0,14.022717475891113,1003,2026-02-20 13:37:13,2026-02-20 13:37:13
2000.0,29,28,15.463805198669434,1,8897.427427310387,62033.609164967726,22.0,49.0,14.022717475891113,1004,2026-02-20 13:37:13,2026-02-20 13:37:13
2000.0,29,29,15.452594757080078,4,8945.059929727056,76380.5146178107,22.103203755236116,80.26671556572522,14.022717475891113,1005,2026-02-20 13:37:13,2026-02-20 13:37:13
2000.0,29,30,14.20186710357666,4,9452.515252654312,74458.31957531886,23.20269028824517,76.07760831517663,14.022717475891113,1006,2026-02-20 13:37:13,2026-02-20 13:37:13
2000.0,29,31,17.622716903686523,1,9820.504350387311,57445.05382960332,24.0,39.0,14.022717475891113,1007,2026-02-20 13:37:13,2026-02-20 13:37:13
2000.0,29,32,17.697690963745117,7,10727.93372268012,89022.74966904451,25.966096973301088,107.81838298008329,14.022717475891113,1008,2026-02-20 13:37:13,2026-02-20 13:37:13
2000.0,29,34,17.293432235717773,6,17267.496107556322,64380.100788718824,40.135148807199535,54.11379171057715,14.022717475891113,1010,2026-02-20 13:37:13,2026-02-20 13:37:13
2000.0,29,37,14.248259544372559,1,23205.119735002692,61574.75363143128,53.0,48.0,14.022717475891113,1013,2026-02-20 13:37:13,2026-02-20 13:37:13
2000.0,29,39,19.5,2,-1256.4187265357668,58781.46319414124,0.0,41.91248392329083,19.022717475891113,1014,2026-02-20 13:37:13,2026-02-20 13:37:13
2000.0,29,40,28.08591651916504,53,-912.7264728460005,66180.99905728237,0.7446665496611603,58.038552636273884,19.022717475891113,1015,2026-02-20 13:37:13,2026-02-20 13:37:13
2000.0,29,41,19.840259552001953,2,6914.502366764122,92776.92991190922,17.703662368816424,116.0,19.022717475891113,1016,2026-02-20 13:37:13,2026-02-20 13:37:13
2000.0,30,33,11.5,1,27820.50435038731,78552.40837227958,63.0,85.0,9.022717475891113,1036,2026-02-20 13:41:36,2026-02-20 13:41:36
2000.0,30,48,14.593563079833984,1,8435.888965771926,76716.98623813382,21.0,81.0,14.022717475891113,1045,2026-02-20 13:41:36,2026-02-20 13:41:36
2000.0,30,50,14.801586151123047,1,9358.965888848848,76716.98623813382,23.0,81.0,14.022717475891113,1046,2026-02-20 13:41:36,2026-02-20 13:41:36
2000.0,30,51,14.420524597167969,1,9358.965888848848,77634.6973052067,23.0,83.0,14.022717475891113,1047,2026-02-20 13:41:36,2026-02-20 13:41:36
2000.0,30,62,15.461790084838867,2,22931.239988973004,63410.17576557704,52.40659388360234,52.0,14.022717475891113,1055,2026-02-20 13:41:36,2026-02-20 13:41:36
2000.0,30,63,15.231045722961426,4,23069.267624917124,69428.48395436356,52.705653761481265,65.11591067106218,14.022717475891113,1056,2026-02-20 13:41:36,2026-02-20 13:41:36
2000.0,30,64,16.73883056640625,2,24589.735119618083,61214.183065157275,56.0,47.21419588536929,14.022717475891113,1057,2026-02-20 13:41:36,2026-02-20 13:41:36
2000.0,30,67,29.635116577148438,59,-933.1068354052006,67775.25892227353,0.70050909744956,61.51297922257665,19.022717475891113,1059,2026-02-20 13:41:36,2026-02-20 13:41:36
2000.0,30,68,21.064071655273438,7,-767.2478260913571,72795.13341027928,1.059870284296221,72.45296821936859,19.022717475891113,1060,2026-02-20 13:41:36,2026-02-20 13:41:36
2000.0,30,69,19.136117935180664,2,-608.5924446712716,59280.47596374908,1.4036236107064064,43.0,19.022717475891113,1061,2026-02-20 13:41:36,2026-02-20 13:41:36
2000.0,30,72,24.661937713623047,2,6781.853265748783,90941.50777776347,17.41625598328319,112.0,19.022717475891113,1064,2026-02-20 13:41:36,2026-02-20 13:41:36
2000.0,30,73,23.35394287109375,2,9358.965888848848,65407.31448832403,23.0,56.35243464834097,19.022717475891113,1065,2026-02-20 13:41:36,2026-02-20 13:41:36
2000.0,30,74,20.507450103759766,2,9820.504350387311,62983.27586214493,24.0,51.06964202841372,19.022717475891113,1066,2026-02-20 13:41:36,2026-02-20 13:41:36
2000.0,30,76,21.14400291442871,3,16765.7499713217,68703.52547709238,39.04803217869118,63.53598316820768,19.022717475891113,1068,2026-02-20 13:41:36,2026-02-20 13:41:36
2000.0,31,31,16.152725219726562,6,9604.639107084136,75013.01650299464,23.532291972843122,77.28647883570994,14.022717475891113,1082,2026-02-20 13:45:59,2026-02-20 13:45:59
2000.0,31,33,14.138788223266602,2,9755.548435724499,80323.2521811876,23.85926218489724,88.85926218489725,14.022717475891113,1084,2026-02-20 13:45:59,2026-02-20 13:45:59
2000.0,31,42,29.69255828857422,58,-816.6190748346155,70043.47851766732,0.9528992453524945,66.45618994930022,19.022717475891113,1089,2026-02-20 13:45:59,2026-02-20 13:45:59
2000.0,31,43,24.007549285888672,4,274.8169572820248,57671.2601494604,3.3176773149385483,39.49297938746361,19.022717475891113,1090,2026-02-20 13:45:59,2026-02-20 13:45:59
2000.0,31,46,19.391422271728516,2,7912.814048460404,93694.6409789821,19.866671012491704,118.0,19.022717475891113,1093,2026-02-20 13:45:59,2026-02-20 13:45:59
2000.0,31,49,19.180553436279297,2,10267.774732452614,68457.58663447789,24.969085827808158,63.0,19.022717475891113,1096,2026-02-20 13:45:59,2026-02-20 13:45:59
2000.0,31,50,20.649686813354492,4,16973.232994993894,71266.65195013129,39.49757872998094,69.12189482385378,19.022717475891113,1097,2026-02-20 13:45:59,2026-02-20 13:45:59
2000.0,31,51,19.79054069519043,2,23205.119735002692,64882.6226404827,53.0,55.208955253426666,19.022717475891113,1098,2026-02-20 13:45:59,2026-02-20 13:45:59
2000.0,32,13,9.496820449829102,2,22653.198089325604,75799.27517106093,51.80416976769964,79.0,9.022717475891113,1104,2026-02-20 13:50:22,2026-02-20 13:50:22
2000.0,32,22,14.738762855529785,1,8435.888965771926,79470.11943935245,21.0,87.0,14.022717475891113,1108,2026-02-20 13:50:22,2026-02-20 13:50:22
2000.0,32,26,16.561471939086914,1,9358.965888848848,79011.26390581601,23.0,86.0,14.022717475891113,1111,2026-02-20 13:50:22,2026-02-20 13:50:22
2000.0,32,27,13.80245304107666,14,16884.660936617776,72768.27718178582,39.305672603499346,72.39443949620713,14.022717475891113,1112,2026-02-20 13:50:22,2026-02-20 13:50:22
2000.0,32,28,14.534478187561035,7,21657.482490793627,70303.71018597548,49.64678597088036,67.02332197515273,14.022717475891113,1113,2026-02-20 13:50:22,2026-02-20 13:50:22
2000.0,32,34,22.246326446533203,2,-1131.2984188669734,67081.02003386857,0.2710939999490522,60.0,19.022717475891113,1116,2026-02-20 13:50:22,2026-02-20 13:50:22
2000.0,32,36,25.510149002075195,52,-728.0093889840982,72234.15301046443,1.1448868980286153,71.23040390704283,19.022717475891113,1118,2026-02-20 13:50:22,2026-02-20 13:50:22
2000.0,32,38,23.327037811279297,5,128.19665807961792,59608.55360933243,3.0,43.71499114994829,19.022717475891113,1120,2026-02-20 13:50:22,2026-02-20 13:50:22
2000.0,32,39,20.31557846069336,4,7655.798972088733,70310.38312424465,19.309805013686415,67.03786454417819,19.022717475891113,1121,2026-02-20 13:50:22,2026-02-20 13:50:22
2000.0,32,40,20.63591194152832,1,7512.812042695003,95988.9186466643,19.0,123.0,19.022717475891113,1122,2026-02-20 13:50:22,2026-02-20 13:50:22
2000.0,32,41,22.0,1,8435.888965771926,95988.9186466643,21.0,123.0,19.022717475891113,1123,2026-02-20 13:50:22,2026-02-20 13:50:22
2000.0,32,45,19.034563064575195,2,24589.735119618083,66160.00479589104,56.0,57.99279910415557,19.022717475891113,1127,2026-02-20 13:50:22,2026-02-20 13:50:22
2000.0,33,3,12.515130043029785,6,1756.7587510552028,80082.0603183426,6.5285512014471,88.33362427662985,9.022717475891113,1128,2026-02-20 13:54:45,2026-02-20 13:54:45
2000.0,33,13,9.892986297607422,1,17205.119735002692,68457.58663447789,40.0,63.0,9.022717475891113,1135,2026-02-20 13:54:45,2026-02-20 13:54:45
2000.0,33,14,11.012426376342773,7,21464.7840989441,74351.64435176762,49.22927278853971,75.8451272492318,9.022717475891113,1136,2026-02-20 13:54:45,2026-02-20 13:54:45
2000.0,33,42,20.21758270263672,3,-1204.3928256296085,68755.04895315127,0.11272278529667618,63.64827009141812,19.022717475891113,1150,2026-02-20 13:54:45,2026-02-20 13:54:45
2000.0,33,43,25.303417205810547,41,-716.0037076986417,74375.91086762615,1.1708992074804376,75.89801212058009,19.022717475891113,1151,2026-02-20 13:54:45,2026-02-20 13:54:45
2000.0,33,44,19.798995971679688,2,8500.648797647587,97888.72416309199,21.14031296906393,127.14031296906393,19.022717475891113,1152,2026-02-20 13:54:45,2026-02-20 13:54:45
2000.0,33,45,24.45749855041504,9,10631.585961799283,66631.58868880727,25.757343491392607,59.02053846534774,19.022717475891113,1153,2026-02-20 13:54:45,2026-02-20 13:54:45
2000.0,33,46,19.2132625579834,1,10282.042811925772,74881.56410398806,25.0,77.0,19.022717475891113,1154,2026-02-20 13:54:45,2026-02-20 13:54:45
2000.0,33,48,19.149520874023438,2,24169.765032017483,64327.88683264992,55.090064810198704,54.0,19.022717475891113,1156,2026-02-20 13:54:45,2026-02-20 13:54:45
2000.0,34,11,10.320995330810547,1,16282.042811925772,80387.83050642534,38.0,89.0,9.022717475891113,1162,2026-02-20 13:59:07,2026-02-20 13:59:07
2000.0,34,16,6.7412004470825195,2,21008.50161375256,77065.41326065914,48.24066073729137,81.75933926270862,9.022717475891113,1165,2026-02-20 13:59:07,2026-02-20 13:59:07
2000.0,34,42,17.709442138671875,1,17666.658196541153,67539.875567405,41.0,61.0,14.022717475891113,1178,2026-02-20 13:59:07,2026-02-20 13:59:07
2000.0,34,47,16.623689651489258,4,24131.677897454832,71348.49944821131,55.007542685312956,69.30026795460631,14.022717475891113,1183,2026-02-20 13:59:07,2026-02-20 13:59:07
2000.0,34,51,21.475618362426758,13,-1028.6519487267753,75298.17289395275,0.4934946852528151,77.90793018611733,19.022717475891113,1186,2026-02-20 13:59:07,2026-02-20 13:59:07
2000.0,34,52,19.70020294189453,3,-333.34180345884374,66624.70182439109,2.0,59.0055296795473,19.022717475891113,1187,2026-02-20 13:59:07,2026-02-20 13:59:07
2000.0,34,56,19.23476219177246,1,9820.504350387311,54691.92062838467,24.0,33.0,19.022717475891113,1191,2026-02-20 13:59:07,2026-02-20 13:59:07
2000.0,34,57,19.82223892211914,8,10793.176540094535,69164.54218069268,26.10745641103232,64.54069308212593,19.022717475891113,1192,2026-02-20 13:59:07,2026-02-20 13:59:07
2000.0,35,13,12.161972999572754,8,21548.71345463877,75359.91590279879,49.411119725878166,78.0424888965031,9.022717475891113,1199,2026-02-20 14:03:30,2026-02-20 14:03:30
2000.0,35,18,9.5,1,25512.812042695004,91859.21884483634,58.0,114.0,9.022717475891113,1203,2026-02-20 14:03:30,2026-02-20 14:03:30
2000.0,35,25,15.430834770202637,5,-681.694550820618,79984.86629812425,1.2452357140494892,88.12180593051717,14.022717475891113,1207,2026-02-20 14:03:30,2026-02-20 14:03:30
2000.0,35,30,20.77764892578125,4,4148.138793992679,65216.766693321464,11.709874627811631,55.937167138033324,14.022717475891113,1212,2026-02-20 14:03:30,2026-02-20 14:03:30
2000.0,35,43,18.152435302734375,4,16555.693036308592,79634.24968472925,38.59290881949612,87.35769481542879,14.022717475891113,1219,2026-02-20 14:03:30,2026-02-20 14:03:30
2000.0,35,44,14.759011268615723,1,17205.119735002692,70751.86430216009,40.0,68.0,14.022717475891113,1220,2026-02-20 14:03:30,2026-02-20 14:03:30
2000.0,35,46,14.18254280090332,5,22144.033472298517,69705.57913216022,50.70097976414095,65.71979393615229,14.022717475891113,1222,2026-02-20 14:03:30,2026-02-20 14:03:30
2000.0,35,52,20.380144119262695,2,337.3756569646927,73046.14196984228,3.4532211642509956,73.0,19.022717475891113,1226,2026-02-20 14:03:30,2026-02-20 14:03:30
2000.0,35,53,21.137779235839844,2,7265.503694064237,79470.11943935245,18.46416524463334,87.0,19.022717475891113,1227,2026-02-20 14:03:30,2026-02-20 14:03:30
2000.0,35,54,20.79585075378418,5,8330.555261128287,69121.1106942793,20.771776973272114,64.4460413165067,19.022717475891113,1228,2026-02-20 14:03:30,2026-02-20 14:03:30
2000.0,35,59,19.351341247558594,1,9820.504350387311,57445.05382960332,24.0,39.0,19.022717475891113,1233,2026-02-20 14:03:30,2026-02-20 14:03:30
2000.0,35,62,19.660804748535156,1,11205.119735002694,75799.27517106093,27.0,79.0,19.022717475891113,1236,2026-02-20 14:03:30,2026-02-20 14:03:30
2000.0,35,63,12.68795108795166,3,27423.175497133278,60494.27588250853,62.139120817949596,45.64527684651548,19.022717475891113,1237,2026-02-20 14:03:30,2026-02-20 14:03:30
2000.0,36,19,13.0,2,21358.96588884885,77298.52581647843,49.0,82.26736965306408,9.022717475891113,1246,2026-02-20 14:07:52,2026-02-20 14:07:52
2000.0,36,33,16.4963436126709,23,267.5628234985728,75185.27792492136,3.3019600250744023,77.66189421012876,14.022717475891113,1255,2026-02-20 14:07:52,2026-02-20 14:07:52
2000.0,36,35,16.17237663269043,9,-866.8667174016203,80734.47875969677,0.8440293531239841,89.75546272832273,14.022717475891113,1257,2026-02-20 14:07:52,2026-02-20 14:07:52
2000.0,36,39,17.0,1,1051.2735811565408,56068.487228993996,5.0,36.0,14.022717475891113,1261,2026-02-20 14:07:52,2026-02-20 14:07:52
2000.0,36,54,13.056989669799805,3,20910.183569505964,70133.91714884754,48.02763830809042,66.65328603852727,14.022717475891113,1270,2026-02-20 14:07:52,2026-02-20 14:07:52
2000.0,36,63,19.214027404785156,1,-1256.4187265357668,70293.00876862365,0.0,67.0,19.022717475891113,1277,2026-02-20 14:07:52,2026-02-20 14:07:52
2000.0,36,65,21.057952880859375,1,9358.965888848848,81305.54157349822,23.0,91.0,19.022717475891113,1279,2026-02-20 14:07:52,2026-02-20 14:07:52
2000.0,36,66,21.07425880432129,1,9820.504350387311,54691.92062838467,24.0,33.0,19.022717475891113,1280,2026-02-20 14:07:52,2026-02-20 14:07:52
2000.0,36,68,21.690303802490234,8,10278.235131930336,67228.75484562275,24.991750026676556,60.3219636703857,19.022717475891113,1282,2026-02-20 14:07:52,2026-02-20 14:07:52
2000.0,36,69,19.56629180908203,1,10282.042811925772,57445.05382960332,25.0,39.0,19.022717475891113,1283,2026-02-20 14:07:52,2026-02-20 14:07:52
2000.0,36,71,20.05105972290039,1,10743.581273464233,79011.26390581601,26.0,86.0,19.022717475891113,1285,2026-02-20 14:07:52,2026-02-20 14:07:52
2000.0,36,72,19.060787200927734,2,12116.76856575622,73963.85303691517,28.975239133299304,75.0,19.022717475891113,1286,2026-02-20 14:07:52,2026-02-20 14:07:52
2000.0,36,73,20.002643585205078,8,27200.67868426056,62667.06637094745,61.657044390058715,50.38051556466502,19.022717475891113,1287,2026-02-20 14:07:52,2026-02-20 14:07:52
2000.0,37,23,12.954463958740234,8,15972.194903530934,71110.49185955214,37.328662865144516,68.78156964704789,9.022717475891113,1298,2026-02-20 14:12:16,2026-02-20 14:12:16
2000.0,37,41,16.319570541381836,6,-1062.0973063215226,80718.45895924009,0.4210297437975292,89.72055021384739,14.022717475891113,1311,2026-02-20 14:12:16,2026-02-20 14:12:16
2000.0,37,43,16.0,1,1051.2735811565408,57903.909363139755,5.0,40.0,14.022717475891113,1313,2026-02-20 14:12:16,2026-02-20 14:12:16
2000.0,37,51,14.882100105285645,2,8437.74225769175,85894.09690886262,21.004015465826285,101.0,14.022717475891113,1320,2026-02-20 14:12:16,2026-02-20 14:12:16
2000.0,37,67,19.49100112915039,1,-794.8802649973053,73963.85303691517,1.0,75.0,19.022717475891113,1330,2026-02-20 14:12:16,2026-02-20 14:12:16
2000.0,37,69,18.118331909179688,28,10043.50460769445,69127.75023901662,24.48316722416547,64.46051110983389,19.022717475891113,1332,2026-02-20 14:12:16,2026-02-20 14:12:16
2000.0,37,71,30.459735870361328,4,9926.25154043274,57504.50487337744,24.2291189117651,39.129563750307035,19.022717475891113,1334,2026-02-20 14:12:16,2026-02-20 14:12:16
2000.0,37,73,20.534181594848633,3,12505.874793269351,76433.83277045347,29.818302626244424,80.38291369072518,19.022717475891113,1336,2026-02-20 14:12:16,2026-02-20 14:12:16
2000.0,37,75,20.897716522216797,10,27799.411470196046,64860.86378273329,62.9542987595856,55.16153540957798,19.022717475891113,1338,2026-02-20 14:12:16,2026-02-20 14:12:16
2000.0,38,24,12.500690460205078,6,21529.559028307005,76728.54809642993,49.369618468826005,81.02519716436022,9.022717475891113,1353,2026-02-20 14:16:39,2026-02-20 14:16:39
2000.0,38,44,15.374642372131348,1,3358.9658888488484,66163.30896679568,10.0,58.0,14.022717475891113,1368,2026-02-20 14:16:39,2026-02-20 14:16:39
2000.0,38,47,15.247693061828613,1,7051.273581156542,88188.37457654483,18.0,106.0,14.022717475891113,1369,2026-02-20 14:16:39,2026-02-20 14:16:39
2000.0,38,56,13.870299339294434,3,19571.407535892064,65990.23111289761,45.12695690192696,57.622805346676,14.022717475891113,1375,2026-02-20 14:16:39,2026-02-20 14:16:39
2000.0,38,64,20.061859130859375,1,1512.8120426950027,75340.4196375245,6.0,78.0,19.022717475891113,1379,2026-02-20 14:16:39,2026-02-20 14:16:39
2000.0,38,65,22.971561431884766,50,9137.475022942066,70596.95914174509,22.520103123868637,67.66240973663076,19.022717475891113,1380,2026-02-20 14:16:39,2026-02-20 14:16:39
2000.0,38,66,27.7889404296875,33,10008.05091378942,64229.690383893874,24.406350887371236,53.78599702612445,19.022717475891113,1381,2026-02-20 14:16:39,2026-02-20 14:16:39
2000.0,38,67,22.809946060180664,6,9662.8664661027,57799.92813186815,23.658451250716677,39.773390046165055,19.022717475891113,1382,2026-02-20 14:16:39,2026-02-20 14:16:39
2000.0,38,69,19.2004451751709,1,8897.427427310387,80387.83050642534,22.0,89.0,19.022717475891113,1384,2026-02-20 14:16:39,2026-02-20 14:16:39
2000.0,38,71,19.56609535217285,1,9820.504350387311,79928.9749728889,24.0,88.0,19.022717475891113,1386,2026-02-20 14:16:39,2026-02-20 14:16:39
2000.0,38,74,23.043304443359375,10,24270.88107855308,63919.80583494021,55.309149577692494,53.110654731425825,19.022717475891113,1389,2026-02-20 14:16:39,2026-02-20 14:16:39
2000.0,38,76,20.528945922851562,1,27358.96588884885,58821.62043021264,62.0,42.0,19.022717475891113,1391,2026-02-20 14:16:39,2026-02-20 14:16:39
2000.0,38,77,24.213054656982422,10,27867.300158545433,67109.98134568345,63.101390917675936,60.063116405269604,19.022717475891113,1392,2026-02-20 14:16:39,2026-02-20 14:16:39
2000.0,39,6,9.037206649780273,1,3358.9658888488484,70293.00876862365,10.0,67.0,9.022717475891113,1395,2026-02-20 14:21:02,2026-02-20 14:21:02
2000.0,39,22,10.933138847351074,2,21820.50435038731,78657.48790880223,50.0,85.22900352909072,9.022717475891113,1403,2026-02-20 14:21:02,2026-02-20 14:21:02
2000.0,39,23,12.267577171325684,2,22033.18834198751,80387.83050642534,50.460815315133765,89.0,9.022717475891113,1404,2026-02-20 14:21:02,2026-02-20 14:21:02
2000.0,39,25,7.47882604598999,2,23723.847148930367,73448.14099098003,54.123909396843295,73.8760906031567,9.022717475891113,1406,2026-02-20 14:21:02,2026-02-20 14:21:02
2000.0,39,34,15.5,2,-519.6673317234538,47350.232091801634,1.5962946887600116,17.0,14.022717475891113,1412,2026-02-20 14:21:02,2026-02-20 14:21:02
2000.0,39,35,15.975173950195312,14,1399.0296333875835,76901.24331100455,5.753471446500592,81.40155791835102,14.022717475891113,1413,2026-02-20 14:21:02,2026-02-20 14:21:02
2000.0,39,49,17.07059097290039,3,17785.184588942015,69001.1061842449,41.256807183535194,64.18451126780157,14.022717475891113,1422,2026-02-20 14:21:02,2026-02-20 14:21:02
2000.0,39,61,17.35615348815918,101,9504.294606304518,69416.41405579548,23.31487888782062,65.08960631667189,19.022717475891113,1430,2026-02-20 14:21:02,2026-02-20 14:21:02
2000.0,39,62,20.06889533996582,4,8613.337914950986,80055.46295824244,21.384472723221297,88.27565971446109,19.022717475891113,1431,2026-02-20 14:21:02,2026-02-20 14:21:02
2000.0,39,63,23.581491470336914,2,8435.888965771926,59017.547358615535,21.0,42.4269904448855,19.022717475891113,1432,2026-02-20 14:21:02,2026-02-20 14:21:02
2000.0,39,68,19.235164642333984,1,27358.96588884885,61574.75363143128,62.0,48.0,19.022717475891113,1437,2026-02-20 14:21:02,2026-02-20 14:21:02
2000.0,39,69,23.43593978881836,11,28040.238527079524,69312.16796234448,63.47609071616647,64.86241913937545,19.022717475891113,1438,2026-02-20 14:21:02,2026-02-20 14:21:02
2000.0,40,5,14.0,5,426.77377989943125,50688.41365490948,3.6469170972762623,24.27501646843001,9.022717475891113,1442,2026-02-20 14:25:24,2026-02-20 14:25:24
2000.0,40,34,16.975820541381836,6,-1022.3146457111246,77049.5435443901,0.5072255084533915,81.72475383198113,14.022717475891113,1460,2026-02-20 14:25:24,2026-02-20 14:25:24
2000.0,40,35,14.506855964660645,6,-1036.2181963175221,79810.295894784,0.477101148806197,87.74135851170797,14.022717475891113,1461,2026-02-20 14:25:24,2026-02-20 14:25:24
2000.0,40,42,17.131206512451172,1,8435.888965771926,59280.47596374908,21.0,43.0,14.022717475891113,1466,2026-02-20 14:25:24,2026-02-20 14:25:24
2000.0,40,43,18.999921798706055,4,9599.736717685006,87322.0760116154,23.521670129145004,104.11204507385412,14.022717475891113,1467,2026-02-20 14:25:24,2026-02-20 14:25:24
2000.0,40,57,26.117849349975586,108,9484.019817408303,68467.74799489431,23.270950178545487,63.02214501008216,19.022717475891113,1475,2026-02-20 14:25:24,2026-02-20 14:25:24
2000.0,40,61,20.495214462280273,6,9257.102945616833,76609.78307005958,22.779296956330633,80.7663683659909,19.022717475891113,1479,2026-02-20 14:25:24,2026-02-20 14:25:24
2000.0,40,67,23.023588180541992,7,28183.126646501772,71753.48269938512,63.78568164158134,70.18286219522179,19.022717475891113,1485,2026-02-20 14:25:24,2026-02-20 14:25:24
2000.0,40,68,19.592443466186523,3,28360.072128332504,62786.8655308962,64.16906351888126,50.6415980867073,19.022717475891113,1486,2026-02-20 14:25:24,2026-02-20 14:25:24
2000.0,41,25,7.981633186340332,3,22550.784363902076,76911.14066929753,51.58227336261533,81.42312757932186,9.022717475891113,1499,2026-02-20 14:29:47,2026-02-20 14:29:47
2000.0,41,32,15.832794189453125,2,-1015.3958015766096,78093.55283874314,0.5222163374115072,84.0,14.022717475891113,1501,2026-02-20 14:29:47,2026-02-20 14:29:47
2000.0,41,34,16.238739013671875,5,2824.839131798493,81514.02625400606,8.842725359724229,91.45435799564414,14.022717475891113,1502,2026-02-20 14:29:47,2026-02-20 14:29:47
2000.0,41,38,14.832565307617188,1,6589.73511961808,92776.92991190922,17.0,116.0,14.022717475891113,1503,2026-02-20 14:29:47,2026-02-20 14:29:47
2000.0,41,42,15.585936546325684,2,9389.753720682069,87729.51904300839,23.066706968971978,105.0,14.022717475891113,1505,2026-02-20 14:29:47,2026-02-20 14:29:47
2000.0,41,46,14.102529525756836,1,18128.19665807962,66622.16450033212,42.0,59.0,14.022717475891113,1508,2026-02-20 14:29:47,2026-02-20 14:29:47
2000.0,41,47,14.361831665039062,1,19051.273581156544,67998.73110094146,44.0,62.0,14.022717475891113,1509,2026-02-20 14:29:47,2026-02-20 14:29:47
2000.0,41,52,18.674327850341797,8,28462.55974250146,64672.15858398022,64.39112001624733,54.75028353407218,14.022717475891113,1512,2026-02-20 14:29:47,2026-02-20 14:29:47
2000.0,41,58,22.500001907348633,1,-794.8802649973053,51479.93189362959,1.0,26.0,19.022717475891113,1516,2026-02-20 14:29:47,2026-02-20 14:29:47
2000.0,41,59,21.5,1,128.19665807961792,51021.07636009315,3.0,25.0,19.022717475891113,1517,2026-02-20 14:29:47,2026-02-20 14:29:47
2000.0,41,60,19.317367553710938,4,6377.820305086659,75710.20150878475,16.540851235181922,78.80587863550498,19.022717475891113,1518,2026-02-20 14:29:47,2026-02-20 14:29:47
2000.0,41,61,23.97923469543457,137,9394.372826706773,69993.22673627627,23.076715032025504,66.34667447499885,19.022717475891113,1519,2026-02-20 14:29:47,2026-02-20 14:29:47
2000.0,41,64,22.54852867126465,1,9358.965888848848,82223.2526405711,23.0,93.0,19.022717475891113,1522,2026-02-20 14:29:47,2026-02-20 14:29:47
2000.0,41,65,19.801301956176758,1,10282.042811925772,80387.83050642534,25.0,89.0,19.022717475891113,1523,2026-02-20 14:29:47,2026-02-20 14:29:47
2000.0,41,67,20.691650390625,2,23666.658196541153,62539.53068123033,54.0,50.10257255124162,19.022717475891113,1525,2026-02-20 14:29:47,2026-02-20 14:29:47
2000.0,41,68,17.28300666809082,3,24047.878817927285,71135.83429837666,54.82597801300327,68.83679931515105,19.022717475891113,1526,2026-02-20 14:29:47,2026-02-20 14:29:47
2000.0,41,69,24.770771026611328,4,28332.503730639255,74156.94811075264,64.10933199054588,75.4208188846482,19.022717475891113,1527,2026-02-20 14:29:47,2026-02-20 14:29:47
2000.0,42,9,9.531386375427246,1,7512.812042695003,95530.06311312786,19.0,122.0,9.022717475891113,1533,2026-02-20 14:34:10,2026-02-20 14:34:10
2000.0,42,16,12.707630157470703,1,17666.658196541153,64327.88683264992,41.0,54.0,9.022717475891113,1538,2026-02-20 14:34:10,2026-02-20 14:34:10
2000.0,42,36,14.256844520568848,1,1051.2735811565408,79928.9749728889,5.0,88.0,14.022717475891113,1551,2026-02-20 14:34:10,2026-02-20 14:34:10
2000.0,42,39,16.087432861328125,15,9119.844511766736,81266.94735335276,22.481903682988758,90.91589025886208,14.022717475891113,1553,2026-02-20 14:34:10,2026-02-20 14:34:10
2000.0,42,40,16.772554397583008,3,9138.023755356915,65146.25296397539,22.52129204410081,55.783494088037344,14.022717475891113,1554,2026-02-20 14:34:10,2026-02-20 14:34:10
2000.0,42,41,17.19325065612793,2,9521.149805154526,87729.51904300839,23.351398485328968,105.0,14.022717475891113,1555,2026-02-20 14:34:10,2026-02-20 14:34:10
2000.0,42,42,14.184733390808105,1,18128.19665807962,69834.1532350872,42.0,66.0,14.022717475891113,1556,2026-02-20 14:34:10,2026-02-20 14:34:10
2000.0,42,43,15.587586402893066,1,19051.273581156544,69375.29770155076,44.0,65.0,14.022717475891113,1557,2026-02-20 14:34:10,2026-02-20 14:34:10
2000.0,42,44,15.262740135192871,1,19512.812042695004,70751.86430216009,45.0,68.0,14.022717475891113,1558,2026-02-20 14:34:10,2026-02-20 14:34:10
2000.0,42,53,18.5,3,345.2755490992022,53277.43644748577,3.4703375972090993,29.917364883894177,19.022717475891113,1562,2026-02-20 14:34:10,2026-02-20 14:34:10
2000.0,42,54,24.485321044921875,200,9183.557906779977,70862.29841991578,22.619949372184113,68.24067295626702,19.022717475891113,1563,2026-02-20 14:34:10,2026-02-20 14:34:10
2000.0,42,55,28.124971389770508,18,23322.996402222394,64036.54587693812,53.25539944564269,53.365070410143225,19.022717475891113,1564,2026-02-20 14:34:10,2026-02-20 14:34:10
2000.0,42,57,20.118236541748047,1,27358.96588884885,60657.0425643584,62.0,46.0,19.022717475891113,1566,2026-02-20 14:34:10,2026-02-20 14:34:10
2000.0,42,59,21.072816848754883,1,28282.04281192577,77634.6973052067,64.0,83.0,19.022717475891113,1568,2026-02-20 14:34:10,2026-02-20 14:34:10
2000.0,42,60,21.0,1,28743.58127346423,76716.98623813382,65.0,81.0,19.022717475891113,1569,2026-02-20 14:34:10,2026-02-20 14:34:10
2000.0,43,2,11.0,1,2435.8889657719255,86811.8079759355,8.0,103.0,9.022717475891113,1570,2026-02-20 14:38:24,2026-02-20 14:38:24
2000.0,43,20,9.855074882507324,6,23636.86487621328,76401.56484749034,53.93544780595627,80.31259107150242,9.022717475891113,1581,2026-02-20 14:38:24,2026-02-20 14:38:24
2000.0,43,29,18.664602279663086,8,-282.2204987591771,55209.79455528313,2.1107628268492777,34.12862086004968,14.022717475891113,1585,2026-02-20 14:38:24,2026-02-20 14:38:24
2000.0,43,33,15.236492156982422,2,9136.313927443369,83140.96370764397,22.517587416954793,95.0,14.022717475891113,1588,2026-02-20 14:38:24,2026-02-20 14:38:24
2000.0,43,34,15.443382263183594,1,9358.965888848848,89564.94117715413,23.0,109.0,14.022717475891113,1589,2026-02-20 14:38:24,2026-02-20 14:38:24
2000.0,43,35,14.363200187683105,1,9820.504350387311,54691.92062838467,24.0,33.0,14.022717475891113,1590,2026-02-20 14:38:24,2026-02-20 14:38:24
2000.0,43,36,14.372949600219727,1,19512.812042695004,71669.57536923297,45.0,70.0,14.022717475891113,1591,2026-02-20 14:38:24,2026-02-20 14:38:24
2000.0,43,46,26.85820960998535,209,8847.753535339054,72311.99661203926,21.89237323406211,71.40005120534366,19.022717475891113,1596,2026-02-20 14:38:24,2026-02-20 14:38:24
2000.0,43,47,17.22066307067871,5,9247.33906161852,66276.05630285379,22.75814187433429,58.24571423425834,19.022717475891113,1597,2026-02-20 14:38:24,2026-02-20 14:38:24
2000.0,43,49,23.067203521728516,30,23497.58655408735,66054.78536301554,53.63367810801676,57.76349069402359,19.022717475891113,1599,2026-02-20 14:38:24,2026-02-20 14:38:24
2000.0,43,51,21.507585525512695,2,28415.686907351428,71210.71983569654,64.28956220675559,69.0,19.022717475891113,1601,2026-02-20 14:38:24,2026-02-20 14:38:24
2000.0,44,6,9.817728042602539,1,2897.4274273103874,84976.38584178974,9.0,99.0,9.022717475891113,1606,2026-02-20 14:42:37,2026-02-20 14:42:37
2000.0,44,10,12.503803253173828,4,10040.340716680626,91621.57499696105,24.47631212696885,113.4820944055229,9.022717475891113,1607,2026-02-20 14:42:37,2026-02-20 14:42:37
2000.0,44,17,9.555183410644531,2,19193.51368386047,75799.27517106093,44.308186889191845,79.0,9.022717475891113,1612,2026-02-20 14:42:37,2026-02-20 14:42:37
2000.0,44,25,16.107032775878906,1,128.19665807961792,56527.34276253044,3.0,37.0,14.022717475891113,1616,2026-02-20 14:42:37,2026-02-20 14:42:37
2000.0,44,31,14.336599349975586,1,18589.735119618083,68457.58663447789,43.0,63.0,14.022717475891113,1619,2026-02-20 14:42:37,2026-02-20 14:42:37
2000.0,44,42,24.94767189025879,199,8730.643505012767,73962.80111118761,21.638634835021822,74.99770750127071,19.022717475891113,1627,2026-02-20 14:42:37,2026-02-20 14:42:37
2000.0,44,44,23.611331939697266,5,8199.97567928602,79946.89281791565,20.488854545947206,88.03904898975209,19.022717475891113,1629,2026-02-20 14:42:37,2026-02-20 14:42:37
2000.0,44,45,22.082908630371094,4,9756.467263878314,57785.334003563956,23.861252979230507,39.74158454914571,19.022717475891113,1630,2026-02-20 14:42:37,2026-02-20 14:42:37
2000.0,44,46,19.13583755493164,2,9358.965888848848,68434.36736649084,23.0,62.94939743276473,19.022717475891113,1631,2026-02-20 14:42:37,2026-02-20 14:42:37
2000.0,44,50,22.80953598022461,12,23752.641431642118,69194.95361031339,54.18629700938542,64.60696978012349,19.022717475891113,1635,2026-02-20 14:42:37,2026-02-20 14:42:37
2000.0,45,1,8.093522071838379,2,-248.73605047356418,58737.506491372296,2.183312464801439,41.81668753519856,9.022717475891113,1636,2026-02-20 14:47:00,2026-02-20 14:47:00
2000.0,45,5,11.946850776672363,3,15358.96588884885,65234.88079674792,36.0,55.97664384061735,9.022717475891113,1638,2026-02-20 14:47:00,2026-02-20 14:47:00
2000.0,45,8,9.027688980102539,1,19051.273581156544,77634.6973052067,44.0,83.0,9.022717475891113,1641,2026-02-20 14:47:00,2026-02-20 14:47:00
2000.0,45,31,18.386131286621094,5,26586.136286518515,84712.08106233568,60.32553586161761,98.42399129979528,14.022717475891113,1652,2026-02-20 14:47:00,2026-02-20 14:47:00
2000.0,45,37,26.156784057617188,188,8549.215569747312,76025.74459957321,21.24554097528,79.49355278940816,19.022717475891113,1656,2026-02-20 14:47:00,2026-02-20 14:47:00
2000.0,45,38,17.63254737854004,6,7960.8419725849135,82556.15973554438,19.970731514761475,93.72551613883252,19.022717475891113,1657,2026-02-20 14:47:00,2026-02-20 14:47:00
2000.0,45,40,21.0,8,10683.32287788961,68575.55399208315,25.86944014292165,63.25709041077934,19.022717475891113,1659,2026-02-20 14:47:00,2026-02-20 14:47:00
2000.0,45,43,21.421157836914062,11,23325.87760829833,71605.44825981474,53.26164205880722,69.8602455353998,19.022717475891113,1662,2026-02-20 14:47:00,2026-02-20 14:47:00
2000.0,46,2,10.715499877929688,1,-1256.4187265357668,63869.031299113485,0.0,53.0,9.022717475891113,1664,2026-02-20 14:51:12,2026-02-20 14:51:12
2000.0,46,26,12.023159980773926,3,28743.58127346423,73856.71893675045,65.0,74.7665188881149,9.022717475891113,1675,2026-02-20 14:51:12,2026-02-20 14:51:12
2000.0,46,28,14.540803909301758,2,-1256.4187265357668,52750.53713864439,0.0,28.769074691596565,14.022717475891113,1676,2026-02-20 14:51:12,2026-02-20 14:51:12
2000.0,46,36,15.058699607849121,2,15656.912194104329,66163.30896679568,36.64555032805354,58.0,14.022717475891113,1679,2026-02-20 14:51:12,2026-02-20 14:51:12
2000.0,46,42,17.51116943359375,31,23086.921354656693,74248.56553617168,52.74390350925034,75.62048396161248,14.022717475891113,1683,2026-02-20 14:51:12,2026-02-20 14:51:12
2000.0,46,43,14.87071418762207,3,26157.373051618186,62354.06921005756,59.396548852666896,49.69838984531804,14.022717475891113,1684,2026-02-20 14:51:12,2026-02-20 14:51:12
2000.0,46,47,10.540148735046387,3,28204.96938856949,67346.50085610444,63.83300758272806,60.57857169159492,14.022717475891113,1688,2026-02-20 14:51:12,2026-02-20 14:51:12
2000.0,46,50,19.157299041748047,2,4282.042811925772,79897.17356422129,12.0,87.93069407178656,19.022717475891113,1689,2026-02-20 14:51:12,2026-02-20 14:51:12
2000.0,46,51,23.99837875366211,135,8633.699529091085,77253.01667193201,21.428589553858178,82.16818997401418,19.022717475891113,1690,2026-02-20 14:51:12,2026-02-20 14:51:12
2000.0,46,54,19.852466583251953,1,7974.350504233464,83599.81924118042,20.0,96.0,19.022717475891113,1693,2026-02-20 14:51:12,2026-02-20 14:51:12
2000.0,46,55,14.677112579345703,9,9650.68787086614,63424.129804404205,23.6320642943708,52.03041052751314,19.022717475891113,1694,2026-02-20 14:51:12,2026-02-20 14:51:12
2000.0,46,56,24.384056091308594,13,10604.114724757175,71245.47090321458,25.697822477801374,69.07573422347161,19.022717475891113,1695,2026-02-20 14:51:12,2026-02-20 14:51:12
2000.0,46,60,17.3585205078125,3,23041.770702995495,66595.4608548839,52.646077097317736,58.94180380643467,19.022717475891113,1699,2026-02-20 14:51:12,2026-02-20 14:51:12
2000.0,46,61,19.782779693603516,1,28743.58127346423,85435.24137532618,65.0,100.0,19.022717475891113,1700,2026-02-20 14:51:12,2026-02-20 14:51:12
2000.0,47,4,11.388005256652832,5,-298.030558493542,52985.74879808924,2.0765076974248204,29.28167973229871,9.022717475891113,1703,2026-02-20 14:55:35,2026-02-20 14:55:35
2000.0,47,13,10.115239143371582,4,14908.961686070124,69592.86976964696,35.02499089397943,65.4741624589756,9.022717475891113,1706,2026-02-20 14:55:35,2026-02-20 14:55:35
2000.0,47,32,14.251949310302734,1,-1256.4187265357668,62951.3202320406,0.0,51.0,14.022717475891113,1714,2026-02-20 14:55:35,2026-02-20 14:55:35
2000.0,47,33,14.13470458984375,1,2897.4274273103874,77634.6973052067,9.0,83.0,14.022717475891113,1715,2026-02-20 14:55:35,2026-02-20 14:55:35
2000.0,47,40,15.002643585205078,2,10357.93879756571,40926.25462229147,25.164441302219867,3.0,14.022717475891113,1718,2026-02-20 14:55:35,2026-02-20 14:55:35
2000.0,47,42,14.673935890197754,3,17836.16818254928,63373.66649918863,41.367271636350935,51.92043407190268,14.022717475891113,1720,2026-02-20 14:55:35,2026-02-20 14:55:35
2000.0,47,46,16.023332595825195,11,23226.92367290374,76449.20181229035,53.04724186545227,80.41640798405629,14.022717475891113,1723,2026-02-20 14:55:35,2026-02-20 14:55:35
2000.0,47,54,17.848957061767578,11,28299.18424283367,87735.6817929524,64.03713976696712,105.01343069766753,14.022717475891113,1730,2026-02-20 14:55:35,2026-02-20 14:55:35
2000.0,47,57,14.70785140991211,2,28594.940666130587,70293.00876862365,64.67794535077711,67.0,14.022717475891113,1733,2026-02-20 14:55:35,2026-02-20 14:55:35
2000.0,47,58,14.527050018310547,1,28743.58127346423,75799.27517106093,65.0,79.0,14.022717475891113,1734,2026-02-20 14:55:35,2026-02-20 14:55:35
2000.0,47,60,27.723308563232422,96,8497.024994421507,78709.30407708287,21.132461395407425,85.34192832675262,19.022717475891113,1735,2026-02-20 14:55:35,2026-02-20 14:55:35
2000.0,47,62,18.779455184936523,55,9893.424800140923,65800.95213966469,24.157994307799495,57.21030302426936,19.022717475891113,1737,2026-02-20 14:55:35,2026-02-20 14:55:35
2000.0,47,63,24.801055908203125,13,10685.721363014023,73266.43394023429,25.87463686069121,73.48009003769486,19.022717475891113,1738,2026-02-20 14:55:35,2026-02-20 14:55:35
2000.0,47,64,23.034854888916016,7,21556.717178014536,69598.53959387456,49.428461126525654,65.48651890629554,19.022717475891113,1739,2026-02-20 14:55:35,2026-02-20 14:55:35
2000.0,47,65,14.480472564697266,8,24003.12353919539,64318.21508460546,54.7290082424175,53.97892201937738,19.022717475891113,1740,2026-02-20 14:55:35,2026-02-20 14:55:35
2000.0,48,1,12.237439155578613,3,-999.4182672993212,56386.05202166391,0.5568343283456323,36.692080119907054,9.022717475891113,1742,2026-02-20 14:59:58,2026-02-20 14:59:58
2000.0,48,14,10.853498458862305,2,13595.602581613957,71669.57536923297,32.17937950099107,70.0,9.022717475891113,1749,2026-02-20 14:59:58,2026-02-20 14:59:58
2000.0,48,32,14.42568588256836,1,-794.8802649973053,64786.742366186365,1.0,55.0,14.022717475891113,1757,2026-02-20 14:59:58,2026-02-20 14:59:58
2000.0,48,39,17.95140266418457,2,18036.136296473705,65795.97864700077,41.80053588318719,57.19946411681281,14.022717475891113,1760,2026-02-20 14:59:58,2026-02-20 14:59:58
2000.0,48,40,17.910505294799805,7,21077.828113197404,71810.51775939875,48.3908681527552,70.30716070716095,14.022717475891113,1761,2026-02-20 14:59:58,2026-02-20 14:59:58
2000.0,48,43,15.709562301635742,2,22744.91360845146,76716.98623813382,52.002886725805666,81.0,14.022717475891113,1764,2026-02-20 14:59:58,2026-02-20 14:59:58
2000.0,48,45,14.46528434753418,1,23205.119735002692,86811.8079759355,53.0,103.0,14.022717475891113,1765,2026-02-20 14:59:58,2026-02-20 14:59:58
2000.0,48,48,13.715499877929688,2,23808.795325910312,79328.80855463307,54.30796378029984,86.69203621970016,14.022717475891113,1767,2026-02-20 14:59:58,2026-02-20 14:59:58
2000.0,48,52,17.202953338623047,7,27368.72810356979,90254.52171868447,62.021151465228705,110.50282712342089,14.022717475891113,1769,2026-02-20 14:59:58,2026-02-20 14:59:58
2000.0,48,54,14.106489181518555,1,28282.04281192577,72587.28643630585,64.0,72.0,14.022717475891113,1771,2026-02-20 14:59:58,2026-02-20 14:59:58
2000.0,48,56,25.68233871459961,48,7797.332402613212,80203.90747525905,19.616460779822788,88.59917007048216,19.022717475891113,1772,2026-02-20 14:59:58,2026-02-20 14:59:58
2000.0,48,57,21.774755477905273,51,9881.13451494618,68136.8567349247,24.131365356544215,62.30102205136047,19.022717475891113,1773,2026-02-20 14:59:58,2026-02-20 14:59:58
2000.0,48,59,20.23065185546875,8,10200.5695430039,75645.64297027094,24.82347458400261,78.66518394230546,19.022717475891113,1775,2026-02-20 14:59:58,2026-02-20 14:59:58
2000.0,48,61,22.128185272216797,5,24244.423214389164,66829.51240569784,55.25182420533734,59.451880581601955,19.022717475891113,1777,2026-02-20 14:59:58,2026-02-20 14:59:58
2000.0,48,63,22.523099899291992,1,26897.427427310387,60657.0425643584,61.0,46.0,19.022717475891113,1779,2026-02-20 14:59:58,2026-02-20 14:59:58
2000.0,49,3,13.12594985961914,2,7076.354142937987,52397.64296070248,18.05434121719313,28.0,9.022717475891113,1780,2026-02-20 15:04:11,2026-02-20 15:04:11
2000.0,49,9,11.451838493347168,1,12128.196658079618,46432.52102472875,29.0,15.0,9.022717475891113,1783,2026-02-20 15:04:11,2026-02-20 15:04:11
2000.0,49,34,16.99979591369629,5,10002.6794776499,77779.67521853278,24.394712775735606,83.31595546469433,14.022717475891113,1796,2026-02-20 15:04:11,2026-02-20 15:04:11
2000.0,49,37,14.9357271194458,5,21807.632585571522,74238.54395309757,49.97211117623246,75.59864357320774,14.022717475891113,1799,2026-02-20 15:04:11,2026-02-20 15:04:11
2000.0,49,51,17.95585060119629,32,7466.986225275775,82217.63102387341,18.900710728925006,92.98774861304524,19.022717475891113,1810,2026-02-20 15:04:11,2026-02-20 15:04:11
2000.0,49,52,20.946578979492188,37,9274.253786066034,70828.0804236252,22.816457110637234,68.16610047366696,19.022717475891113,1811,2026-02-20 15:04:11,2026-02-20 15:04:11
2000.0,49,53,19.640491485595703,1,9358.965888848848,87729.51904300839,23.0,105.0,19.022717475891113,1812,2026-02-20 15:04:11,2026-02-20 15:04:11
2000.0,49,56,21.0,4,24714.176411069166,66305.20801460555,56.26962279814401,58.30924558480583,19.022717475891113,1815,2026-02-20 15:04:11,2026-02-20 15:04:11
2000.0,49,57,20.59895133972168,2,28743.58127346423,91207.72953246575,65.0,112.58018643177404,19.022717475891113,1816,2026-02-20 15:04:11,2026-02-20 15:04:11
2000.0,50,1,11.284486770629883,1,-333.34180345884374,67081.02003386857,2.0,60.0,9.022717475891113,1817,2026-02-20 15:08:24,2026-02-20 15:08:24
2000.0,50,10,9.143631935119629,1,11205.119735002694,51938.78742716603,27.0,27.0,9.022717475891113,1822,2026-02-20 15:08:24,2026-02-20 15:08:24
2000.0,50,34,17.0,8,10311.285720951366,90099.50087117913,25.06335963622212,110.16498473910751,14.022717475891113,1836,2026-02-20 15:08:24,2026-02-20 15:08:24
2000.0,50,35,14.65627384185791,13,13356.363151378519,76643.24543981925,31.661027402147617,80.83929408512034,14.022717475891113,1837,2026-02-20 15:08:24,2026-02-20 15:08:24
2000.0,50,37,14.313788414001465,1,22282.04281192577,74881.56410398806,51.0,77.0,14.022717475891113,1839,2026-02-20 15:08:24,2026-02-20 15:08:24
2000.0,50,38,15.507095336914062,1,22743.58127346423,79011.26390581601,52.0,86.0,14.022717475891113,1840,2026-02-20 15:08:24,2026-02-20 15:08:24
2000.0,50,41,15.5,1,23666.658196541153,82223.2526405711,54.0,93.0,14.022717475891113,1843,2026-02-20 15:08:24,2026-02-20 15:08:24
2000.0,50,42,14.262338638305664,1,23666.658196541153,84976.38584178974,54.0,99.0,14.022717475891113,1844,2026-02-20 15:08:24,2026-02-20 15:08:24
2000.0,50,43,16.500579833984375,5,24475.73277371449,69106.77245744911,55.75299491720889,64.41479349277516,14.022717475891113,1845,2026-02-20 15:08:24,2026-02-20 15:08:24
2000.0,50,44,14.5,1,24589.735119618083,83140.96370764397,56.0,95.0,14.022717475891113,1846,2026-02-20 15:08:24,2026-02-20 15:08:24
2000.0,50,45,9.75,3,27816.51249112249,61965.06996870136,62.99135097159289,48.850630119379574,14.022717475891113,1847,2026-02-20 15:08:24,2026-02-20 15:08:24
2000.0,50,48,14.723926544189453,6,28335.867085181682,93781.28099778118,64.11661925872114,118.18881763968572,14.022717475891113,1850,2026-02-20 15:08:24,2026-02-20 15:08:24
2000.0,50,53,23.381486892700195,6,7507.582028458172,84259.9870686585,18.988668302486868,97.43872696138173,19.022717475891113,1854,2026-02-20 15:08:24,2026-02-20 15:08:24
2000.0,50,55,21.224273681640625,34,9976.020966892618,72409.87886888975,24.33695266909483,71.61336944975075,19.022717475891113,1856,2026-02-20 15:08:24,2026-02-20 15:08:24
2000.0,51,3,11.280266761779785,1,7051.273581156542,56527.34276253044,18.0,37.0,9.022717475891113,1859,2026-02-20 15:12:46,2026-02-20 15:12:46
2000.0,51,11,9.467888832092285,6,10479.739564144436,67909.00190966716,25.42834296314044,61.80445001810756,9.022717475891113,1866,2026-02-20 15:12:46,2026-02-20 15:12:46
2000.0,51,22,11.331632614135742,1,24128.19665807962,86352.95244239905,55.0,102.0,9.022717475891113,1874,2026-02-20 15:12:46,2026-02-20 15:12:46
2000.0,51,32,14.583626747131348,1,7512.812042695003,87270.66350947194,19.0,104.0,14.022717475891113,1879,2026-02-20 15:12:46,2026-02-20 15:12:46
2000.0,51,38,15.345109939575195,1,28282.04281192577,62951.3202320406,64.0,51.0,14.022717475891113,1884,2026-02-20 15:12:46,2026-02-20 15:12:46
2000.0,51,39,15.550507545471191,2,28743.58127346423,95283.75829678835,65.0,121.46321925238382,14.022717475891113,1885,2026-02-20 15:12:46,2026-02-20 15:12:46
2000.0,51,41,18.892295837402344,28,9328.754792779713,74972.10439202387,22.93454262518354,77.19731763358725,19.022717475891113,1886,2026-02-20 15:12:46,2026-02-20 15:12:46
2000.0,51,45,20.01268768310547,1,24128.19665807962,71210.71983569654,55.0,69.0,19.022717475891113,1890,2026-02-20 15:12:46,2026-02-20 15:12:46
2000.0,52,35,18.739763259887695,8,8579.941770987427,89124.95618150452,21.31211441130025,108.04112522680369,14.022717475891113,1908,2026-02-20 15:17:08,2026-02-20 15:17:08
2000.0,52,40,18.730466842651367,2,11211.581820010571,54233.065094848236,27.014001184183734,32.0,14.022717475891113,1911,2026-02-20 15:17:08,2026-02-20 15:17:08
2000.0,52,46,14.70870304107666,2,21822.089656365206,75799.27517106093,50.003434829618776,79.0,14.022717475891113,1916,2026-02-20 15:17:08,2026-02-20 15:17:08
2000.0,52,47,18.949689865112305,5,23531.450617007376,88437.42306949465,53.707050244343485,106.54276013853506,14.022717475891113,1917,2026-02-20 15:17:08,2026-02-20 15:17:08
2000.0,52,51,15.241130828857422,2,24700.72311918061,73046.14196984228,56.24047399905214,73.0,14.022717475891113,1920,2026-02-20 15:17:08,2026-02-20 15:17:08
2000.0,52,55,22.461923599243164,23,9280.083474081304,77220.1913543409,22.82908810133699,82.09665260507778,19.022717475891113,1922,2026-02-20 15:17:08,2026-02-20 15:17:08
2000.0,52,56,21.656829833984375,1,8435.888965771926,58821.62043021264,21.0,42.0,19.022717475891113,1923,2026-02-20 15:17:08,2026-02-20 15:17:08
2000.0,52,57,22.19763946533203,22,11480.809257744204,66588.2949693039,27.59732729927327,58.92618694000008,19.022717475891113,1924,2026-02-20 15:17:08,2026-02-20 15:17:08
2000.0,52,59,19.36836814880371,1,13512.812042695003,80846.68603996179,32.0,90.0,19.022717475891113,1926,2026-02-20 15:17:08,2026-02-20 15:17:08
2000.0,52,60,20.438098907470703,1,24128.19665807962,63410.17576557704,55.0,52.0,19.022717475891113,1927,2026-02-20 15:17:08,2026-02-20 15:17:08
2000.0,52,61,21.57309913635254,1,25974.350504233465,62492.46469850416,59.0,50.0,19.022717475891113,1928,2026-02-20 15:17:08,2026-02-20 15:17:08
2000.0,53,1,9.539373397827148,1,1051.2735811565408,64327.88683264992,5.0,54.0,9.022717475891113,1929,2026-02-20 15:21:30,2026-02-20 15:21:30
2000.0,53,26,9.679817199707031,4,23911.01267247458,76193.24260082265,54.52943469785575,79.85858707363815,9.022717475891113,1945,2026-02-20 15:21:30,2026-02-20 15:21:30
2000.0,53,27,9.097148895263672,2,25051.273581156544,68369.16005805176,57.0,62.807288852452906,9.022717475891113,1946,2026-02-20 15:21:30,2026-02-20 15:21:30
2000.0,53,42,17.795085906982422,11,20088.797403976867,65772.90674294432,46.24796828277737,57.14918270497361,14.022717475891113,1952,2026-02-20 15:21:30,2026-02-20 15:21:30
2000.0,53,44,16.709270477294922,2,24128.19665807962,89846.18362172741,55.0,109.61292154941603,14.022717475891113,1954,2026-02-20 15:21:30,2026-02-20 15:21:30
2000.0,53,50,17.525358200073242,5,8771.425512133534,79434.12876667442,21.726995850450148,86.9215642614122,19.022717475891113,1958,2026-02-20 15:21:30,2026-02-20 15:21:30
2000.0,53,51,21.0,1,7974.350504233464,90023.79671069059,20.0,110.0,19.022717475891113,1959,2026-02-20 15:21:30,2026-02-20 15:21:30
2000.0,53,52,21.37940216064453,1,8897.427427310387,90941.50777776347,22.0,112.0,19.022717475891113,1960,2026-02-20 15:21:30,2026-02-20 15:21:30
2000.0,53,53,24.641592025756836,22,11813.965080019989,68850.02075228823,28.319164914204137,63.85524547298323,19.022717475891113,1961,2026-02-20 15:21:30,2026-02-20 15:21:30
2000.0,53,54,23.39237403869629,1,10743.581273464233,56986.19829606688,26.0,38.0,19.022717475891113,1962,2026-02-20 15:21:30,2026-02-20 15:21:30
2000.0,53,56,19.05300521850586,1,14897.427427310387,80387.83050642534,35.0,89.0,19.022717475891113,1964,2026-02-20 15:21:30,2026-02-20 15:21:30
2000.0,53,57,21.5,1,25512.812042695004,60198.187030821966,58.0,45.0,19.022717475891113,1965,2026-02-20 15:21:30,2026-02-20 15:21:30
2000.0,54,13,13.647866249084473,1,22282.04281192577,74881.56410398806,51.0,77.0,9.022717475891113,1972,2026-02-20 15:25:53,2026-02-20 15:25:53
2000.0,54,19,17.296844482421875,19,8802.110993782218,81674.73380121782,21.79348106068897,91.80459360460186,14.022717475891113,1975,2026-02-20 15:25:53,2026-02-20 15:25:53
2000.0,54,21,15.850526809692383,2,8435.888965771926,91958.3395621411,21.0,114.21601726482588,14.022717475891113,1977,2026-02-20 15:25:53,2026-02-20 15:25:53
2000.0,54,22,15.152308464050293,2,8713.61141900351,93235.78544544567,21.601731982001766,117.0,14.022717475891113,1978,2026-02-20 15:25:53,2026-02-20 15:25:53
2000.0,54,24,16.389848709106445,2,10511.8228510304,57216.609504318,25.49785675139336,38.50214324860664,14.022717475891113,1979,2026-02-20 15:25:53,2026-02-20 15:25:53
2000.0,54,29,14.522517204284668,1,23666.658196541153,90023.79671069059,54.0,110.0,14.022717475891113,1982,2026-02-20 15:25:53,2026-02-20 15:25:53
2000.0,54,30,11.52420425415039,5,28079.489798836934,64735.38233486519,63.56113513830752,54.88806927765404,14.022717475891113,1983,2026-02-20 15:25:53,2026-02-20 15:25:53
2000.0,54,33,21.458850860595703,23,11375.620685494729,71734.52480329083,27.369418726066073,70.14154658560459,19.022717475891113,1985,2026-02-20 15:25:53,2026-02-20 15:25:53
2000.0,54,34,19.24675750732422,2,19625.236869540153,67539.875567405,45.24358712483115,61.0,19.022717475891113,1986,2026-02-20 15:25:53,2026-02-20 15:25:53
2000.0,55,1,9.141390800476074,1,-794.8802649973053,53774.2095613118,1.0,31.0,9.022717475891113,1989,2026-02-20 15:30:06,2026-02-20 15:30:06
2000.0,55,4,10.111867904663086,3,7723.211545538576,84000.98682755121,19.455865589494408,96.8742786281315,9.022717475891113,1991,2026-02-20 15:30:06,2026-02-20 15:30:06
2000.0,55,8,13.696877479553223,1,9358.965888848848,95530.06311312786,23.0,122.0,9.022717475891113,1993,2026-02-20 15:30:06,2026-02-20 15:30:06
2000.0,55,9,12.240976333618164,1,9820.504350387311,94612.35204605499,24.0,120.0,9.022717475891113,1994,2026-02-20 15:30:06,2026-02-20 15:30:06
2000.0,55,13,13.077157974243164,2,14020.976636571795,86811.8079759355,33.10102328673305,103.0,9.022717475891113,1996,2026-02-20 15:30:06,2026-02-20 15:30:06
2000.0,55,15,11.744043350219727,2,14435.888965771926,80612.62730856739,34.0,89.48990757594122,9.022717475891113,1997,2026-02-20 15:30:06,2026-02-20 15:30:06
2000.0,55,41,18.22332763671875,10,19891.681094251384,69931.20895541024,45.820882945038825,66.21151694428751,14.022717475891113,2013,2026-02-20 15:30:06,2026-02-20 15:30:06
2000.0,55,42,14.793699264526367,1,23205.119735002692,76716.98623813382,53.0,81.0,14.022717475891113,2014,2026-02-20 15:30:06,2026-02-20 15:30:06
2000.0,55,43,16.91153907775879,1,26435.888965771926,60198.187030821966,60.0,45.0,14.022717475891113,2015,2026-02-20 15:30:06,2026-02-20 15:30:06
2000.0,55,44,15.712313652038574,1,26435.888965771926,71210.71983569654,60.0,69.0,14.022717475891113,2016,2026-02-20 15:30:06,2026-02-20 15:30:06
2000.0,55,45,17.905813217163086,1,28743.58127346423,66622.16450033212,65.0,59.0,14.022717475891113,2017,2026-02-20 15:30:06,2026-02-20 15:30:06
2000.0,55,47,17.758729934692383,2,10602.799848998342,74562.67163099481,25.6949735803239,76.3050264196761,19.022717475891113,2018,2026-02-20 15:30:06,2026-02-20 15:30:06
2000.0,55,48,20.479887008666992,4,12447.29739628168,63662.72857578336,29.691384932771133,52.55039722036229,19.022717475891113,2019,2026-02-20 15:30:06,2026-02-20 15:30:06
2000.0,56,1,10.0,1,1974.350504233464,55609.63169545756,7.0,35.0,9.022717475891113,2022,2026-02-20 15:34:19,2026-02-20 15:34:19
2000.0,56,2,9.052438735961914,1,3820.5043503873103,42761.67675643723,11.0,7.0,9.022717475891113,2023,2026-02-20 15:34:19,2026-02-20 15:34:19
2000.0,56,4,10.189497947692871,2,7286.356869158906,87270.66350947194,18.509347124005124,104.0,9.022717475891113,2025,2026-02-20 15:34:19,2026-02-20 15:34:19
2000.0,56,7,9.16187858581543,2,13006.762627514196,73504.99750337873,30.903559600441582,74.0,9.022717475891113,2026,2026-02-20 15:34:19,2026-02-20 15:34:19
2000.0,56,10,10.0,2,15358.96588884885,82893.52536424024,36.0,94.46074891699202,9.022717475891113,2027,2026-02-20 15:34:19,2026-02-20 15:34:19
2000.0,56,28,15.284550666809082,2,21891.439840383275,75340.4196375245,50.153693561657924,78.0,14.022717475891113,2035,2026-02-20 15:34:19,2026-02-20 15:34:19
2000.0,56,29,17.41425132751465,5,26201.561245139244,71003.8708883923,59.49228993862919,68.54920681524743,14.022717475891113,2036,2026-02-20 15:34:19,2026-02-20 15:34:19
2000.0,56,31,14.230836868286133,2,27192.997029519476,61868.60508438869,61.64040080478636,48.64040080478636,14.022717475891113,2038,2026-02-20 15:34:19,2026-02-20 15:34:19
2000.0,56,33,20.801328659057617,1,9820.504350387311,77634.6973052067,24.0,83.0,19.022717475891113,2039,2026-02-20 15:34:19,2026-02-20 15:34:19
2000.0,56,38,18.106664657592773,5,15542.944806877586,64817.20270501,36.39862098906226,55.06638328754342,19.022717475891113,2044,2026-02-20 15:34:19,2026-02-20 15:34:19
2000.0,57,2,9.323341369628906,3,-874.1473783585578,54304.852750816084,0.8282545877172862,32.15644936308074,9.022717475891113,2046,2026-02-20 15:38:42,2026-02-20 15:38:42
2000.0,57,3,10.15148639678955,1,128.19665807961792,40467.399088755024,3.0,2.0,9.022717475891113,2047,2026-02-20 15:38:42,2026-02-20 15:38:42
2000.0,57,4,9.22104263305664,1,589.7351196180794,41843.96568936435,4.0,5.0,9.022717475891113,2048,2026-02-20 15:38:42,2026-02-20 15:38:42
2000.0,57,6,11.0,1,7974.350504233464,41385.110155827904,20.0,4.0,9.022717475891113,2049,2026-02-20 15:38:42,2026-02-20 15:38:42
2000.0,57,9,10.622971534729004,2,9528.413022930803,87729.51904300839,23.367135457177568,105.0,9.022717475891113,2051,2026-02-20 15:38:42,2026-02-20 15:38:42
2000.0,57,15,10.863043785095215,2,20181.02221147384,74422.70857045162,46.44778869902081,76.0,9.022717475891113,2055,2026-02-20 15:38:42,2026-02-20 15:38:42
2000.0,57,18,9.70521354675293,1,23205.119735002692,85894.09690886262,53.0,101.0,9.022717475891113,2058,2026-02-20 15:38:42,2026-02-20 15:38:42
2000.0,57,28,18.03382682800293,7,26229.046561519157,73341.3667756897,59.55184145745233,73.64339380103384,14.022717475891113,2062,2026-02-20 15:38:42,2026-02-20 15:38:42
2000.0,57,29,17.3370304107666,5,27497.389998369366,61210.41257702415,62.29991890396112,47.20597872799067,14.022717475891113,2063,2026-02-20 15:38:42,2026-02-20 15:38:42
2000.0,57,33,21.33991813659668,2,9547.168831906705,80387.83050642534,23.40777304329202,89.0,19.022717475891113,2066,2026-02-20 15:38:42,2026-02-20 15:38:42
2000.0,57,35,27.71358871459961,79,13983.688529523064,66366.052940977,33.02023238812747,58.44184707247343,19.022717475891113,2068,2026-02-20 15:38:42,2026-02-20 15:38:42
2000.0,58,1,12.054925918579102,3,-1256.4187265357668,54581.239796958456,0.0,32.75878937195506,9.022717475891113,2069,2026-02-20 15:43:04,2026-02-20 15:43:04
2000.0,58,4,10.710851669311523,3,256.93588249532013,56746.53402695794,3.2789349862340216,37.47769123047982,9.022717475891113,2072,2026-02-20 15:43:04,2026-02-20 15:43:04
2000.0,58,6,10.16724681854248,2,3626.469838733351,45055.95442411943,10.579591891416422,12.0,9.022717475891113,2074,2026-02-20 15:43:04,2026-02-20 15:43:04
2000.0,58,25,11.058317184448242,1,27358.96588884885,70751.86430216009,62.0,68.0,9.022717475891113,2088,2026-02-20 15:43:04,2026-02-20 15:43:04
2000.0,58,27,14.618993759155273,7,9239.898196625378,83016.73262987497,22.74202000018248,94.7292588436026,14.022717475891113,2089,2026-02-20 15:43:04,2026-02-20 15:43:04
2000.0,58,28,14.83299732208252,2,8997.59531257573,70751.86430216009,22.21703041807491,68.0,14.022717475891113,2090,2026-02-20 15:43:04,2026-02-20 15:43:04
2000.0,58,33,14.290438652038574,1,26435.888965771926,75799.27517106093,60.0,79.0,14.022717475891113,2093,2026-02-20 15:43:04,2026-02-20 15:43:04
2000.0,58,34,15.034199714660645,1,28743.58127346423,65245.59789972281,65.0,56.0,14.022717475891113,2094,2026-02-20 15:43:04,2026-02-20 15:43:04
2000.0,58,36,25.53752899169922,127,13765.204167001688,67598.47137170804,32.54684960266449,61.12769989685302,19.022717475891113,2095,2026-02-20 15:43:04,2026-02-20 15:43:04
2000.0,59,6,9.082538604736328,1,3820.5043503873103,42302.821222900784,11.0,6.0,9.022717475891113,2102,2026-02-20 15:47:27,2026-02-20 15:47:27
2000.0,59,7,10.5,3,4859.589586854922,53107.00451141294,13.251351345679826,29.545936572331062,9.022717475891113,2103,2026-02-20 15:47:27,2026-02-20 15:47:27
2000.0,59,15,13.866899490356445,5,20280.82848394972,65295.62262704301,46.66403562271855,56.10902064738036,9.022717475891113,2108,2026-02-20 15:47:27,2026-02-20 15:47:27
2000.0,59,18,15.789125442504883,1,-1256.4187265357668,54691.92062838467,0.0,33.0,14.022717475891113,2109,2026-02-20 15:47:27,2026-02-20 15:47:27
2000.0,59,19,15.388018608093262,1,128.19665807961792,59280.47596374908,3.0,43.0,14.022717475891113,2110,2026-02-20 15:47:27,2026-02-20 15:47:27
2000.0,59,21,14.05288314819336,1,9820.504350387311,84517.5303082533,24.0,98.0,14.022717475891113,2111,2026-02-20 15:47:27,2026-02-20 15:47:27
2000.0,59,22,14.5,1,9820.504350387311,87270.66350947194,24.0,104.0,14.022717475891113,2112,2026-02-20 15:47:27,2026-02-20 15:47:27
2000.0,59,24,14.5,3,27865.92627219204,64100.62304368469,63.09841416391025,53.50471603292284,14.022717475891113,2114,2026-02-20 15:47:27,2026-02-20 15:47:27
2000.0,59,27,19.31205940246582,2,8692.187933473479,71669.57536923297,21.55531443002003,70.0,19.022717475891113,2116,2026-02-20 15:47:27,2026-02-20 15:47:27
2000.0,59,28,22.214244842529297,149,14733.068672559222,68594.24450731154,34.64388936470581,63.297823307872974,19.022717475891113,2117,2026-02-20 15:47:27,2026-02-20 15:47:27
2000.0,59,29,19.954896926879883,1,13974.350504233464,74881.56410398806,33.0,77.0,19.022717475891113,2118,2026-02-20 15:47:27,2026-02-20 15:47:27
2000.0,59,30,19.473892211914062,1,14897.427427310387,74422.70857045162,35.0,76.0,19.022717475891113,2119,2026-02-20 15:47:27,2026-02-20 15:47:27
2000.0,60,7,10.06921672821045,3,3267.0362130020553,41060.26632567146,9.800819035665281,3.292056417729463,9.022717475891113,2124,2026-02-20 15:51:50,2026-02-20 15:51:50
2000.0,60,12,9.175400733947754,2,9780.677175283427,87270.66350947194,23.913707787274916,104.0,9.022717475891113,2128,2026-02-20 15:51:50,2026-02-20 15:51:50
2000.0,60,15,9.07815170288086,2,27344.252746587958,73963.85303691517,61.9681215251014,75.0,9.022717475891113,2131,2026-02-20 15:51:50,2026-02-20 15:51:50
2000.0,60,18,15.189064025878906,2,-1256.4187265357668,57323.76341126654,0.0,38.73566752611222,14.022717475891113,2132,2026-02-20 15:51:50,2026-02-20 15:51:50
2000.0,60,23,17.52113914489746,3,28575.276532944597,66585.38917143065,64.63533972887413,58.91985423251185,14.022717475891113,2136,2026-02-20 15:51:50,2026-02-20 15:51:50
2000.0,60,25,19.106796264648438,1,8897.427427310387,73504.99750337873,22.0,74.0,19.022717475891113,2137,2026-02-20 15:51:50,2026-02-20 15:51:50
2000.0,60,26,23.367536544799805,134,14264.597337749941,70170.54555305424,33.6288681392857,66.73311160786147,19.022717475891113,2138,2026-02-20 15:51:50,2026-02-20 15:51:50
2000.0,61,4,10.930249214172363,6,1126.9319276105148,49837.50117337973,5.163926417316944,22.420592974892333,9.022717475891113,2146,2026-02-20 15:56:13,2026-02-20 15:56:13
2000.0,61,9,9.824136734008789,2,1512.8120426950027,40716.6599123066,6.0,2.543222878082123,9.022717475891113,2150,2026-02-20 15:56:13,2026-02-20 15:56:13
2000.0,61,14,9.62317180633545,3,5759.587319931354,52042.250437292605,15.201346434012095,27.225480576270208,9.022717475891113,2155,2026-02-20 15:56:13,2026-02-20 15:56:13
2000.0,61,16,10.811264991760254,1,7512.812042695003,40926.25462229147,19.0,3.0,9.022717475891113,2156,2026-02-20 15:56:13,2026-02-20 15:56:13
2000.0,61,17,11.390396118164062,5,10044.106045704006,65648.56617421517,24.484470339852837,56.878202931076494,9.022717475891113,2157,2026-02-20 15:56:13,2026-02-20 15:56:13
2000.0,61,19,12.95336627960205,1,12128.196658079618,39549.688021682145,29.0,0.0,9.022717475891113,2159,2026-02-20 15:56:13,2026-02-20 15:56:13
2000.0,61,25,9.318000793457031,5,22555.686638758663,66832.76843395045,51.59289495813793,59.45897655847185,9.022717475891113,2165,2026-02-20 15:56:13,2026-02-20 15:56:13
2000.0,61,27,9.675994873046875,5,28170.198773756918,61313.801061521044,63.757671250634154,47.431296887935396,9.022717475891113,2167,2026-02-20 15:56:13,2026-02-20 15:56:13
2000.0,61,30,9.164409637451172,1,28743.58127346423,69375.29770155076,65.0,65.0,9.022717475891113,2170,2026-02-20 15:56:13,2026-02-20 15:56:13
2000.0,61,32,17.327045440673828,5,-1107.515254392025,63700.41318571482,0.32262418964477385,52.632524615974205,14.022717475891113,2171,2026-02-20 15:56:13,2026-02-20 15:56:13
2000.0,61,37,19.067363739013672,1,9820.504350387311,77175.84177167025,24.0,82.0,19.022717475891113,2174,2026-02-20 15:56:13,2026-02-20 15:56:13
2000.0,61,38,20.839523315429688,99,14944.006497143626,71731.50515315967,35.100921317972016,70.13496575588704,19.022717475891113,2175,2026-02-20 15:56:13,2026-02-20 15:56:13
2000.0,62,4,10.289212226867676,1,-333.34180345884374,40467.399088755024,2.0,2.0,9.022717475891113,2181,2026-02-20 16:04:50,2026-02-20 16:04:50
2000.0,62,7,9.05748462677002,1,589.7351196180794,41843.96568936435,4.0,5.0,9.022717475891113,2184,2026-02-20 16:04:50,2026-02-20 16:04:50
2000.0,62,11,10.5,1,1974.350504233464,40008.54355521859,7.0,1.0,9.022717475891113,2188,2026-02-20 16:04:50,2026-02-20 16:04:50
2000.0,62,13,10.0,1,2897.4274273103874,40926.25462229147,9.0,3.0,9.022717475891113,2190,2026-02-20 16:04:50,2026-02-20 16:04:50
2000.0,62,14,9.441712379455566,1,3820.5043503873103,42761.67675643723,11.0,7.0,9.022717475891113,2191,2026-02-20 16:04:50,2026-02-20 16:04:50
2000.0,62,17,11.184150695800781,8,6010.468268401325,52241.1142074478,15.744921822363699,27.658871383661218,9.022717475891113,2194,2026-02-20 16:04:50,2026-02-20 16:04:50
2000.0,62,18,9.613973617553711,10,5780.431405271392,67253.44562247276,15.246508618915511,60.37577314863198,9.022717475891113,2195,2026-02-20 16:04:50,2026-02-20 16:04:50
2000.0,62,23,9.305367469787598,1,7512.812042695003,46891.37655826519,19.0,16.0,9.022717475891113,2199,2026-02-20 16:04:50,2026-02-20 16:04:50
2000.0,62,31,11.5,13,13399.305118369728,64129.3395823653,31.75406833062857,53.5672989954934,9.022717475891113,2206,2026-02-20 16:04:50,2026-02-20 16:04:50
2000.0,62,33,11.080439567565918,1,14897.427427310387,88188.37457654483,35.0,106.0,9.022717475891113,2208,2026-02-20 16:04:50,2026-02-20 16:04:50
2000.0,62,35,12.11641788482666,1,15820.504350387311,88188.37457654483,37.0,106.0,9.022717475891113,2210,2026-02-20 16:04:50,2026-02-20 16:04:50
2000.0,62,37,9.068208694458008,1,16743.58127346423,88647.23011008126,39.0,107.0,9.022717475891113,2212,2026-02-20 16:04:50,2026-02-20 16:04:50
2000.0,62,42,8.987242698669434,4,27086.582942529287,70918.08889147286,61.40983694964095,68.36225909281656,9.022717475891113,2216,2026-02-20 16:04:50,2026-02-20 16:04:50
2000.0,62,45,17.261730194091797,3,5662.112095805992,82223.2526405711,14.990150115073812,93.0,14.022717475891113,2218,2026-02-20 16:04:50,2026-02-20 16:04:50
2000.0,62,48,14.713075637817383,1,10743.581273464233,80846.68603996179,26.0,90.0,14.022717475891113,2220,2026-02-20 16:04:50,2026-02-20 16:04:50
2000.0,62,50,14.70369815826416,3,20688.52487770396,66163.30896679568,47.547377809186074,58.0,14.022717475891113,2222,2026-02-20 16:04:50,2026-02-20 16:04:50
2000.0,62,53,23.146568298339844,32,16268.009135516331,73758.4562861925,37.96959370111288,74.55237163832446,19.022717475891113,2224,2026-02-20 16:04:50,2026-02-20 16:04:50
2000.0,63,2,3.2104732990264893,6,-865.5040965728332,56897.11694036233,0.8469816982530229,37.80586186894599,9.022717475891113,2228,2026-02-20 16:13:26,2026-02-20 16:13:26
2000.0,63,14,10.39047622680664,4,1748.343684557012,41227.73807675278,6.510318557367687,3.657033494044961,9.022717475891113,2239,2026-02-20 16:13:26,2026-02-20 16:13:26
2000.0,63,19,10.50984001159668,2,5884.515159740387,52397.64296070248,15.472023420265002,28.0,9.022717475891113,2244,2026-02-20 16:13:26,2026-02-20 16:13:26
2000.0,63,21,9.5,4,7162.508881129034,39838.615711798266,18.241009816607068,0.6296702752810474,9.022717475891113,2246,2026-02-20 16:13:26,2026-02-20 16:13:26
2000.0,63,23,12.452237129211426,5,7311.685167349919,87516.72591901037,18.564225103418984,104.53625246195027,9.022717475891113,2248,2026-02-20 16:13:26,2026-02-20 16:13:26
2000.0,63,28,10.801076889038086,14,10493.133368209863,64612.25961151755,25.457362871948863,54.619743597022655,9.022717475891113,2253,2026-02-20 16:13:26,2026-02-20 16:13:26
2000.0,63,34,10.18984317779541,1,13974.350504233464,39549.688021682145,33.0,0.0,9.022717475891113,2257,2026-02-20 16:13:26,2026-02-20 16:13:26
2000.0,63,35,9.5,1,14897.427427310387,40926.25462229147,35.0,3.0,9.022717475891113,2258,2026-02-20 16:13:26,2026-02-20 16:13:26
2000.0,63,37,9.330310821533203,2,15710.106856778139,85894.09690886262,36.76080543051346,101.0,9.022717475891113,2260,2026-02-20 16:13:26,2026-02-20 16:13:26
2000.0,63,43,5.95060920715332,7,22068.175069576748,67027.99399057716,50.53661989157712,59.88443847918162,9.022717475891113,2266,2026-02-20 16:13:26,2026-02-20 16:13:26
2000.0,63,50,14.748558044433594,1,1974.350504233464,65245.59789972281,7.0,56.0,14.022717475891113,2271,2026-02-20 16:13:26,2026-02-20 16:13:26
2000.0,63,51,14.213044166564941,1,3820.5043503873103,65245.59789972281,11.0,56.0,14.022717475891113,2272,2026-02-20 16:13:26,2026-02-20 16:13:26
2000.0,63,52,15.047365188598633,2,3981.639929456627,70751.86430216009,11.34912708798352,68.0,14.022717475891113,2273,2026-02-20 16:13:26,2026-02-20 16:13:26
2000.0,63,54,14.03566837310791,3,14428.75293113141,68475.91204760151,33.984538591612214,63.03993721723783,14.022717475891113,2275,2026-02-20 16:13:26,2026-02-20 16:13:26
2000.0,63,58,16.41584014892578,4,28517.97395791107,64597.17251681025,64.51118414963481,54.58686376098577,14.022717475891113,2278,2026-02-20 16:13:26,2026-02-20 16:13:26
2000.0,63,60,19.363597869873047,1,15820.504350387311,76716.98623813382,37.0,81.0,19.022717475891113,2279,2026-02-20 16:13:26,2026-02-20 16:13:26
2000.0,63,61,19.20965576171875,1,16743.58127346423,76258.13070459737,39.0,80.0,19.022717475891113,2280,2026-02-20 16:13:26,2026-02-20 16:13:26
2000.0,63,62,19.480031967163086,1,17205.119735002692,78093.55283874314,40.0,84.0,19.022717475891113,2281,2026-02-20 16:13:26,2026-02-20 16:13:26
2000.0,64,2,12.5,3,-1256.4187265357668,63253.34763172338,0.0,51.658218932994075,9.022717475891113,2283,2026-02-20 16:22:12,2026-02-20 16:22:12
2000.0,64,12,8.201184272766113,4,2686.037117989417,40347.35542072456,8.541987663137897,1.7383846128970548,9.022717475891113,2293,2026-02-20 16:22:12,2026-02-20 16:22:12
2000.0,64,26,9.92427921295166,1,7512.812042695003,90023.79671069059,19.0,110.0,9.022717475891113,2304,2026-02-20 16:22:12,2026-02-20 16:22:12
2000.0,64,27,11.298733711242676,2,8244.135187398833,58821.62043021264,20.584533480191634,42.0,9.022717475891113,2305,2026-02-20 16:22:12,2026-02-20 16:22:12
2000.0,64,28,10.994914054870605,1,7974.350504233464,88647.23011008126,20.0,107.0,9.022717475891113,2306,2026-02-20 16:22:12,2026-02-20 16:22:12
2000.0,64,30,7.994034767150879,8,10064.596560574011,63676.63146184245,24.52886645540452,52.580696268849174,9.022717475891113,2308,2026-02-20 16:22:12,2026-02-20 16:22:12
2000.0,64,40,9.101816177368164,4,14465.837270203854,73377.33600502253,34.064887992935844,73.72178280738537,9.022717475891113,2318,2026-02-20 16:22:12,2026-02-20 16:22:12
2000.0,64,49,9.5,2,17902.205479732682,86352.95244239905,41.51035244691497,102.0,9.022717475891113,2325,2026-02-20 16:22:12,2026-02-20 16:22:12
2000.0,64,58,8.041418075561523,2,22770.580658043138,87702.67660614014,52.05849866658763,104.94150133341236,9.022717475891113,2333,2026-02-20 16:22:12,2026-02-20 16:22:12
2000.0,64,68,9.529424667358398,2,27666.35173068176,72587.28643630585,62.66600265730464,72.0,9.022717475891113,2343,2026-02-20 16:22:12,2026-02-20 16:22:12
2000.0,64,72,14.693432807922363,1,3820.5043503873103,52856.49849423891,11.0,29.0,14.022717475891113,2346,2026-02-20 16:22:12,2026-02-20 16:22:12
2000.0,64,73,16.462867736816406,7,4880.2586631734,75051.70256601741,13.296134344369861,77.37078873326007,14.022717475891113,2347,2026-02-20 16:22:12,2026-02-20 16:22:12
2000.0,64,76,16.016366958618164,5,17768.847811649113,79684.16614896967,41.22141083273391,87.46647952127228,14.022717475891113,2350,2026-02-20 16:22:12,2026-02-20 16:22:12
2000.0,64,77,13.863133430480957,7,20388.960976770795,65149.04877515293,46.89832269049755,55.78958709765192,14.022717475891113,2351,2026-02-20 16:22:12,2026-02-20 16:22:12
2000.0,65,5,9.418500900268555,1,128.19665807961792,41385.110155827904,3.0,4.0,9.022717475891113,2356,2026-02-20 16:30:58,2026-02-20 16:30:58
2000.0,65,7,7.954483985900879,45,3565.0100635468907,67306.87953369613,10.44642904517909,60.49222355037727,9.022717475891113,2358,2026-02-20 16:30:58,2026-02-20 16:30:58
2000.0,65,8,10.282964706420898,1,3358.9658888488484,46432.52102472875,10.0,15.0,9.022717475891113,2359,2026-02-20 16:30:58,2026-02-20 16:30:58
2000.0,65,19,9.84836196899414,1,10743.581273464233,56527.34276253044,26.0,37.0,9.022717475891113,2368,2026-02-20 16:30:58,2026-02-20 16:30:58
2000.0,65,22,12.480847358703613,12,15240.704803713048,64376.34037759799,35.74376764887243,54.105596514385766,9.022717475891113,2371,2026-02-20 16:30:58,2026-02-20 16:30:58
2000.0,65,29,13.370139122009277,14,17044.673280231524,74564.39728036664,39.65236601466247,76.30878718803501,9.022717475891113,2378,2026-02-20 16:30:58,2026-02-20 16:30:58
2000.0,65,43,14.432415962219238,4,3143.2198013789884,52041.54151233247,9.532550143815303,27.22393559117507,14.022717475891113,2387,2026-02-20 16:30:58,2026-02-20 16:30:58
2000.0,65,44,13.927140235900879,3,4397.842971062153,75238.82225155583,12.250900344795491,77.77858524406223,14.022717475891113,2388,2026-02-20 16:30:58,2026-02-20 16:30:58
2000.0,65,45,16.165653228759766,2,9820.504350387311,63205.36837729287,24.0,51.55365605661176,14.022717475891113,2389,2026-02-20 16:30:58,2026-02-20 16:30:58
2000.0,65,46,15.792204856872559,5,21477.598063810954,68939.76086536887,49.25703637908456,64.05081925715228,14.022717475891113,2390,2026-02-20 16:30:58,2026-02-20 16:30:58
2000.0,65,52,19.860883712768555,1,26897.427427310387,68916.44216801433,61.0,64.0,19.022717475891113,2394,2026-02-20 16:30:58,2026-02-20 16:30:58
2000.0,66,3,10.71085262298584,2,-1256.4187265357668,65527.28728034939,0.0,56.61389557287361,9.022717475891113,2396,2026-02-20 16:39:43,2026-02-20 16:39:43
2000.0,66,11,11.01245403289795,45,4138.065875178151,72813.28229906943,11.688049970380154,72.49252073091895,9.022717475891113,2403,2026-02-20 16:39:43,2026-02-20 16:39:43
2000.0,66,12,11.544865608215332,4,4040.4854803973076,58907.11551449294,11.476625781688327,42.18632244362705,9.022717475891113,2404,2026-02-20 16:39:43,2026-02-20 16:39:43
2000.0,66,14,10.253914833068848,6,4773.231733004395,78782.31431228963,13.064242662337017,85.50104209976101,9.022717475891113,2405,2026-02-20 16:39:43,2026-02-20 16:39:43
2000.0,66,16,9.5,1,5205.119735002695,42302.821222900784,14.0,6.0,9.022717475891113,2407,2026-02-20 16:39:43,2026-02-20 16:39:43
2000.0,66,23,8.977023124694824,15,11467.420652765268,67322.56266144717,27.56831865515224,60.526402342186024,9.022717475891113,2414,2026-02-20 16:39:43,2026-02-20 16:39:43
2000.0,66,32,13.441038131713867,15,16803.286655731492,71534.24950698995,39.12936166157906,69.70507958964762,9.022717475891113,2422,2026-02-20 16:39:43,2026-02-20 16:39:43
2000.0,66,54,17.31346893310547,4,3121.3762318551503,52025.74797366302,9.485222409846987,27.1895161769692,14.022717475891113,2441,2026-02-20 16:39:43,2026-02-20 16:39:43
2000.0,66,55,14.5,1,4743.581273464233,66622.16450033212,13.0,59.0,14.022717475891113,2442,2026-02-20 16:39:43,2026-02-20 16:39:43
2000.0,66,56,15.712434768676758,5,17618.075426120206,66202.62298556509,40.894737330754616,58.085678423591006,14.022717475891113,2443,2026-02-20 16:39:43,2026-02-20 16:39:43
2000.0,66,57,14.554786682128906,3,22264.587410567354,73504.99750337873,50.96217996372343,74.0,14.022717475891113,2444,2026-02-20 16:39:43,2026-02-20 16:39:43
2000.0,66,58,14.333712577819824,3,26155.84881080444,71210.71983569654,59.39324633090378,69.0,14.022717475891113,2445,2026-02-20 16:39:43,2026-02-20 16:39:43
2000.0,67,2,10.999999046325684,9,557.2882214157205,54717.27550750813,3.9296983872282225,33.055256779684115,9.022717475891113,2448,2026-02-20 16:48:29,2026-02-20 16:48:29
2000.0,67,10,11.055346488952637,10,4353.141711539732,71618.42116323113,12.154047615830246,69.88851784001035,9.022717475891113,2455,2026-02-20 16:48:29,2026-02-20 16:48:29
2000.0,67,12,13.908587455749512,24,4656.705501511603,76631.36736436334,12.8117691607693,80.81340777758392,9.022717475891113,2457,2026-02-20 16:48:29,2026-02-20 16:48:29
2000.0,67,18,8.93105697631836,7,10162.617069458705,63599.756282831455,24.74124422465469,52.41315948789655,9.022717475891113,2463,2026-02-20 16:48:29,2026-02-20 16:48:29
2000.0,67,23,11.607528686523438,5,11374.18956622921,73519.18325852015,27.36631796765745,74.03091551502514,9.022717475891113,2467,2026-02-20 16:48:29,2026-02-20 16:48:29
2000.0,67,32,6.013248443603516,3,18185.80942452279,62431.3973332684,42.12482766062687,49.866913743493285,9.022717475891113,2474,2026-02-20 16:48:29,2026-02-20 16:48:29
2000.0,67,36,10.587804794311523,13,21419.20116394956,67315.03314512146,49.13050976271821,60.50999300248017,9.022717475891113,2478,2026-02-20 16:48:29,2026-02-20 16:48:29
2000.0,67,38,10.55106258392334,1,21358.96588884885,79928.9749728889,49.0,88.0,9.022717475891113,2480,2026-02-20 16:48:29,2026-02-20 16:48:29
2000.0,67,49,11.318300247192383,12,26751.15414574088,72932.24059234156,60.683074556599394,72.75177072264364,9.022717475891113,2490,2026-02-20 16:48:29,2026-02-20 16:48:29
2000.0,67,54,14.163507461547852,1,2897.4274273103874,66622.16450033212,9.0,59.0,14.022717475891113,2494,2026-02-20 16:48:29,2026-02-20 16:48:29
2000.0,67,55,15.56213665008545,1,10282.042811925772,57445.05382960332,25.0,39.0,14.022717475891113,2495,2026-02-20 16:48:29,2026-02-20 16:48:29
2000.0,67,57,14.399188995361328,11,17034.51191444843,70476.74668097896,39.63034972213243,67.40042649358335,14.022717475891113,2497,2026-02-20 16:48:29,2026-02-20 16:48:29
2000.0,67,59,14.5,1,25512.812042695004,64327.88683264992,58.0,54.0,14.022717475891113,2499,2026-02-20 16:48:29,2026-02-20 16:48:29
