height,frame,idx,reflectivity,num,cell,y,x,timestr,hdim_1,hdim_2,threshold_value,feature,time,time_cell,ncells,median_background_noise,mean_background_noise,std_dev,iqr,percent_covered,sigma_threshold,segmentation_threshold
800.0,4,8,8.477128982543945,4,21,8907.617940288326,60535.598880997866,2026-02-20 11:49:56,22.022079444785533,45.73533351025636,6.912739038467407,93,2026-02-20 11:49:56,0 days 00:00:00,9.0,3.9127390384674072,4.571230888366699,5.292054653167725,6.957387715578079,23.333195152620597,0.25,8
800.0,5,15,14.431035041809082,7,21,7590.748981736993,61405.69171705649,2026-02-20 11:54:09,19.168863367924313,47.63155742490056,11.912739038467407,112,2026-02-20 11:54:09,0 days 00:04:13,27.0,3.9127390384674072,4.571230888366699,5.292054653167725,6.957387715578079,23.333195152620597,0.25,8
800.0,6,26,21.519859313964844,6,21,7467.408782400529,64085.62361257882,2026-02-20 11:58:32,18.901626269361973,53.47202724525526,16.912739038467407,135,2026-02-20 11:58:32,0 days 00:08:36,39.0,3.9127390384674072,4.571230888366699,5.292054653167725,6.957387715578079,23.333195152620597,0.25,8
800.0,7,25,15.801480293273926,6,21,7289.95910246821,66803.18335002809,2026-02-20 12:02:45,18.51715196284195,59.39450074471335,16.912739038467407,151,2026-02-20 12:02:45,0 days 00:12:49,45.0,3.9127390384674072,4.571230888366699,5.292054653167725,6.957387715578079,23.333195152620597,0.25,8
800.0,8,18,17.760761260986328,4,21,7051.363674820129,70209.26667538537,2026-02-20 12:07:07,18.00019520293777,66.8174979113952,16.912739038467407,165,2026-02-20 12:07:07,0 days 00:17:11,44.0,3.9127390384674072,4.571230888366699,5.292054653167725,6.957387715578079,23.333195152620597,0.25,8
800.0,9,17,17.57754135131836,3,21,7512.812042695003,72972.48031703277,2026-02-20 12:11:20,19.0,72.83946656970265,16.912739038467407,176,2026-02-20 12:11:20,0 days 00:21:24,58.0,3.9127390384674072,4.571230888366699,5.292054653167725,6.957387715578079,23.333195152620597,0.25,8
800.0,10,18,18.366655349731445,4,21,7051.273581156542,74932.6387545758,2026-02-20 12:15:43,18.0,77.11130878207811,16.912739038467407,186,2026-02-20 12:15:43,0 days 00:25:47,77.0,3.9127390384674072,4.571230888366699,5.292054653167725,6.957387715578079,23.333195152620597,0.25,8
800.0,11,29,15.711249351501465,3,21,6387.726225051891,76199.90608908956,2026-02-20 12:20:06,16.562314061773257,79.87310904794137,16.912739038467407,204,2026-02-20 12:20:06,0 days 00:30:10,112.0,3.9127390384674072,4.571230888366699,5.292054653167725,6.957387715578079,23.333195152620597,0.25,8
800.0,12,33,15.588587760925293,11,21,6335.053778552123,78563.23606042263,2026-02-20 12:24:19,16.448190427690427,85.02359716152839,16.912739038467407,229,2026-02-20 12:24:19,0 days 00:34:23,102.0,3.9127390384674072,4.571230888366699,5.292054653167725,6.957387715578079,23.333195152620597,0.25,8
800.0,13,24,14.191696166992188,30,21,6860.480658598298,81054.07990460828,2026-02-20 12:28:24,17.58661533445714,90.45198074227872,11.912739038467407,245,2026-02-20 12:28:24,0 days 00:38:28,82.0,3.9127390384674072,4.571230888366699,5.292054653167725,6.957387715578079,23.333195152620597,0.25,8
800.0,14,24,14.266642570495605,34,21,7070.909624176091,84349.88891940714,2026-02-20 12:32:47,18.04254475987569,97.63465322613821,11.912739038467407,267,2026-02-20 12:32:47,0 days 00:42:51,80.0,3.9127390384674072,4.571230888366699,5.292054653167725,6.957387715578079,23.333195152620597,0.25,8
800.0,15,48,17.67487335205078,1,21,7512.812042695003,85894.09690886262,2026-02-20 12:37:09,19.0,101.0,16.912739038467407,306,2026-02-20 12:37:09,0 days 00:47:13,52.0,3.9127390384674072,4.571230888366699,5.292054653167725,6.957387715578079,23.333195152620597,0.25,8
800.0,16,54,14.898844718933105,7,21,7474.6144552529295,88377.27962509579,2026-02-20 12:41:22,18.917238560542174,106.41168741519812,11.912739038467407,347,2026-02-20 12:41:22,0 days 00:51:26,42.0,3.9127390384674072,4.571230888366699,5.292054653167725,6.957387715578079,23.333195152620597,0.25,8
800.0,17,52,14.813098907470703,5,21,7572.79082523906,90559.72678511527,2026-02-20 12:45:27,19.129954028845457,111.16797125730234,11.912739038467407,397,2026-02-20 12:45:27,0 days 00:55:31,30.0,3.9127390384674072,4.571230888366699,5.292054653167725,6.957387715578079,23.333195152620597,0.25,8
800.0,18,59,13.792763710021973,2,21,7689.972447982905,92318.07437837278,2026-02-20 12:49:40,19.383847544790456,115.0,11.912739038467407,443,2026-02-20 12:49:40,0 days 00:59:44,18.0,3.9127390384674072,4.571230888366699,5.292054653167725,6.957387715578079,23.333195152620597,0.25,8
800.0,19,63,12.53946304321289,1,21,7512.812042695003,95988.9186466643,2026-02-20 12:53:47,19.0,123.0,11.912739038467407,495,2026-02-20 12:53:47,0 days 01:03:51,12.0,3.9127390384674072,4.571230888366699,5.292054653167725,6.957387715578079,23.333195152620597,0.25,8
800.0,20,15,10.203702926635742,1,21,7512.812042695003,98283.19631434651,2026-02-20 12:58:10,19.0,128.0,6.912739038467407,522,2026-02-20 12:58:10,0 days 01:08:14,6.0,3.9127390384674072,4.571230888366699,5.292054653167725,6.957387715578079,23.333195152620597,0.25,8
800.0,34,53,12.999999046325684,1,192,9820.504350387311,53774.2095613118,2026-02-20 13:59:07,24.0,31.0,11.912739038467407,1234,2026-02-20 13:59:07,0 days 00:00:00,18.0,3.9127390384674072,4.571230888366699,5.292054653167725,6.957387715578079,23.333195152620597,0.25,8
800.0,35,17,7.981385231018066,3,192,10061.827340125152,55833.642647021254,2026-02-20 14:03:30,24.522866477765323,35.488194944141185,6.912739038467407,1258,2026-02-20 14:03:30,0 days 00:04:23,11.0,3.9127390384674072,4.571230888366699,5.292054653167725,6.957387715578079,23.333195152620597,0.25,8
800.0,36,77,18.57189178466797,2,192,10117.550780515547,58362.7648966762,2026-02-20 14:07:52,24.643600598611176,41.0,16.912739038467407,1347,2026-02-20 14:07:52,0 days 00:08:45,27.0,3.9127390384674072,4.571230888366699,5.292054653167725,6.957387715578079,23.333195152620597,0.25,8
800.0,37,71,16.42380714416504,4,192,10138.430681730108,60656.75731276613,2026-02-20 14:12:16,24.68884038457606,45.99937834117403,16.912739038467407,1397,2026-02-20 14:12:16,0 days 00:13:09,84.0,3.9127390384674072,4.571230888366699,5.292054653167725,6.957387715578079,23.333195152620597,0.25,8
800.0,38,62,21.311683654785156,16,192,10072.244864456923,59704.31014374682,2026-02-20 14:16:39,24.54543778048416,43.92367673269887,16.912739038467407,1438,2026-02-20 14:16:39,0 days 00:17:32,134.0,3.9127390384674072,4.571230888366699,5.292054653167725,6.957387715578079,23.333195152620597,0.25,8
800.0,39,49,22.492332458496094,45,192,10140.335682811206,62534.794440949874,2026-02-20 14:21:02,24.692967886918442,50.09225069624741,16.912739038467407,1477,2026-02-20 14:21:02,0 days 00:21:55,147.0,3.9127390384674072,4.571230888366699,5.292054653167725,6.957387715578079,23.333195152620597,0.25,8
800.0,40,51,15.928833961486816,41,192,9572.840907745196,62662.589983963844,2026-02-20 14:25:24,23.46339587427542,50.37076001709844,16.912739038467407,1512,2026-02-20 14:25:24,0 days 00:26:17,156.0,3.9127390384674072,4.571230888366699,5.292054653167725,6.957387715578079,23.333195152620597,0.25,8
800.0,41,56,19.230384826660156,11,192,8854.176311854253,63188.73456505774,2026-02-20 14:29:47,21.90628924984504,51.51740540467577,16.912739038467407,1561,2026-02-20 14:29:47,0 days 00:30:40,171.0,3.9127390384674072,4.571230888366699,5.292054653167725,6.957387715578079,23.333195152620597,0.25,8
800.0,42,67,18.22100257873535,11,192,9750.700443897344,62539.60695142569,2026-02-20 14:34:10,23.848758202605072,50.10273876956043,16.912739038467407,1618,2026-02-20 14:34:10,0 days 00:35:03,120.0,3.9127390384674072,4.571230888366699,5.292054653167725,6.957387715578079,23.333195152620597,0.25,8
800.0,44,52,12.755913734436035,3,246,8292.9747756174,56338.5064259159,2026-02-20 14:42:37,20.690352587998525,36.588462331141216,11.912739038467407,1721,2026-02-20 14:42:37,0 days 00:00:00,13.0,3.9127390384674072,4.571230888366699,5.292054653167725,6.957387715578079,23.333195152620597,0.25,8
800.0,45,67,17.0,1,246,8435.888965771926,57903.909363139755,2026-02-20 14:47:00,21.0,40.0,16.912739038467407,1781,2026-02-20 14:47:00,0 days 00:04:23,52.0,3.9127390384674072,4.571230888366699,5.292054653167725,6.957387715578079,23.333195152620597,0.25,8
800.0,46,61,20.082672119140625,20,246,9881.129381626753,61605.64674215811,2026-02-20 14:51:12,24.131354234352123,48.06732644257056,16.912739038467407,1825,2026-02-20 14:51:12,0 days 00:08:35,75.0,3.9127390384674072,4.571230888366699,5.292054653167725,6.957387715578079,23.333195152620597,0.25,8
800.0,47,54,16.86008644104004,15,246,10533.651167167987,63821.410191897456,2026-02-20 14:55:35,25.545151436358132,52.89621764643653,16.912739038467407,1867,2026-02-20 14:55:35,0 days 00:12:58,70.0,3.9127390384674072,4.571230888366699,5.292054653167725,6.957387715578079,23.333195152620597,0.25,8
800.0,48,78,18.16545295715332,2,246,11364.827184464888,66163.30896679568,2026-02-20 14:59:58,27.346032807168086,58.0,16.912739038467407,1927,2026-02-20 14:59:58,0 days 00:17:21,70.0,3.9127390384674072,4.571230888366699,5.292054653167725,6.957387715578079,23.333195152620597,0.25,8
1100.0,0,7,7.766255855560303,1,-1,6128.196658079618,52856.49849423891,2026-02-20 11:32:35,16.0,29.0,7.659246444702148,3,2026-02-20 11:32:35,,1.0,4.659246444702148,5.324386119842529,5.559048652648926,7.376218289136887,30.45641089416739,0.25,8
1100.0,0,11,10.53559684753418,6,-1,17372.948161485045,89112.48431939758,2026-02-20 11:32:35,40.36362825737843,108.01394485913805,7.659246444702148,6,2026-02-20 11:32:35,,14.0,4.659246444702148,5.324386119842529,5.559048652648926,7.376218289136887,30.45641089416739,0.25,8
1100.0,0,25,8.121243476867676,1,-1,27358.96588884885,65245.59789972281,2026-02-20 11:32:35,62.0,56.0,7.659246444702148,16,2026-02-20 11:32:35,,4.0,4.659246444702148,5.324386119842529,5.559048652648926,7.376218289136887,30.45641089416739,0.25,8
1100.0,0,27,13.440314292907715,1,-1,-1256.4187265357668,80387.83050642534,2026-02-20 11:32:35,0.0,89.0,12.659246444702148,17,2026-02-20 11:32:35,,23.0,4.659246444702148,5.324386119842529,5.559048652648926,7.376218289136887,30.45641089416739,0.25,8
1100.0,0,30,12.836224555969238,3,-1,8612.855848807574,67509.18284120224,2026-02-20 11:32:35,21.38342824657724,60.9331102624693,12.659246444702148,19,2026-02-20 11:32:35,,39.0,4.659246444702148,5.324386119842529,5.559048652648926,7.376218289136887,30.45641089416739,0.25,8
1100.0,0,32,13.4109525680542,1,-1,13512.812042695003,43220.532289973664,2026-02-20 11:32:35,32.0,8.0,12.659246444702148,20,2026-02-20 11:32:35,,37.0,4.659246444702148,5.324386119842529,5.559048652648926,7.376218289136887,30.45641089416739,0.25,8
1100.0,0,37,13.393131256103516,2,-1,22282.04281192577,84832.52902220434,2026-02-20 11:32:35,51.0,98.68648777431824,12.659246444702148,25,2026-02-20 11:32:35,,27.0,4.659246444702148,5.324386119842529,5.559048652648926,7.376218289136887,30.45641089416739,0.25,8
1100.0,0,38,12.74127197265625,1,-1,25051.273581156544,90023.79671069059,2026-02-20 11:32:35,57.0,110.0,12.659246444702148,26,2026-02-20 11:32:35,,12.0,4.659246444702148,5.324386119842529,5.559048652648926,7.376218289136887,30.45641089416739,0.25,8
1100.0,0,39,13.134358406066895,16,-1,28010.23119028253,80960.35782604494,2026-02-20 11:32:35,63.411074819772985,90.24772892070644,12.659246444702148,27,2026-02-20 11:32:35,,47.0,4.659246444702148,5.324386119842529,5.559048652648926,7.376218289136887,30.45641089416739,0.25,8
1100.0,1,2,8.241971969604492,2,-1,-943.4748999223807,86811.8079759355,2026-02-20 11:36:48,0.6780449576623365,103.0,7.659246444702148,30,2026-02-20 11:36:48,,2.0,4.659246444702148,5.324386119842529,5.559048652648926,7.376218289136887,30.45641089416739,0.25,8
1100.0,1,5,7.789308547973633,1,-1,2435.8889657719255,58362.7648966762,2026-02-20 11:36:48,8.0,41.0,7.659246444702148,31,2026-02-20 11:36:48,,0.0,4.659246444702148,5.324386119842529,5.559048652648926,7.376218289136887,30.45641089416739,0.25,8
1100.0,1,6,8.601115226745605,1,-1,3358.9658888488484,57903.909363139755,2026-02-20 11:36:48,10.0,40.0,7.659246444702148,32,2026-02-20 11:36:48,,2.0,4.659246444702148,5.324386119842529,5.559048652648926,7.376218289136887,30.45641089416739,0.25,8
1100.0,1,14,10.164321899414062,1,-1,16743.58127346423,90941.50777776347,2026-02-20 11:36:48,39.0,112.0,7.659246444702148,37,2026-02-20 11:36:48,,9.0,4.659246444702148,5.324386119842529,5.559048652648926,7.376218289136887,30.45641089416739,0.25,8
1100.0,1,18,8.5,1,-1,24589.735119618083,70293.00876862365,2026-02-20 11:36:48,56.0,67.0,7.659246444702148,40,2026-02-20 11:36:48,,2.0,4.659246444702148,5.324386119842529,5.559048652648926,7.376218289136887,30.45641089416739,0.25,8
1100.0,1,20,8.0,1,-1,26435.888965771926,91859.21884483634,2026-02-20 11:36:48,60.0,114.0,7.659246444702148,41,2026-02-20 11:36:48,,14.0,4.659246444702148,5.324386119842529,5.559048652648926,7.376218289136887,30.45641089416739,0.25,8
1100.0,1,23,15.705994606018066,16,-1,-1017.4955977078776,81099.54678392517,2026-02-20 11:36:48,0.5176667791270935,90.55106831122764,12.659246444702148,43,2026-02-20 11:36:48,,41.0,4.659246444702148,5.324386119842529,5.559048652648926,7.376218289136887,30.45641089416739,0.25,8
1100.0,1,36,17.196008682250977,14,-1,27881.42428902854,84011.89744573798,2026-02-20 11:36:48,63.13199320038933,96.89805652202041,12.659246444702148,54,2026-02-20 11:36:48,,92.0,4.659246444702148,5.324386119842529,5.559048652648926,7.376218289136887,30.45641089416739,0.25,8
1100.0,1,40,17.843242645263672,1,-1,10282.042811925772,48267.943158874514,2026-02-20 11:36:48,25.0,19.0,17.65924644470215,57,2026-02-20 11:36:48,,42.0,4.659246444702148,5.324386119842529,5.559048652648926,7.376218289136887,30.45641089416739,0.25,8
1100.0,2,23,7.69752311706543,2,-1,26854.312724877156,72128.43090276941,2026-02-20 11:41:11,60.906584811394666,71.0,7.659246444702148,71,2026-02-20 11:41:11,,1.0,4.659246444702148,5.324386119842529,5.559048652648926,7.376218289136887,30.45641089416739,0.25,8
1100.0,2,28,14.628439903259277,13,-1,-1017.3192103429581,82856.97203096417,2026-02-20 11:41:11,0.5180489517510858,94.3810869523768,12.659246444702148,73,2026-02-20 11:41:11,,49.0,4.659246444702148,5.324386119842529,5.559048652648926,7.376218289136887,30.45641089416739,0.25,8
1100.0,2,33,12.694400787353516,2,-1,8893.081914575838,72587.28643630585,2026-02-20 11:41:11,21.990584722408475,72.0,12.659246444702148,78,2026-02-20 11:41:11,,21.0,4.659246444702148,5.324386119842529,5.559048652648926,7.376218289136887,30.45641089416739,0.25,8
1100.0,2,35,14.083327293395996,20,-1,10697.756131664659,50270.962151463624,2026-02-20 11:41:11,25.90071219276759,23.365249727188996,12.659246444702148,80,2026-02-20 11:41:11,,45.0,4.659246444702148,5.324386119842529,5.559048652648926,7.376218289136887,30.45641089416739,0.25,8
1100.0,2,48,18.591732025146484,1,-1,27820.50435038731,83140.96370764397,2026-02-20 11:41:11,63.0,95.0,17.65924644470215,91,2026-02-20 11:41:11,,107.0,4.659246444702148,5.324386119842529,5.559048652648926,7.376218289136887,30.45641089416739,0.25,8
1100.0,3,2,5.986720085144043,4,-1,1921.0805238000787,63690.9948963271,2026-02-20 11:45:33,6.884581709060998,52.61199900671516,7.659246444702148,92,2026-02-20 11:45:33,,5.0,4.659246444702148,5.324386119842529,5.559048652648926,7.376218289136887,30.45641089416739,0.25,8
1100.0,3,5,9.110098838806152,1,-1,2897.4274273103874,87729.51904300839,2026-02-20 11:45:33,9.0,105.0,7.659246444702148,94,2026-02-20 11:45:33,,9.0,4.659246444702148,5.324386119842529,5.559048652648926,7.376218289136887,30.45641089416739,0.25,8
1100.0,3,7,8.46532917022705,1,-1,5205.119735002695,39549.688021682145,2026-02-20 11:45:33,14.0,0.0,7.659246444702148,96,2026-02-20 11:45:33,,2.0,4.659246444702148,5.324386119842529,5.559048652648926,7.376218289136887,30.45641089416739,0.25,8
1100.0,3,10,10.099533081054688,2,22,8435.888965771926,57655.26203630214,2026-02-20 11:45:33,21.0,39.45811413688037,7.659246444702148,98,2026-02-20 11:45:33,0 days 00:00:00,9.0,4.659246444702148,5.324386119842529,5.559048652648926,7.376218289136887,30.45641089416739,0.25,8
1100.0,3,17,10.645378112792969,1,-1,17666.658196541153,95530.06311312786,2026-02-20 11:45:33,41.0,122.0,7.659246444702148,103,2026-02-20 11:45:33,,8.0,4.659246444702148,5.324386119842529,5.559048652648926,7.376218289136887,30.45641089416739,0.25,8
1100.0,3,25,14.636211395263672,15,-1,10187.107314169889,52429.03659101212,2026-02-20 11:45:33,24.79430642152892,28.06841724249828,12.659246444702148,107,2026-02-20 11:45:33,,61.0,4.659246444702148,5.324386119842529,5.559048652648926,7.376218289136887,30.45641089416739,0.25,8
1100.0,3,37,18.179479598999023,1,-1,-1256.4187265357668,82682.10817410753,2026-02-20 11:45:33,0.0,94.0,17.65924644470215,116,2026-02-20 11:45:33,,8.0,4.659246444702148,5.324386119842529,5.559048652648926,7.376218289136887,30.45641089416739,0.25,8
1100.0,3,38,17.854976654052734,1,-1,-1256.4187265357668,84058.67477471687,2026-02-20 11:45:33,0.0,97.0,17.65924644470215,117,2026-02-20 11:45:33,,37.0,4.659246444702148,5.324386119842529,5.559048652648926,7.376218289136887,30.45641089416739,0.25,8
1100.0,3,40,17.922630310058594,1,-1,14897.427427310387,50103.36529302027,2026-02-20 11:45:33,35.0,23.0,17.65924644470215,119,2026-02-20 11:45:33,,32.0,4.659246444702148,5.324386119842529,5.559048652648926,7.376218289136887,30.45641089416739,0.25,8
1100.0,3,42,20.682756423950195,6,-1,27803.19848749853,89436.92459304373,2026-02-20 11:45:33,62.96250396374097,108.72100895651457,17.65924644470215,121,2026-02-20 11:45:33,,92.0,4.659246444702148,5.324386119842529,5.559048652648926,7.376218289136887,30.45641089416739,0.25,8
1100.0,4,5,12.23237419128418,1,-1,2897.4274273103874,63410.17576557704,2026-02-20 11:49:56,9.0,52.0,7.659246444702148,123,2026-02-20 11:49:56,,10.0,4.659246444702148,5.324386119842529,5.559048652648926,7.376218289136887,30.45641089416739,0.25,8
1100.0,4,8,7.886111259460449,5,-1,5669.141771988853,83197.70296363372,2026-02-20 11:49:56,15.005381080136678,95.12365385582792,7.659246444702148,126,2026-02-20 11:49:56,,4.0,4.659246444702148,5.324386119842529,5.559048652648926,7.376218289136887,30.45641089416739,0.25,8
1100.0,4,10,8.682714462280273,2,-1,6589.73511961808,42331.462789573765,2026-02-20 11:49:56,17.0,6.06241957343793,7.659246444702148,128,2026-02-20 11:49:56,,4.0,4.659246444702148,5.324386119842529,5.559048652648926,7.376218289136887,30.45641089416739,0.25,8
1100.0,4,24,13.628746032714844,4,-1,-1076.2767526858302,84512.06896593467,2026-02-20 11:49:56,0.39030761000819625,97.98809790463558,12.659246444702148,135,2026-02-20 11:49:56,,26.0,4.659246444702148,5.324386119842529,5.559048652648926,7.376218289136887,30.45641089416739,0.25,8
1100.0,4,41,22.744083404541016,4,-1,-1256.4187265357668,45885.82452119248,2026-02-20 11:49:56,0.0,13.808565085130764,17.65924644470215,146,2026-02-20 11:49:56,,8.0,4.659246444702148,5.324386119842529,5.559048652648926,7.376218289136887,30.45641089416739,0.25,8
1100.0,4,42,17.99467658996582,1,22,7512.812042695003,57903.909363139755,2026-02-20 11:49:56,19.0,40.0,17.65924644470215,147,2026-02-20 11:49:56,0 days 00:04:23,32.0,4.659246444702148,5.324386119842529,5.559048652648926,7.376218289136887,30.45641089416739,0.25,8
1100.0,4,43,17.91078758239746,1,-1,11666.658196541157,53315.35402777536,2026-02-20 11:49:56,28.0,30.0,17.65924644470215,148,2026-02-20 11:49:56,,59.0,4.659246444702148,5.324386119842529,5.559048652648926,7.376218289136887,30.45641089416739,0.25,8
1100.0,4,44,18.253971099853516,1,-1,13512.812042695003,52856.49849423891,2026-02-20 11:49:56,32.0,29.0,17.65924644470215,149,2026-02-20 11:49:56,,38.0,4.659246444702148,5.324386119842529,5.559048652648926,7.376218289136887,30.45641089416739,0.25,8
1100.0,4,45,16.67429542541504,2,-1,26303.839193843552,86943.09014113055,2026-02-20 11:49:56,59.71389216082186,103.28610783917814,17.65924644470215,150,2026-02-20 11:49:56,,130.0,4.659246444702148,5.324386119842529,5.559048652648926,7.376218289136887,30.45641089416739,0.25,8
1100.0,5,6,11.43228816986084,3,-1,2953.401845957609,66357.20286760054,2026-02-20 11:54:09,9.121277907068981,58.42255979634919,7.659246444702148,156,2026-02-20 11:54:09,,6.0,4.659246444702148,5.324386119842529,5.559048652648926,7.376218289136887,30.45641089416739,0.25,8
1100.0,5,13,12.086501121520996,2,-1,8436.587366244365,78093.55283874314,2026-02-20 11:54:09,21.001513201023617,84.0,7.659246444702148,161,2026-02-20 11:54:09,,5.0,4.659246444702148,5.324386119842529,5.559048652648926,7.376218289136887,30.45641089416739,0.25,8
1100.0,5,14,9.970489501953125,2,-1,8573.893940385411,79011.26390581601,2026-02-20 11:54:09,21.299010778329215,86.0,7.659246444702148,162,2026-02-20 11:54:09,,5.0,4.659246444702148,5.324386119842529,5.559048652648926,7.376218289136887,30.45641089416739,0.25,8
1100.0,5,23,10.244542121887207,1,-1,28743.58127346423,81764.39710703466,2026-02-20 11:54:09,65.0,92.0,7.659246444702148,169,2026-02-20 11:54:09,,2.0,4.659246444702148,5.324386119842529,5.559048652648926,7.376218289136887,30.45641089416739,0.25,8
1100.0,5,25,13.150731086730957,1,-1,-1256.4187265357668,86352.95244239905,2026-02-20 11:54:09,0.0,102.0,12.659246444702148,170,2026-02-20 11:54:09,,8.0,4.659246444702148,5.324386119842529,5.559048652648926,7.376218289136887,30.45641089416739,0.25,8
1100.0,5,35,25.700410842895508,14,22,7606.778390800302,61717.98957646567,2026-02-20 11:54:09,19.203593754228148,48.31215913193954,17.65924644470215,174,2026-02-20 11:54:09,0 days 00:08:36,52.0,4.659246444702148,5.324386119842529,5.559048652648926,7.376218289136887,30.45641089416739,0.25,8
1100.0,5,39,21.0,1,-1,25512.812042695004,88647.23011008126,2026-02-20 11:54:09,58.0,107.0,17.65924644470215,178,2026-02-20 11:54:09,,97.0,4.659246444702148,5.324386119842529,5.559048652648926,7.376218289136887,30.45641089416739,0.25,8
1100.0,6,2,8.149517059326172,1,-1,-1256.4187265357668,88647.23011008126,2026-02-20 11:58:32,0.0,107.0,7.659246444702148,179,2026-02-20 11:58:32,,4.0,4.659246444702148,5.324386119842529,5.559048652648926,7.376218289136887,30.45641089416739,0.25,8
1100.0,6,10,7.705416679382324,1,-1,8435.888965771926,81764.39710703466,2026-02-20 11:58:32,21.0,92.0,7.659246444702148,184,2026-02-20 11:58:32,,1.0,4.659246444702148,5.324386119842529,5.559048652648926,7.376218289136887,30.45641089416739,0.25,8
1100.0,6,16,8.5,1,-1,20435.888965771926,91859.21884483634,2026-02-20 11:58:32,47.0,114.0,7.659246444702148,189,2026-02-20 11:58:32,,10.0,4.659246444702148,5.324386119842529,5.559048652648926,7.376218289136887,30.45641089416739,0.25,8
1100.0,6,23,13.0,1,-1,128.19665807961792,41385.110155827904,2026-02-20 11:58:32,3.0,4.0,12.659246444702148,193,2026-02-20 11:58:32,,8.0,4.659246444702148,5.324386119842529,5.559048652648926,7.376218289136887,30.45641089416739,0.25,8
1100.0,6,32,17.34990692138672,7,-1,26093.391367448392,91248.93116082928,2026-02-20 11:58:32,59.25792187029901,112.66997858933175,12.659246444702148,200,2026-02-20 11:58:32,,96.0,4.659246444702148,5.324386119842529,5.559048652648926,7.376218289136887,30.45641089416739,0.25,8
1100.0,6,34,26.557281494140625,28,22,7461.710773515209,64824.9909567551,2026-02-20 11:58:32,18.88928058344378,55.08335649844724,17.65924644470215,201,2026-02-20 11:58:32,0 days 00:12:59,145.0,4.659246444702148,5.324386119842529,5.559048652648926,7.376218289136887,30.45641089416739,0.25,8
1100.0,6,35,17.94639015197754,1,-1,15358.96588884885,56068.487228993996,2026-02-20 11:58:32,36.0,36.0,17.65924644470215,202,2026-02-20 11:58:32,,34.0,4.659246444702148,5.324386119842529,5.559048652648926,7.376218289136887,30.45641089416739,0.25,8
1100.0,7,1,10.094435691833496,3,-1,-1156.715140281662,42946.222172504815,2026-02-20 12:02:45,0.21602443688389383,7.402186314819576,7.659246444702148,203,2026-02-20 12:02:45,,3.0,4.659246444702148,5.324386119842529,5.559048652648926,7.376218289136887,30.45641089416739,0.25,8
1100.0,7,11,7.788681983947754,4,-1,9194.165646683165,83379.84653385829,2026-02-20 12:02:45,22.642932808641017,95.52060574354029,7.659246444702148,210,2026-02-20 12:02:45,,11.0,4.659246444702148,5.324386119842529,5.559048652648926,7.376218289136887,30.45641089416739,0.25,8
1100.0,7,15,7.740653038024902,1,-1,14897.427427310387,65704.45343325924,2026-02-20 12:02:45,35.0,57.0,7.659246444702148,214,2026-02-20 12:02:45,,4.0,4.659246444702148,5.324386119842529,5.559048652648926,7.376218289136887,30.45641089416739,0.25,8
1100.0,7,16,9.492558479309082,1,-1,20897.427427310387,93235.78544544567,2026-02-20 12:02:45,48.0,117.0,7.659246444702148,215,2026-02-20 12:02:45,,20.0,4.659246444702148,5.324386119842529,5.559048652648926,7.376218289136887,30.45641089416739,0.25,8
1100.0,7,24,15.5,1,-1,8435.888965771926,41843.96568936435,2026-02-20 12:02:45,21.0,5.0,12.659246444702148,219,2026-02-20 12:02:45,,2.0,4.659246444702148,5.324386119842529,5.559048652648926,7.376218289136887,30.45641089416739,0.25,8
1100.0,7,27,15.57859992980957,3,-1,26053.2923165184,83717.97576463367,2026-02-20 12:02:45,59.171040593284026,96.25750266656391,12.659246444702148,221,2026-02-20 12:02:45,,9.0,4.659246444702148,5.324386119842529,5.559048652648926,7.376218289136887,30.45641089416739,0.25,8
1100.0,7,30,22.16680335998535,30,22,7335.424729035687,67218.25674533317,2026-02-20 12:02:45,18.615660820404816,60.299084791256426,17.65924644470215,223,2026-02-20 12:02:45,0 days 00:17:12,75.0,4.659246444702148,5.324386119842529,5.559048652648926,7.376218289136887,30.45641089416739,0.25,8
1100.0,7,31,18.191707611083984,1,-1,12128.196658079618,61115.89809789484,2026-02-20 12:02:45,29.0,47.0,17.65924644470215,224,2026-02-20 12:02:45,,97.0,4.659246444702148,5.324386119842529,5.559048652648926,7.376218289136887,30.45641089416739,0.25,8
1100.0,7,32,20.632150650024414,1,-1,14897.427427310387,58362.7648966762,2026-02-20 12:02:45,35.0,41.0,17.65924644470215,225,2026-02-20 12:02:45,,40.0,4.659246444702148,5.324386119842529,5.559048652648926,7.376218289136887,30.45641089416739,0.25,8
1100.0,8,1,2.9750444889068604,3,-1,-800.433393070271,39729.52061995429,2026-02-20 12:07:07,0.9879682225085742,0.3919155052705871,7.659246444702148,226,2026-02-20 12:07:07,,7.0,4.659246444702148,5.324386119842529,5.559048652648926,7.376218289136887,30.45641089416739,0.25,8
1100.0,8,3,8.147869110107422,3,-1,5625.3247483216965,42497.94405799504,2026-02-20 12:07:07,14.910444195524503,6.425238056061834,7.659246444702148,227,2026-02-20 12:07:07,,6.0,4.659246444702148,5.324386119842529,5.559048652648926,7.376218289136887,30.45641089416739,0.25,8
1100.0,8,7,7.9678263664245605,3,-1,11113.728158375303,88608.45255986432,2026-02-20 12:07:07,26.80198491730732,106.91549072119045,7.659246444702148,230,2026-02-20 12:07:07,,7.0,4.659246444702148,5.324386119842529,5.559048652648926,7.376218289136887,30.45641089416739,0.25,8
1100.0,8,19,16.509647369384766,25,-1,13033.07235302015,63180.838362356546,2026-02-20 12:07:07,30.960564005704484,51.500196932457214,12.659246444702148,238,2026-02-20 12:07:07,,158.0,4.659246444702148,5.324386119842529,5.559048652648926,7.376218289136887,30.45641089416739,0.25,8
1100.0,8,23,10.52148723602295,3,-1,28697.535504192398,83598.05890410516,2026-02-20 12:07:07,64.90023416657769,95.9961636355092,12.659246444702148,242,2026-02-20 12:07:07,,10.0,4.659246444702148,5.324386119842529,5.559048652648926,7.376218289136887,30.45641089416739,0.25,8
1100.0,8,25,22.00823974609375,18,22,7217.3388331815495,70050.81829599923,2026-02-20 12:07:07,18.359808046054184,66.47218578632399,17.65924644470215,243,2026-02-20 12:07:07,0 days 00:21:34,76.0,4.659246444702148,5.324386119842529,5.559048652648926,7.376218289136887,30.45641089416739,0.25,8
1100.0,9,6,8.280842781066895,1,-1,6589.73511961808,53315.35402777536,2026-02-20 12:11:20,17.0,30.0,7.659246444702148,246,2026-02-20 12:11:20,,6.0,4.659246444702148,5.324386119842529,5.559048652648926,7.376218289136887,30.45641089416739,0.25,8
1100.0,9,7,7.926578044891357,2,-1,8897.427427310387,88036.3276236199,2026-02-20 12:11:20,22.0,105.66863872872342,7.659246444702148,247,2026-02-20 12:11:20,,5.0,4.659246444702148,5.324386119842529,5.559048652648926,7.376218289136887,30.45641089416739,0.25,8
1100.0,9,8,8.290877342224121,2,-1,9018.5182349172,89106.0856436177,2026-02-20 12:11:20,22.262363416481424,108.0,7.659246444702148,248,2026-02-20 12:11:20,,1.0,4.659246444702148,5.324386119842529,5.559048652648926,7.376218289136887,30.45641089416739,0.25,8
1100.0,9,9,9.763296127319336,2,-1,9139.199285040526,90023.79671069059,2026-02-20 12:11:20,22.52383902508197,110.0,7.659246444702148,249,2026-02-20 12:11:20,,2.0,4.659246444702148,5.324386119842529,5.559048652648926,7.376218289136887,30.45641089416739,0.25,8
1100.0,9,10,9.0,1,-1,12128.196658079618,43679.38782351011,2026-02-20 12:11:20,29.0,9.0,7.659246444702148,250,2026-02-20 12:11:20,,2.0,4.659246444702148,5.324386119842529,5.559048652648926,7.376218289136887,30.45641089416739,0.25,8
1100.0,9,30,15.181607246398926,1,-1,28743.58127346423,85435.24137532618,2026-02-20 12:11:20,65.0,100.0,12.659246444702148,263,2026-02-20 12:11:20,,10.0,4.659246444702148,5.324386119842529,5.559048652648926,7.376218289136887,30.45641089416739,0.25,8
1100.0,9,33,19.913354873657227,3,-1,-1256.4187265357668,46327.6708933682,2026-02-20 12:11:20,0.0,14.771496421646148,17.65924644470215,265,2026-02-20 12:11:20,,13.0,4.659246444702148,5.324386119842529,5.559048652648926,7.376218289136887,30.45641089416739,0.25,8
1100.0,9,34,20.074106216430664,17,22,7087.4308539354315,72372.1451065385,2026-02-20 12:11:20,18.078340757687595,71.53113493454195,17.65924644470215,266,2026-02-20 12:11:20,0 days 00:25:47,97.0,4.659246444702148,5.324386119842529,5.559048652648926,7.376218289136887,30.45641089416739,0.25,8
1100.0,9,35,19.217979431152344,5,-1,9215.267437976687,65970.29122495172,2026-02-20 12:11:20,22.68865335644365,57.57934964768464,17.65924644470215,267,2026-02-20 12:11:20,,123.0,4.659246444702148,5.324386119842529,5.559048652648926,7.376218289136887,30.45641089416739,0.25,8
1100.0,10,2,9.327850341796875,4,-1,-1045.9978556248313,50297.47785734982,2026-02-20 12:15:43,0.4559118869736936,23.42303633745789,7.659246444702148,269,2026-02-20 12:15:43,,2.0,4.659246444702148,5.324386119842529,5.559048652648926,7.376218289136887,30.45641089416739,0.25,8
1100.0,10,5,8.689114570617676,1,-1,5205.119735002695,49185.65422594739,2026-02-20 12:15:43,14.0,21.0,7.659246444702148,271,2026-02-20 12:15:43,,3.0,4.659246444702148,5.324386119842529,5.559048652648926,7.376218289136887,30.45641089416739,0.25,8
1100.0,10,8,7.906879425048828,1,-1,6128.196658079618,48267.943158874514,2026-02-20 12:15:43,16.0,19.0,7.659246444702148,273,2026-02-20 12:15:43,,0.0,4.659246444702148,5.324386119842529,5.559048652648926,7.376218289136887,30.45641089416739,0.25,8
1100.0,10,11,10.618261337280273,7,-1,9343.681238882065,91612.19908726994,2026-02-20 12:15:43,22.966883258405304,113.46166115582696,7.659246444702148,274,2026-02-20 12:15:43,,7.0,4.659246444702148,5.324386119842529,5.559048652648926,7.376218289136887,30.45641089416739,0.25,8
1100.0,10,30,12.250988960266113,6,-1,14252.374776506973,65710.18311724918,2026-02-20 12:15:43,33.60238592325927,57.01248690180497,12.659246444702148,286,2026-02-20 12:15:43,,52.0,4.659246444702148,5.324386119842529,5.559048652648926,7.376218289136887,30.45641089416739,0.25,8
1100.0,10,33,15.700039863586426,5,-1,28622.932957428628,87665.22336311845,2026-02-20 12:15:43,64.73859531525619,104.85987816384296,12.659246444702148,289,2026-02-20 12:15:43,,20.0,4.659246444702148,5.324386119842529,5.559048652648926,7.376218289136887,30.45641089416739,0.25,8
1100.0,10,34,15.499999046325684,2,-1,28527.550412036966,98283.19631434651,2026-02-20 12:15:43,64.53193313357426,128.0,12.659246444702148,290,2026-02-20 12:15:43,,7.0,4.659246444702148,5.324386119842529,5.559048652648926,7.376218289136887,30.45641089416739,0.25,8
1100.0,10,38,18.95524787902832,9,22,6840.844519208409,74847.97710801066,2026-02-20 12:15:43,17.544070365779046,76.92680267857175,17.65924644470215,293,2026-02-20 12:15:43,0 days 00:30:10,96.0,4.659246444702148,5.324386119842529,5.559048652648926,7.376218289136887,30.45641089416739,0.25,8
1100.0,10,39,22.11125946044922,2,-1,8977.561231285992,68457.58663447789,2026-02-20 12:15:43,22.173623241947144,63.0,17.65924644470215,294,2026-02-20 12:15:43,,68.0,4.659246444702148,5.324386119842529,5.559048652648926,7.376218289136887,30.45641089416739,0.25,8
1100.0,11,4,8.770853042602539,1,-1,6128.196658079618,48726.79869241095,2026-02-20 12:20:06,16.0,20.0,7.659246444702148,296,2026-02-20 12:20:06,,1.0,4.659246444702148,5.324386119842529,5.559048652648926,7.376218289136887,30.45641089416739,0.25,8
1100.0,11,15,9.559104919433594,7,-1,28526.643891702497,60196.56893763441,2026-02-20 12:20:06,64.52996900618291,44.99647363261573,7.659246444702148,305,2026-02-20 12:20:06,,10.0,4.659246444702148,5.324386119842529,5.559048652648926,7.376218289136887,30.45641089416739,0.25,8
1100.0,11,25,15.89995288848877,1,-1,16282.042811925772,66163.30896679568,2026-02-20 12:20:06,38.0,58.0,12.659246444702148,311,2026-02-20 12:20:06,,18.0,4.659246444702148,5.324386119842529,5.559048652648926,7.376218289136887,30.45641089416739,0.25,8
1100.0,11,30,19.340723037719727,7,22,6775.284227883528,77972.41883990045,2026-02-20 12:20:06,17.40202306790847,83.73600841661622,17.65924644470215,315,2026-02-20 12:20:06,0 days 00:34:33,133.0,4.659246444702148,5.324386119842529,5.559048652648926,7.376218289136887,30.45641089416739,0.25,8
1100.0,12,4,8.406185150146484,3,-1,-1096.595904258328,54928.31952776251,2026-02-20 12:24:19,0.34628278160111775,33.51519243443768,7.659246444702148,318,2026-02-20 12:24:19,,3.0,4.659246444702148,5.324386119842529,5.559048652648926,7.376218289136887,30.45641089416739,0.25,8
1100.0,12,9,10.016136169433594,2,-1,3820.5043503873103,53394.61862814162,2026-02-20 12:24:19,11.0,30.172744130936746,7.659246444702148,323,2026-02-20 12:24:19,,3.0,4.659246444702148,5.324386119842529,5.559048652648926,7.376218289136887,30.45641089416739,0.25,8
1100.0,12,15,7.6638712882995605,1,-1,9820.504350387311,94612.35204605499,2026-02-20 12:24:19,24.0,120.0,7.659246444702148,327,2026-02-20 12:24:19,,0.0,4.659246444702148,5.324386119842529,5.559048652648926,7.376218289136887,30.45641089416739,0.25,8
1100.0,12,17,8.0,1,-1,13512.812042695003,40008.54355521859,2026-02-20 12:24:19,32.0,1.0,7.659246444702148,329,2026-02-20 12:24:19,,0.0,4.659246444702148,5.324386119842529,5.559048652648926,7.376218289136887,30.45641089416739,0.25,8
1100.0,12,19,4.469945430755615,3,-1,14774.43911743282,69623.99327873818,2026-02-20 12:24:19,34.7335253285986,65.5419910168037,7.659246444702148,331,2026-02-20 12:24:19,,4.0,4.659246444702148,5.324386119842529,5.559048652648926,7.376218289136887,30.45641089416739,0.25,8
1100.0,12,25,11.332611083984375,6,-1,28743.58127346423,61563.69013836441,2026-02-20 12:24:19,65.0,47.975888940508995,7.659246444702148,336,2026-02-20 12:24:19,,9.0,4.659246444702148,5.324386119842529,5.559048652648926,7.376218289136887,30.45641089416739,0.25,8
1100.0,12,34,17.0,2,-1,28743.58127346423,91134.85642916347,2026-02-20 12:24:19,65.0,112.42137151514736,12.659246444702148,341,2026-02-20 12:24:19,,34.0,4.659246444702148,5.324386119842529,5.559048652648926,7.376218289136887,30.45641089416739,0.25,8
1100.0,12,38,20.707563400268555,30,22,6648.122370834416,79137.45082372229,2026-02-20 12:24:19,17.12650571096873,86.27500358758614,17.65924644470215,344,2026-02-20 12:24:19,0 days 00:38:46,164.0,4.659246444702148,5.324386119842529,5.559048652648926,7.376218289136887,30.45641089416739,0.25,8
1100.0,13,3,11.398427963256836,2,-1,-1256.4187265357668,58600.41371996527,2026-02-20 12:28:24,0.0,41.51791643757129,7.659246444702148,345,2026-02-20 12:28:24,,3.0,4.659246444702148,5.324386119842529,5.559048652648926,7.376218289136887,30.45641089416739,0.25,8
1100.0,13,7,11.107012748718262,4,-1,3647.0223415774076,55700.109370045975,2026-02-20 12:28:24,10.624122314245211,35.197181177899495,7.659246444702148,348,2026-02-20 12:28:24,,6.0,4.659246444702148,5.324386119842529,5.559048652648926,7.376218289136887,30.45641089416739,0.25,8
1100.0,13,8,8.288186073303223,1,-1,3820.5043503873103,64327.88683264992,2026-02-20 12:28:24,11.0,54.0,7.659246444702148,349,2026-02-20 12:28:24,,4.0,4.659246444702148,5.324386119842529,5.559048652648926,7.376218289136887,30.45641089416739,0.25,8
1100.0,13,11,5.6033854484558105,4,-1,7031.7262521134735,52977.75695857793,2026-02-20 12:28:24,17.95764745374002,29.264262835416766,7.659246444702148,351,2026-02-20 12:28:24,,12.0,4.659246444702148,5.324386119842529,5.559048652648926,7.376218289136887,30.45641089416739,0.25,8
1100.0,13,17,11.045177459716797,2,-1,14435.888965771926,71854.49142786452,2026-02-20 12:28:24,34.0,70.40299406919291,7.659246444702148,356,2026-02-20 12:28:24,,9.0,4.659246444702148,5.324386119842529,5.559048652648926,7.376218289136887,30.45641089416739,0.25,8
1100.0,13,18,7.664608478546143,1,-1,15820.504350387311,54233.065094848236,2026-02-20 12:28:24,37.0,32.0,7.659246444702148,357,2026-02-20 12:28:24,,1.0,4.659246444702148,5.324386119842529,5.559048652648926,7.376218289136887,30.45641089416739,0.25,8
1100.0,13,20,10.175558090209961,3,-1,28743.58127346423,63984.55894843921,2026-02-20 12:28:24,65.0,53.251773468732836,7.659246444702148,359,2026-02-20 12:28:24,,2.0,4.659246444702148,5.324386119842529,5.559048652648926,7.376218289136887,30.45641089416739,0.25,8
1100.0,13,32,23.5,1,-1,-1256.4187265357668,45514.80995765587,2026-02-20 12:28:24,0.0,13.0,17.65924644470215,364,2026-02-20 12:28:24,,43.0,4.659246444702148,5.324386119842529,5.559048652648926,7.376218289136887,30.45641089416739,0.25,8
1100.0,13,35,19.822280883789062,27,22,7069.033283053152,81608.64439005168,2026-02-20 12:28:24,18.038479354109324,91.66056262679763,17.65924644470215,367,2026-02-20 12:28:24,0 days 00:42:51,139.0,4.659246444702148,5.324386119842529,5.559048652648926,7.376218289136887,30.45641089416739,0.25,8
1100.0,14,4,12.132286071777344,2,-1,2949.271748913253,63410.17576557704,2026-02-20 12:32:47,9.112329363472876,52.0,7.659246444702148,374,2026-02-20 12:32:47,,9.0,4.659246444702148,5.324386119842529,5.559048652648926,7.376218289136887,30.45641089416739,0.25,8
1100.0,14,13,8.081649780273438,2,-1,14435.888965771926,41221.46435650752,2026-02-20 12:32:47,34.0,3.643360954897595,7.659246444702148,379,2026-02-20 12:32:47,,2.0,4.659246444702148,5.324386119842529,5.559048652648926,7.376218289136887,30.45641089416739,0.25,8
1100.0,14,14,8.555388450622559,1,-1,19974.350504233465,57903.909363139755,2026-02-20 12:32:47,46.0,40.0,7.659246444702148,380,2026-02-20 12:32:47,,3.0,4.659246444702148,5.324386119842529,5.559048652648926,7.376218289136887,30.45641089416739,0.25,8
1100.0,14,16,10.659966468811035,1,-1,28282.04281192577,60198.187030821966,2026-02-20 12:32:47,64.0,45.0,7.659246444702148,382,2026-02-20 12:32:47,,6.0,4.659246444702148,5.324386119842529,5.559048652648926,7.376218289136887,30.45641089416739,0.25,8
1100.0,14,36,21.543502807617188,43,22,7196.863189719815,85015.99475514016,2026-02-20 12:32:47,18.315444151887093,99.08632109772141,17.65924644470215,395,2026-02-20 12:32:47,0 days 00:47:14,143.0,4.659246444702148,5.324386119842529,5.559048652648926,7.376218289136887,30.45641089416739,0.25,8
1100.0,14,39,25.23783302307129,2,-1,28743.58127346423,67259.730499404,2026-02-20 12:32:47,65.0,60.38947000193744,17.65924644470215,398,2026-02-20 12:32:47,,11.0,4.659246444702148,5.324386119842529,5.559048652648926,7.376218289136887,30.45641089416739,0.25,8
1100.0,15,16,7.82191801071167,1,-1,11666.658196541157,81764.39710703466,2026-02-20 12:37:09,28.0,92.0,7.659246444702148,406,2026-02-20 12:37:09,,0.0,4.659246444702148,5.324386119842529,5.559048652648926,7.376218289136887,30.45641089416739,0.25,8
1100.0,15,21,8.75518798828125,2,-1,26660.04941160498,49644.50975948383,2026-02-20 12:37:09,60.48568096597162,22.0,7.659246444702148,410,2026-02-20 12:37:09,,2.0,4.659246444702148,5.324386119842529,5.559048652648926,7.376218289136887,30.45641089416739,0.25,8
1100.0,15,22,10.798931121826172,3,-1,27957.75200947651,63531.45446856244,2026-02-20 12:37:09,63.2973699280266,52.26430694221053,7.659246444702148,411,2026-02-20 12:37:09,,2.0,4.659246444702148,5.324386119842529,5.559048652648926,7.376218289136887,30.45641089416739,0.25,8
1100.0,15,23,8.007706642150879,2,-1,28617.835216162566,47809.08762533807,2026-02-20 12:37:09,64.72755020917973,18.0,7.659246444702148,412,2026-02-20 12:37:09,,2.0,4.659246444702148,5.324386119842529,5.559048652648926,7.376218289136887,30.45641089416739,0.25,8
1100.0,15,45,26.91545867919922,1,-1,6128.196658079618,63410.17576557704,2026-02-20 12:37:09,16.0,52.0,17.65924644470215,424,2026-02-20 12:37:09,,27.0,4.659246444702148,5.324386119842529,5.559048652648926,7.376218289136887,30.45641089416739,0.25,8
1100.0,15,46,20.974029541015625,34,22,7200.599305660655,87088.04759241604,2026-02-20 12:37:09,18.323539069758912,103.6020187102279,17.65924644470215,425,2026-02-20 12:37:09,0 days 00:51:36,134.0,4.659246444702148,5.324386119842529,5.559048652648926,7.376218289136887,30.45641089416739,0.25,8
1100.0,15,49,25.885988235473633,2,-1,19974.350504233465,52965.216431358036,2026-02-20 12:37:09,46.0,29.23693282345583,17.65924644470215,428,2026-02-20 12:37:09,,12.0,4.659246444702148,5.324386119842529,5.559048652648926,7.376218289136887,30.45641089416739,0.25,8
1100.0,16,8,10.269430160522461,1,-1,6128.196658079618,39549.688021682145,2026-02-20 12:41:22,16.0,0.0,7.659246444702148,433,2026-02-20 12:41:22,,2.0,4.659246444702148,5.324386119842529,5.559048652648926,7.376218289136887,30.45641089416739,0.25,8
1100.0,16,15,7.799549579620361,4,-1,17397.736878378422,40754.627985097904,2026-02-20 12:41:22,40.417337143980745,2.6259680342725327,7.659246444702148,436,2026-02-20 12:41:22,,3.0,4.659246444702148,5.324386119842529,5.559048652648926,7.376218289136887,30.45641089416739,0.25,8
1100.0,16,19,11.719220161437988,2,-1,20156.899404992768,61115.89809789484,2026-02-20 12:41:22,46.39552261831182,47.0,7.659246444702148,439,2026-02-20 12:41:22,,2.0,4.659246444702148,5.324386119842529,5.559048652648926,7.376218289136887,30.45641089416739,0.25,8
1100.0,16,26,9.437905311584473,3,-1,28000.094893935104,39760.85566416776,2026-02-20 12:41:22,63.389112844353555,0.4602050690293003,7.659246444702148,445,2026-02-20 12:41:22,,2.0,4.659246444702148,5.324386119842529,5.559048652648926,7.376218289136887,30.45641089416739,0.25,8
1100.0,16,47,17.915557861328125,1,-1,-1256.4187265357668,64786.742366186365,2026-02-20 12:41:22,0.0,55.0,17.65924644470215,455,2026-02-20 12:41:22,,15.0,4.659246444702148,5.324386119842529,5.559048652648926,7.376218289136887,30.45641089416739,0.25,8
1100.0,16,50,16.584300994873047,21,22,7370.604525375512,88615.07138879912,2026-02-20 12:41:22,18.691883712474436,106.92991536784072,17.65924644470215,458,2026-02-20 12:41:22,0 days 00:55:49,215.0,4.659246444702148,5.324386119842529,5.559048652648926,7.376218289136887,30.45641089416739,0.25,8
1100.0,16,52,24.9915828704834,3,-1,8897.427427310387,53454.91727630137,2026-02-20 12:41:22,22.0,30.304155095287584,17.65924644470215,460,2026-02-20 12:41:22,,77.0,4.659246444702148,5.324386119842529,5.559048652648926,7.376218289136887,30.45641089416739,0.25,8
1100.0,16,56,18.50632667541504,9,84,9987.794776615357,61946.861621608696,2026-02-20 12:41:22,24.362462590160767,48.81094802825966,17.65924644470215,464,2026-02-20 12:41:22,0 days 00:00:00,55.0,4.659246444702148,5.324386119842529,5.559048652648926,7.376218289136887,30.45641089416739,0.25,8
1100.0,16,57,23.0,1,-1,18128.19665807962,54691.92062838467,2026-02-20 12:41:22,42.0,33.0,17.65924644470215,465,2026-02-20 12:41:22,,8.0,4.659246444702148,5.324386119842529,5.559048652648926,7.376218289136887,30.45641089416739,0.25,8
1100.0,16,58,20.788646697998047,1,-1,25512.812042695004,55150.776161921116,2026-02-20 12:41:22,58.0,34.0,17.65924644470215,466,2026-02-20 12:41:22,,25.0,4.659246444702148,5.324386119842529,5.559048652648926,7.376218289136887,30.45641089416739,0.25,8
1100.0,17,5,7.7869110107421875,2,-1,3358.9658888488484,46460.51950925753,2026-02-20 12:45:27,10.0,15.061018081906955,7.659246444702148,469,2026-02-20 12:45:27,,1.0,4.659246444702148,5.324386119842529,5.559048652648926,7.376218289136887,30.45641089416739,0.25,8
1100.0,17,11,8.941015243530273,1,-1,6128.196658079618,79928.9749728889,2026-02-20 12:45:27,16.0,88.0,7.659246444702148,472,2026-02-20 12:45:27,,4.0,4.659246444702148,5.324386119842529,5.559048652648926,7.376218289136887,30.45641089416739,0.25,8
1100.0,17,15,7.939776420593262,1,-1,8435.888965771926,48267.943158874514,2026-02-20 12:45:27,21.0,19.0,7.659246444702148,474,2026-02-20 12:45:27,,5.0,4.659246444702148,5.324386119842529,5.559048652648926,7.376218289136887,30.45641089416739,0.25,8
1100.0,17,18,8.355172157287598,1,-1,13974.350504233464,82223.2526405711,2026-02-20 12:45:27,33.0,93.0,7.659246444702148,477,2026-02-20 12:45:27,,2.0,4.659246444702148,5.324386119842529,5.559048652648926,7.376218289136887,30.45641089416739,0.25,8
1100.0,17,21,9.7116060256958,3,-1,17283.158931523238,42922.43848564762,2026-02-20 12:45:27,40.169084925794515,7.350353689692664,7.659246444702148,480,2026-02-20 12:45:27,,3.0,4.659246444702148,5.324386119842529,5.559048652648926,7.376218289136887,30.45641089416739,0.25,8
1100.0,17,22,8.787602424621582,3,-1,18682.816503582846,58202.027056171166,2026-02-20 12:45:27,43.20167633192366,40.64969837180298,7.659246444702148,481,2026-02-20 12:45:27,,3.0,4.659246444702148,5.324386119842529,5.559048652648926,7.376218289136887,30.45641089416739,0.25,8
1100.0,17,32,7.758621692657471,1,-1,27820.50435038731,67998.73110094146,2026-02-20 12:45:27,63.0,62.0,7.659246444702148,490,2026-02-20 12:45:27,,3.0,4.659246444702148,5.324386119842529,5.559048652648926,7.376218289136887,30.45641089416739,0.25,8
1100.0,17,33,9.633652687072754,5,-1,28607.750242991075,60550.20016112426,2026-02-20 12:45:27,64.70569943397483,45.76715459349329,7.659246444702148,491,2026-02-20 12:45:27,,4.0,4.659246444702148,5.324386119842529,5.559048652648926,7.376218289136887,30.45641089416739,0.25,8
1100.0,17,35,9.07791519165039,1,-1,28743.58127346423,68457.58663447789,2026-02-20 12:45:27,65.0,63.0,7.659246444702148,493,2026-02-20 12:45:27,,5.0,4.659246444702148,5.324386119842529,5.559048652648926,7.376218289136887,30.45641089416739,0.25,8
1100.0,17,38,11.833566665649414,7,-1,-1222.2462672294487,67800.06456714286,2026-02-20 12:45:27,0.07404032849702291,61.5670390367368,12.659246444702148,495,2026-02-20 12:45:27,,46.0,4.659246444702148,5.324386119842529,5.559048652648926,7.376218289136887,30.45641089416739,0.25,8
1100.0,17,47,15.572408676147461,4,-1,8435.888965771926,57666.962265946575,2026-02-20 12:45:27,21.0,39.48361285878583,12.659246444702148,501,2026-02-20 12:45:27,,34.0,4.659246444702148,5.324386119842529,5.559048652648926,7.376218289136887,30.45641089416739,0.25,8
1100.0,17,52,13.041825294494629,1,-1,21358.96588884885,53315.35402777536,2026-02-20 12:45:27,49.0,30.0,12.659246444702148,504,2026-02-20 12:45:27,,2.0,4.659246444702148,5.324386119842529,5.559048652648926,7.376218289136887,30.45641089416739,0.25,8
1100.0,17,59,20.21571922302246,6,22,7801.469293936644,91564.0910867255,2026-02-20 12:45:27,19.62542404435689,113.35681769851118,17.65924644470215,510,2026-02-20 12:45:27,0 days 00:59:54,92.0,4.659246444702148,5.324386119842529,5.559048652648926,7.376218289136887,30.45641089416739,0.25,8
1100.0,17,60,23.503747940063477,39,84,9990.325630178702,64597.3170593562,2026-02-20 12:45:27,24.36794610621468,54.58717876763904,17.65924644470215,511,2026-02-20 12:45:27,0 days 00:04:05,96.0,4.659246444702148,5.324386119842529,5.559048652648926,7.376218289136887,30.45641089416739,0.25,8
1100.0,17,62,17.70564842224121,1,94,11205.119735002694,53315.35402777536,2026-02-20 12:45:27,27.0,30.0,17.65924644470215,513,2026-02-20 12:45:27,0 days 00:00:00,57.0,4.659246444702148,5.324386119842529,5.559048652648926,7.376218289136887,30.45641089416739,0.25,8
1100.0,18,10,11.864450454711914,1,-1,4282.042811925772,48726.79869241095,2026-02-20 12:49:40,12.0,20.0,7.659246444702148,517,2026-02-20 12:49:40,,2.0,4.659246444702148,5.324386119842529,5.559048652648926,7.376218289136887,30.45641089416739,0.25,8
1100.0,18,28,7.061604976654053,3,-1,17550.953532020038,45298.21531015583,2026-02-20 12:49:40,40.749306560204246,12.527967668100835,7.659246444702148,525,2026-02-20 12:49:40,,3.0,4.659246444702148,5.324386119842529,5.559048652648926,7.376218289136887,30.45641089416739,0.25,8
1100.0,18,31,11.782466888427734,4,-1,23129.15365076116,58975.383959803396,2026-02-20 12:49:40,52.83540681747668,42.33510226716824,7.659246444702148,528,2026-02-20 12:49:40,,9.0,4.659246444702148,5.324386119842529,5.559048652648926,7.376218289136887,30.45641089416739,0.25,8
1100.0,18,34,9.000000953674316,3,-1,23902.91892974879,52793.42757881336,2026-02-20 12:49:40,54.51189825528321,28.862547336109333,7.659246444702148,531,2026-02-20 12:49:40,,6.0,4.659246444702148,5.324386119842529,5.559048652648926,7.376218289136887,30.45641089416739,0.25,8
1100.0,18,50,14.137825965881348,6,-1,-1200.7908658270612,70565.45532128376,2026-02-20 12:49:40,0.120527031535529,67.59375235286004,12.659246444702148,544,2026-02-20 12:49:40,,33.0,4.659246444702148,5.324386119842529,5.559048652648926,7.376218289136887,30.45641089416739,0.25,8
1100.0,18,61,13.833915710449219,1,-1,7512.812042695003,43679.38782351011,2026-02-20 12:49:40,19.0,9.0,12.659246444702148,550,2026-02-20 12:49:40,,11.0,4.659246444702148,5.324386119842529,5.559048652648926,7.376218289136887,30.45641089416739,0.25,8
1100.0,18,66,12.666607856750488,4,-1,9419.905259766845,49223.3637095938,2026-02-20 12:49:40,23.13203530365566,21.082181603773584,12.659246444702148,554,2026-02-20 12:49:40,,22.0,4.659246444702148,5.324386119842529,5.559048652648926,7.376218289136887,30.45641089416739,0.25,8
1100.0,18,71,14.663990020751953,3,-1,16282.042811925772,40156.39013084756,2026-02-20 12:49:40,38.0,1.3222072413282462,12.659246444702148,557,2026-02-20 12:49:40,,13.0,4.659246444702148,5.324386119842529,5.559048652648926,7.376218289136887,30.45641089416739,0.25,8
1100.0,18,74,19.0,3,-1,-1256.4187265357668,46422.83225764859,2026-02-20 12:49:40,0.0,14.978884929194411,17.65924644470215,559,2026-02-20 12:49:40,,15.0,4.659246444702148,5.324386119842529,5.559048652648926,7.376218289136887,30.45641089416739,0.25,8
1100.0,18,75,18.220247268676758,1,-1,1051.2735811565408,63410.17576557704,2026-02-20 12:49:40,5.0,52.0,17.65924644470215,560,2026-02-20 12:49:40,,64.0,4.659246444702148,5.324386119842529,5.559048652648926,7.376218289136887,30.45641089416739,0.25,8
1100.0,18,81,21.64859390258789,26,84,10116.024643443354,67141.9054902586,2026-02-20 12:49:40,24.64029396828809,60.13268981616236,17.65924644470215,566,2026-02-20 12:49:40,0 days 00:08:18,116.0,4.659246444702148,5.324386119842529,5.559048652648926,7.376218289136887,30.45641089416739,0.25,8
1100.0,18,84,18.61844253540039,10,94,11088.638442005058,55973.75061710927,2026-02-20 12:49:40,26.74762386517179,35.79353717028411,17.65924644470215,569,2026-02-20 12:49:40,0 days 00:04:13,54.0,4.659246444702148,5.324386119842529,5.559048652648926,7.376218289136887,30.45641089416739,0.25,8
1100.0,19,18,9.970582008361816,1,-1,11666.658196541157,47809.08762533807,2026-02-20 12:53:47,28.0,18.0,7.659246444702148,575,2026-02-20 12:53:47,,6.0,4.659246444702148,5.324386119842529,5.559048652648926,7.376218289136887,30.45641089416739,0.25,8
1100.0,19,22,10.396471977233887,9,-1,16648.483716324656,42421.99131843173,2026-02-20 12:53:47,38.793955292864254,6.259711579835347,7.659246444702148,579,2026-02-20 12:53:47,,7.0,4.659246444702148,5.324386119842529,5.559048652648926,7.376218289136887,30.45641089416739,0.25,8
1100.0,19,25,5.846205234527588,2,-1,16839.36984087757,57349.82208215452,2026-02-20 12:53:47,39.20754189606224,38.79245810393776,7.659246444702148,582,2026-02-20 12:53:47,,3.0,4.659246444702148,5.324386119842529,5.559048652648926,7.376218289136887,30.45641089416739,0.25,8
1100.0,19,28,8.813521385192871,2,-1,17666.658196541153,47998.82565819276,2026-02-20 12:53:47,41.0,18.413502767183306,7.659246444702148,585,2026-02-20 12:53:47,,2.0,4.659246444702148,5.324386119842529,5.559048652648926,7.376218289136887,30.45641089416739,0.25,8
1100.0,19,30,7.805302619934082,2,-1,19437.194612868436,68457.58663447789,2026-02-20 12:53:47,44.83616223537577,63.0,7.659246444702148,587,2026-02-20 12:53:47,,3.0,4.659246444702148,5.324386119842529,5.559048652648926,7.376218289136887,30.45641089416739,0.25,8
1100.0,19,31,8.349849700927734,2,-1,19710.693889973438,62492.46469850416,2026-02-20 12:53:47,45.4287440024366,50.0,7.659246444702148,588,2026-02-20 12:53:47,,2.0,4.659246444702148,5.324386119842529,5.559048652648926,7.376218289136887,30.45641089416739,0.25,8
1100.0,19,32,8.531498908996582,1,-1,22743.58127346423,51021.07636009315,2026-02-20 12:53:47,52.0,25.0,7.659246444702148,589,2026-02-20 12:53:47,,2.0,4.659246444702148,5.324386119842529,5.559048652648926,7.376218289136887,30.45641089416739,0.25,8
1100.0,19,34,11.0,1,-1,23205.119735002692,49185.65422594739,2026-02-20 12:53:47,53.0,21.0,7.659246444702148,590,2026-02-20 12:53:47,,1.0,4.659246444702148,5.324386119842529,5.559048652648926,7.376218289136887,30.45641089416739,0.25,8
1100.0,19,41,7.876934051513672,1,-1,28282.04281192577,48726.79869241095,2026-02-20 12:53:47,64.0,20.0,7.659246444702148,596,2026-02-20 12:53:47,,1.0,4.659246444702148,5.324386119842529,5.559048652648926,7.376218289136887,30.45641089416739,0.25,8
1100.0,19,42,7.849859237670898,1,-1,28743.58127346423,41385.110155827904,2026-02-20 12:53:47,65.0,4.0,7.659246444702148,597,2026-02-20 12:53:47,,0.0,4.659246444702148,5.324386119842529,5.559048652648926,7.376218289136887,30.45641089416739,0.25,8
1100.0,19,63,15.616874694824219,18,-1,8756.028461692671,62765.94446122038,2026-02-20 12:53:47,21.693635574494948,50.596004063868406,12.659246444702148,612,2026-02-20 12:53:47,,87.0,4.659246444702148,5.324386119842529,5.559048652648926,7.376218289136887,30.45641089416739,0.25,8
1100.0,19,73,14.5,1,-1,25974.350504233465,64327.88683264992,2026-02-20 12:53:47,59.0,54.0,12.659246444702148,618,2026-02-20 12:53:47,,21.0,4.659246444702148,5.324386119842529,5.559048652648926,7.376218289136887,30.45641089416739,0.25,8
1100.0,19,76,21.32082748413086,3,-1,1073.5150806358567,65782.15236350194,2026-02-20 12:53:47,5.048189915538518,57.169332010979296,17.65924644470215,620,2026-02-20 12:53:47,,81.0,4.659246444702148,5.324386119842529,5.559048652648926,7.376218289136887,30.45641089416739,0.25,8
1100.0,19,77,23.443342208862305,4,-1,6130.7421731007435,58417.43530739941,2026-02-20 12:53:47,16.005515282545772,41.1191451485871,17.65924644470215,621,2026-02-20 12:53:47,,16.0,4.659246444702148,5.324386119842529,5.559048652648926,7.376218289136887,30.45641089416739,0.25,8
1100.0,19,79,18.0,1,-1,6589.73511961808,96906.62971373719,2026-02-20 12:53:47,17.0,125.0,17.65924644470215,623,2026-02-20 12:53:47,,37.0,4.659246444702148,5.324386119842529,5.559048652648926,7.376218289136887,30.45641089416739,0.25,8
1100.0,19,82,20.15372085571289,13,84,10319.336286571592,70276.43875110982,2026-02-20 12:53:47,25.080802528399275,66.96388837814351,17.65924644470215,626,2026-02-20 12:53:47,0 days 00:12:25,95.0,4.659246444702148,5.324386119842529,5.559048652648926,7.376218289136887,30.45641089416739,0.25,8
1100.0,19,84,24.78622055053711,7,94,11731.704998508145,56944.937647044695,2026-02-20 12:53:47,28.140934737595142,37.91007921664541,17.65924644470215,628,2026-02-20 12:53:47,0 days 00:08:20,59.0,4.659246444702148,5.324386119842529,5.559048652648926,7.376218289136887,30.45641089416739,0.25,8
1100.0,19,85,18.841262817382812,1,-1,23666.658196541153,56986.19829606688,2026-02-20 12:53:47,54.0,38.0,17.65924644470215,629,2026-02-20 12:53:47,,9.0,4.659246444702148,5.324386119842529,5.559048652648926,7.376218289136887,30.45641089416739,0.25,8
1100.0,19,86,19.436973571777344,1,-1,23666.658196541153,57903.909363139755,2026-02-20 12:53:47,54.0,40.0,17.65924644470215,630,2026-02-20 12:53:47,,16.0,4.659246444702148,5.324386119842529,5.559048652648926,7.376218289136887,30.45641089416739,0.25,8
1100.0,20,2,12.39977741241455,5,-1,-1249.3813995612331,48163.91120485222,2026-02-20 12:58:10,0.015247541778156402,18.773279504290798,7.659246444702148,631,2026-02-20 12:58:10,,60.0,4.659246444702148,5.324386119842529,5.559048652648926,7.376218289136887,30.45641089416739,0.25,8
1100.0,20,8,8.209714889526367,1,-1,1974.350504233464,54233.065094848236,2026-02-20 12:58:10,7.0,32.0,7.659246444702148,634,2026-02-20 12:58:10,,1.0,4.659246444702148,5.324386119842529,5.559048652648926,7.376218289136887,30.45641089416739,0.25,8
1100.0,20,32,8.683016777038574,4,-1,19448.592651544852,65747.00129274871,2026-02-20 12:58:10,44.860857985841335,57.09272604639101,7.659246444702148,653,2026-02-20 12:58:10,,3.0,4.659246444702148,5.324386119842529,5.559048652648926,7.376218289136887,30.45641089416739,0.25,8
1100.0,20,36,12.504706382751465,3,-1,21430.25450979662,39588.40108388169,2026-02-20 12:58:10,49.154458678720175,0.08436873780552086,7.659246444702148,657,2026-02-20 12:58:10,,3.0,4.659246444702148,5.324386119842529,5.559048652648926,7.376218289136887,30.45641089416739,0.25,8
1100.0,20,38,11.097798347473145,32,-1,24336.614795874877,60647.712637115445,2026-02-20 12:58:10,55.45157263188972,45.97966696147031,7.659246444702148,659,2026-02-20 12:58:10,,45.0,4.659246444702148,5.324386119842529,5.559048652648926,7.376218289136887,30.45641089416739,0.25,8
1100.0,20,50,16.11897087097168,4,-1,1631.0637902809724,63117.089334820346,2026-02-20 12:58:10,6.256212119769601,51.36126643499786,12.659246444702148,669,2026-02-20 12:58:10,,66.0,4.659246444702148,5.324386119842529,5.559048652648926,7.376218289136887,30.45641089416739,0.25,8
1100.0,20,62,19.085540771484375,1,-1,2897.4274273103874,68457.58663447789,2026-02-20 12:58:10,9.0,63.0,17.65924644470215,676,2026-02-20 12:58:10,,24.0,4.659246444702148,5.324386119842529,5.559048652648926,7.376218289136887,30.45641089416739,0.25,8
1100.0,20,69,15.112855911254883,3,84,10353.446304867819,74726.43524663015,2026-02-20 12:58:10,25.1547075680411,76.66192222601671,17.65924644470215,683,2026-02-20 12:58:10,0 days 00:16:48,86.0,4.659246444702148,5.324386119842529,5.559048652648926,7.376218289136887,30.45641089416739,0.25,8
1100.0,20,71,21.82729721069336,9,94,12237.878525811675,59293.4086098969,2026-02-20 12:58:10,29.23764404675279,43.028184570529525,17.65924644470215,685,2026-02-20 12:58:10,0 days 00:12:43,145.0,4.659246444702148,5.324386119842529,5.559048652648926,7.376218289136887,30.45641089416739,0.25,8
1100.0,21,17,9.391136169433594,1,-1,11205.119735002694,44597.09889058299,2026-02-20 13:02:31,27.0,11.0,7.659246444702148,692,2026-02-20 13:02:31,,1.0,4.659246444702148,5.324386119842529,5.559048652648926,7.376218289136887,30.45641089416739,0.25,8
1100.0,21,33,7.540399551391602,10,-1,19329.584318341836,71114.09621027717,2026-02-20 13:02:31,44.6030065972348,68.78942473533081,7.659246444702148,706,2026-02-20 13:02:31,,17.0,4.659246444702148,5.324386119842529,5.559048652648926,7.376218289136887,30.45641089416739,0.25,8
1100.0,21,37,7.351377487182617,9,-1,21825.3469179942,41768.158134291545,2026-02-20 13:02:31,50.01049222981493,4.834789929439124,7.659246444702148,709,2026-02-20 13:02:31,,8.0,4.659246444702148,5.324386119842529,5.559048652648926,7.376218289136887,30.45641089416739,0.25,8
1100.0,21,44,11.01606559753418,6,-1,24982.59826550065,69340.27071382331,2026-02-20 13:02:31,56.85120348274556,64.92366445391319,7.659246444702148,713,2026-02-20 13:02:31,,10.0,4.659246444702148,5.324386119842529,5.559048652648926,7.376218289136887,30.45641089416739,0.25,8
1100.0,21,52,10.904153823852539,1,-1,28743.58127346423,49644.50975948383,2026-02-20 13:02:31,65.0,22.0,7.659246444702148,720,2026-02-20 13:02:31,,2.0,4.659246444702148,5.324386119842529,5.559048652648926,7.376218289136887,30.45641089416739,0.25,8
1100.0,21,55,13.402570724487305,1,-1,-1256.4187265357668,53315.35402777536,2026-02-20 13:02:31,0.0,30.0,12.659246444702148,721,2026-02-20 13:02:31,,6.0,4.659246444702148,5.324386119842529,5.559048652648926,7.376218289136887,30.45641089416739,0.25,8
1100.0,21,74,13.392361640930176,1,-1,23205.119735002692,64327.88683264992,2026-02-20 13:02:31,53.0,54.0,12.659246444702148,734,2026-02-20 13:02:31,,17.0,4.659246444702148,5.324386119842529,5.559048652648926,7.376218289136887,30.45641089416739,0.25,8
1100.0,21,77,13.631795883178711,4,-1,28627.500388832083,64523.443039814534,2026-02-20 13:02:31,64.74849141663034,54.4261825190544,12.659246444702148,736,2026-02-20 13:02:31,,23.0,4.659246444702148,5.324386119842529,5.559048652648926,7.376218289136887,30.45641089416739,0.25,8
1100.0,21,80,18.22460174560547,1,-1,-1256.4187265357668,70751.86430216009,2026-02-20 13:02:31,0.0,68.0,17.65924644470215,738,2026-02-20 13:02:31,,8.0,4.659246444702148,5.324386119842529,5.559048652648926,7.376218289136887,30.45641089416739,0.25,8
1100.0,21,83,18.633169174194336,3,84,8435.888965771926,76430.3401552,2026-02-20 13:02:31,21.0,80.37530211148463,17.65924644470215,741,2026-02-20 13:02:31,0 days 00:21:09,96.0,4.659246444702148,5.324386119842529,5.559048652648926,7.376218289136887,30.45641089416739,0.25,8
1100.0,21,86,19.970813751220703,17,94,10646.92726608357,64453.61213173143,2026-02-20 13:02:31,25.790582984008562,54.2739975654484,17.65924644470215,744,2026-02-20 13:02:31,0 days 00:17:04,151.0,4.659246444702148,5.324386119842529,5.559048652648926,7.376218289136887,30.45641089416739,0.25,8
1100.0,21,89,17.810680389404297,1,-1,20897.427427310387,52397.64296070248,2026-02-20 13:02:31,48.0,28.0,17.65924644470215,747,2026-02-20 13:02:31,,12.0,4.659246444702148,5.324386119842529,5.559048652648926,7.376218289136887,30.45641089416739,0.25,8
1100.0,21,90,19.5,1,-1,24128.19665807962,58821.62043021264,2026-02-20 13:02:31,55.0,42.0,17.65924644470215,748,2026-02-20 13:02:31,,41.0,4.659246444702148,5.324386119842529,5.559048652648926,7.376218289136887,30.45641089416739,0.25,8
1100.0,22,2,8.0,3,-1,-869.7237247124505,75642.089452771,2026-02-20 13:06:54,0.8378391706171854,78.65743963665757,7.659246444702148,749,2026-02-20 13:06:54,,2.0,4.659246444702148,5.324386119842529,5.559048652648926,7.376218289136887,30.45641089416739,0.25,8
1100.0,22,3,9.030665397644043,1,-1,-794.8802649973053,56068.487228993996,2026-02-20 13:06:54,1.0,36.0,7.659246444702148,750,2026-02-20 13:06:54,,3.0,4.659246444702148,5.324386119842529,5.559048652648926,7.376218289136887,30.45641089416739,0.25,8
1100.0,22,11,8.182360649108887,1,-1,7051.273581156542,42302.821222900784,2026-02-20 13:06:54,18.0,6.0,7.659246444702148,754,2026-02-20 13:06:54,,5.0,4.659246444702148,5.324386119842529,5.559048652648926,7.376218289136887,30.45641089416739,0.25,8
1100.0,22,15,7.6722331047058105,1,-1,7974.350504233464,45973.66549119231,2026-02-20 13:06:54,20.0,14.0,7.659246444702148,756,2026-02-20 13:06:54,,0.0,4.659246444702148,5.324386119842529,5.559048652648926,7.376218289136887,30.45641089416739,0.25,8
1100.0,22,40,10.238420486450195,2,-1,22743.58127346423,39818.79273158463,2026-02-20 13:06:54,52.0,0.586469357421655,7.659246444702148,777,2026-02-20 13:06:54,,2.0,4.659246444702148,5.324386119842529,5.559048652648926,7.376218289136887,30.45641089416739,0.25,8
1100.0,22,45,9.091352462768555,7,-1,25000.391901147585,71644.08532476348,2026-02-20 13:06:54,56.88975635998059,69.94444864972414,7.659246444702148,781,2026-02-20 13:06:54,,10.0,4.659246444702148,5.324386119842529,5.559048652648926,7.376218289136887,30.45641089416739,0.25,8
1100.0,22,47,7.591008186340332,4,-1,25681.653454203737,60914.505005284314,2026-02-20 13:06:54,58.36582305826892,46.56109695123786,7.659246444702148,783,2026-02-20 13:06:54,,14.0,4.659246444702148,5.324386119842529,5.559048652648926,7.376218289136887,30.45641089416739,0.25,8
1100.0,22,60,13.164846420288086,1,-1,7512.812042695003,53774.2095613118,2026-02-20 13:06:54,19.0,31.0,12.659246444702148,792,2026-02-20 13:06:54,,10.0,4.659246444702148,5.324386119842529,5.559048652648926,7.376218289136887,30.45641089416739,0.25,8
1100.0,22,69,15.0,1,-1,15358.96588884885,57903.909363139755,2026-02-20 13:06:54,36.0,40.0,12.659246444702148,799,2026-02-20 13:06:54,,11.0,4.659246444702148,5.324386119842529,5.559048652648926,7.376218289136887,30.45641089416739,0.25,8
1100.0,22,70,14.134644508361816,1,-1,17205.119735002692,65245.59789972281,2026-02-20 13:06:54,40.0,56.0,12.659246444702148,800,2026-02-20 13:06:54,,20.0,4.659246444702148,5.324386119842529,5.559048652648926,7.376218289136887,30.45641089416739,0.25,8
1100.0,22,76,21.500001907348633,1,-1,6128.196658079618,96906.62971373719,2026-02-20 13:06:54,16.0,125.0,17.65924644470215,803,2026-02-20 13:06:54,,34.0,4.659246444702148,5.324386119842529,5.559048652648926,7.376218289136887,30.45641089416739,0.25,8
1100.0,22,78,19.246492385864258,3,84,9482.705296125316,79928.9749728889,2026-02-20 13:06:54,23.268102049099014,88.0,17.65924644470215,805,2026-02-20 13:06:54,0 days 00:25:32,103.0,4.659246444702148,5.324386119842529,5.559048652648926,7.376218289136887,30.45641089416739,0.25,8
1100.0,22,80,18.37622833251953,5,94,10351.754467948898,67908.56931701714,2026-02-20 13:06:54,25.15104192138344,61.80350725373317,17.65924644470215,807,2026-02-20 13:06:54,0 days 00:21:27,93.0,4.659246444702148,5.324386119842529,5.559048652648926,7.376218289136887,30.45641089416739,0.25,8
1100.0,22,82,21.249624252319336,5,-1,28449.58511030458,66386.52484705245,2026-02-20 13:06:54,64.36300831315408,58.48646221728313,17.65924644470215,809,2026-02-20 13:06:54,,30.0,4.659246444702148,5.324386119842529,5.559048652648926,7.376218289136887,30.45641089416739,0.25,8
1100.0,23,3,8.023715019226074,2,-1,-1016.5525046173659,78552.40837227958,2026-02-20 13:11:16,0.5197101474898687,85.0,7.659246444702148,810,2026-02-20 13:11:16,,2.0,4.659246444702148,5.324386119842529,5.559048652648926,7.376218289136887,30.45641089416739,0.25,8
1100.0,23,5,7.858691692352295,1,-1,2435.8889657719255,69834.1532350872,2026-02-20 13:11:16,8.0,66.0,7.659246444702148,812,2026-02-20 13:11:16,,1.0,4.659246444702148,5.324386119842529,5.559048652648926,7.376218289136887,30.45641089416739,0.25,8
1100.0,23,7,8.258947372436523,1,-1,5205.119735002695,43220.532289973664,2026-02-20 13:11:16,14.0,8.0,7.659246444702148,814,2026-02-20 13:11:16,,9.0,4.659246444702148,5.324386119842529,5.559048652648926,7.376218289136887,30.45641089416739,0.25,8
1100.0,23,10,9.12606430053711,4,-1,6470.316297140635,53462.31065039405,2026-02-20 13:11:16,16.741259217965535,30.320267735437522,7.659246444702148,817,2026-02-20 13:11:16,,7.0,4.659246444702148,5.324386119842529,5.559048652648926,7.376218289136887,30.45641089416739,0.25,8
1100.0,23,11,8.159869194030762,1,-1,6128.196658079618,62033.609164967726,2026-02-20 13:11:16,16.0,49.0,7.659246444702148,818,2026-02-20 13:11:16,,3.0,4.659246444702148,5.324386119842529,5.559048652648926,7.376218289136887,30.45641089416739,0.25,8
1100.0,23,13,7.818854331970215,1,-1,7051.273581156542,62492.46469850416,2026-02-20 13:11:16,18.0,50.0,7.659246444702148,820,2026-02-20 13:11:16,,7.0,4.659246444702148,5.324386119842529,5.559048652648926,7.376218289136887,30.45641089416739,0.25,8
1100.0,23,28,9.701079368591309,6,-1,22064.522079126604,43735.88284879887,2026-02-20 13:11:16,50.52870507893514,9.123121595272812,7.659246444702148,829,2026-02-20 13:11:16,,5.0,4.659246444702148,5.324386119842529,5.559048652648926,7.376218289136887,30.45641089416739,0.25,8
1100.0,23,43,8.426124572753906,2,-1,27820.50435038731,40596.88533399336,2026-02-20 13:11:16,63.0,2.282193927662537,7.659246444702148,842,2026-02-20 13:11:16,,1.0,4.659246444702148,5.324386119842529,5.559048652648926,7.376218289136887,30.45641089416739,0.25,8
1100.0,23,46,11.478160858154297,1,-1,28743.58127346423,53315.35402777536,2026-02-20 13:11:16,65.0,30.0,7.659246444702148,844,2026-02-20 13:11:16,,4.0,4.659246444702148,5.324386119842529,5.559048652648926,7.376218289136887,30.45641089416739,0.25,8
1100.0,23,47,7.9640302658081055,1,-1,28743.58127346423,54691.92062838467,2026-02-20 13:11:16,65.0,33.0,7.659246444702148,845,2026-02-20 13:11:16,,0.0,4.659246444702148,5.324386119842529,5.559048652648926,7.376218289136887,30.45641089416739,0.25,8
1100.0,23,51,14.271849632263184,3,-1,-696.4034074481211,41276.97056810414,2026-02-20 13:11:16,1.213366524689899,3.7643275937192557,12.659246444702148,847,2026-02-20 13:11:16,,10.0,4.659246444702148,5.324386119842529,5.559048652648926,7.376218289136887,30.45641089416739,0.25,8
1100.0,23,54,13.33619213104248,22,84,9454.565621629914,82438.18983297487,2026-02-20 13:11:16,23.207132754358977,93.46842018172306,12.659246444702148,850,2026-02-20 13:11:16,0 days 00:29:54,90.0,4.659246444702148,5.324386119842529,5.559048652648926,7.376218289136887,30.45641089416739,0.25,8
1100.0,23,55,11.76957893371582,5,94,10728.247760661736,70431.92779484022,2026-02-20 13:11:16,25.966777388927923,67.30275111895439,12.659246444702148,851,2026-02-20 13:11:16,0 days 00:25:49,55.0,4.659246444702148,5.324386119842529,5.559048652648926,7.376218289136887,30.45641089416739,0.25,8
1100.0,23,61,16.0,1,-1,15820.504350387311,49644.50975948383,2026-02-20 13:11:16,37.0,22.0,12.659246444702148,857,2026-02-20 13:11:16,,8.0,4.659246444702148,5.324386119842529,5.559048652648926,7.376218289136887,30.45641089416739,0.25,8
1100.0,23,62,13.09963607788086,1,-1,16743.58127346423,64327.88683264992,2026-02-20 13:11:16,39.0,54.0,12.659246444702148,858,2026-02-20 13:11:16,,15.0,4.659246444702148,5.324386119842529,5.559048652648926,7.376218289136887,30.45641089416739,0.25,8
1100.0,23,63,13.405683517456055,1,-1,18128.19665807962,57903.909363139755,2026-02-20 13:11:16,42.0,40.0,12.659246444702148,859,2026-02-20 13:11:16,,21.0,4.659246444702148,5.324386119842529,5.559048652648926,7.376218289136887,30.45641089416739,0.25,8
1100.0,23,66,14.265656471252441,4,-1,28407.452942030905,68970.06437317785,2026-02-20 13:11:16,64.27172194856112,64.1168607573505,12.659246444702148,861,2026-02-20 13:11:16,,14.0,4.659246444702148,5.324386119842529,5.559048652648926,7.376218289136887,30.45641089416739,0.25,8
1100.0,23,70,19.0,1,-1,23205.119735002692,62951.3202320406,2026-02-20 13:11:16,53.0,51.0,17.65924644470215,864,2026-02-20 13:11:16,,32.0,4.659246444702148,5.324386119842529,5.559048652648926,7.376218289136887,30.45641089416739,0.25,8
1100.0,24,3,9.884730339050293,1,-1,2897.4274273103874,71669.57536923297,2026-02-20 13:15:30,9.0,70.0,7.659246444702148,866,2026-02-20 13:15:30,,1.0,4.659246444702148,5.324386119842529,5.559048652648926,7.376218289136887,30.45641089416739,0.25,8
1100.0,24,4,8.401690483093262,1,-1,2897.4274273103874,72587.28643630585,2026-02-20 13:15:30,9.0,72.0,7.659246444702148,867,2026-02-20 13:15:30,,1.0,4.659246444702148,5.324386119842529,5.559048652648926,7.376218289136887,30.45641089416739,0.25,8
1100.0,24,6,8.224422454833984,1,-1,4743.581273464233,49644.50975948383,2026-02-20 13:15:30,13.0,22.0,7.659246444702148,869,2026-02-20 13:15:30,,6.0,4.659246444702148,5.324386119842529,5.559048652648926,7.376218289136887,30.45641089416739,0.25,8
1100.0,24,8,9.575393676757812,1,-1,5205.119735002695,68457.58663447789,2026-02-20 13:15:30,14.0,63.0,7.659246444702148,871,2026-02-20 13:15:30,,2.0,4.659246444702148,5.324386119842529,5.559048652648926,7.376218289136887,30.45641089416739,0.25,8
1100.0,24,9,7.73918342590332,1,-1,6128.196658079618,53315.35402777536,2026-02-20 13:15:30,16.0,30.0,7.659246444702148,872,2026-02-20 13:15:30,,8.0,4.659246444702148,5.324386119842529,5.559048652648926,7.376218289136887,30.45641089416739,0.25,8
1100.0,24,14,11.0,1,-1,8897.427427310387,41843.96568936435,2026-02-20 13:15:30,22.0,5.0,7.659246444702148,875,2026-02-20 13:15:30,,1.0,4.659246444702148,5.324386119842529,5.559048652648926,7.376218289136887,30.45641089416739,0.25,8
1100.0,24,15,8.928719520568848,6,-1,9269.424886739202,59453.17755272504,2026-02-20 13:15:30,22.805994495429097,43.376374645947784,7.659246444702148,876,2026-02-20 13:15:30,,12.0,4.659246444702148,5.324386119842529,5.559048652648926,7.376218289136887,30.45641089416739,0.25,8
1100.0,24,17,7.780384063720703,1,-1,10743.581273464233,48267.943158874514,2026-02-20 13:15:30,26.0,19.0,7.659246444702148,877,2026-02-20 13:15:30,,5.0,4.659246444702148,5.324386119842529,5.559048652648926,7.376218289136887,30.45641089416739,0.25,8
1100.0,24,23,12.54883098602295,8,-1,22607.049761087772,46313.17358963223,2026-02-20 13:15:30,51.70418172318434,14.739901937813194,7.659246444702148,881,2026-02-20 13:15:30,,7.0,4.659246444702148,5.324386119842529,5.559048652648926,7.376218289136887,30.45641089416739,0.25,8
1100.0,24,35,8.647478103637695,1,-1,28282.04281192577,40467.399088755024,2026-02-20 13:15:30,64.0,2.0,7.659246444702148,891,2026-02-20 13:15:30,,1.0,4.659246444702148,5.324386119842529,5.559048652648926,7.376218289136887,30.45641089416739,0.25,8
1100.0,24,41,15.41645336151123,2,-1,-333.34180345884374,42841.89963854708,2026-02-20 13:15:30,2.0,7.174832548038747,12.659246444702148,894,2026-02-20 13:15:30,,177.0,4.659246444702148,5.324386119842529,5.559048652648926,7.376218289136887,30.45641089416739,0.25,8
1100.0,24,43,13.524188995361328,11,84,9429.479775544933,85822.41615388934,2026-02-20 13:15:30,23.152780087841514,100.84378361001592,12.659246444702148,896,2026-02-20 13:15:30,0 days 00:34:08,53.0,4.659246444702148,5.324386119842529,5.559048652648926,7.376218289136887,30.45641089416739,0.25,8
1100.0,24,46,12.99979305267334,1,-1,16743.58127346423,67081.02003386857,2026-02-20 13:15:30,39.0,60.0,12.659246444702148,898,2026-02-20 13:15:30,,20.0,4.659246444702148,5.324386119842529,5.559048652648926,7.376218289136887,30.45641089416739,0.25,8
1100.0,24,54,16.0,1,-1,25512.812042695004,62951.3202320406,2026-02-20 13:15:30,58.0,51.0,12.659246444702148,905,2026-02-20 13:15:30,,21.0,4.659246444702148,5.324386119842529,5.559048652648926,7.376218289136887,30.45641089416739,0.25,8
1100.0,24,55,13.776637077331543,4,-1,28548.972724056883,71451.55156172381,2026-02-20 13:15:30,64.57834814295074,69.52485304943622,12.659246444702148,906,2026-02-20 13:15:30,,15.0,4.659246444702148,5.324386119842529,5.559048652648926,7.376218289136887,30.45641089416739,0.25,8
1100.0,24,58,18.255306243896484,1,94,11666.658196541157,70751.86430216009,2026-02-20 13:15:30,28.0,68.0,17.65924644470215,908,2026-02-20 13:15:30,0 days 00:30:03,25.0,4.659246444702148,5.324386119842529,5.559048652648926,7.376218289136887,30.45641089416739,0.25,8
1100.0,24,59,19.75145149230957,1,-1,17666.658196541153,54691.92062838467,2026-02-20 13:15:30,41.0,33.0,17.65924644470215,909,2026-02-20 13:15:30,,74.0,4.659246444702148,5.324386119842529,5.559048652648926,7.376218289136887,30.45641089416739,0.25,8
1100.0,25,9,8.010473251342773,1,-1,9820.504350387311,45973.66549119231,2026-02-20 13:19:53,24.0,14.0,7.659246444702148,913,2026-02-20 13:19:53,,4.0,4.659246444702148,5.324386119842529,5.559048652648926,7.376218289136887,30.45641089416739,0.25,8
1100.0,25,10,9.0,3,-1,10282.042811925772,51528.4403332545,2026-02-20 13:19:53,25.0,26.10571614828538,7.659246444702148,914,2026-02-20 13:19:53,,8.0,4.659246444702148,5.324386119842529,5.559048652648926,7.376218289136887,30.45641089416739,0.25,8
1100.0,25,17,8.417413711547852,4,-1,17602.225446350476,52452.58991228404,2026-02-20 13:19:53,40.8603957079202,28.11974782380434,7.659246444702148,920,2026-02-20 13:19:53,,4.0,4.659246444702148,5.324386119842529,5.559048652648926,7.376218289136887,30.45641089416739,0.25,8
1100.0,25,29,7.838672637939453,1,-1,23205.119735002692,66622.16450033212,2026-02-20 13:19:53,53.0,59.0,7.659246444702148,931,2026-02-20 13:19:53,,0.0,4.659246444702148,5.324386119842529,5.559048652648926,7.376218289136887,30.45641089416739,0.25,8
1100.0,25,31,7.692683219909668,1,-1,24589.735119618083,41385.110155827904,2026-02-20 13:19:53,56.0,4.0,7.659246444702148,932,2026-02-20 13:19:53,,0.0,4.659246444702148,5.324386119842529,5.559048652648926,7.376218289136887,30.45641089416739,0.25,8
1100.0,25,33,7.709403038024902,1,-1,25051.273581156544,40467.399088755024,2026-02-20 13:19:53,57.0,2.0,7.659246444702148,934,2026-02-20 13:19:53,,1.0,4.659246444702148,5.324386119842529,5.559048652648926,7.376218289136887,30.45641089416739,0.25,8
1100.0,25,37,9.192035675048828,2,-1,26078.267454275476,62492.46469850416,2026-02-20 13:19:53,59.22515339175769,50.0,7.659246444702148,938,2026-02-20 13:19:53,,7.0,4.659246444702148,5.324386119842529,5.559048652648926,7.376218289136887,30.45641089416739,0.25,8
1100.0,25,44,12.769561767578125,1,-1,-1256.4187265357668,57903.909363139755,2026-02-20 13:19:53,0.0,40.0,12.659246444702148,943,2026-02-20 13:19:53,,88.0,4.659246444702148,5.324386119842529,5.559048652648926,7.376218289136887,30.45641089416739,0.25,8
1100.0,25,54,14.499424934387207,6,84,10439.39650082631,88012.88785175697,2026-02-20 13:19:53,25.34093299261783,105.61755560963738,12.659246444702148,952,2026-02-20 13:19:53,0 days 00:38:31,37.0,4.659246444702148,5.324386119842529,5.559048652648926,7.376218289136887,30.45641089416739,0.25,8
1100.0,25,60,16.76312828063965,5,-1,17964.60480525319,61037.47802997334,2026-02-20 13:19:53,41.64555098554274,46.82909638831832,12.659246444702148,958,2026-02-20 13:19:53,,85.0,4.659246444702148,5.324386119842529,5.559048652648926,7.376218289136887,30.45641089416739,0.25,8
1100.0,25,63,12.70067310333252,2,-1,22743.58127346423,48253.652387052185,2026-02-20 13:19:53,52.0,18.968855618429203,12.659246444702148,961,2026-02-20 13:19:53,,11.0,4.659246444702148,5.324386119842529,5.559048652648926,7.376218289136887,30.45641089416739,0.25,8
1100.0,26,8,9.518187522888184,1,-1,9358.965888848848,44138.24335704655,2026-02-20 13:24:15,23.0,10.0,7.659246444702148,970,2026-02-20 13:24:15,,4.0,4.659246444702148,5.324386119842529,5.559048652648926,7.376218289136887,30.45641089416739,0.25,8
1100.0,26,9,10.778979301452637,1,-1,9358.965888848848,52856.49849423891,2026-02-20 13:24:15,23.0,29.0,7.659246444702148,971,2026-02-20 13:24:15,,6.0,4.659246444702148,5.324386119842529,5.559048652648926,7.376218289136887,30.45641089416739,0.25,8
1100.0,26,10,8.151979446411133,1,-1,11205.119735002694,46891.37655826519,2026-02-20 13:24:15,27.0,16.0,7.659246444702148,972,2026-02-20 13:24:15,,8.0,4.659246444702148,5.324386119842529,5.559048652648926,7.376218289136887,30.45641089416739,0.25,8
1100.0,26,12,8.28707504272461,1,-1,12128.196658079618,47350.232091801634,2026-02-20 13:24:15,29.0,17.0,7.659246444702148,974,2026-02-20 13:24:15,,5.0,4.659246444702148,5.324386119842529,5.559048652648926,7.376218289136887,30.45641089416739,0.25,8
1100.0,26,37,7.726065158843994,2,-1,27070.091737136816,64786.742366186365,2026-02-20 13:24:15,61.374106004623926,55.0,7.659246444702148,992,2026-02-20 13:24:15,,10.0,4.659246444702148,5.324386119842529,5.559048652648926,7.376218289136887,30.45641089416739,0.25,8
1100.0,26,41,8.053022384643555,2,-1,28743.58127346423,46342.490137449415,2026-02-20 13:24:15,65.0,14.803792521394577,7.659246444702148,996,2026-02-20 13:24:15,,2.0,4.659246444702148,5.324386119842529,5.559048652648926,7.376218289136887,30.45641089416739,0.25,8
1100.0,26,42,9.242740631103516,1,-1,28743.58127346423,51479.93189362959,2026-02-20 13:24:15,65.0,26.0,7.659246444702148,997,2026-02-20 13:24:15,,7.0,4.659246444702148,5.324386119842529,5.559048652648926,7.376218289136887,30.45641089416739,0.25,8
1100.0,26,53,16.515342712402344,2,-1,17222.73157180855,66622.16450033212,2026-02-20 13:24:15,40.03815897974602,59.0,12.659246444702148,1004,2026-02-20 13:24:15,,14.0,4.659246444702148,5.324386119842529,5.559048652648926,7.376218289136887,30.45641089416739,0.25,8
1100.0,26,58,16.016807556152344,2,-1,17887.752205304947,65704.45343325924,2026-02-20 13:24:15,41.479037018988215,57.0,12.659246444702148,1009,2026-02-20 13:24:15,,21.0,4.659246444702148,5.324386119842529,5.559048652648926,7.376218289136887,30.45641089416739,0.25,8
1100.0,26,59,13.621394157409668,2,-1,19051.273581156544,61333.05636755342,2026-02-20 13:24:15,44.0,47.473260653489184,12.659246444702148,1010,2026-02-20 13:24:15,,34.0,4.659246444702148,5.324386119842529,5.559048652648926,7.376218289136887,30.45641089416739,0.25,8
1100.0,26,63,10.86760139465332,5,-1,23004.901496875704,50514.605701920394,2026-02-20 13:24:15,52.56619381739152,23.89623068448287,12.659246444702148,1014,2026-02-20 13:24:15,,59.0,4.659246444702148,5.324386119842529,5.559048652648926,7.376218289136887,30.45641089416739,0.25,8
1100.0,26,70,22.49976921081543,4,-1,639.1728884834234,46975.88504973054,2026-02-20 13:24:15,4.107115165874912,16.18417232721164,17.65924644470215,1020,2026-02-20 13:24:15,,121.0,4.659246444702148,5.324386119842529,5.559048652648926,7.376218289136887,30.45641089416739,0.25,8
1100.0,26,73,21.485336303710938,6,-1,9451.441351859397,66388.96457962126,2026-02-20 13:24:15,23.20036350318952,58.4917792122641,17.65924644470215,1023,2026-02-20 13:24:15,,45.0,4.659246444702148,5.324386119842529,5.559048652648926,7.376218289136887,30.45641089416739,0.25,8
1100.0,27,28,11.90860366821289,8,-1,25628.82939217318,60953.03391313139,2026-02-20 13:28:37,58.25137092386938,46.64506435498719,7.659246444702148,1047,2026-02-20 13:28:37,,11.0,4.659246444702148,5.324386119842529,5.559048652648926,7.376218289136887,30.45641089416739,0.25,8
1100.0,27,31,7.741081714630127,9,-1,28607.83071443682,49343.493150643815,2026-02-20 13:28:37,64.70587378877394,21.34398391903426,7.659246444702148,1050,2026-02-20 13:28:37,,5.0,4.659246444702148,5.324386119842529,5.559048652648926,7.376218289136887,30.45641089416739,0.25,8
1100.0,27,39,16.146718978881836,6,-1,9123.990533495531,67014.90245728746,2026-02-20 13:28:37,22.49088673006781,59.855907640316495,12.659246444702148,1055,2026-02-20 13:28:37,,19.0,4.659246444702148,5.324386119842529,5.559048652648926,7.376218289136887,30.45641089416739,0.25,8
1100.0,27,40,12.280523300170898,6,-1,9415.287720099768,69572.82451025251,2026-02-20 13:28:37,23.12203063437699,65.43047712028097,12.659246444702148,1056,2026-02-20 13:28:37,,23.0,4.659246444702148,5.324386119842529,5.559048652648926,7.376218289136887,30.45641089416739,0.25,8
1100.0,27,43,13.632055282592773,4,-1,17801.201966052235,66695.09814136772,2026-02-20 13:28:37,41.29151150060734,59.15894684863774,12.659246444702148,1059,2026-02-20 13:28:37,,20.0,4.659246444702148,5.324386119842529,5.559048652648926,7.376218289136887,30.45641089416739,0.25,8
1100.0,27,50,17.75795555114746,1,-1,-794.8802649973053,52856.49849423891,2026-02-20 13:28:37,1.0,29.0,17.65924644470215,1064,2026-02-20 13:28:37,,109.0,4.659246444702148,5.324386119842529,5.559048652648926,7.376218289136887,30.45641089416739,0.25,8
1100.0,27,51,17.725643157958984,1,-1,-333.34180345884374,51021.07636009315,2026-02-20 13:28:37,2.0,25.0,17.65924644470215,1065,2026-02-20 13:28:37,,45.0,4.659246444702148,5.324386119842529,5.559048652648926,7.376218289136887,30.45641089416739,0.25,8
1100.0,28,5,9.329712867736816,1,-1,4282.042811925772,70293.00876862365,2026-02-20 13:33:00,12.0,67.0,7.659246444702148,1072,2026-02-20 13:33:00,,2.0,4.659246444702148,5.324386119842529,5.559048652648926,7.376218289136887,30.45641089416739,0.25,8
1100.0,28,11,9.005840301513672,3,-1,9479.520864004893,72312.07661444253,2026-02-20 13:33:00,23.26120244617143,71.40022555739439,7.659246444702148,1075,2026-02-20 13:33:00,,15.0,4.659246444702148,5.324386119842529,5.559048652648926,7.376218289136887,30.45641089416739,0.25,8
1100.0,28,17,8.805756568908691,23,-1,17224.093811379793,66813.36734388425,2026-02-20 13:33:00,40.04111049881705,59.41669508064667,7.659246444702148,1078,2026-02-20 13:33:00,,21.0,4.659246444702148,5.324386119842529,5.559048652648926,7.376218289136887,30.45641089416739,0.25,8
1100.0,28,20,10.36353874206543,3,-1,16865.626456957936,72311.11545586424,2026-02-20 13:33:00,39.26443123090303,71.39813087070537,7.659246444702148,1081,2026-02-20 13:33:00,,13.0,4.659246444702148,5.324386119842529,5.559048652648926,7.376218289136887,30.45641089416739,0.25,8
1100.0,28,31,8.254081726074219,1,-1,23666.658196541153,79470.11943935245,2026-02-20 13:33:00,54.0,87.0,7.659246444702148,1090,2026-02-20 13:33:00,,2.0,4.659246444702148,5.324386119842529,5.559048652648926,7.376218289136887,30.45641089416739,0.25,8
1100.0,28,40,10.089033126831055,6,-1,28483.428855594397,49158.55060235332,2026-02-20 13:33:00,64.43633642794869,20.940932119996074,7.659246444702148,1096,2026-02-20 13:33:00,,6.0,4.659246444702148,5.324386119842529,5.559048652648926,7.376218289136887,30.45641089416739,0.25,8
1100.0,28,49,12.883883476257324,1,-1,-1256.4187265357668,68916.44216801433,2026-02-20 13:33:00,0.0,64.0,12.659246444702148,1101,2026-02-20 13:33:00,,190.0,4.659246444702148,5.324386119842529,5.559048652648926,7.376218289136887,30.45641089416739,0.25,8
1100.0,28,50,12.798108100891113,2,-1,59.925427660305495,51021.07636009315,2026-02-20 13:33:00,2.8520790007581565,25.0,12.659246444702148,1102,2026-02-20 13:33:00,,10.0,4.659246444702148,5.324386119842529,5.559048652648926,7.376218289136887,30.45641089416739,0.25,8
1100.0,28,51,13.534061431884766,2,-1,589.7351196180794,52668.74154487898,2026-02-20 13:33:00,4.0,28.590814677742088,12.659246444702148,1103,2026-02-20 13:33:00,,22.0,4.659246444702148,5.324386119842529,5.559048652648926,7.376218289136887,30.45641089416739,0.25,8
1100.0,28,63,10.1634521484375,6,-1,23141.092057343652,56733.89705304807,2026-02-20 13:33:00,52.86127336507208,37.450151028855856,12.659246444702148,1109,2026-02-20 13:33:00,,54.0,4.659246444702148,5.324386119842529,5.559048652648926,7.376218289136887,30.45641089416739,0.25,8
1100.0,28,67,13.103941917419434,1,-1,25974.350504233465,64327.88683264992,2026-02-20 13:33:00,59.0,54.0,12.659246444702148,1112,2026-02-20 13:33:00,,11.0,4.659246444702148,5.324386119842529,5.559048652648926,7.376218289136887,30.45641089416739,0.25,8
1100.0,28,68,13.0,1,-1,26435.888965771926,65245.59789972281,2026-02-20 13:33:00,60.0,56.0,12.659246444702148,1113,2026-02-20 13:33:00,,8.0,4.659246444702148,5.324386119842529,5.559048652648926,7.376218289136887,30.45641089416739,0.25,8
1100.0,28,69,12.667661666870117,1,-1,28743.58127346423,69834.1532350872,2026-02-20 13:33:00,65.0,66.0,12.659246444702148,1114,2026-02-20 13:33:00,,5.0,4.659246444702148,5.324386119842529,5.559048652648926,7.376218289136887,30.45641089416739,0.25,8
1100.0,28,71,19.5,3,-1,-832.1904219764978,45514.80995765587,2026-02-20 13:33:00,0.919161326545083,13.0,17.65924644470215,1115,2026-02-20 13:33:00,,11.0,4.659246444702148,5.324386119842529,5.559048652648926,7.376218289136887,30.45641089416739,0.25,8
1100.0,28,73,25.152795791625977,4,179,6300.721063716429,58030.77296749542,2026-02-20 13:33:00,16.373802878879758,40.276478314161125,17.65924644470215,1117,2026-02-20 13:33:00,0 days 00:00:00,21.0,4.659246444702148,5.324386119842529,5.559048652648926,7.376218289136887,30.45641089416739,0.25,8
1100.0,28,76,22.701501846313477,2,-1,10077.659482904026,48726.79869241095,2026-02-20 13:33:00,24.557169453786216,20.0,17.65924644470215,1120,2026-02-20 13:33:00,,14.0,4.659246444702148,5.324386119842529,5.559048652648926,7.376218289136887,30.45641089416739,0.25,8
1100.0,29,1,11.650030136108398,1,-1,-1256.4187265357668,45514.80995765587,2026-02-20 13:37:13,0.0,13.0,7.659246444702148,1124,2026-02-20 13:37:13,,4.0,4.659246444702148,5.324386119842529,5.559048652648926,7.376218289136887,30.45641089416739,0.25,8
1100.0,29,33,9.40223217010498,1,-1,28282.04281192577,75340.4196375245,2026-02-20 13:37:13,64.0,78.0,7.659246444702148,1143,2026-02-20 13:37:13,,1.0,4.659246444702148,5.324386119842529,5.559048652648926,7.376218289136887,30.45641089416739,0.25,8
1100.0,29,47,17.54734230041504,6,-1,17366.869988856688,64024.09516958694,2026-02-20 13:37:13,40.35045888335032,53.33793614578071,12.659246444702148,1153,2026-02-20 13:37:13,,31.0,4.659246444702148,5.324386119842529,5.559048652648926,7.376218289136887,30.45641089416739,0.25,8
1100.0,29,48,14.366783142089844,1,-1,17205.119735002692,70293.00876862365,2026-02-20 13:37:13,40.0,67.0,12.659246444702148,1154,2026-02-20 13:37:13,,7.0,4.659246444702148,5.324386119842529,5.559048652648926,7.376218289136887,30.45641089416739,0.25,8
1100.0,29,49,13.929784774780273,1,-1,19512.812042695004,71210.71983569654,2026-02-20 13:37:13,45.0,69.0,12.659246444702148,1155,2026-02-20 13:37:13,,8.0,4.659246444702148,5.324386119842529,5.559048652648926,7.376218289136887,30.45641089416739,0.25,8
1100.0,29,56,15.121041297912598,1,-1,27820.50435038731,60198.187030821966,2026-02-20 13:37:13,63.0,45.0,12.659246444702148,1160,2026-02-20 13:37:13,,4.0,4.659246444702148,5.324386119842529,5.559048652648926,7.376218289136887,30.45641089416739,0.25,8
1100.0,29,58,18.105072021484375,3,-1,-827.772238789768,56278.07653184732,2026-02-20 13:37:13,0.9287340567829975,36.456765337965955,17.65924644470215,1161,2026-02-20 13:37:13,,136.0,4.659246444702148,5.324386119842529,5.559048652648926,7.376218289136887,30.45641089416739,0.25,8
1100.0,29,62,24.888513565063477,8,179,9710.136209744725,60316.66602227775,2026-02-20 13:37:13,23.760869028607733,45.258205432421526,17.65924644470215,1165,2026-02-20 13:37:13,0 days 00:04:13,32.0,4.659246444702148,5.324386119842529,5.559048652648926,7.376218289136887,30.45641089416739,0.25,8
1100.0,30,9,9.496541976928711,1,-1,9358.965888848848,71669.57536923297,2026-02-20 13:41:36,23.0,70.0,7.659246444702148,1174,2026-02-20 13:41:36,,12.0,4.659246444702148,5.324386119842529,5.559048652648926,7.376218289136887,30.45641089416739,0.25,8
1100.0,30,10,8.5,1,-1,10282.042811925772,44597.09889058299,2026-02-20 13:41:36,25.0,11.0,7.659246444702148,1175,2026-02-20 13:41:36,,3.0,4.659246444702148,5.324386119842529,5.559048652648926,7.376218289136887,30.45641089416739,0.25,8
1100.0,30,11,9.503969192504883,1,-1,12128.196658079618,51938.78742716603,2026-02-20 13:41:36,29.0,27.0,7.659246444702148,1176,2026-02-20 13:41:36,,7.0,4.659246444702148,5.324386119842529,5.559048652648926,7.376218289136887,30.45641089416739,0.25,8
1100.0,30,12,12.000000953674316,1,-1,13974.350504233464,87270.66350947194,2026-02-20 13:41:36,33.0,104.0,7.659246444702148,1177,2026-02-20 13:41:36,,4.0,4.659246444702148,5.324386119842529,5.559048652648926,7.376218289136887,30.45641089416739,0.25,8
1100.0,30,13,9.242661476135254,4,-1,14711.78744885655,72458.28894543483,2026-02-20 13:41:36,34.597780046683354,71.71887123191732,7.659246444702148,1178,2026-02-20 13:41:36,,6.0,4.659246444702148,5.324386119842529,5.559048652648926,7.376218289136887,30.45641089416739,0.25,8
1100.0,30,28,8.628363609313965,1,-1,27820.50435038731,63869.031299113485,2026-02-20 13:41:36,63.0,53.0,7.659246444702148,1189,2026-02-20 13:41:36,,4.0,4.659246444702148,5.324386119842529,5.559048652648926,7.376218289136887,30.45641089416739,0.25,8
1100.0,30,41,12.552908897399902,2,-1,8896.620524866476,78094.35505065453,2026-02-20 13:41:36,21.998251711371523,84.00174828862848,12.659246444702148,1195,2026-02-20 13:41:36,,13.0,4.659246444702148,5.324386119842529,5.559048652648926,7.376218289136887,30.45641089416739,0.25,8
1100.0,30,50,19.2037353515625,5,-1,-858.9747258653449,58636.510935408136,2026-02-20 13:41:36,0.8611286681192476,41.59658436855311,17.65924644470215,1199,2026-02-20 13:41:36,,216.0,4.659246444702148,5.324386119842529,5.559048652648926,7.376218289136887,30.45641089416739,0.25,8
1100.0,30,54,17.679262161254883,1,-1,-333.34180345884374,73046.14196984228,2026-02-20 13:41:36,2.0,73.0,17.65924644470215,1203,2026-02-20 13:41:36,,13.0,4.659246444702148,5.324386119842529,5.559048652648926,7.376218289136887,30.45641089416739,0.25,8
1100.0,30,57,18.12281608581543,1,-1,6589.73511961808,90482.65224422702,2026-02-20 13:41:36,17.0,111.0,17.65924644470215,1206,2026-02-20 13:41:36,,21.0,4.659246444702148,5.324386119842529,5.559048652648926,7.376218289136887,30.45641089416739,0.25,8
1100.0,30,58,20.859201431274414,16,179,9620.892141881946,63265.69710863661,2026-02-20 13:41:36,23.56750688157171,51.68513258230337,17.65924644470215,1207,2026-02-20 13:41:36,0 days 00:08:36,111.0,4.659246444702148,5.324386119842529,5.559048652648926,7.376218289136887,30.45641089416739,0.25,8
1100.0,30,60,19.026182174682617,1,-1,17666.658196541153,66163.30896679568,2026-02-20 13:41:36,41.0,58.0,17.65924644470215,1209,2026-02-20 13:41:36,,34.0,4.659246444702148,5.324386119842529,5.559048652648926,7.376218289136887,30.45641089416739,0.25,8
1100.0,31,38,9.550151824951172,1,-1,27820.50435038731,80387.83050642534,2026-02-20 13:45:59,63.0,89.0,7.659246444702148,1237,2026-02-20 13:45:59,,9.0,4.659246444702148,5.324386119842529,5.559048652648926,7.376218289136887,30.45641089416739,0.25,8
1100.0,31,39,7.747774600982666,1,-1,28743.58127346423,42761.67675643723,2026-02-20 13:45:59,65.0,7.0,7.659246444702148,1238,2026-02-20 13:45:59,,0.0,4.659246444702148,5.324386119842529,5.559048652648926,7.376218289136887,30.45641089416739,0.25,8
1100.0,31,42,16.535430908203125,2,-1,340.8993794989066,74422.70857045162,2026-02-20 13:45:59,3.460855896408459,76.0,12.659246444702148,1239,2026-02-20 13:45:59,,15.0,4.659246444702148,5.324386119842529,5.559048652648926,7.376218289136887,30.45641089416739,0.25,8
1100.0,31,52,13.469860076904297,1,-1,13974.350504233464,56527.34276253044,2026-02-20 13:45:59,33.0,37.0,12.659246444702148,1246,2026-02-20 13:45:59,,7.0,4.659246444702148,5.324386119842529,5.559048652648926,7.376218289136887,30.45641089416739,0.25,8
1100.0,31,54,12.604506492614746,3,-1,16704.5054398897,70713.27408494153,2026-02-20 13:45:59,38.915335693921854,67.91589898258142,12.659246444702148,1248,2026-02-20 13:45:59,,32.0,4.659246444702148,5.324386119842529,5.559048652648926,7.376218289136887,30.45641089416739,0.25,8
1100.0,31,62,14.694241523742676,1,-1,23205.119735002692,72128.43090276941,2026-02-20 13:45:59,53.0,71.0,12.659246444702148,1254,2026-02-20 13:45:59,,25.0,4.659246444702148,5.324386119842529,5.559048652648926,7.376218289136887,30.45641089416739,0.25,8
1100.0,31,66,18.794967651367188,4,-1,-941.7407684226037,60489.149352582186,2026-02-20 13:45:59,0.6818022425785202,45.634104419571344,17.65924644470215,1256,2026-02-20 13:45:59,,145.0,4.659246444702148,5.324386119842529,5.559048652648926,7.376218289136887,30.45641089416739,0.25,8
1100.0,31,69,18.714521408081055,4,-1,326.1274076476903,56805.63458957089,2026-02-20 13:45:59,3.42884995739749,37.60649116486756,17.65924644470215,1259,2026-02-20 13:45:59,,31.0,4.659246444702148,5.324386119842529,5.559048652648926,7.376218289136887,30.45641089416739,0.25,8
1100.0,31,71,14.985479354858398,3,-1,7714.541823265968,92752.82081631801,2026-02-20 13:45:59,19.43708119123709,115.947458200176,17.65924644470215,1261,2026-02-20 13:45:59,,17.0,4.659246444702148,5.324386119842529,5.559048652648926,7.376218289136887,30.45641089416739,0.25,8
1100.0,31,72,20.336210250854492,13,179,9789.90393587545,62331.41944970597,2026-02-20 13:45:59,23.93369910189097,49.649028426099605,17.65924644470215,1262,2026-02-20 13:45:59,0 days 00:12:59,125.0,4.659246444702148,5.324386119842529,5.559048652648926,7.376218289136887,30.45641089416739,0.25,8
1100.0,32,17,8.838926315307617,4,-1,18290.738289064953,57783.0775566827,2026-02-20 13:50:22,42.352173533801555,39.736666995108905,7.659246444702148,1281,2026-02-20 13:50:22,,7.0,4.659246444702148,5.324386119842529,5.559048652648926,7.376218289136887,30.45641089416739,0.25,8
1100.0,32,20,9.11244010925293,1,-1,19051.273581156544,43220.532289973664,2026-02-20 13:50:22,44.0,8.0,7.659246444702148,1284,2026-02-20 13:50:22,,2.0,4.659246444702148,5.324386119842529,5.559048652648926,7.376218289136887,30.45641089416739,0.25,8
1100.0,32,29,8.476297378540039,2,-1,22500.113827118443,72128.43090276941,2026-02-20 13:50:22,51.47248719958412,71.0,7.659246444702148,1291,2026-02-20 13:50:22,,8.0,4.659246444702148,5.324386119842529,5.559048652648926,7.376218289136887,30.45641089416739,0.25,8
1100.0,32,48,13.295982360839844,1,-1,16743.58127346423,70751.86430216009,2026-02-20 13:50:22,39.0,68.0,12.659246444702148,1303,2026-02-20 13:50:22,,20.0,4.659246444702148,5.324386119842529,5.559048652648926,7.376218289136887,30.45641089416739,0.25,8
1100.0,32,60,22.235889434814453,17,-1,368.7104812016657,58939.84149712585,2026-02-20 13:50:22,3.5211132834311036,42.257643328395915,17.65924644470215,1313,2026-02-20 13:50:22,,73.0,4.659246444702148,5.324386119842529,5.559048652648926,7.376218289136887,30.45641089416739,0.25,8
1100.0,32,62,17.01361083984375,9,179,10267.676281979613,62932.53138317915,2026-02-20 13:50:22,24.968872518449988,50.9590528009619,17.65924644470215,1315,2026-02-20 13:50:22,0 days 00:17:22,112.0,4.659246444702148,5.324386119842529,5.559048652648926,7.376218289136887,30.45641089416739,0.25,8
1100.0,33,20,10.282286643981934,1,-1,16282.042811925772,56068.487228993996,2026-02-20 13:54:45,38.0,36.0,7.659246444702148,1329,2026-02-20 13:54:45,,2.0,4.659246444702148,5.324386119842529,5.559048652648926,7.376218289136887,30.45641089416739,0.25,8
1100.0,33,42,7.853342533111572,1,-1,26897.427427310387,43679.38782351011,2026-02-20 13:54:45,61.0,9.0,7.659246444702148,1346,2026-02-20 13:54:45,,0.0,4.659246444702148,5.324386119842529,5.559048652648926,7.376218289136887,30.45641089416739,0.25,8
1100.0,33,43,7.905697822570801,1,-1,27358.96588884885,45055.95442411943,2026-02-20 13:54:45,62.0,12.0,7.659246444702148,1347,2026-02-20 13:54:45,,0.0,4.659246444702148,5.324386119842529,5.559048652648926,7.376218289136887,30.45641089416739,0.25,8
1100.0,33,69,12.8916597366333,11,-1,23206.945521770318,65661.8645186352,2026-02-20 13:54:45,53.00395587132986,56.90718448071048,12.659246444702148,1367,2026-02-20 13:54:45,,116.0,4.659246444702148,5.324386119842529,5.559048652648926,7.376218289136887,30.45641089416739,0.25,8
1100.0,33,77,18.374176025390625,13,-1,64.71074240767607,61277.67569473911,2026-02-20 13:54:45,2.8624471827107927,47.35256760575041,17.65924644470215,1373,2026-02-20 13:54:45,,83.0,4.659246444702148,5.324386119842529,5.559048652648926,7.376218289136887,30.45641089416739,0.25,8
1100.0,33,80,19.499998092651367,2,-1,8204.84641807532,97824.34078081007,2026-02-20 13:54:45,20.49940781332402,127.0,17.65924644470215,1376,2026-02-20 13:54:45,,12.0,4.659246444702148,5.324386119842529,5.559048652648926,7.376218289136887,30.45641089416739,0.25,8
1100.0,33,81,22.635265350341797,7,179,10768.181817115812,65910.24140207749,2026-02-20 13:54:45,26.053301177911752,57.448480957028515,17.65924644470215,1377,2026-02-20 13:54:45,0 days 00:21:45,121.0,4.659246444702148,5.324386119842529,5.559048652648926,7.376218289136887,30.45641089416739,0.25,8
1100.0,34,28,5.2999958992004395,9,-1,19093.149018551903,58466.4621271283,2026-02-20 13:59:07,44.09073011435661,41.22599102086206,7.659246444702148,1397,2026-02-20 13:59:07,,11.0,4.659246444702148,5.324386119842529,5.559048652648926,7.376218289136887,30.45641089416739,0.25,8
1100.0,34,29,9.116886138916016,1,-1,18589.735119618083,49185.65422594739,2026-02-20 13:59:07,43.0,21.0,7.659246444702148,1398,2026-02-20 13:59:07,,1.0,4.659246444702148,5.324386119842529,5.559048652648926,7.376218289136887,30.45641089416739,0.25,8
1100.0,34,31,9.366902351379395,1,-1,19512.812042695004,43220.532289973664,2026-02-20 13:59:07,45.0,8.0,7.659246444702148,1400,2026-02-20 13:59:07,,1.0,4.659246444702148,5.324386119842529,5.559048652648926,7.376218289136887,30.45641089416739,0.25,8
1100.0,34,33,8.26102352142334,1,-1,20435.888965771926,49644.50975948383,2026-02-20 13:59:07,47.0,22.0,7.659246444702148,1402,2026-02-20 13:59:07,,1.0,4.659246444702148,5.324386119842529,5.559048652648926,7.376218289136887,30.45641089416739,0.25,8
1100.0,34,50,10.905096054077148,6,-1,-676.9130580922206,71099.10697950944,2026-02-20 13:59:07,1.2555956149610168,68.75675817761882,12.659246444702148,1414,2026-02-20 13:59:07,,63.0,4.659246444702148,5.324386119842529,5.559048652648926,7.376218289136887,30.45641089416739,0.25,8
1100.0,34,59,14.18437671661377,4,-1,9542.061816744455,76728.36710972455,2026-02-20 13:59:07,23.396707843773815,81.02480273366874,12.659246444702148,1421,2026-02-20 13:59:07,,18.0,4.659246444702148,5.324386119842529,5.559048652648926,7.376218289136887,30.45641089416739,0.25,8
1100.0,34,60,12.860257148742676,1,214,9820.504350387311,54233.065094848236,2026-02-20 13:59:07,24.0,32.0,12.659246444702148,1422,2026-02-20 13:59:07,0 days 00:00:00,25.0,4.659246444702148,5.324386119842529,5.559048652648926,7.376218289136887,30.45641089416739,0.25,8
1100.0,34,63,13.469112396240234,2,-1,17666.658196541153,66947.83352417825,2026-02-20 13:59:07,41.0,59.70974195589657,12.659246444702148,1424,2026-02-20 13:59:07,,8.0,4.659246444702148,5.324386119842529,5.559048652648926,7.376218289136887,30.45641089416739,0.25,8
1100.0,34,73,21.44552230834961,1,-1,3820.5043503873103,64327.88683264992,2026-02-20 13:59:07,11.0,54.0,17.65924644470215,1431,2026-02-20 13:59:07,,38.0,4.659246444702148,5.324386119842529,5.559048652648926,7.376218289136887,30.45641089416739,0.25,8
1100.0,34,75,20.001535415649414,6,179,10161.043145376376,65308.971022320125,2026-02-20 13:59:07,24.73783405580964,56.138111274607276,17.65924644470215,1433,2026-02-20 13:59:07,0 days 00:26:07,68.0,4.659246444702148,5.324386119842529,5.559048652648926,7.376218289136887,30.45641089416739,0.25,8
1100.0,34,77,18.0,1,-1,24128.19665807962,69834.1532350872,2026-02-20 13:59:07,55.0,66.0,17.65924644470215,1435,2026-02-20 13:59:07,,76.0,4.659246444702148,5.324386119842529,5.559048652648926,7.376218289136887,30.45641089416739,0.25,8
1100.0,35,27,6.3060150146484375,3,-1,16714.339190533712,61746.2603186078,2026-02-20 14:03:30,38.93664215365054,48.37377055443724,7.659246444702148,1452,2026-02-20 14:03:30,,5.0,4.659246444702148,5.324386119842529,5.559048652648926,7.376218289136887,30.45641089416739,0.25,8
1100.0,35,36,8.547911643981934,1,-1,21820.50435038731,78552.40837227958,2026-02-20 14:03:30,50.0,85.0,7.659246444702148,1461,2026-02-20 14:03:30,,2.0,4.659246444702148,5.324386119842529,5.559048652648926,7.376218289136887,30.45641089416739,0.25,8
1100.0,35,50,13.07664680480957,4,-1,-754.2805219063913,68281.854119937,2026-02-20 14:03:30,1.0879661100303137,62.61701995138533,12.659246444702148,1471,2026-02-20 14:03:30,,69.0,4.659246444702148,5.324386119842529,5.559048652648926,7.376218289136887,30.45641089416739,0.25,8
1100.0,35,51,12.896063804626465,1,-1,-1256.4187265357668,77175.84177167025,2026-02-20 14:03:30,0.0,82.0,12.659246444702148,1472,2026-02-20 14:03:30,,10.0,4.659246444702148,5.324386119842529,5.559048652648926,7.376218289136887,30.45641089416739,0.25,8
1100.0,35,76,19.30324363708496,5,-1,4114.507740408112,64540.49840999451,2026-02-20 14:03:30,11.63700734504507,54.463351887043764,17.65924644470215,1487,2026-02-20 14:03:30,,40.0,4.659246444702148,5.324386119842529,5.559048652648926,7.376218289136887,30.45641089416739,0.25,8
1100.0,35,78,18.902360916137695,7,179,10253.005140931537,68293.85543901077,2026-02-20 14:03:30,24.937085046179156,62.64317484807207,17.65924644470215,1489,2026-02-20 14:03:30,0 days 00:30:30,137.0,4.659246444702148,5.324386119842529,5.559048652648926,7.376218289136887,30.45641089416739,0.25,8
1100.0,35,79,19.4624080657959,1,214,10282.042811925772,56986.19829606688,2026-02-20 14:03:30,25.0,38.0,17.65924644470215,1490,2026-02-20 14:03:30,0 days 00:04:23,26.0,4.659246444702148,5.324386119842529,5.559048652648926,7.376218289136887,30.45641089416739,0.25,8
1100.0,35,80,20.374570846557617,1,-1,10743.581273464233,57903.909363139755,2026-02-20 14:03:30,26.0,40.0,17.65924644470215,1491,2026-02-20 14:03:30,,5.0,4.659246444702148,5.324386119842529,5.559048652648926,7.376218289136887,30.45641089416739,0.25,8
1100.0,35,81,21.0,1,-1,13974.350504233464,51021.07636009315,2026-02-20 14:03:30,33.0,25.0,17.65924644470215,1492,2026-02-20 14:03:30,,4.0,4.659246444702148,5.324386119842529,5.559048652648926,7.376218289136887,30.45641089416739,0.25,8
1100.0,35,82,17.80523681640625,1,-1,22743.58127346423,70293.00876862365,2026-02-20 14:03:30,52.0,67.0,17.65924644470215,1493,2026-02-20 14:03:30,,29.0,4.659246444702148,5.324386119842529,5.559048652648926,7.376218289136887,30.45641089416739,0.25,8
1100.0,36,36,10.990742683410645,10,-1,21557.862748374453,76958.23226960983,2026-02-20 14:07:52,49.43094319563881,81.5257559598698,7.659246444702148,1524,2026-02-20 14:07:52,,8.0,4.659246444702148,5.324386119842529,5.559048652648926,7.376218289136887,30.45641089416739,0.25,8
1100.0,36,53,8.24321460723877,1,-1,27358.96588884885,45055.95442411943,2026-02-20 14:07:52,62.0,12.0,7.659246444702148,1537,2026-02-20 14:07:52,,1.0,4.659246444702148,5.324386119842529,5.559048652648926,7.376218289136887,30.45641089416739,0.25,8
1100.0,36,57,15.142066955566406,4,-1,-1026.4115938205161,70045.41077336205,2026-02-20 14:07:52,0.4983487875497096,66.46040098208397,12.659246444702148,1539,2026-02-20 14:07:52,,28.0,4.659246444702148,5.324386119842529,5.559048652648926,7.376218289136887,30.45641089416739,0.25,8
1100.0,36,59,16.728940963745117,2,-1,7051.273581156542,53350.546697760794,2026-02-20 14:07:52,18.0,30.076696623257877,12.659246444702148,1541,2026-02-20 14:07:52,,6.0,4.659246444702148,5.324386119842529,5.559048652648926,7.376218289136887,30.45641089416739,0.25,8
1100.0,36,63,14.1461820602417,2,-1,8719.906762092114,52680.009758541884,2026-02-20 14:07:52,21.615371892027074,28.615371892027074,12.659246444702148,1545,2026-02-20 14:07:52,,13.0,4.659246444702148,5.324386119842529,5.559048652648926,7.376218289136887,30.45641089416739,0.25,8
1100.0,36,65,12.386983871459961,3,-1,8557.974840311039,82017.13283627629,2026-02-20 14:07:52,21.264519394834743,92.55079586224835,12.659246444702148,1546,2026-02-20 14:07:52,,27.0,4.659246444702148,5.324386119842529,5.559048652648926,7.376218289136887,30.45641089416739,0.25,8
1100.0,36,66,15.721810340881348,2,-1,9063.945280777461,53774.2095613118,2026-02-20 14:07:52,22.360788682511995,31.0,12.659246444702148,1547,2026-02-20 14:07:52,,13.0,4.659246444702148,5.324386119842529,5.559048652648926,7.376218289136887,30.45641089416739,0.25,8
1100.0,36,75,16.7289981842041,1,-1,19051.273581156544,52856.49849423891,2026-02-20 14:07:52,44.0,29.0,12.659246444702148,1554,2026-02-20 14:07:52,,16.0,4.659246444702148,5.324386119842529,5.559048652648926,7.376218289136887,30.45641089416739,0.25,8
1100.0,36,77,15.523001670837402,1,-1,19512.812042695004,61115.89809789484,2026-02-20 14:07:52,45.0,47.0,12.659246444702148,1556,2026-02-20 14:07:52,,25.0,4.659246444702148,5.324386119842529,5.559048652648926,7.376218289136887,30.45641089416739,0.25,8
1100.0,36,78,14.156790733337402,1,-1,20435.888965771926,52397.64296070248,2026-02-20 14:07:52,47.0,28.0,12.659246444702148,1557,2026-02-20 14:07:52,,8.0,4.659246444702148,5.324386119842529,5.559048652648926,7.376218289136887,30.45641089416739,0.25,8
1100.0,36,79,13.008879661560059,1,-1,21358.96588884885,52856.49849423891,2026-02-20 14:07:52,49.0,29.0,12.659246444702148,1558,2026-02-20 14:07:52,,5.0,4.659246444702148,5.324386119842529,5.559048652648926,7.376218289136887,30.45641089416739,0.25,8
1100.0,36,83,12.755245208740234,1,-1,24128.19665807962,70293.00876862365,2026-02-20 14:07:52,55.0,67.0,12.659246444702148,1561,2026-02-20 14:07:52,,18.0,4.659246444702148,5.324386119842529,5.559048652648926,7.376218289136887,30.45641089416739,0.25,8
1100.0,36,86,14.040043830871582,1,-1,26435.888965771926,53774.2095613118,2026-02-20 14:07:52,60.0,31.0,12.659246444702148,1563,2026-02-20 14:07:52,,10.0,4.659246444702148,5.324386119842529,5.559048652648926,7.376218289136887,30.45641089416739,0.25,8
1100.0,36,91,21.370708465576172,11,214,10184.5680053642,58728.76502384798,2026-02-20 14:07:52,24.78880458578326,41.797636947627026,17.65924644470215,1566,2026-02-20 14:07:52,0 days 00:08:45,127.0,4.659246444702148,5.324386119842529,5.559048652648926,7.376218289136887,30.45641089416739,0.25,8
1100.0,36,96,18.499998092651367,1,-1,28743.58127346423,67081.02003386857,2026-02-20 14:07:52,65.0,60.0,17.65924644470215,1571,2026-02-20 14:07:52,,129.0,4.659246444702148,5.324386119842529,5.559048652648926,7.376218289136887,30.45641089416739,0.25,8
1100.0,37,14,7.7554497718811035,26,-1,9550.799148874601,83890.17373167757,2026-02-20 14:12:16,23.415638730055797,96.63277975152518,7.659246444702148,1578,2026-02-20 14:12:16,,39.0,4.659246444702148,5.324386119842529,5.559048652648926,7.376218289136887,30.45641089416739,0.25,8
1100.0,37,30,9.277783393859863,1,-1,22282.04281192577,80387.83050642534,2026-02-20 14:12:16,51.0,89.0,7.659246444702148,1587,2026-02-20 14:12:16,,7.0,4.659246444702148,5.324386119842529,5.559048652648926,7.376218289136887,30.45641089416739,0.25,8
1100.0,37,37,10.014615058898926,2,-1,26897.427427310387,49207.43904733445,2026-02-20 14:12:16,61.0,21.04747642731724,7.659246444702148,1590,2026-02-20 14:12:16,,2.0,4.659246444702148,5.324386119842529,5.559048652648926,7.376218289136887,30.45641089416739,0.25,8
1100.0,37,44,16.151519775390625,2,-1,396.303180770091,73963.85303691517,2026-02-20 14:12:16,3.5808974658293584,75.0,12.659246444702148,1595,2026-02-20 14:12:16,,11.0,4.659246444702148,5.324386119842529,5.559048652648926,7.376218289136887,30.45641089416739,0.25,8
1100.0,37,46,13.340682983398438,2,-1,1512.8120426950027,71267.58424209281,2026-02-20 14:12:16,6.0,69.12392660050979,12.659246444702148,1597,2026-02-20 14:12:16,,29.0,4.659246444702148,5.324386119842529,5.559048652648926,7.376218289136887,30.45641089416739,0.25,8
1100.0,37,55,15.797673225402832,3,-1,11666.658196541157,47826.865852720555,2026-02-20 14:12:16,28.0,18.038744716110244,12.659246444702148,1604,2026-02-20 14:12:16,,22.0,4.659246444702148,5.324386119842529,5.559048652648926,7.376218289136887,30.45641089416739,0.25,8
1100.0,37,57,16.106029510498047,4,-1,18368.06586617155,55609.63169545756,2026-02-20 14:12:16,42.51971661753251,35.0,12.659246444702148,1606,2026-02-20 14:12:16,,31.0,4.659246444702148,5.324386119842529,5.559048652648926,7.376218289136887,30.45641089416739,0.25,8
1100.0,37,77,28.04060173034668,34,214,9970.949590510521,60706.18507046092,2026-02-20 14:12:16,24.325964686933624,46.10709799165713,17.65924644470215,1621,2026-02-20 14:12:16,0 days 00:13:09,200.0,4.659246444702148,5.324386119842529,5.559048652648926,7.376218289136887,30.45641089416739,0.25,8
1100.0,38,11,8.88196849822998,1,240,9820.504350387311,53774.2095613118,2026-02-20 14:16:39,24.0,31.0,7.659246444702148,1636,2026-02-20 14:16:39,0 days 00:00:00,5.0,4.659246444702148,5.324386119842529,5.559048652648926,7.376218289136887,30.45641089416739,0.25,8
1100.0,38,13,11.603577613830566,6,-1,9962.044221980663,86744.98042702992,2026-02-20 14:16:39,24.306669721785596,102.85436037266341,7.659246444702148,1637,2026-02-20 14:16:39,,11.0,4.659246444702148,5.324386119842529,5.559048652648926,7.376218289136887,30.45641089416739,0.25,8
1100.0,38,16,12.054669380187988,1,-1,11666.658196541157,48726.79869241095,2026-02-20 14:16:39,28.0,20.0,7.659246444702148,1639,2026-02-20 14:16:39,,6.0,4.659246444702148,5.324386119842529,5.559048652648926,7.376218289136887,30.45641089416739,0.25,8
1100.0,38,22,3.7887165546417236,4,-1,21469.39671009054,75775.07488143968,2026-02-20 14:16:39,49.239266779356996,78.94725945781947,7.659246444702148,1643,2026-02-20 14:16:39,,8.0,4.659246444702148,5.324386119842529,5.559048652648926,7.376218289136887,30.45641089416739,0.25,8
1100.0,38,31,9.693094253540039,2,-1,25512.812042695004,71870.0333767627,2026-02-20 14:16:39,58.0,70.43686518496308,7.659246444702148,1649,2026-02-20 14:16:39,,33.0,4.659246444702148,5.324386119842529,5.559048652648926,7.376218289136887,30.45641089416739,0.25,8
1100.0,38,38,13.88660717010498,4,-1,50.07810173843605,74100.98863134506,2026-02-20 14:16:39,2.8307431279274393,75.29886442334684,12.659246444702148,1653,2026-02-20 14:16:39,,21.0,4.659246444702148,5.324386119842529,5.559048652648926,7.376218289136887,30.45641089416739,0.25,8
1100.0,38,44,14.200531005859375,2,-1,11455.761804473026,79011.26390581601,2026-02-20 14:16:39,27.54305781718572,86.0,12.659246444702148,1657,2026-02-20 14:16:39,,17.0,4.659246444702148,5.324386119842529,5.559048652648926,7.376218289136887,30.45641089416739,0.25,8
1100.0,38,45,14.182042121887207,2,-1,18826.408725290887,58362.7648966762,2026-02-20 14:16:39,43.512792812291075,41.0,12.659246444702148,1658,2026-02-20 14:16:39,,32.0,4.659246444702148,5.324386119842529,5.559048652648926,7.376218289136887,30.45641089416739,0.25,8
1100.0,38,58,12.889979362487793,1,-1,27358.96588884885,49185.65422594739,2026-02-20 14:16:39,62.0,21.0,12.659246444702148,1666,2026-02-20 14:16:39,,13.0,4.659246444702148,5.324386119842529,5.559048652648926,7.376218289136887,30.45641089416739,0.25,8
1100.0,38,61,27.01449966430664,96,214,10054.212097565425,60938.933586308114,2026-02-20 14:16:39,24.50636678555258,46.61433501689989,17.65924644470215,1668,2026-02-20 14:16:39,0 days 00:17:32,245.0,4.659246444702148,5.324386119842529,5.559048652648926,7.376218289136887,30.45641089416739,0.25,8
1100.0,38,65,16.092456817626953,4,-1,23168.556813062405,54544.74274809733,2026-02-20 14:16:39,52.920780335796046,32.67925006994461,17.65924644470215,1672,2026-02-20 14:16:39,,61.0,4.659246444702148,5.324386119842529,5.559048652648926,7.376218289136887,30.45641089416739,0.25,8
1100.0,38,68,24.599897384643555,17,-1,24389.99685806949,63497.41165893599,2026-02-20 14:16:39,55.56723376664472,52.19011625006811,17.65924644470215,1675,2026-02-20 14:16:39,,255.0,4.659246444702148,5.324386119842529,5.559048652648926,7.376218289136887,30.45641089416739,0.25,8
1100.0,39,2,8.236515998840332,1,-1,-1256.4187265357668,53315.35402777536,2026-02-20 14:21:02,0.0,30.0,7.659246444702148,1679,2026-02-20 14:21:02,,1.0,4.659246444702148,5.324386119842529,5.559048652648926,7.376218289136887,30.45641089416739,0.25,8
1100.0,39,7,4.0,6,-1,3551.0272803498433,75526.93440442283,2026-02-20 14:21:02,10.416133014918822,78.40647819033771,7.659246444702148,1684,2026-02-20 14:21:02,,17.0,4.659246444702148,5.324386119842529,5.559048652648926,7.376218289136887,30.45641089416739,0.25,8
1100.0,39,15,7.273564338684082,2,-1,16782.564465448642,49605.75317721041,2026-02-20 14:21:02,39.08446358263289,21.915536417367107,7.659246444702148,1689,2026-02-20 14:21:02,,2.0,4.659246444702148,5.324386119842529,5.559048652648926,7.376218289136887,30.45641089416739,0.25,8
1100.0,39,22,7.706452369689941,1,-1,21358.96588884885,78093.55283874314,2026-02-20 14:21:02,49.0,84.0,7.659246444702148,1693,2026-02-20 14:21:02,,2.0,4.659246444702148,5.324386119842529,5.559048652648926,7.376218289136887,30.45641089416739,0.25,8
1100.0,39,28,8.693700790405273,1,-1,26435.888965771926,45055.95442411943,2026-02-20 14:21:02,60.0,12.0,7.659246444702148,1696,2026-02-20 14:21:02,,1.0,4.659246444702148,5.324386119842529,5.559048652648926,7.376218289136887,30.45641089416739,0.25,8
1100.0,39,39,13.344170570373535,2,-1,8999.453709840967,82682.10817410753,2026-02-20 14:21:02,22.221056945482925,94.0,12.659246444702148,1703,2026-02-20 14:21:02,,27.0,4.659246444702148,5.324386119842529,5.559048652648926,7.376218289136887,30.45641089416739,0.25,8
1100.0,39,49,15.386558532714844,6,-1,20467.354160281713,61460.159710018044,2026-02-20 14:21:02,47.06817458810454,47.750261437341614,12.659246444702148,1712,2026-02-20 14:21:02,,34.0,4.659246444702148,5.324386119842529,5.559048652648926,7.376218289136887,30.45641089416739,0.25,8
1100.0,39,62,22.87858009338379,130,214,9960.06624806387,62491.926006735164,2026-02-20 14:21:02,24.30238411163254,49.99882601008459,17.65924644470215,1719,2026-02-20 14:21:02,0 days 00:21:55,261.0,4.659246444702148,5.324386119842529,5.559048652648926,7.376218289136887,30.45641089416739,0.25,8
1100.0,39,66,19.5495662689209,1,240,9820.504350387311,55609.63169545756,2026-02-20 14:21:02,24.0,35.0,17.65924644470215,1723,2026-02-20 14:21:02,0 days 00:04:23,12.0,4.659246444702148,5.324386119842529,5.559048652648926,7.376218289136887,30.45641089416739,0.25,8
1100.0,39,69,19.664823532104492,13,-1,23194.392647867266,57024.38097863985,2026-02-20 14:21:02,52.97675797787324,38.08321286283438,17.65924644470215,1726,2026-02-20 14:21:02,,89.0,4.659246444702148,5.324386119842529,5.559048652648926,7.376218289136887,30.45641089416739,0.25,8
1100.0,39,75,19.155895233154297,6,-1,27569.458436192144,60426.129425652354,2026-02-20 14:21:02,62.45606718591048,45.496762876702434,17.65924644470215,1732,2026-02-20 14:21:02,,190.0,4.659246444702148,5.324386119842529,5.559048652648926,7.376218289136887,30.45641089416739,0.25,8
1100.0,39,76,21.52686882019043,6,-1,28276.624521830705,68652.04943606754,2026-02-20 14:21:02,63.98826037146069,63.42379962183502,17.65924644470215,1733,2026-02-20 14:21:02,,42.0,4.659246444702148,5.324386119842529,5.559048652648926,7.376218289136887,30.45641089416739,0.25,8
1100.0,40,4,8.378929138183594,8,-1,2885.859729429439,78372.3629645978,2026-02-20 14:25:24,8.974936654591279,84.6076207116995,7.659246444702148,1736,2026-02-20 14:25:24,,11.0,4.659246444702148,5.324386119842529,5.559048652648926,7.376218289136887,30.45641089416739,0.25,8
1100.0,40,8,7.869405746459961,1,-1,7974.350504233464,45055.95442411943,2026-02-20 14:25:24,20.0,12.0,7.659246444702148,1738,2026-02-20 14:25:24,,2.0,4.659246444702148,5.324386119842529,5.559048652648926,7.376218289136887,30.45641089416739,0.25,8
1100.0,40,25,8.29887580871582,1,-1,22282.04281192577,81305.54157349822,2026-02-20 14:25:24,51.0,91.0,7.659246444702148,1749,2026-02-20 14:25:24,,3.0,4.659246444702148,5.324386119842529,5.559048652648926,7.376218289136887,30.45641089416739,0.25,8
1100.0,40,31,10.278874397277832,1,-1,25512.812042695004,74881.56410398806,2026-02-20 14:25:24,58.0,77.0,7.659246444702148,1754,2026-02-20 14:25:24,,1.0,4.659246444702148,5.324386119842529,5.559048652648926,7.376218289136887,30.45641089416739,0.25,8
1100.0,40,32,8.038623809814453,1,-1,25974.350504233465,48726.79869241095,2026-02-20 14:25:24,59.0,20.0,7.659246444702148,1755,2026-02-20 14:25:24,,4.0,4.659246444702148,5.324386119842529,5.559048652648926,7.376218289136887,30.45641089416739,0.25,8
1100.0,40,37,15.564998626708984,2,-1,8173.409579267408,81764.39710703466,2026-02-20 14:25:24,20.431294662573546,92.0,12.659246444702148,1756,2026-02-20 14:25:24,,65.0,4.659246444702148,5.324386119842529,5.559048652648926,7.376218289136887,30.45641089416739,0.25,8
1100.0,40,42,15.207990646362305,3,-1,19570.68736725795,63410.17576557704,2026-02-20 14:25:24,45.12539653655305,52.0,12.659246444702148,1760,2026-02-20 14:25:24,,29.0,4.659246444702148,5.324386119842529,5.559048652648926,7.376218289136887,30.45641089416739,0.25,8
1100.0,40,61,24.70347023010254,135,214,9682.399903276426,63957.3693654257,2026-02-20 14:25:24,23.700773697926415,53.19251825434334,17.65924644470215,1773,2026-02-20 14:25:24,0 days 00:26:17,229.0,4.659246444702148,5.324386119842529,5.559048652648926,7.376218289136887,30.45641089416739,0.25,8
1100.0,40,62,19.059839248657227,4,-1,7806.038549576102,70987.39779284548,2026-02-20 14:25:24,19.635324098242382,68.51330641884194,17.65924644470215,1774,2026-02-20 14:25:24,,148.0,4.659246444702148,5.324386119842529,5.559048652648926,7.376218289136887,30.45641089416739,0.25,8
1100.0,40,64,20.63448715209961,2,240,9109.103549586274,57903.909363139755,2026-02-20 14:25:24,22.45863159826442,40.0,17.65924644470215,1776,2026-02-20 14:25:24,0 days 00:08:45,15.0,4.659246444702148,5.324386119842529,5.559048652648926,7.376218289136887,30.45641089416739,0.25,8
1100.0,40,66,30.299453735351562,26,-1,23223.097310141973,59284.75935909248,2026-02-20 14:25:24,53.03895141280177,43.0093349540985,17.65924644470215,1778,2026-02-20 14:25:24,,117.0,4.659246444702148,5.324386119842529,5.559048652648926,7.376218289136887,30.45641089416739,0.25,8
1100.0,40,67,17.927061080932617,7,-1,24155.003605399972,67967.83282633268,2026-02-20 14:25:24,55.05808171919409,61.932662303599926,17.65924644470215,1779,2026-02-20 14:25:24,,100.0,4.659246444702148,5.324386119842529,5.559048652648926,7.376218289136887,30.45641089416739,0.25,8
1100.0,40,72,21.143863677978516,7,-1,28316.539185360994,62278.25318843927,2026-02-20 14:25:24,64.07474214244299,49.53316132331684,17.65924644470215,1784,2026-02-20 14:25:24,,111.0,4.659246444702148,5.324386119842529,5.559048652648926,7.376218289136887,30.45641089416739,0.25,8
1100.0,41,3,8.048487663269043,1,-1,2897.4274273103874,80387.83050642534,2026-02-20 14:29:47,9.0,89.0,7.659246444702148,1786,2026-02-20 14:29:47,,5.0,4.659246444702148,5.324386119842529,5.559048652648926,7.376218289136887,30.45641089416739,0.25,8
1100.0,41,4,11.95486831665039,1,-1,3358.9658888488484,83140.96370764397,2026-02-20 14:29:47,10.0,95.0,7.659246444702148,1787,2026-02-20 14:29:47,,4.0,4.659246444702148,5.324386119842529,5.559048652648926,7.376218289136887,30.45641089416739,0.25,8
1100.0,41,7,7.973923206329346,1,-1,7974.350504233464,43679.38782351011,2026-02-20 14:29:47,20.0,9.0,7.659246444702148,1789,2026-02-20 14:29:47,,2.0,4.659246444702148,5.324386119842529,5.559048652648926,7.376218289136887,30.45641089416739,0.25,8
1100.0,41,9,11.349733352661133,1,-1,9820.504350387311,45973.66549119231,2026-02-20 14:29:47,24.0,14.0,7.659246444702148,1790,2026-02-20 14:29:47,,2.0,4.659246444702148,5.324386119842529,5.559048652648926,7.376218289136887,30.45641089416739,0.25,8
1100.0,41,45,11.89516830444336,3,-1,16140.841280124732,50444.43360442662,2026-02-20 14:29:47,37.69406334776441,23.743302164796173,12.659246444702148,1812,2026-02-20 14:29:47,,11.0,4.659246444702148,5.324386119842529,5.559048652648926,7.376218289136887,30.45641089416739,0.25,8
1100.0,41,47,13.590887069702148,2,-1,19051.273581156544,66071.51376725663,2026-02-20 14:29:47,44.0,57.79994749364451,12.659246444702148,1814,2026-02-20 14:29:47,,25.0,4.659246444702148,5.324386119842529,5.559048652648926,7.376218289136887,30.45641089416739,0.25,8
1100.0,41,59,12.079513549804688,4,-1,27778.10478617611,56471.88060890986,2026-02-20 14:29:47,62.9081342775424,36.87912937827483,12.659246444702148,1823,2026-02-20 14:29:47,,45.0,4.659246444702148,5.324386119842529,5.559048652648926,7.376218289136887,30.45641089416739,0.25,8
1100.0,41,67,23.49627113342285,119,214,9428.71504734283,65551.53819925983,2026-02-20 14:29:47,23.15112317673696,56.66674645324447,17.65924644470215,1828,2026-02-20 14:29:47,0 days 00:30:40,266.0,4.659246444702148,5.324386119842529,5.559048652648926,7.376218289136887,30.45641089416739,0.25,8
1100.0,41,68,16.453960418701172,5,-1,8158.20454249095,72572.16460256142,2026-02-20 14:29:47,20.398350416224552,71.96704445595789,17.65924644470215,1829,2026-02-20 14:29:47,,116.0,4.659246444702148,5.324386119842529,5.559048652648926,7.376218289136887,30.45641089416739,0.25,8
1100.0,41,70,27.868492126464844,13,240,9781.064611683727,60503.90938879167,2026-02-20 14:29:47,23.9145472328089,45.66627148552285,17.65924644470215,1831,2026-02-20 14:29:47,0 days 00:13:08,37.0,4.659246444702148,5.324386119842529,5.559048652648926,7.376218289136887,30.45641089416739,0.25,8
1100.0,41,72,25.985631942749023,18,-1,23360.91911715734,61506.85438226797,2026-02-20 14:29:47,53.33756532800174,47.85202477860514,17.65924644470215,1833,2026-02-20 14:29:47,,90.0,4.659246444702148,5.324386119842529,5.559048652648926,7.376218289136887,30.45641089416739,0.25,8
1100.0,41,74,15.9659423828125,6,-1,24072.293284054867,70124.65621506383,2026-02-20 14:29:47,54.878876022946365,66.6331033598695,17.65924644470215,1835,2026-02-20 14:29:47,,78.0,4.659246444702148,5.324386119842529,5.559048652648926,7.376218289136887,30.45641089416739,0.25,8
1100.0,41,75,19.021038055419922,6,-1,28475.847211017615,64325.007198608466,2026-02-20 14:29:47,64.41990953136566,53.99372431227044,17.65924644470215,1836,2026-02-20 14:29:47,,84.0,4.659246444702148,5.324386119842529,5.559048652648926,7.376218289136887,30.45641089416739,0.25,8
1100.0,41,77,18.801454544067383,1,-1,28743.58127346423,73046.14196984228,2026-02-20 14:29:47,65.0,73.0,17.65924644470215,1838,2026-02-20 14:29:47,,22.0,4.659246444702148,5.324386119842529,5.559048652648926,7.376218289136887,30.45641089416739,0.25,8
1100.0,42,3,9.92451286315918,5,-1,3184.8852382096434,83394.98908862956,2026-02-20 14:34:10,9.622825256948389,95.55360644564487,7.659246444702148,1839,2026-02-20 14:34:10,,5.0,4.659246444702148,5.324386119842529,5.559048652648926,7.376218289136887,30.45641089416739,0.25,8
1100.0,42,6,8.173206329345703,1,268,7974.350504233464,53774.2095613118,2026-02-20 14:34:10,20.0,31.0,7.659246444702148,1841,2026-02-20 14:34:10,0 days 00:00:00,6.0,4.659246444702148,5.324386119842529,5.559048652648926,7.376218289136887,30.45641089416739,0.25,8
1100.0,42,7,11.192608833312988,10,-1,8906.17975013422,86277.71047832305,2026-02-20 14:34:10,22.018963366118307,101.83602254178759,7.659246444702148,1842,2026-02-20 14:34:10,,16.0,4.659246444702148,5.324386119842529,5.559048652648926,7.376218289136887,30.45641089416739,0.25,8
1100.0,42,28,7.860244274139404,7,-1,26829.03653415357,50300.943177934256,2026-02-20 14:34:10,60.85181973149356,23.430588432466383,7.659246444702148,1857,2026-02-20 14:34:10,,7.0,4.659246444702148,5.324386119842529,5.559048652648926,7.376218289136887,30.45641089416739,0.25,8
1100.0,42,39,13.83806037902832,1,-1,12589.735119618079,72587.28643630585,2026-02-20 14:34:10,30.0,72.0,12.659246444702148,1864,2026-02-20 14:34:10,,14.0,4.659246444702148,5.324386119842529,5.559048652648926,7.376218289136887,30.45641089416739,0.25,8
1100.0,42,44,14.344719886779785,1,-1,18128.19665807962,69375.29770155076,2026-02-20 14:34:10,42.0,65.0,12.659246444702148,1868,2026-02-20 14:34:10,,28.0,4.659246444702148,5.324386119842529,5.559048652648926,7.376218289136887,30.45641089416739,0.25,8
1100.0,42,50,16.234556198120117,2,-1,23380.510380827272,71210.71983569654,2026-02-20 14:34:10,53.38001306595326,69.0,12.659246444702148,1873,2026-02-20 14:34:10,,55.0,4.659246444702148,5.324386119842529,5.559048652648926,7.376218289136887,30.45641089416739,0.25,8
1100.0,42,59,14.4581937789917,8,-1,28245.447764080687,76172.8567143018,2026-02-20 14:34:10,63.92071072966899,79.8141593942687,12.659246444702148,1880,2026-02-20 14:34:10,,30.0,4.659246444702148,5.324386119842529,5.559048652648926,7.376218289136887,30.45641089416739,0.25,8
1100.0,42,64,20.843387603759766,104,214,9117.299887904437,68483.24335971965,2026-02-20 14:34:10,22.47639033128711,63.055914603544224,17.65924644470215,1884,2026-02-20 14:34:10,0 days 00:35:03,283.0,4.659246444702148,5.324386119842529,5.559048652648926,7.376218289136887,30.45641089416739,0.25,8
1100.0,42,65,21.19111442565918,21,240,9563.753259556877,63112.854483703864,2026-02-20 14:34:10,23.443705969867395,51.35203727504016,17.65924644470215,1885,2026-02-20 14:34:10,0 days 00:17:31,50.0,4.659246444702148,5.324386119842529,5.559048652648926,7.376218289136887,30.45641089416739,0.25,8
1100.0,42,66,17.80552864074707,1,-1,18128.19665807962,54691.92062838467,2026-02-20 14:34:10,42.0,33.0,17.65924644470215,1886,2026-02-20 14:34:10,,14.0,4.659246444702148,5.324386119842529,5.559048652648926,7.376218289136887,30.45641089416739,0.25,8
1100.0,42,67,23.959012985229492,32,-1,23639.038265514668,63397.95075418355,2026-02-20 14:34:10,53.94015681610928,51.973357602774726,17.65924644470215,1887,2026-02-20 14:34:10,,206.0,4.659246444702148,5.324386119842529,5.559048652648926,7.376218289136887,30.45641089416739,0.25,8
1100.0,43,6,8.791199684143066,2,-1,4743.581273464233,39597.32144075295,2026-02-20 14:38:24,13.0,0.10380918522153201,7.659246444702148,1895,2026-02-20 14:38:24,,1.0,4.659246444702148,5.324386119842529,5.559048652648926,7.376218289136887,30.45641089416739,0.25,8
1100.0,43,8,7.911305904388428,2,-1,5666.658196541156,40398.625799900256,2026-02-20 14:38:24,15.0,1.8501199531697328,7.659246444702148,1896,2026-02-20 14:38:24,,2.0,4.659246444702148,5.324386119842529,5.559048652648926,7.376218289136887,30.45641089416739,0.25,8
1100.0,43,13,10.17241096496582,2,-1,9611.904271328984,88188.37457654483,2026-02-20 14:38:24,23.54803316204029,106.0,7.659246444702148,1899,2026-02-20 14:38:24,,6.0,4.659246444702148,5.324386119842529,5.559048652648926,7.376218289136887,30.45641089416739,0.25,8
1100.0,43,44,10.41706657409668,4,-1,5922.169244939112,79459.46868639276,2026-02-20 14:38:24,15.553607271528904,86.9767884395387,12.659246444702148,1917,2026-02-20 14:38:24,,17.0,4.659246444702148,5.324386119842529,5.559048652648926,7.376218289136887,30.45641089416739,0.25,8
1100.0,43,47,13.79743766784668,1,268,9358.965888848848,53774.2095613118,2026-02-20 14:38:24,23.0,31.0,12.659246444702148,1920,2026-02-20 14:38:24,0 days 00:04:14,9.0,4.659246444702148,5.324386119842529,5.559048652648926,7.376218289136887,30.45641089416739,0.25,8
1100.0,43,66,17.254831314086914,10,-1,28412.332090058015,78864.18585393931,2026-02-20 14:38:24,64.28229343595319,85.6794676295104,12.659246444702148,1934,2026-02-20 14:38:24,,33.0,4.659246444702148,5.324386119842529,5.559048652648926,7.376218289136887,30.45641089416739,0.25,8
1100.0,43,71,21.752275466918945,108,214,8887.111910499947,71107.51417709827,2026-02-20 14:38:24,21.977649713577378,68.77508027896528,17.65924644470215,1938,2026-02-20 14:38:24,0 days 00:39:17,305.0,4.659246444702148,5.324386119842529,5.559048652648926,7.376218289136887,30.45641089416739,0.25,8
1100.0,43,72,19.35092544555664,8,240,9619.001237857246,65934.67649141181,2026-02-20 14:38:24,23.563409922851527,57.50173320648052,17.65924644470215,1939,2026-02-20 14:38:24,0 days 00:21:45,50.0,4.659246444702148,5.324386119842529,5.559048652648926,7.376218289136887,30.45641089416739,0.25,8
1100.0,43,74,19.466552734375,1,-1,17205.119735002692,54233.065094848236,2026-02-20 14:38:24,40.0,32.0,17.65924644470215,1941,2026-02-20 14:38:24,,33.0,4.659246444702148,5.324386119842529,5.559048652648926,7.376218289136887,30.45641089416739,0.25,8
1100.0,44,7,8.885692596435547,5,-1,6048.418708088697,40757.68933363181,2026-02-20 14:42:37,15.827147775019672,2.632639738785522,7.659246444702148,1948,2026-02-20 14:42:37,,7.0,4.659246444702148,5.324386119842529,5.559048652648926,7.376218289136887,30.45641089416739,0.25,8
1100.0,44,11,8.510564804077148,1,-1,7974.350504233464,84058.67477471687,2026-02-20 14:42:37,20.0,97.0,7.659246444702148,1950,2026-02-20 14:42:37,,4.0,4.659246444702148,5.324386119842529,5.559048652648926,7.376218289136887,30.45641089416739,0.25,8
1100.0,44,12,11.589859008789062,1,-1,8897.427427310387,83599.81924118042,2026-02-20 14:42:37,22.0,96.0,7.659246444702148,1951,2026-02-20 14:42:37,,7.0,4.659246444702148,5.324386119842529,5.559048652648926,7.376218289136887,30.45641089416739,0.25,8
1100.0,44,30,7.911813259124756,1,-1,23666.658196541153,76258.13070459737,2026-02-20 14:42:37,54.0,80.0,7.659246444702148,1963,2026-02-20 14:42:37,,0.0,4.659246444702148,5.324386119842529,5.559048652648926,7.376218289136887,30.45641089416739,0.25,8
1100.0,44,31,8.57819938659668,1,-1,24589.735119618083,75799.27517106093,2026-02-20 14:42:37,56.0,79.0,7.659246444702148,1964,2026-02-20 14:42:37,,1.0,4.659246444702148,5.324386119842529,5.559048652648926,7.376218289136887,30.45641089416739,0.25,8
1100.0,44,36,7.74029541015625,1,-1,27358.96588884885,45055.95442411943,2026-02-20 14:42:37,62.0,12.0,7.659246444702148,1966,2026-02-20 14:42:37,,0.0,4.659246444702148,5.324386119842529,5.559048652648926,7.376218289136887,30.45641089416739,0.25,8
1100.0,44,56,14.074853897094727,6,-1,20914.349294390366,53113.02173981839,2026-02-20 14:42:37,48.036664045339954,29.559050129792322,12.659246444702148,1979,2026-02-20 14:42:37,,28.0,4.659246444702148,5.324386119842529,5.559048652648926,7.376218289136887,30.45641089416739,0.25,8
1100.0,44,70,13.252534866333008,1,-1,28743.58127346423,80846.68603996179,2026-02-20 14:42:37,65.0,90.0,12.659246444702148,1989,2026-02-20 14:42:37,,20.0,4.659246444702148,5.324386119842529,5.559048652648926,7.376218289136887,30.45641089416739,0.25,8
1100.0,44,74,18.338359832763672,5,-1,6193.066262430776,78003.78470294263,2026-02-20 14:42:37,16.14055080942751,83.80436514493209,17.65924644470215,1992,2026-02-20 14:42:37,,77.0,4.659246444702148,5.324386119842529,5.559048652648926,7.376218289136887,30.45641089416739,0.25,8
1100.0,44,75,20.92829132080078,76,214,8725.189710555498,72232.56688665443,2026-02-20 14:42:37,21.626818280364407,71.22694721164727,17.65924644470215,1993,2026-02-20 14:42:37,0 days 00:43:30,272.0,4.659246444702148,5.324386119842529,5.559048652648926,7.376218289136887,30.45641089416739,0.25,8
1100.0,44,78,17.694175720214844,1,268,9358.965888848848,56068.487228993996,2026-02-20 14:42:37,23.0,36.0,17.65924644470215,1996,2026-02-20 14:42:37,0 days 00:08:27,35.0,4.659246444702148,5.324386119842529,5.559048652648926,7.376218289136887,30.45641089416739,0.25,8
1100.0,44,80,17.859519958496094,1,-1,17205.119735002692,56527.34276253044,2026-02-20 14:42:37,40.0,37.0,17.65924644470215,1998,2026-02-20 14:42:37,,26.0,4.659246444702148,5.324386119842529,5.559048652648926,7.376218289136887,30.45641089416739,0.25,8
1100.0,44,85,17.771772384643555,1,-1,25512.812042695004,56986.19829606688,2026-02-20 14:42:37,58.0,38.0,17.65924644470215,2003,2026-02-20 14:42:37,,64.0,4.659246444702148,5.324386119842529,5.559048652648926,7.376218289136887,30.45641089416739,0.25,8
1100.0,44,86,19.20547866821289,10,-1,27691.168973697168,64095.198289820415,2026-02-20 14:42:37,62.71977335050469,53.49289367606367,17.65924644470215,2004,2026-02-20 14:42:37,,236.0,4.659246444702148,5.324386119842529,5.559048652648926,7.376218289136887,30.45641089416739,0.25,8
1100.0,45,3,8.414583206176758,1,-1,-794.8802649973053,63869.031299113485,2026-02-20 14:47:00,1.0,53.0,7.659246444702148,2005,2026-02-20 14:47:00,,2.0,4.659246444702148,5.324386119842529,5.559048652648926,7.376218289136887,30.45641089416739,0.25,8
1100.0,45,15,10.00210952758789,1,-1,8897.427427310387,48267.943158874514,2026-02-20 14:47:00,22.0,19.0,7.659246444702148,2010,2026-02-20 14:47:00,,10.0,4.659246444702148,5.324386119842529,5.559048652648926,7.376218289136887,30.45641089416739,0.25,8
1100.0,45,31,6.916418075561523,2,-1,23610.20048952707,79985.10449064965,2026-02-20 14:47:00,53.877674968136155,88.12232503186385,7.659246444702148,2021,2026-02-20 14:47:00,,4.0,4.659246444702148,5.324386119842529,5.559048652648926,7.376218289136887,30.45641089416739,0.25,8
1100.0,45,40,8.364028930664062,1,-1,27820.50435038731,47809.08762533807,2026-02-20 14:47:00,63.0,18.0,7.659246444702148,2027,2026-02-20 14:47:00,,1.0,4.659246444702148,5.324386119842529,5.559048652648926,7.376218289136887,30.45641089416739,0.25,8
1100.0,45,46,15.403571128845215,8,-1,1855.5447751229356,53473.15210176337,2026-02-20 14:47:00,6.742587586927188,30.343894891648905,12.659246444702148,2031,2026-02-20 14:47:00,,26.0,4.659246444702148,5.324386119842529,5.559048652648926,7.376218289136887,30.45641089416739,0.25,8
1100.0,45,47,14.060911178588867,1,-1,3820.5043503873103,48726.79869241095,2026-02-20 14:47:00,11.0,20.0,12.659246444702148,2032,2026-02-20 14:47:00,,7.0,4.659246444702148,5.324386119842529,5.559048652648926,7.376218289136887,30.45641089416739,0.25,8
1100.0,45,50,10.920463562011719,2,-1,5613.1132102931815,43273.7660186452,2026-02-20 14:47:00,14.88398586312939,8.11601413687061,12.659246444702148,2034,2026-02-20 14:47:00,,23.0,4.659246444702148,5.324386119842529,5.559048652648926,7.376218289136887,30.45641089416739,0.25,8
1100.0,45,72,16.512195587158203,12,-1,28031.85260382701,64944.55788570418,2026-02-20 14:47:00,63.457921215786016,55.34393291130546,12.659246444702148,2051,2026-02-20 14:47:00,,55.0,4.659246444702148,5.324386119842529,5.559048652648926,7.376218289136887,30.45641089416739,0.25,8
1100.0,45,73,14.133984565734863,1,-1,27358.96588884885,84058.67477471687,2026-02-20 14:47:00,62.0,97.0,12.659246444702148,2052,2026-02-20 14:47:00,,21.0,4.659246444702148,5.324386119842529,5.559048652648926,7.376218289136887,30.45641089416739,0.25,8
1100.0,45,76,14.580557823181152,1,-1,28743.58127346423,83140.96370764397,2026-02-20 14:47:00,65.0,95.0,12.659246444702148,2055,2026-02-20 14:47:00,,8.0,4.659246444702148,5.324386119842529,5.559048652648926,7.376218289136887,30.45641089416739,0.25,8
1100.0,45,79,19.495487213134766,5,-1,6145.111098199744,79813.34761891034,2026-02-20 14:47:00,16.036647953593608,87.7480092414111,17.65924644470215,2057,2026-02-20 14:47:00,,36.0,4.659246444702148,5.324386119842529,5.559048652648926,7.376218289136887,30.45641089416739,0.25,8
1100.0,45,80,20.000415802001953,58,214,8669.36703791705,74438.02171309397,2026-02-20 14:47:00,21.505869156314436,76.03337247025078,17.65924644470215,2058,2026-02-20 14:47:00,0 days 00:47:53,274.0,4.659246444702148,5.324386119842529,5.559048652648926,7.376218289136887,30.45641089416739,0.25,8
1100.0,45,83,22.241775512695312,30,268,9359.490957418413,59878.563944637164,2026-02-20 14:47:00,23.00113764856739,44.30343416865558,17.65924644470215,2061,2026-02-20 14:47:00,0 days 00:12:50,82.0,4.659246444702148,5.324386119842529,5.559048652648926,7.376218289136887,30.45641089416739,0.25,8
1100.0,45,89,19.051002502441406,7,-1,22645.425083595626,63333.94603596964,2026-02-20 14:47:00,51.78732825528469,51.83386986963001,17.65924644470215,2067,2026-02-20 14:47:00,,172.0,4.659246444702148,5.324386119842529,5.559048652648926,7.376218289136887,30.45641089416739,0.25,8
1100.0,46,6,9.955339431762695,9,-1,1973.3677543195404,55666.655586620014,2026-02-20 14:51:12,6.997870708519832,35.12427417126904,7.659246444702148,2075,2026-02-20 14:51:12,,17.0,4.659246444702148,5.324386119842529,5.559048652648926,7.376218289136887,30.45641089416739,0.25,8
1100.0,46,36,8.0,1,-1,25974.350504233465,45514.80995765587,2026-02-20 14:51:12,59.0,13.0,7.659246444702148,2095,2026-02-20 14:51:12,,0.0,4.659246444702148,5.324386119842529,5.559048652648926,7.376218289136887,30.45641089416739,0.25,8
1100.0,46,65,11.134344100952148,3,-1,27712.69533928556,86014.15865508761,2026-02-20 14:51:12,62.76641380927955,101.261654785548,12.659246444702148,2112,2026-02-20 14:51:12,,33.0,4.659246444702148,5.324386119842529,5.559048652648926,7.376218289136887,30.45641089416739,0.25,8
1100.0,46,70,18.85923194885254,35,214,8398.123312414908,75675.56750102638,2026-02-20 14:51:12,20.91817441772646,78.73039952448406,17.65924644470215,2116,2026-02-20 14:51:12,0 days 00:52:05,295.0,4.659246444702148,5.324386119842529,5.559048652648926,7.376218289136887,30.45641089416739,0.25,8
1100.0,46,72,27.55571937561035,53,268,9729.072818568628,62129.4982912169,2026-02-20 14:51:12,23.801898347726187,49.20897454479878,17.65924644470215,2118,2026-02-20 14:51:12,0 days 00:17:02,124.0,4.659246444702148,5.324386119842529,5.559048652648926,7.376218289136887,30.45641089416739,0.25,8
1100.0,46,74,19.197654724121094,2,-1,9358.965888848848,42534.653203158974,2026-02-20 14:51:12,23.0,6.50523958700343,17.65924644470215,2120,2026-02-20 14:51:12,,14.0,4.659246444702148,5.324386119842529,5.559048652648926,7.376218289136887,30.45641089416739,0.25,8
1100.0,46,79,20.17262077331543,7,-1,23279.276155185624,65615.49578172283,2026-02-20 14:51:12,53.160672243729685,56.80613146178969,17.65924644470215,2125,2026-02-20 14:51:12,,219.0,4.659246444702148,5.324386119842529,5.559048652648926,7.376218289136887,30.45641089416739,0.25,8
1100.0,47,2,8.375531196594238,2,-1,-1062.1632566780236,63410.17576557704,2026-02-20 14:55:35,0.42088685135844384,52.0,7.659246444702148,2131,2026-02-20 14:55:35,,5.0,4.659246444702148,5.324386119842529,5.559048652648926,7.376218289136887,30.45641089416739,0.25,8
1100.0,47,4,7.823958396911621,2,-1,1441.5147363376782,63869.031299113485,2026-02-20 14:55:35,5.845522502892464,53.0,7.659246444702148,2133,2026-02-20 14:55:35,,3.0,4.659246444702148,5.324386119842529,5.559048652648926,7.376218289136887,30.45641089416739,0.25,8
1100.0,47,14,10.5,2,-1,10743.581273464233,59452.08085236438,2026-02-20 14:55:35,26.0,43.37398456828606,7.659246444702148,2137,2026-02-20 14:55:35,,3.0,4.659246444702148,5.324386119842529,5.559048652648926,7.376218289136887,30.45641089416739,0.25,8
1100.0,47,24,8.265742301940918,5,-1,23929.982999091928,84409.13017665676,2026-02-20 14:55:35,54.57053707219334,97.76375978129524,7.659246444702148,2144,2026-02-20 14:55:35,,8.0,4.659246444702148,5.324386119842529,5.559048652648926,7.376218289136887,30.45641089416739,0.25,8
1100.0,47,29,7.837147235870361,13,-1,28068.74584083069,70090.20121374866,2026-02-20 14:55:35,63.537856562627326,66.55801436388501,7.659246444702148,2149,2026-02-20 14:55:35,,14.0,4.659246444702148,5.324386119842529,5.559048652648926,7.376218289136887,30.45641089416739,0.25,8
1100.0,47,34,13.854741096496582,2,-1,2707.447053625987,58173.888880931314,2026-02-20 14:55:35,8.588375857017132,40.588375857017134,12.659246444702148,2152,2026-02-20 14:55:35,,16.0,4.659246444702148,5.324386119842529,5.559048652648926,7.376218289136887,30.45641089416739,0.25,8
1100.0,47,38,16.302837371826172,3,-1,7795.131584525961,53449.33949651817,2026-02-20 14:55:35,19.611692340633745,30.291999243662108,12.659246444702148,2155,2026-02-20 14:55:35,,12.0,4.659246444702148,5.324386119842529,5.559048652648926,7.376218289136887,30.45641089416739,0.25,8
1100.0,47,58,14.5,2,-1,28533.807241299117,87020.36258941313,2026-02-20 14:55:35,64.54548959697559,103.45451040302441,12.659246444702148,2167,2026-02-20 14:55:35,,32.0,4.659246444702148,5.324386119842529,5.559048652648926,7.376218289136887,30.45641089416739,0.25,8
1100.0,47,63,19.85791778564453,40,214,8740.533010137679,78543.43210764689,2026-02-20 14:55:35,21.660062096125795,84.98043771083351,17.65924644470215,2171,2026-02-20 14:55:35,0 days 00:56:28,258.0,4.659246444702148,5.324386119842529,5.559048652648926,7.376218289136887,30.45641089416739,0.25,8
1100.0,47,64,24.395004272460938,51,268,10133.288161693508,64689.99379957533,2026-02-20 14:55:35,24.677698257830095,54.789152446598195,17.65924644470215,2172,2026-02-20 14:55:35,0 days 00:21:25,139.0,4.659246444702148,5.324386119842529,5.559048652648926,7.376218289136887,30.45641089416739,0.25,8
1100.0,47,68,19.590024948120117,2,-1,10282.042811925772,40699.38197787491,2026-02-20 14:55:35,25.0,2.5055684679924597,17.65924644470215,2176,2026-02-20 14:55:35,,39.0,4.659246444702148,5.324386119842529,5.559048652648926,7.376218289136887,30.45641089416739,0.25,8
1100.0,47,70,18.647119522094727,1,-1,21820.50435038731,69375.29770155076,2026-02-20 14:55:35,50.0,65.0,17.65924644470215,2178,2026-02-20 14:55:35,,166.0,4.659246444702148,5.324386119842529,5.559048652648926,7.376218289136887,30.45641089416739,0.25,8
1100.0,47,73,19.056533813476562,1,-1,23205.119735002692,68457.58663447789,2026-02-20 14:55:35,53.0,63.0,17.65924644470215,2181,2026-02-20 14:55:35,,25.0,4.659246444702148,5.324386119842529,5.559048652648926,7.376218289136887,30.45641089416739,0.25,8
1100.0,48,8,4.111721515655518,3,-1,2432.314147215174,60506.14290301652,2026-02-20 14:59:58,7.992254559793706,45.671139061615136,7.659246444702148,2190,2026-02-20 14:59:58,,5.0,4.659246444702148,5.324386119842529,5.559048652648926,7.376218289136887,30.45641089416739,0.25,8
1100.0,48,27,9.373812675476074,6,-1,23741.28543293404,86287.88954305521,2026-02-20 14:59:58,54.16169234551792,101.85820613550763,7.659246444702148,2200,2026-02-20 14:59:58,,7.0,4.659246444702148,5.324386119842529,5.559048652648926,7.376218289136887,30.45641089416739,0.25,8
1100.0,48,32,8.024807929992676,1,-1,28743.58127346423,80387.83050642534,2026-02-20 14:59:58,65.0,89.0,7.659246444702148,2203,2026-02-20 14:59:58,,1.0,4.659246444702148,5.324386119842529,5.559048652648926,7.376218289136887,30.45641089416739,0.25,8
1100.0,48,65,16.593215942382812,5,-1,28471.20870006889,89516.69521183083,2026-02-20 14:59:58,64.4098594243101,108.89485587119007,12.659246444702148,2228,2026-02-20 14:59:58,,24.0,4.659246444702148,5.324386119842529,5.559048652648926,7.376218289136887,30.45641089416739,0.25,8
1100.0,48,69,20.444103240966797,30,214,8388.293556787852,80270.20809029248,2026-02-20 14:59:58,20.89687661386784,88.7436613323014,17.65924644470215,2231,2026-02-20 14:59:58,0 days 01:00:51,249.0,4.659246444702148,5.324386119842529,5.559048652648926,7.376218289136887,30.45641089416739,0.25,8
1100.0,48,73,19.19900131225586,41,268,10673.43934368368,67270.76235832297,2026-02-20 14:59:58,25.8480258188088,60.41351212001748,17.65924644470215,2235,2026-02-20 14:59:58,0 days 00:25:48,146.0,4.659246444702148,5.324386119842529,5.559048652648926,7.376218289136887,30.45641089416739,0.25,8
1100.0,48,76,15.642594337463379,6,-1,10989.877745303938,43319.57413339461,2026-02-20 14:59:58,26.533642355652695,8.21584537219727,17.65924644470215,2238,2026-02-20 14:59:58,,92.0,4.659246444702148,5.324386119842529,5.559048652648926,7.376218289136887,30.45641089416739,0.25,8
1100.0,49,31,8.27064323425293,1,-1,25051.273581156544,47350.232091801634,2026-02-20 15:04:11,57.0,17.0,7.659246444702148,2265,2026-02-20 15:04:11,,3.0,4.659246444702148,5.324386119842529,5.559048652648926,7.376218289136887,30.45641089416739,0.25,8
1100.0,49,33,8.663333892822266,1,-1,26897.427427310387,52397.64296070248,2026-02-20 15:04:11,61.0,28.0,7.659246444702148,2266,2026-02-20 15:04:11,,3.0,4.659246444702148,5.324386119842529,5.559048652648926,7.376218289136887,30.45641089416739,0.25,8
1100.0,49,43,12.770562171936035,2,310,7896.049621089065,57367.20811032819,2026-02-20 15:04:11,19.83034808652047,38.830348086520466,12.659246444702148,2272,2026-02-20 15:04:11,0 days 00:00:00,21.0,4.659246444702148,5.324386119842529,5.559048652648926,7.376218289136887,30.45641089416739,0.25,8
1100.0,49,48,13.969345092773438,3,-1,9868.488550913893,86811.8079759355,2026-02-20 15:04:11,24.103965767807594,103.0,12.659246444702148,2277,2026-02-20 15:04:11,,58.0,4.659246444702148,5.324386119842529,5.559048652648926,7.376218289136887,30.45641089416739,0.25,8
1100.0,49,72,19.03474998474121,20,214,7589.234322753038,81542.48557236163,2026-02-20 15:04:11,19.16558160679241,91.51638038891515,17.65924644470215,2292,2026-02-20 15:04:11,0 days 01:05:04,133.0,4.659246444702148,5.324386119842529,5.559048652648926,7.376218289136887,30.45641089416739,0.25,8
1100.0,49,76,20.439319610595703,16,-1,10587.695334049626,49107.150475969924,2026-02-20 15:04:11,25.66224713126835,20.828914017071046,17.65924644470215,2296,2026-02-20 15:04:11,,195.0,4.659246444702148,5.324386119842529,5.559048652648926,7.376218289136887,30.45641089416739,0.25,8
1100.0,49,78,18.9597110748291,5,268,11354.92459938388,68708.74549057486,2026-02-20 15:04:11,27.324577206159233,63.54735932715308,17.65924644470215,2298,2026-02-20 15:04:11,0 days 00:30:01,146.0,4.659246444702148,5.324386119842529,5.559048652648926,7.376218289136887,30.45641089416739,0.25,8
1100.0,49,81,19.499698638916016,5,-1,20303.573656617707,58048.11725179203,2026-02-20 15:04:11,46.71331683016586,40.314277322844625,17.65924644470215,2301,2026-02-20 15:04:11,,26.0,4.659246444702148,5.324386119842529,5.559048652648926,7.376218289136887,30.45641089416739,0.25,8
1100.0,49,87,15.663004875183105,5,-1,26888.751983732123,61881.46070623166,2026-02-20 15:04:11,60.98120320558043,48.66841751353974,17.65924644470215,2307,2026-02-20 15:04:11,,270.0,4.659246444702148,5.324386119842529,5.559048652648926,7.376218289136887,30.45641089416739,0.25,8
1100.0,50,11,10.0,23,-1,9630.656187081597,89031.14883600263,2026-02-20 15:08:24,23.58866231283762,107.8366875799938,7.659246444702148,2317,2026-02-20 15:08:24,,36.0,4.659246444702148,5.324386119842529,5.559048652648926,7.376218289136887,30.45641089416739,0.25,8
1100.0,50,29,9.667677879333496,2,-1,28743.58127346423,92605.80002951354,2026-02-20 15:08:24,65.0,115.62705062947207,7.659246444702148,2327,2026-02-20 15:08:24,,10.0,4.659246444702148,5.324386119842529,5.559048652648926,7.376218289136887,30.45641089416739,0.25,8
1100.0,50,35,5.967000484466553,17,268,9080.613254932827,72463.50173435805,2026-02-20 15:08:24,22.396902626515285,71.73023164612668,12.659246444702148,2330,2026-02-20 15:08:24,0 days 00:34:14,116.0,4.659246444702148,5.324386119842529,5.559048652648926,7.376218289136887,30.45641089416739,0.25,8
1100.0,50,39,14.08448314666748,1,-1,10282.042811925772,65245.59789972281,2026-02-20 15:08:24,25.0,56.0,12.659246444702148,2332,2026-02-20 15:08:24,,6.0,4.659246444702148,5.324386119842529,5.559048652648926,7.376218289136887,30.45641089416739,0.25,8
1100.0,50,49,12.668416976928711,2,-1,22743.58127346423,78528.23844984976,2026-02-20 15:08:24,52.0,84.94732563810763,12.659246444702148,2340,2026-02-20 15:08:24,,40.0,4.659246444702148,5.324386119842529,5.559048652648926,7.376218289136887,30.45641089416739,0.25,8
1100.0,50,55,12.889047622680664,1,-1,28743.58127346423,53315.35402777536,2026-02-20 15:08:24,65.0,30.0,12.659246444702148,2344,2026-02-20 15:08:24,,6.0,4.659246444702148,5.324386119842529,5.559048652648926,7.376218289136887,30.45641089416739,0.25,8
1100.0,50,57,18.157514572143555,10,214,7240.285081889695,83800.11589282329,2026-02-20 15:08:24,18.409524918255165,96.43651353640472,17.65924644470215,2345,2026-02-20 15:08:24,0 days 01:09:17,83.0,4.659246444702148,5.324386119842529,5.559048652648926,7.376218289136887,30.45641089416739,0.25,8
1100.0,50,59,21.849834442138672,18,-1,7675.023157441421,53507.332246414226,2026-02-20 15:08:24,19.351457415283907,30.418384882839426,17.65924644470215,2347,2026-02-20 15:08:24,,62.0,4.659246444702148,5.324386119842529,5.559048652648926,7.376218289136887,30.45641089416739,0.25,8
1100.0,50,61,21.851613998413086,29,-1,12175.541186781116,48840.80157358645,2026-02-20 15:08:24,29.10257981218658,20.248450487884206,17.65924644470215,2349,2026-02-20 15:08:24,,145.0,4.659246444702148,5.324386119842529,5.559048652648926,7.376218289136887,30.45641089416739,0.25,8
1100.0,50,63,20.45745277404785,1,310,10743.581273464233,60198.187030821966,2026-02-20 15:08:24,26.0,45.0,17.65924644470215,2351,2026-02-20 15:08:24,0 days 00:04:13,48.0,4.659246444702148,5.324386119842529,5.559048652648926,7.376218289136887,30.45641089416739,0.25,8
1100.0,50,65,24.088268280029297,11,-1,23789.86850057347,58897.391125978174,2026-02-20 15:08:24,54.266955658736684,42.165129741776376,17.65924644470215,2353,2026-02-20 15:08:24,,57.0,4.659246444702148,5.324386119842529,5.559048652648926,7.376218289136887,30.45641089416739,0.25,8
1100.0,51,29,9.934120178222656,2,-1,26435.888965771926,50835.29757710821,2026-02-20 15:12:46,60.0,24.595125765285797,7.659246444702148,2372,2026-02-20 15:12:46,,6.0,4.659246444702148,5.324386119842529,5.559048652648926,7.376218289136887,30.45641089416739,0.25,8
1100.0,51,36,14.29482650756836,23,268,8973.715629671084,74612.71895707038,2026-02-20 15:12:46,22.165291105114843,76.41409631731874,12.659246444702148,2375,2026-02-20 15:12:46,0 days 00:38:36,125.0,4.659246444702148,5.324386119842529,5.559048652648926,7.376218289136887,30.45641089416739,0.25,8
1100.0,51,40,12.730721473693848,1,-1,13512.812042695003,78093.55283874314,2026-02-20 15:12:46,32.0,84.0,12.659246444702148,2378,2026-02-20 15:12:46,,5.0,4.659246444702148,5.324386119842529,5.559048652648926,7.376218289136887,30.45641089416739,0.25,8
1100.0,51,44,13.751352310180664,1,-1,22743.58127346423,79928.9749728889,2026-02-20 15:12:46,52.0,88.0,12.659246444702148,2381,2026-02-20 15:12:46,,11.0,4.659246444702148,5.324386119842529,5.559048652648926,7.376218289136887,30.45641089416739,0.25,8
1100.0,51,54,20.11070442199707,16,-1,7791.86466385904,55587.88743702123,2026-02-20 15:12:46,19.60461401252208,34.95261197294768,17.65924644470215,2388,2026-02-20 15:12:46,,100.0,4.659246444702148,5.324386119842529,5.559048652648926,7.376218289136887,30.45641089416739,0.25,8
1100.0,51,55,18.39661407470703,1,214,7051.273581156542,85894.09690886262,2026-02-20 15:12:46,18.0,101.0,17.65924644470215,2389,2026-02-20 15:12:46,0 days 01:13:39,31.0,4.659246444702148,5.324386119842529,5.559048652648926,7.376218289136887,30.45641089416739,0.25,8
1100.0,51,56,19.01801872253418,1,-1,7974.350504233464,85894.09690886262,2026-02-20 15:12:46,20.0,101.0,17.65924644470215,2390,2026-02-20 15:12:46,,30.0,4.659246444702148,5.324386119842529,5.559048652648926,7.376218289136887,30.45641089416739,0.25,8
1100.0,51,60,24.867822647094727,12,310,10862.752736636376,63287.58145024788,2026-02-20 15:12:46,26.258204836872977,51.73282589754489,17.65924644470215,2394,2026-02-20 15:12:46,0 days 00:08:35,43.0,4.659246444702148,5.324386119842529,5.559048652648926,7.376218289136887,30.45641089416739,0.25,8
1100.0,51,64,24.820789337158203,14,-1,13262.65612810636,49774.06163810783,2026-02-20 15:12:46,31.457995518391275,22.28233696480792,17.65924644470215,2398,2026-02-20 15:12:46,,137.0,4.659246444702148,5.324386119842529,5.559048652648926,7.376218289136887,30.45641089416739,0.25,8
1100.0,51,66,23.170122146606445,9,-1,24367.66355976879,61049.61655339279,2026-02-20 15:12:46,55.518844953659865,46.85555029926041,17.65924644470215,2400,2026-02-20 15:12:46,,89.0,4.659246444702148,5.324386119842529,5.559048652648926,7.376218289136887,30.45641089416739,0.25,8
1100.0,52,2,8.28188705444336,3,-1,2081.943420531742,52208.31814031099,2026-02-20 15:17:08,7.233117985312935,27.58739776126847,7.659246444702148,2403,2026-02-20 15:17:08,,5.0,4.659246444702148,5.324386119842529,5.559048652648926,7.376218289136887,30.45641089416739,0.25,8
1100.0,52,29,12.138923645019531,1,-1,25512.812042695004,52856.49849423891,2026-02-20 15:17:08,58.0,29.0,7.659246444702148,2414,2026-02-20 15:17:08,,10.0,4.659246444702148,5.324386119842529,5.559048652648926,7.376218289136887,30.45641089416739,0.25,8
1100.0,52,30,8.31357479095459,1,-1,26435.888965771926,51938.78742716603,2026-02-20 15:17:08,60.0,27.0,7.659246444702148,2415,2026-02-20 15:17:08,,4.0,4.659246444702148,5.324386119842529,5.559048652648926,7.376218289136887,30.45641089416739,0.25,8
1100.0,52,38,15.1266508102417,9,-1,7826.798094790534,88025.02016239986,2026-02-20 15:17:08,19.680303112873652,105.64399598085701,12.659246444702148,2419,2026-02-20 15:17:08,,37.0,4.659246444702148,5.324386119842529,5.559048652648926,7.376218289136887,30.45641089416739,0.25,8
1100.0,52,44,11.488571166992188,4,-1,13409.852449731747,79789.09803557812,2026-02-20 15:17:08,31.776920881912947,87.69516127171283,12.659246444702148,2422,2026-02-20 15:17:08,,20.0,4.659246444702148,5.324386119842529,5.559048652648926,7.376218289136887,30.45641089416739,0.25,8
1100.0,52,49,16.0,2,-1,22668.897960527007,74496.95774849379,2026-02-20 15:17:08,51.83818615530268,76.16181384469732,12.659246444702148,2427,2026-02-20 15:17:08,,8.0,4.659246444702148,5.324386119842529,5.559048652648926,7.376218289136887,30.45641089416739,0.25,8
1100.0,52,54,13.951804161071777,1,-1,23666.658196541153,87270.66350947194,2026-02-20 15:17:08,54.0,104.0,12.659246444702148,2431,2026-02-20 15:17:08,,21.0,4.659246444702148,5.324386119842529,5.559048652648926,7.376218289136887,30.45641089416739,0.25,8
1100.0,52,60,21.047500610351562,25,-1,8127.406279244721,57799.38161850732,2026-02-20 15:17:08,20.331620845857724,39.772199010379516,17.65924644470215,2434,2026-02-20 15:17:08,,86.0,4.659246444702148,5.324386119842529,5.559048652648926,7.376218289136887,30.45641089416739,0.25,8
1100.0,52,61,18.5052433013916,1,268,8897.427427310387,77175.84177167025,2026-02-20 15:17:08,22.0,82.0,17.65924644470215,2435,2026-02-20 15:17:08,0 days 00:42:58,96.0,4.659246444702148,5.324386119842529,5.559048652648926,7.376218289136887,30.45641089416739,0.25,8
1100.0,52,62,20.635883331298828,17,310,11353.453727421913,66301.58846731074,2026-02-20 15:17:08,27.321390316908307,58.301357378104,17.65924644470215,2436,2026-02-20 15:17:08,0 days 00:12:57,66.0,4.659246444702148,5.324386119842529,5.559048652648926,7.376218289136887,30.45641089416739,0.25,8
1100.0,52,64,17.69679832458496,1,-1,11666.658196541157,74422.70857045162,2026-02-20 15:17:08,28.0,76.0,17.65924644470215,2438,2026-02-20 15:17:08,,26.0,4.659246444702148,5.324386119842529,5.559048652648926,7.376218289136887,30.45641089416739,0.25,8
1100.0,52,66,20.901660919189453,16,-1,13924.271584630378,51901.78880552959,2026-02-20 15:17:08,32.891495674193315,26.919367602802367,17.65924644470215,2440,2026-02-20 15:17:08,,150.0,4.659246444702148,5.324386119842529,5.559048652648926,7.376218289136887,30.45641089416739,0.25,8
1100.0,52,67,25.922927856445312,7,-1,23928.935457893404,58132.649716589665,2026-02-20 15:17:08,54.568267399596536,40.49850189598235,17.65924644470215,2441,2026-02-20 15:17:08,,25.0,4.659246444702148,5.324386119842529,5.559048652648926,7.376218289136887,30.45641089416739,0.25,8
1100.0,53,2,8.544875144958496,2,-1,1512.8120426950027,48595.64503554604,2026-02-20 15:21:30,6.0,19.714172223544736,7.659246444702148,2447,2026-02-20 15:21:30,,3.0,4.659246444702148,5.324386119842529,5.559048652648926,7.376218289136887,30.45641089416739,0.25,8
1100.0,53,28,8.0,1,-1,28743.58127346423,47350.232091801634,2026-02-20 15:21:30,65.0,17.0,7.659246444702148,2459,2026-02-20 15:21:30,,0.0,4.659246444702148,5.324386119842529,5.559048652648926,7.376218289136887,30.45641089416739,0.25,8
1100.0,53,37,13.801007270812988,15,268,8631.363908225032,78861.20198629043,2026-02-20 15:21:30,21.42352904198173,85.67296478181477,12.659246444702148,2466,2026-02-20 15:21:30,0 days 00:47:20,100.0,4.659246444702148,5.324386119842529,5.559048652648926,7.376218289136887,30.45641089416739,0.25,8
1100.0,53,38,16.5,1,-1,7974.350504233464,89106.0856436177,2026-02-20 15:21:30,20.0,108.0,12.659246444702148,2467,2026-02-20 15:21:30,,17.0,4.659246444702148,5.324386119842529,5.559048652648926,7.376218289136887,30.45641089416739,0.25,8
1100.0,53,59,12.943061828613281,1,-1,24589.735119618083,74881.56410398806,2026-02-20 15:21:30,56.0,77.0,12.659246444702148,2484,2026-02-20 15:21:30,,11.0,4.659246444702148,5.324386119842529,5.559048652648926,7.376218289136887,30.45641089416739,0.25,8
1100.0,53,67,22.632591247558594,18,-1,8702.927758432643,59811.92297683487,2026-02-20 15:21:30,21.578584050764885,44.15820116407854,17.65924644470215,2488,2026-02-20 15:21:30,,132.0,4.659246444702148,5.324386119842529,5.559048652648926,7.376218289136887,30.45641089416739,0.25,8
1100.0,53,68,19.7851505279541,15,310,11135.80195558803,68478.0124670818,2026-02-20 15:21:30,26.849811477934892,63.044514735272976,17.65924644470215,2489,2026-02-20 15:21:30,0 days 00:17:19,81.0,4.659246444702148,5.324386119842529,5.559048652648926,7.376218289136887,30.45641089416739,0.25,8
1100.0,53,69,22.635944366455078,17,-1,12412.395926417401,56043.92534904526,2026-02-20 15:21:30,29.615765081398532,35.946471431303365,17.65924644470215,2490,2026-02-20 15:21:30,,169.0,4.659246444702148,5.324386119842529,5.559048652648926,7.376218289136887,30.45641089416739,0.25,8
1100.0,53,72,18.380399703979492,1,-1,20435.888965771926,65704.45343325924,2026-02-20 15:21:30,47.0,57.0,17.65924644470215,2493,2026-02-20 15:21:30,,28.0,4.659246444702148,5.324386119842529,5.559048652648926,7.376218289136887,30.45641089416739,0.25,8
1100.0,53,73,22.085908889770508,3,-1,24604.991754459763,60145.011128462225,2026-02-20 15:21:30,56.03305604215697,44.88411188604416,17.65924644470215,2494,2026-02-20 15:21:30,,98.0,4.659246444702148,5.324386119842529,5.559048652648926,7.376218289136887,30.45641089416739,0.25,8
1100.0,53,74,20.620586395263672,4,-1,25882.01473842014,55031.22221594542,2026-02-20 15:21:30,58.79993917407113,33.739451881392206,17.65924644470215,2495,2026-02-20 15:21:30,,28.0,4.659246444702148,5.324386119842529,5.559048652648926,7.376218289136887,30.45641089416739,0.25,8
1100.0,54,2,9.223489761352539,2,-1,2655.969415531011,54691.92062838467,2026-02-20 15:25:53,8.476840974478018,33.0,7.659246444702148,2499,2026-02-20 15:25:53,,2.0,4.659246444702148,5.324386119842529,5.559048652648926,7.376218289136887,30.45641089416739,0.25,8
1100.0,54,16,7.679629325866699,1,-1,22743.58127346423,79470.11943935245,2026-02-20 15:25:53,52.0,87.0,7.659246444702148,2507,2026-02-20 15:25:53,,0.0,4.659246444702148,5.324386119842529,5.559048652648926,7.376218289136887,30.45641089416739,0.25,8
1100.0,54,19,9.48570728302002,1,-1,24589.735119618083,77634.6973052067,2026-02-20 15:25:53,56.0,83.0,7.659246444702148,2508,2026-02-20 15:25:53,,9.0,4.659246444702148,5.324386119842529,5.559048652648926,7.376218289136887,30.45641089416739,0.25,8
1100.0,54,24,13.243453979492188,1,-1,7051.273581156542,81764.39710703466,2026-02-20 15:25:53,18.0,92.0,12.659246444702148,2510,2026-02-20 15:25:53,,22.0,4.659246444702148,5.324386119842529,5.559048652648926,7.376218289136887,30.45641089416739,0.25,8
1100.0,54,26,14.026185035705566,1,268,8897.427427310387,80846.68603996179,2026-02-20 15:25:53,22.0,90.0,12.659246444702148,2511,2026-02-20 15:25:53,0 days 00:51:43,51.0,4.659246444702148,5.324386119842529,5.559048652648926,7.376218289136887,30.45641089416739,0.25,8
1100.0,54,31,15.690927505493164,1,-1,14435.888965771926,82223.2526405711,2026-02-20 15:25:53,34.0,93.0,12.659246444702148,2515,2026-02-20 15:25:53,,14.0,4.659246444702148,5.324386119842529,5.559048652648926,7.376218289136887,30.45641089416739,0.25,8
1100.0,54,45,24.444826126098633,47,339,12033.261391957965,58358.733919356084,2026-02-20 15:25:53,28.794306923403084,40.99121514937599,17.65924644470215,2525,2026-02-20 15:25:53,0 days 00:00:00,282.0,4.659246444702148,5.324386119842529,5.559048652648926,7.376218289136887,30.45641089416739,0.25,8
1100.0,54,46,19.771713256835938,2,310,11671.19205038518,70293.00876862365,2026-02-20 15:25:53,28.009823349995383,67.0,17.65924644470215,2526,2026-02-20 15:25:53,0 days 00:21:42,57.0,4.659246444702148,5.324386119842529,5.559048652648926,7.376218289136887,30.45641089416739,0.25,8
1100.0,54,51,17.74641227722168,1,-1,20435.888965771926,67998.73110094146,2026-02-20 15:25:53,47.0,62.0,17.65924644470215,2531,2026-02-20 15:25:53,,60.0,4.659246444702148,5.324386119842529,5.559048652648926,7.376218289136887,30.45641089416739,0.25,8
1100.0,54,52,22.077423095703125,10,-1,25211.029990730745,62296.29279824669,2026-02-20 15:25:53,57.346138887410774,49.572475679337344,17.65924644470215,2532,2026-02-20 15:25:53,,72.0,4.659246444702148,5.324386119842529,5.559048652648926,7.376218289136887,30.45641089416739,0.25,8
1100.0,55,6,9.519465446472168,5,268,8473.96950912103,81969.24627085571,2026-02-20 15:30:06,21.08250784392306,92.44643498628481,7.659246444702148,2539,2026-02-20 15:30:06,0 days 00:55:56,5.0,4.659246444702148,5.324386119842529,5.559048652648926,7.376218289136887,30.45641089416739,0.25,8
1100.0,55,12,8.480057716369629,6,-1,15322.594515365354,84532.10689431411,2026-02-20 15:30:06,35.921195357452426,98.03176726659143,7.659246444702148,2544,2026-02-20 15:30:06,,9.0,4.659246444702148,5.324386119842529,5.559048652648926,7.376218289136887,30.45641089416739,0.25,8
1100.0,55,20,10.209753036499023,1,-1,23666.658196541153,75799.27517106093,2026-02-20 15:30:06,54.0,79.0,7.659246444702148,2550,2026-02-20 15:30:06,,9.0,4.659246444702148,5.324386119842529,5.559048652648926,7.376218289136887,30.45641089416739,0.25,8
1100.0,55,30,13.107973098754883,7,310,11644.603665381068,73187.2408122818,2026-02-20 15:30:06,27.952215182486473,73.3075016691028,12.659246444702148,2557,2026-02-20 15:30:06,0 days 00:25:55,57.0,4.659246444702148,5.324386119842529,5.559048652648926,7.376218289136887,30.45641089416739,0.25,8
1100.0,55,42,20.915584564208984,95,339,12938.76721091354,60374.94085333824,2026-02-20 15:30:06,30.75623619780683,45.38520582099994,17.65924644470215,2565,2026-02-20 15:30:06,0 days 00:04:13,314.0,4.659246444702148,5.324386119842529,5.559048652648926,7.376218289136887,30.45641089416739,0.25,8
1100.0,55,44,19.335145950317383,1,-1,19974.350504233465,69375.29770155076,2026-02-20 15:30:06,46.0,65.0,17.65924644470215,2567,2026-02-20 15:30:06,,51.0,4.659246444702148,5.324386119842529,5.559048652648926,7.376218289136887,30.45641089416739,0.25,8
1100.0,55,45,24.449247360229492,6,-1,25249.832751631562,64096.75443682343,2026-02-20 15:30:06,57.430211536029205,53.496285041949626,17.65924644470215,2568,2026-02-20 15:30:06,,101.0,4.659246444702148,5.324386119842529,5.559048652648926,7.376218289136887,30.45641089416739,0.25,8
1100.0,56,2,7.755707740783691,1,-1,-1256.4187265357668,58362.7648966762,2026-02-20 15:34:19,0.0,41.0,7.659246444702148,2571,2026-02-20 15:34:19,,0.0,4.659246444702148,5.324386119842529,5.559048652648926,7.376218289136887,30.45641089416739,0.25,8
1100.0,56,44,12.786993026733398,1,310,10282.042811925772,76258.13070459737,2026-02-20 15:34:19,25.0,80.0,12.659246444702148,2597,2026-02-20 15:34:19,0 days 00:30:08,19.0,4.659246444702148,5.324386119842529,5.559048652648926,7.376218289136887,30.45641089416739,0.25,8
1100.0,56,45,13.00357437133789,1,-1,11205.119735002694,50562.22082655672,2026-02-20 15:34:19,27.0,24.0,12.659246444702148,2598,2026-02-20 15:34:19,,8.0,4.659246444702148,5.324386119842529,5.559048652648926,7.376218289136887,30.45641089416739,0.25,8
1100.0,56,46,15.026326179504395,1,-1,15358.96588884885,86352.95244239905,2026-02-20 15:34:19,36.0,102.0,12.659246444702148,2599,2026-02-20 15:34:19,,14.0,4.659246444702148,5.324386119842529,5.559048652648926,7.376218289136887,30.45641089416739,0.25,8
1100.0,56,48,15.801692008972168,1,-1,18589.735119618083,54691.92062838467,2026-02-20 15:34:19,43.0,33.0,12.659246444702148,2601,2026-02-20 15:34:19,,8.0,4.659246444702148,5.324386119842529,5.559048652648926,7.376218289136887,30.45641089416739,0.25,8
1100.0,56,49,16.024734497070312,2,-1,20192.018279728163,71669.57536923297,2026-02-20 15:34:19,46.471613513571846,70.0,12.659246444702148,2602,2026-02-20 15:34:19,,10.0,4.659246444702148,5.324386119842529,5.559048652648926,7.376218289136887,30.45641089416739,0.25,8
1100.0,56,50,15.397431373596191,2,-1,20616.04436620165,70751.86430216009,2026-02-20 15:34:19,47.39033670093107,68.0,12.659246444702148,2603,2026-02-20 15:34:19,,38.0,4.659246444702148,5.324386119842529,5.559048652648926,7.376218289136887,30.45641089416739,0.25,8
1100.0,56,60,19.018465042114258,4,-1,9599.46007410966,65961.7852170074,2026-02-20 15:34:19,23.521070734731758,57.560812205455775,17.65924644470215,2612,2026-02-20 15:34:19,,38.0,4.659246444702148,5.324386119842529,5.559048652648926,7.376218289136887,30.45641089416739,0.25,8
1100.0,56,61,24.10184669494629,120,339,13391.983307131239,62252.377721299454,2026-02-20 15:34:19,31.738204406278513,49.476770007862086,17.65924644470215,2613,2026-02-20 15:34:19,0 days 00:08:26,311.0,4.659246444702148,5.324386119842529,5.559048652648926,7.376218289136887,30.45641089416739,0.25,8
1100.0,57,24,8.1758451461792,2,-1,20747.033028403213,73046.14196984228,2026-02-20 15:38:42,47.67414546903446,73.0,7.659246444702148,2633,2026-02-20 15:38:42,,6.0,4.659246444702148,5.324386119842529,5.559048652648926,7.376218289136887,30.45641089416739,0.25,8
1100.0,57,25,9.093914985656738,9,-1,26428.11905625979,73648.9240788921,2026-02-20 15:38:42,59.98316519605704,74.31366424722857,7.659246444702148,2634,2026-02-20 15:38:42,,32.0,4.659246444702148,5.324386119842529,5.559048652648926,7.376218289136887,30.45641089416739,0.25,8
1100.0,57,28,17.321456909179688,1,-1,-1256.4187265357668,45514.80995765587,2026-02-20 15:38:42,0.0,13.0,12.659246444702148,2635,2026-02-20 15:38:42,,11.0,4.659246444702148,5.324386119842529,5.559048652648926,7.376218289136887,30.45641089416739,0.25,8
1100.0,57,29,14.356837272644043,4,-1,9700.31741933051,68183.79847424997,2026-02-20 15:38:42,23.739594982710262,62.40332383458946,12.659246444702148,2636,2026-02-20 15:38:42,,35.0,4.659246444702148,5.324386119842529,5.559048652648926,7.376218289136887,30.45641089416739,0.25,8
1100.0,57,30,14.324800491333008,2,310,9628.468651627145,79928.9749728889,2026-02-20 15:38:42,23.583922652686308,88.0,12.659246444702148,2637,2026-02-20 15:38:42,0 days 00:34:31,11.0,4.659246444702148,5.324386119842529,5.559048652648926,7.376218289136887,30.45641089416739,0.25,8
1100.0,57,34,13.950413703918457,2,-1,10037.003544505698,78552.40837227958,2026-02-20 15:38:42,24.469081587256508,85.0,12.659246444702148,2640,2026-02-20 15:38:42,,13.0,4.659246444702148,5.324386119842529,5.559048652648926,7.376218289136887,30.45641089416739,0.25,8
1100.0,57,41,23.087642669677734,135,339,13692.992435277929,64134.22135156326,2026-02-20 15:38:42,32.39039085059634,53.577938006775106,17.65924644470215,2645,2026-02-20 15:38:42,0 days 00:12:49,350.0,4.659246444702148,5.324386119842529,5.559048652648926,7.376218289136887,30.45641089416739,0.25,8
1100.0,57,42,19.0,1,-1,11205.119735002694,57445.05382960332,2026-02-20 15:38:42,27.0,39.0,17.65924644470215,2646,2026-02-20 15:38:42,,14.0,4.659246444702148,5.324386119842529,5.559048652648926,7.376218289136887,30.45641089416739,0.25,8
1100.0,58,10,12.32095718383789,1,-1,1051.2735811565408,41385.110155827904,2026-02-20 15:43:04,5.0,4.0,7.659246444702148,2657,2026-02-20 15:43:04,,1.0,4.659246444702148,5.324386119842529,5.559048652648926,7.376218289136887,30.45641089416739,0.25,8
1100.0,58,17,10.366754531860352,8,-1,2935.263471521181,49223.15440972834,2026-02-20 15:43:04,9.081978095790053,21.08172546921671,7.659246444702148,2664,2026-02-20 15:43:04,,6.0,4.659246444702148,5.324386119842529,5.559048652648926,7.376218289136887,30.45641089416739,0.25,8
1100.0,58,30,11.608041763305664,8,-1,11016.381078345887,54707.75862209418,2026-02-20 15:43:04,26.591066243910248,33.03451629663795,7.659246444702148,2672,2026-02-20 15:43:04,,17.0,4.659246444702148,5.324386119842529,5.559048652648926,7.376218289136887,30.45641089416739,0.25,8
1100.0,58,41,8.611004829406738,2,-1,28074.768954919928,56068.487228993996,2026-02-20 15:43:04,63.55090664315401,36.0,7.659246444702148,2680,2026-02-20 15:43:04,,5.0,4.659246444702148,5.324386119842529,5.559048652648926,7.376218289136887,30.45641089416739,0.25,8
1100.0,58,45,17.5,1,-1,7974.350504233464,45973.66549119231,2026-02-20 15:43:04,20.0,14.0,12.659246444702148,2683,2026-02-20 15:43:04,,7.0,4.659246444702148,5.324386119842529,5.559048652648926,7.376218289136887,30.45641089416739,0.25,8
1100.0,58,46,13.000000953674316,1,-1,8897.427427310387,72128.43090276941,2026-02-20 15:43:04,22.0,71.0,12.659246444702148,2684,2026-02-20 15:43:04,,15.0,4.659246444702148,5.324386119842529,5.559048652648926,7.376218289136887,30.45641089416739,0.25,8
1100.0,58,48,14.035459518432617,2,-1,9519.176576578144,81764.39710703466,2026-02-20 15:43:04,23.347123156746807,92.0,12.659246444702148,2685,2026-02-20 15:43:04,,16.0,4.659246444702148,5.324386119842529,5.559048652648926,7.376218289136887,30.45641089416739,0.25,8
1100.0,58,49,14.59964656829834,1,-1,10282.042811925772,47350.232091801634,2026-02-20 15:43:04,25.0,17.0,12.659246444702148,2686,2026-02-20 15:43:04,,20.0,4.659246444702148,5.324386119842529,5.559048652648926,7.376218289136887,30.45641089416739,0.25,8
1100.0,58,52,13.36711311340332,2,-1,19974.350504233465,62167.10952985553,2026-02-20 15:43:04,46.0,49.29094203977209,12.659246444702148,2688,2026-02-20 15:43:04,,9.0,4.659246444702148,5.324386119842529,5.559048652648926,7.376218289136887,30.45641089416739,0.25,8
1100.0,58,53,15.463455200195312,1,-1,26435.888965771926,74881.56410398806,2026-02-20 15:43:04,60.0,77.0,12.659246444702148,2689,2026-02-20 15:43:04,,10.0,4.659246444702148,5.324386119842529,5.559048652648926,7.376218289136887,30.45641089416739,0.25,8
1100.0,58,54,13.92623519897461,1,-1,26435.888965771926,75799.27517106093,2026-02-20 15:43:04,60.0,79.0,12.659246444702148,2690,2026-02-20 15:43:04,,16.0,4.659246444702148,5.324386119842529,5.559048652648926,7.376218289136887,30.45641089416739,0.25,8
1100.0,58,59,20.58971405029297,157,339,14253.774802779039,65803.08060457383,2026-02-20 15:43:04,33.60541931351541,57.21494166269382,17.65924644470215,2693,2026-02-20 15:43:04,0 days 00:17:11,382.0,4.659246444702148,5.324386119842529,5.559048652648926,7.376218289136887,30.45641089416739,0.25,8
1100.0,58,60,17.83159065246582,1,-1,15820.504350387311,72128.43090276941,2026-02-20 15:43:04,37.0,71.0,17.65924644470215,2694,2026-02-20 15:43:04,,41.0,4.659246444702148,5.324386119842529,5.559048652648926,7.376218289136887,30.45641089416739,0.25,8
1100.0,59,11,6.7118682861328125,16,-1,2354.376899904652,46663.667253609754,2026-02-20 15:47:27,7.823390523954241,15.503745104912518,7.659246444702148,2705,2026-02-20 15:47:27,,15.0,4.659246444702148,5.324386119842529,5.559048652648926,7.376218289136887,30.45641089416739,0.25,8
1100.0,59,49,9.069350242614746,1,-1,20435.888965771926,60657.0425643584,2026-02-20 15:47:27,47.0,46.0,7.659246444702148,2735,2026-02-20 15:47:27,,9.0,4.659246444702148,5.324386119842529,5.559048652648926,7.376218289136887,30.45641089416739,0.25,8
1100.0,59,50,10.466134071350098,6,-1,26503.67113235094,77598.43810085887,2026-02-20 15:47:27,60.1468613609212,82.9209790409012,7.659246444702148,2736,2026-02-20 15:47:27,,7.0,4.659246444702148,5.324386119842529,5.559048652648926,7.376218289136887,30.45641089416739,0.25,8
1100.0,59,54,10.20601749420166,9,-1,28473.10866786445,59748.27495154952,2026-02-20 15:47:27,64.41397602120047,44.01949078437623,7.659246444702148,2739,2026-02-20 15:47:27,,12.0,4.659246444702148,5.324386119842529,5.559048652648926,7.376218289136887,30.45641089416739,0.25,8
1100.0,59,57,12.775064468383789,1,-1,2435.8889657719255,58821.62043021264,2026-02-20 15:47:27,8.0,42.0,12.659246444702148,2741,2026-02-20 15:47:27,,12.0,4.659246444702148,5.324386119842529,5.559048652648926,7.376218289136887,30.45641089416739,0.25,8
1100.0,59,63,13.806736946105957,1,-1,9358.965888848848,84517.5303082533,2026-02-20 15:47:27,23.0,98.0,12.659246444702148,2745,2026-02-20 15:47:27,,15.0,4.659246444702148,5.324386119842529,5.559048652648926,7.376218289136887,30.45641089416739,0.25,8
1100.0,59,72,18.766082763671875,1,-1,8435.888965771926,48267.943158874514,2026-02-20 15:47:27,21.0,19.0,17.65924644470215,2751,2026-02-20 15:47:27,,56.0,4.659246444702148,5.324386119842529,5.559048652648926,7.376218289136887,30.45641089416739,0.25,8
1100.0,59,73,17.940019607543945,2,-1,8897.427427310387,70959.60167072425,2026-02-20 15:47:27,22.0,68.45272935244587,17.65924644470215,2752,2026-02-20 15:47:27,,25.0,4.659246444702148,5.324386119842529,5.559048652648926,7.376218289136887,30.45641089416739,0.25,8
1100.0,59,74,17.83570671081543,2,-1,11634.841227573268,56068.487228993996,2026-02-20 15:47:27,27.931063233902908,36.0,17.65924644470215,2753,2026-02-20 15:47:27,,38.0,4.659246444702148,5.324386119842529,5.559048652648926,7.376218289136887,30.45641089416739,0.25,8
1100.0,59,75,20.75719451904297,63,339,15259.308371031892,67561.41672243075,2026-02-20 15:47:27,35.78407537806326,61.046945396647445,17.65924644470215,2754,2026-02-20 15:47:27,0 days 00:21:34,336.0,4.659246444702148,5.324386119842529,5.559048652648926,7.376218289136887,30.45641089416739,0.25,8
1100.0,60,45,3.0,7,-1,19126.768460764688,55767.82662020603,2026-02-20 15:51:50,44.16357223915098,35.34475976246653,7.659246444702148,2795,2026-02-20 15:51:50,,6.0,4.659246444702148,5.324386119842529,5.559048652648926,7.376218289136887,30.45641089416739,0.25,8
1100.0,60,50,8.137162208557129,9,-1,27206.513455282027,57867.56937255222,2026-02-20 15:51:50,61.669686393938555,39.920802980608165,7.659246444702148,2800,2026-02-20 15:51:50,,15.0,4.659246444702148,5.324386119842529,5.559048652648926,7.376218289136887,30.45641089416739,0.25,8
1100.0,60,52,10.303363800048828,1,-1,26897.427427310387,73963.85303691517,2026-02-20 15:51:50,61.0,75.0,7.659246444702148,2802,2026-02-20 15:51:50,,5.0,4.659246444702148,5.324386119842529,5.559048652648926,7.376218289136887,30.45641089416739,0.25,8
1100.0,60,61,13.27700138092041,1,-1,2435.8889657719255,43679.38782351011,2026-02-20 15:51:50,8.0,9.0,12.659246444702148,2809,2026-02-20 15:51:50,,8.0,4.659246444702148,5.324386119842529,5.559048652648926,7.376218289136887,30.45641089416739,0.25,8
1100.0,60,63,12.840569496154785,1,-1,3358.9658888488484,46432.52102472875,2026-02-20 15:51:50,10.0,15.0,12.659246444702148,2811,2026-02-20 15:51:50,,7.0,4.659246444702148,5.324386119842529,5.559048652648926,7.376218289136887,30.45641089416739,0.25,8
1100.0,60,65,14.733646392822266,1,-1,5205.119735002695,42761.67675643723,2026-02-20 15:51:50,14.0,7.0,12.659246444702148,2813,2026-02-20 15:51:50,,4.0,4.659246444702148,5.324386119842529,5.559048652648926,7.376218289136887,30.45641089416739,0.25,8
1100.0,60,81,20.927644729614258,1,-1,6589.73511961808,63869.031299113485,2026-02-20 15:51:50,17.0,53.0,17.65924644470215,2822,2026-02-20 15:51:50,,9.0,4.659246444702148,5.324386119842529,5.559048652648926,7.376218289136887,30.45641089416739,0.25,8
1100.0,60,84,23.527618408203125,6,-1,11376.097264408982,57149.98948737939,2026-02-20 15:51:50,27.370451313713623,38.356955902983564,17.65924644470215,2825,2026-02-20 15:51:50,,40.0,4.659246444702148,5.324386119842529,5.559048652648926,7.376218289136887,30.45641089416739,0.25,8
1100.0,60,91,18.704496383666992,19,339,16894.56005539946,69399.59889593213,2026-02-20 15:51:50,39.32712069419299,65.0529604474726,17.65924644470215,2832,2026-02-20 15:51:50,0 days 00:25:57,362.0,4.659246444702148,5.324386119842529,5.559048652648926,7.376218289136887,30.45641089416739,0.25,8
1100.0,61,5,7.792427062988281,5,-1,-68.22280124698194,41203.38377197974,2026-02-20 15:56:13,2.574424504792367,3.6039573012281534,7.659246444702148,2837,2026-02-20 15:56:13,,4.0,4.659246444702148,5.324386119842529,5.559048652648926,7.376218289136887,30.45641089416739,0.25,8
1100.0,61,48,13.808843612670898,1,-1,-1256.4187265357668,58821.62043021264,2026-02-20 15:56:13,0.0,42.0,12.659246444702148,2873,2026-02-20 15:56:13,,5.0,4.659246444702148,5.324386119842529,5.559048652648926,7.376218289136887,30.45641089416739,0.25,8
1100.0,61,49,12.8799409866333,1,-1,-333.34180345884374,58362.7648966762,2026-02-20 15:56:13,2.0,41.0,12.659246444702148,2874,2026-02-20 15:56:13,,11.0,4.659246444702148,5.324386119842529,5.559048652648926,7.376218289136887,30.45641089416739,0.25,8
1100.0,61,52,13.516486167907715,6,-1,3831.1961677536524,62726.78038494597,2026-02-20 15:56:13,11.023165604293741,50.51065241522951,12.659246444702148,2877,2026-02-20 15:56:13,,84.0,4.659246444702148,5.324386119842529,5.559048652648926,7.376218289136887,30.45641089416739,0.25,8
1100.0,61,53,12.87443733215332,1,-1,9358.965888848848,53774.2095613118,2026-02-20 15:56:13,23.0,31.0,12.659246444702148,2878,2026-02-20 15:56:13,,33.0,4.659246444702148,5.324386119842529,5.559048652648926,7.376218289136887,30.45641089416739,0.25,8
1100.0,61,54,13.657328605651855,1,-1,10282.042811925772,52397.64296070248,2026-02-20 15:56:13,25.0,28.0,12.659246444702148,2879,2026-02-20 15:56:13,,58.0,4.659246444702148,5.324386119842529,5.559048652648926,7.376218289136887,30.45641089416739,0.25,8
1100.0,61,55,12.792896270751953,1,-1,11205.119735002694,75799.27517106093,2026-02-20 15:56:13,27.0,79.0,12.659246444702148,2880,2026-02-20 15:56:13,,199.0,4.659246444702148,5.324386119842529,5.559048652648926,7.376218289136887,30.45641089416739,0.25,8
1100.0,61,59,13.9854736328125,3,-1,14566.025500837777,80895.61301867658,2026-02-20 15:56:13,34.28196249264268,90.10662828524201,12.659246444702148,2883,2026-02-20 15:56:13,,19.0,4.659246444702148,5.324386119842529,5.559048652648926,7.376218289136887,30.45641089416739,0.25,8
1100.0,61,62,15.029748916625977,2,-1,21612.662060333947,60198.187030821966,2026-02-20 15:56:13,49.549675038217714,45.0,12.659246444702148,2886,2026-02-20 15:56:13,,13.0,4.659246444702148,5.324386119842529,5.559048652648926,7.376218289136887,30.45641089416739,0.25,8
1100.0,61,63,15.180225372314453,3,-1,22581.593001378875,66300.04771344071,2026-02-20 15:56:13,51.64902541048173,58.29799955901409,12.659246444702148,2887,2026-02-20 15:56:13,,7.0,4.659246444702148,5.324386119842529,5.559048652648926,7.376218289136887,30.45641089416739,0.25,8
1100.0,61,65,13.211878776550293,1,-1,28282.04281192577,60198.187030821966,2026-02-20 15:56:13,64.0,45.0,12.659246444702148,2889,2026-02-20 15:56:13,,20.0,4.659246444702148,5.324386119842529,5.559048652648926,7.376218289136887,30.45641089416739,0.25,8
1100.0,61,66,12.68427562713623,1,-1,28743.58127346423,57903.909363139755,2026-02-20 15:56:13,65.0,40.0,12.659246444702148,2890,2026-02-20 15:56:13,,4.0,4.659246444702148,5.324386119842529,5.559048652648926,7.376218289136887,30.45641089416739,0.25,8
1100.0,61,71,18.434728622436523,9,339,18661.97659915123,71137.70311067469,2026-02-20 15:56:13,43.15652320565515,68.84087208350937,17.65924644470215,2894,2026-02-20 15:56:13,0 days 00:30:20,235.0,4.659246444702148,5.324386119842529,5.559048652648926,7.376218289136887,30.45641089416739,0.25,8
1100.0,62,18,8.547176361083984,4,-1,7842.603977592787,45783.75682561558,2026-02-20 16:04:50,19.714549192278533,13.586125366925215,7.659246444702148,2909,2026-02-20 16:04:50,,4.0,4.659246444702148,5.324386119842529,5.559048652648926,7.376218289136887,30.45641089416739,0.25,8
1100.0,62,43,7.868656635284424,1,-1,18128.19665807962,49185.65422594739,2026-02-20 16:04:50,42.0,21.0,7.659246444702148,2934,2026-02-20 16:04:50,,0.0,4.659246444702148,5.324386119842529,5.559048652648926,7.376218289136887,30.45641089416739,0.25,8
1100.0,62,46,12.5,1,-1,19974.350504233465,44138.24335704655,2026-02-20 16:04:50,46.0,10.0,7.659246444702148,2937,2026-02-20 16:04:50,,1.0,4.659246444702148,5.324386119842529,5.559048652648926,7.376218289136887,30.45641089416739,0.25,8
1100.0,62,47,11.5,1,-1,19974.350504233465,52397.64296070248,2026-02-20 16:04:50,46.0,28.0,7.659246444702148,2938,2026-02-20 16:04:50,,3.0,4.659246444702148,5.324386119842529,5.559048652648926,7.376218289136887,30.45641089416739,0.25,8
1100.0,62,56,12.8809232711792,1,-1,128.19665807961792,44597.09889058299,2026-02-20 16:04:50,3.0,11.0,12.659246444702148,2944,2026-02-20 16:04:50,,46.0,4.659246444702148,5.324386119842529,5.559048652648926,7.376218289136887,30.45641089416739,0.25,8
1100.0,62,57,13.781523704528809,1,-1,3358.9658888488484,49185.65422594739,2026-02-20 16:04:50,10.0,21.0,12.659246444702148,2945,2026-02-20 16:04:50,,37.0,4.659246444702148,5.324386119842529,5.559048652648926,7.376218289136887,30.45641089416739,0.25,8
1100.0,62,58,12.919356346130371,1,-1,3358.9658888488484,53774.2095613118,2026-02-20 16:04:50,10.0,31.0,12.659246444702148,2946,2026-02-20 16:04:50,,31.0,4.659246444702148,5.324386119842529,5.559048652648926,7.376218289136887,30.45641089416739,0.25,8
1100.0,62,59,13.256031036376953,3,-1,3635.297744725314,61236.68365370989,2026-02-20 16:04:50,10.598719021065675,47.26323220924057,12.659246444702148,2947,2026-02-20 16:04:50,,156.0,4.659246444702148,5.324386119842529,5.559048652648926,7.376218289136887,30.45641089416739,0.25,8
1100.0,62,62,13.171049118041992,4,-1,6848.220356745199,81125.4029300527,2026-02-20 16:04:50,17.560051347108757,90.6074175197209,12.659246444702148,2950,2026-02-20 16:04:50,,19.0,4.659246444702148,5.324386119842529,5.559048652648926,7.376218289136887,30.45641089416739,0.25,8
1100.0,62,63,15.0,5,-1,10065.181035751311,51661.74408859412,2026-02-20 16:04:50,24.530132818288667,26.3962297099553,12.659246444702148,2951,2026-02-20 16:04:50,,95.0,4.659246444702148,5.324386119842529,5.559048652648926,7.376218289136887,30.45641089416739,0.25,8
1100.0,62,67,16.131610870361328,30,-1,16389.69807011164,72645.62286426034,2026-02-20 16:04:50,38.23325305940272,72.12713462885559,12.659246444702148,2955,2026-02-20 16:04:50,,285.0,4.659246444702148,5.324386119842529,5.559048652648926,7.376218289136887,30.45641089416739,0.25,8
1100.0,62,74,11.16185188293457,3,-1,20778.255876759144,65451.37167633388,2026-02-20 16:04:50,47.74179497380564,56.44845002745234,12.659246444702148,2962,2026-02-20 16:04:50,,20.0,4.659246444702148,5.324386119842529,5.559048652648926,7.376218289136887,30.45641089416739,0.25,8
1100.0,62,75,15.899226188659668,1,-1,27358.96588884885,60657.0425643584,2026-02-20 16:04:50,62.0,46.0,12.659246444702148,2963,2026-02-20 16:04:50,,6.0,4.659246444702148,5.324386119842529,5.559048652648926,7.376218289136887,30.45641089416739,0.25,8
1100.0,63,13,8.148232460021973,2,-1,6589.73511961808,71751.5065524543,2026-02-20 16:13:26,17.0,70.17855550872379,7.659246444702148,2973,2026-02-20 16:13:26,,1.0,4.659246444702148,5.324386119842529,5.559048652648926,7.376218289136887,30.45641089416739,0.25,8
1100.0,63,27,9.140686988830566,8,-1,14118.958059324017,67331.96682397516,2026-02-20 16:13:26,33.313316369362866,60.54689716428289,7.659246444702148,2986,2026-02-20 16:13:26,,7.0,4.659246444702148,5.324386119842529,5.559048652648926,7.376218289136887,30.45641089416739,0.25,8
1100.0,63,40,8.183823585510254,15,-1,21823.454761389326,68031.62793930665,2026-02-20 16:13:26,50.00639255717104,62.07169323667441,7.659246444702148,2998,2026-02-20 16:13:26,,18.0,4.659246444702148,5.324386119842529,5.559048652648926,7.376218289136887,30.45641089416739,0.25,8
1100.0,63,41,8.317633628845215,2,-1,21679.18160908304,81764.39710703466,2026-02-20 16:13:26,49.693800727174086,92.0,7.659246444702148,2999,2026-02-20 16:13:26,,19.0,4.659246444702148,5.324386119842529,5.559048652648926,7.376218289136887,30.45641089416739,0.25,8
1100.0,63,44,8.167994499206543,4,-1,27779.226621023114,57434.57953806733,2026-02-20 16:13:26,62.91056491971091,38.97717300812466,7.659246444702148,3002,2026-02-20 16:13:26,,4.0,4.659246444702148,5.324386119842529,5.559048652648926,7.376218289136887,30.45641089416739,0.25,8
1100.0,63,45,11.536209106445312,7,-1,28179.138471091395,63470.755443787115,2026-02-20 16:13:26,63.77704059485885,52.132023423022005,7.659246444702148,3003,2026-02-20 16:13:26,,7.0,4.659246444702148,5.324386119842529,5.559048652648926,7.376218289136887,30.45641089416739,0.25,8
1100.0,63,47,14.41589069366455,2,-1,-1256.4187265357668,44662.24649321268,2026-02-20 16:13:26,0.0,11.141978461341845,12.659246444702148,3004,2026-02-20 16:13:26,,110.0,4.659246444702148,5.324386119842529,5.559048652648926,7.376218289136887,30.45641089416739,0.25,8
1100.0,63,56,14.161223411560059,4,-1,2980.0244308269007,41169.477309507565,2026-02-20 16:13:26,9.178960174285779,3.5300637552337184,12.659246444702148,3012,2026-02-20 16:13:26,,67.0,4.659246444702148,5.324386119842529,5.559048652648926,7.376218289136887,30.45641089416739,0.25,8
1100.0,63,63,12.361916542053223,7,-1,6264.368889817231,85432.41867792034,2026-02-20 16:13:26,16.295039835431496,99.99384839628264,12.659246444702148,3019,2026-02-20 16:13:26,,24.0,4.659246444702148,5.324386119842529,5.559048652648926,7.376218289136887,30.45641089416739,0.25,8
1100.0,63,64,12.87675952911377,3,-1,6321.677568905726,55268.69187206428,2026-02-20 16:13:26,16.419208640123234,34.256977853649005,12.659246444702148,3020,2026-02-20 16:13:26,,277.0,4.659246444702148,5.324386119842529,5.559048652648926,7.376218289136887,30.45641089416739,0.25,8
1100.0,63,67,10.672768592834473,11,-1,8924.625670168482,49106.449838814005,2026-02-20 16:13:26,22.058929526192536,20.82738709387908,12.659246444702148,3023,2026-02-20 16:13:26,,103.0,4.659246444702148,5.324386119842529,5.559048652648926,7.376218289136887,30.45641089416739,0.25,8
1100.0,63,73,13.616698265075684,11,-1,16376.035497301318,75730.64175646211,2026-02-20 16:13:26,38.20365081831368,78.85042478605442,12.659246444702148,3029,2026-02-20 16:13:26,,126.0,4.659246444702148,5.324386119842529,5.559048652648926,7.376218289136887,30.45641089416739,0.25,8
1100.0,63,76,13.852160453796387,2,-1,17937.5093947249,54691.92062838467,2026-02-20 16:13:26,41.58684426273145,33.0,12.659246444702148,3032,2026-02-20 16:13:26,,87.0,4.659246444702148,5.324386119842529,5.559048652648926,7.376218289136887,30.45641089416739,0.25,8
1100.0,63,84,19.25798797607422,2,-1,1974.350504233464,48875.75030705191,2026-02-20 16:13:26,7.0,20.324615491706016,17.65924644470215,3039,2026-02-20 16:13:26,,97.0,4.659246444702148,5.324386119842529,5.559048652648926,7.376218289136887,30.45641089416739,0.25,8
1100.0,64,12,8.771166801452637,5,-1,4849.688861531396,73702.10585191885,2026-02-20 16:22:12,13.229899774145519,74.42956515533548,7.659246444702148,3047,2026-02-20 16:22:12,,4.0,4.659246444702148,5.324386119842529,5.559048652648926,7.376218289136887,30.45641089416739,0.25,8
1100.0,64,13,8.254364967346191,1,-1,6128.196658079618,87270.66350947194,2026-02-20 16:22:12,16.0,104.0,7.659246444702148,3048,2026-02-20 16:22:12,,1.0,4.659246444702148,5.324386119842529,5.559048652648926,7.376218289136887,30.45641089416739,0.25,8
1100.0,64,14,6.083869934082031,22,-1,11652.995502124124,43172.77642997856,2026-02-20 16:22:12,27.97039749542976,7.895923974966494,7.659246444702148,3049,2026-02-20 16:22:12,,20.0,4.659246444702148,5.324386119842529,5.559048652648926,7.376218289136887,30.45641089416739,0.25,8
1100.0,64,33,9.372764587402344,7,-1,16801.777872404946,69129.26341968728,2026-02-20 16:22:12,39.12609263103821,64.46380883768084,7.659246444702148,3068,2026-02-20 16:22:12,,7.0,4.659246444702148,5.324386119842529,5.559048652648926,7.376218289136887,30.45641089416739,0.25,8
1100.0,64,40,8.276010513305664,4,-1,18484.351949595017,45374.85036495768,2026-02-20 16:22:12,42.771669798283355,12.694981137920452,7.659246444702148,3073,2026-02-20 16:22:12,,4.0,4.659246444702148,5.324386119842529,5.559048652648926,7.376218289136887,30.45641089416739,0.25,8
1100.0,64,47,9.695876121520996,6,-1,22422.60533089887,83803.89930141695,2026-02-20 16:22:12,51.30455212444171,96.44475885179735,7.659246444702148,3080,2026-02-20 16:22:12,,4.0,4.659246444702148,5.324386119842529,5.559048652648926,7.376218289136887,30.45641089416739,0.25,8
1100.0,64,60,15.02760124206543,1,-1,-1256.4187265357668,58821.62043021264,2026-02-20 16:22:12,0.0,42.0,12.659246444702148,3091,2026-02-20 16:22:12,,4.0,4.659246444702148,5.324386119842529,5.559048652648926,7.376218289136887,30.45641089416739,0.25,8
1100.0,64,81,13.081924438476562,2,-1,17205.119735002692,78387.88931318936,2026-02-20 16:22:12,40.0,84.64145782917282,12.659246444702148,3110,2026-02-20 16:22:12,,17.0,4.659246444702148,5.324386119842529,5.559048652648926,7.376218289136887,30.45641089416739,0.25,8
1100.0,64,86,13.176440238952637,1,-1,24589.735119618083,70293.00876862365,2026-02-20 16:22:12,56.0,67.0,12.659246444702148,3115,2026-02-20 16:22:12,,2.0,4.659246444702148,5.324386119842529,5.559048652648926,7.376218289136887,30.45641089416739,0.25,8
1100.0,64,88,15.312561988830566,5,-1,27465.03201826924,60846.99067211912,2026-02-20 16:22:12,62.22980994707752,46.413960590813346,12.659246444702148,3117,2026-02-20 16:22:12,,120.0,4.659246444702148,5.324386119842529,5.559048652648926,7.376218289136887,30.45641089416739,0.25,8
1100.0,64,90,18.0,1,-1,1512.8120426950027,43679.38782351011,2026-02-20 16:22:12,6.0,9.0,17.65924644470215,3118,2026-02-20 16:22:12,,308.0,4.659246444702148,5.324386119842529,5.559048652648926,7.376218289136887,30.45641089416739,0.25,8
1100.0,64,91,18.807762145996094,1,-1,10282.042811925772,59280.47596374908,2026-02-20 16:22:12,25.0,43.0,17.65924644470215,3119,2026-02-20 16:22:12,,299.0,4.659246444702148,5.324386119842529,5.559048652648926,7.376218289136887,30.45641089416739,0.25,8
1100.0,65,5,8.733039855957031,7,-1,4046.2619017387624,67399.59276350052,2026-02-20 16:30:58,11.48914136126148,60.694276752372765,7.659246444702148,3123,2026-02-20 16:30:58,,2.0,4.659246444702148,5.324386119842529,5.559048652648926,7.376218289136887,30.45641089416739,0.25,8
1100.0,65,7,9.855830192565918,11,-1,4976.421961191559,76972.06511408568,2026-02-20 16:30:58,13.504488156742537,81.55590236427128,7.659246444702148,3125,2026-02-20 16:30:58,,10.0,4.659246444702148,5.324386119842529,5.559048652648926,7.376218289136887,30.45641089416739,0.25,8
1100.0,65,12,7.812129020690918,1,-1,11205.119735002694,72128.43090276941,2026-02-20 16:30:58,27.0,71.0,7.659246444702148,3130,2026-02-20 16:30:58,,0.0,4.659246444702148,5.324386119842529,5.559048652648926,7.376218289136887,30.45641089416739,0.25,8
1100.0,65,15,7.835357189178467,2,-1,12786.390260466633,67081.02003386857,2026-02-20 16:30:58,30.426086138505198,60.0,7.659246444702148,3133,2026-02-20 16:30:58,,0.0,4.659246444702148,5.324386119842529,5.559048652648926,7.376218289136887,30.45641089416739,0.25,8
1100.0,65,30,8.46657657623291,1,-1,19512.812042695004,44138.24335704655,2026-02-20 16:30:58,45.0,10.0,7.659246444702148,3146,2026-02-20 16:30:58,,1.0,4.659246444702148,5.324386119842529,5.559048652648926,7.376218289136887,30.45641089416739,0.25,8
1100.0,65,46,8.657730102539062,1,-1,26435.888965771926,50103.36529302027,2026-02-20 16:30:58,60.0,23.0,7.659246444702148,3158,2026-02-20 16:30:58,,2.0,4.659246444702148,5.324386119842529,5.559048652648926,7.376218289136887,30.45641089416739,0.25,8
1100.0,65,56,13.672866821289062,39,-1,2232.993331055555,44226.60994889661,2026-02-20 16:30:58,7.560392791447863,10.192580421051066,12.659246444702148,3167,2026-02-20 16:30:58,,289.0,4.659246444702148,5.324386119842529,5.559048652648926,7.376218289136887,30.45641089416739,0.25,8
1100.0,65,61,14.674245834350586,22,-1,3674.6231909821277,51327.53712334832,2026-02-20 16:30:58,10.683924154622105,25.667880718127652,12.659246444702148,3172,2026-02-20 16:30:58,,254.0,4.659246444702148,5.324386119842529,5.559048652648926,7.376218289136887,30.45641089416739,0.25,8
1100.0,65,63,12.76756477355957,1,-1,4743.581273464233,39549.688021682145,2026-02-20 16:30:58,13.0,0.0,12.659246444702148,3174,2026-02-20 16:30:58,,31.0,4.659246444702148,5.324386119842529,5.559048652648926,7.376218289136887,30.45641089416739,0.25,8
1100.0,65,74,14.000090599060059,2,-1,8529.13613993875,53774.2095613118,2026-02-20 16:30:58,21.202035544028117,31.0,12.659246444702148,3184,2026-02-20 16:30:58,,124.0,4.659246444702148,5.324386119842529,5.559048652648926,7.376218289136887,30.45641089416739,0.25,8
1100.0,65,75,14.100174903869629,2,-1,9108.421893593482,49644.50975948383,2026-02-20 16:30:58,22.457154676946708,22.0,12.659246444702148,3185,2026-02-20 16:30:58,,69.0,4.659246444702148,5.324386119842529,5.559048652648926,7.376218289136887,30.45641089416739,0.25,8
1100.0,65,79,12.667011260986328,2,-1,10282.042811925772,48258.99882505194,2026-02-20 16:30:58,25.0,18.980507298770835,12.659246444702148,3189,2026-02-20 16:30:58,,53.0,4.659246444702148,5.324386119842529,5.559048652648926,7.376218289136887,30.45641089416739,0.25,8
1100.0,65,80,14.248052597045898,9,-1,10910.059030520655,59245.328598993554,2026-02-20 16:30:58,26.360701806955582,42.92340211202284,12.659246444702148,3190,2026-02-20 16:30:58,,148.0,4.659246444702148,5.324386119842529,5.559048652648926,7.376218289136887,30.45641089416739,0.25,8
1100.0,65,94,12.864603042602539,2,-1,26338.86663277754,67539.875567405,2026-02-20 16:30:58,59.78978494517882,61.0,12.659246444702148,3203,2026-02-20 16:30:58,,39.0,4.659246444702148,5.324386119842529,5.559048652648926,7.376218289136887,30.45641089416739,0.25,8
1100.0,65,98,19.227771759033203,1,-1,5666.658196541156,58362.7648966762,2026-02-20 16:30:58,15.0,41.0,17.65924644470215,3206,2026-02-20 16:30:58,,182.0,4.659246444702148,5.324386119842529,5.559048652648926,7.376218289136887,30.45641089416739,0.25,8
1100.0,65,99,19.833189010620117,2,-1,22743.58127346423,63105.0962556959,2026-02-20 16:30:58,52.0,51.335129495922466,17.65924644470215,3207,2026-02-20 16:30:58,,62.0,4.659246444702148,5.324386119842529,5.559048652648926,7.376218289136887,30.45641089416739,0.25,8
1100.0,66,9,8.692401885986328,3,-1,1512.8120426950027,71632.56253409965,2026-02-20 16:39:43,6.0,69.9193366268288,7.659246444702148,3215,2026-02-20 16:39:43,,2.0,4.659246444702148,5.324386119842529,5.559048652648926,7.376218289136887,30.45641089416739,0.25,8
1100.0,66,13,7.89222526550293,2,-1,4514.1803053918775,77634.6973052067,2026-02-20 16:39:43,12.502964569176562,83.0,7.659246444702148,3219,2026-02-20 16:39:43,,0.0,4.659246444702148,5.324386119842529,5.559048652648926,7.376218289136887,30.45641089416739,0.25,8
1100.0,66,14,7.999779224395752,2,-1,4420.628768175864,79928.9749728889,2026-02-20 16:39:43,12.3002695718752,88.0,7.659246444702148,3220,2026-02-20 16:39:43,,0.0,4.659246444702148,5.324386119842529,5.559048652648926,7.376218289136887,30.45641089416739,0.25,8
1100.0,66,23,8.101943016052246,12,-1,11279.970002935466,40488.00083327794,2026-02-20 16:39:43,27.162175580521005,2.044898106304033,7.659246444702148,3229,2026-02-20 16:39:43,,7.0,4.659246444702148,5.324386119842529,5.559048652648926,7.376218289136887,30.45641089416739,0.25,8
1100.0,66,24,10.724092483520508,14,-1,11496.855201271639,66463.59529044555,2026-02-20 16:39:43,27.63209351024938,58.6544245447702,7.659246444702148,3230,2026-02-20 16:39:43,,13.0,4.659246444702148,5.324386119842529,5.559048652648926,7.376218289136887,30.45641089416739,0.25,8
1100.0,66,35,8.359925270080566,1,-1,15358.96588884885,46432.52102472875,2026-02-20 16:39:43,36.0,15.0,7.659246444702148,3241,2026-02-20 16:39:43,,1.0,4.659246444702148,5.324386119842529,5.559048652648926,7.376218289136887,30.45641089416739,0.25,8
1100.0,66,48,7.856794834136963,1,-1,21358.96588884885,44138.24335704655,2026-02-20 16:39:43,49.0,10.0,7.659246444702148,3252,2026-02-20 16:39:43,,0.0,4.659246444702148,5.324386119842529,5.559048652648926,7.376218289136887,30.45641089416739,0.25,8
1100.0,66,51,6.605059623718262,5,-1,23799.13749350205,50524.90882867223,2026-02-20 16:39:43,54.287038476748606,23.91868465092506,7.659246444702148,3254,2026-02-20 16:39:43,,6.0,4.659246444702148,5.324386119842529,5.559048652648926,7.376218289136887,30.45641089416739,0.25,8
1100.0,66,55,7.3324198722839355,28,-1,25945.0928238948,60741.295132754945,2026-02-20 16:39:43,58.93660835926622,46.1836145850682,7.659246444702148,3258,2026-02-20 16:39:43,,31.0,4.659246444702148,5.324386119842529,5.559048652648926,7.376218289136887,30.45641089416739,0.25,8
1100.0,66,87,13.698195457458496,2,-1,9535.075613093484,56527.34276253044,2026-02-20 16:39:43,23.38157106919671,37.0,12.659246444702148,3284,2026-02-20 16:39:43,,269.0,4.659246444702148,5.324386119842529,5.559048652648926,7.376218289136887,30.45641089416739,0.25,8
1100.0,66,88,16.674991607666016,1,-1,9820.504350387311,48726.79869241095,2026-02-20 16:39:43,24.0,20.0,12.659246444702148,3285,2026-02-20 16:39:43,,62.0,4.659246444702148,5.324386119842529,5.559048652648926,7.376218289136887,30.45641089416739,0.25,8
1100.0,66,89,13.471518516540527,1,-1,10743.581273464233,50562.22082655672,2026-02-20 16:39:43,26.0,24.0,12.659246444702148,3286,2026-02-20 16:39:43,,42.0,4.659246444702148,5.324386119842529,5.559048652648926,7.376218289136887,30.45641089416739,0.25,8
1100.0,66,93,13.145750045776367,1,-1,17205.119735002692,65704.45343325924,2026-02-20 16:39:43,40.0,57.0,12.659246444702148,3290,2026-02-20 16:39:43,,38.0,4.659246444702148,5.324386119842529,5.559048652648926,7.376218289136887,30.45641089416739,0.25,8
1100.0,66,97,12.781185150146484,4,-1,20665.45252016412,60996.8827493774,2026-02-20 16:39:43,47.49738770118309,46.74062566577289,12.659246444702148,3294,2026-02-20 16:39:43,,116.0,4.659246444702148,5.324386119842529,5.559048652648926,7.376218289136887,30.45641089416739,0.25,8
1100.0,66,103,21.159122467041016,2,-1,-261.10068650657706,45586.6311362244,2026-02-20 16:39:43,2.1565224200632445,13.156522420063245,17.65924644470215,3299,2026-02-20 16:39:43,,87.0,4.659246444702148,5.324386119842529,5.559048652648926,7.376218289136887,30.45641089416739,0.25,8
1100.0,66,104,18.31488609313965,1,-1,2897.4274273103874,58821.62043021264,2026-02-20 16:39:43,9.0,42.0,17.65924644470215,3300,2026-02-20 16:39:43,,117.0,4.659246444702148,5.324386119842529,5.559048652648926,7.376218289136887,30.45641089416739,0.25,8
1100.0,66,105,18.343429565429688,1,-1,3358.9658888488484,49185.65422594739,2026-02-20 16:39:43,10.0,21.0,17.65924644470215,3301,2026-02-20 16:39:43,,304.0,4.659246444702148,5.324386119842529,5.559048652648926,7.376218289136887,30.45641089416739,0.25,8
1100.0,66,106,20.29815673828125,1,-1,4282.042811925772,55150.776161921116,2026-02-20 16:39:43,12.0,34.0,17.65924644470215,3302,2026-02-20 16:39:43,,141.0,4.659246444702148,5.324386119842529,5.559048652648926,7.376218289136887,30.45641089416739,0.25,8
1100.0,67,7,8.615675926208496,1,-1,2435.8889657719255,69834.1532350872,2026-02-20 16:48:29,8.0,66.0,7.659246444702148,3306,2026-02-20 16:48:29,,1.0,4.659246444702148,5.324386119842529,5.559048652648926,7.376218289136887,30.45641089416739,0.25,8
1100.0,67,11,8.93691349029541,2,-1,5666.658196541156,76538.27894633386,2026-02-20 16:48:29,15.0,80.61053691469591,7.659246444702148,3310,2026-02-20 16:48:29,,2.0,4.659246444702148,5.324386119842529,5.559048652648926,7.376218289136887,30.45641089416739,0.25,8
1100.0,67,14,7.878612995147705,1,-1,7974.350504233464,71210.71983569654,2026-02-20 16:48:29,20.0,69.0,7.659246444702148,3313,2026-02-20 16:48:29,,0.0,4.659246444702148,5.324386119842529,5.559048652648926,7.376218289136887,30.45641089416739,0.25,8
1100.0,67,35,10.409440040588379,8,-1,17039.72434205334,68931.25872500849,2026-02-20 16:48:29,39.641643315276404,64.03229024368513,7.659246444702148,3332,2026-02-20 16:48:29,,8.0,4.659246444702148,5.324386119842529,5.559048652648926,7.376218289136887,30.45641089416739,0.25,8
1100.0,67,39,7.8015642166137695,1,-1,19051.273581156544,45514.80995765587,2026-02-20 16:48:29,44.0,13.0,7.659246444702148,3336,2026-02-20 16:48:29,,0.0,4.659246444702148,5.324386119842529,5.559048652648926,7.376218289136887,30.45641089416739,0.25,8
1100.0,67,59,10.952484130859375,13,-1,26907.170319564968,71628.52904449266,2026-02-20 16:48:29,61.02110959988492,69.91054630108967,7.659246444702148,3351,2026-02-20 16:48:29,,12.0,4.659246444702148,5.324386119842529,5.559048652648926,7.376218289136887,30.45641089416739,0.25,8
1100.0,67,84,13.21761703491211,5,-1,10661.355036110652,60556.79306073055,2026-02-20 16:48:29,25.821843152400575,45.781522731446174,12.659246444702148,3372,2026-02-20 16:48:29,,33.0,4.659246444702148,5.324386119842529,5.559048652648926,7.376218289136887,30.45641089416739,0.25,8
1100.0,67,85,12.857427597045898,1,-1,12589.735119618079,46891.37655826519,2026-02-20 16:48:29,30.0,16.0,12.659246444702148,3373,2026-02-20 16:48:29,,28.0,4.659246444702148,5.324386119842529,5.559048652648926,7.376218289136887,30.45641089416739,0.25,8
1100.0,67,97,13.166414260864258,1,-1,26897.427427310387,60657.0425643584,2026-02-20 16:48:29,61.0,46.0,12.659246444702148,3383,2026-02-20 16:48:29,,54.0,4.659246444702148,5.324386119842529,5.559048652648926,7.376218289136887,30.45641089416739,0.25,8
1100.0,67,98,13.185084342956543,1,-1,27358.96588884885,57903.909363139755,2026-02-20 16:48:29,62.0,40.0,12.659246444702148,3384,2026-02-20 16:48:29,,35.0,4.659246444702148,5.324386119842529,5.559048652648926,7.376218289136887,30.45641089416739,0.25,8
1100.0,67,100,19.0,2,-1,813.7649620916649,44597.09889058299,2026-02-20 16:48:29,4.485397992026102,11.0,17.65924644470215,3385,2026-02-20 16:48:29,,53.0,4.659246444702148,5.324386119842529,5.559048652648926,7.376218289136887,30.45641089416739,0.25,8
1100.0,67,101,18.45978355407715,2,-1,3624.769961127353,54956.179578754614,2026-02-20 16:48:29,10.575908823270092,33.57590882327009,17.65924644470215,3386,2026-02-20 16:48:29,,475.0,4.659246444702148,5.324386119842529,5.559048652648926,7.376218289136887,30.45641089416739,0.25,8
1100.0,67,102,19.0,1,-1,4282.042811925772,61115.89809789484,2026-02-20 16:48:29,12.0,47.0,17.65924644470215,3387,2026-02-20 16:48:29,,194.0,4.659246444702148,5.324386119842529,5.559048652648926,7.376218289136887,30.45641089416739,0.25,8
1100.0,67,103,21.40796661376953,1,-1,19512.812042695004,53315.35402777536,2026-02-20 16:48:29,45.0,30.0,17.65924644470215,3388,2026-02-20 16:48:29,,20.0,4.659246444702148,5.324386119842529,5.559048652648926,7.376218289136887,30.45641089416739,0.25,8
1100.0,67,104,19.5,1,-1,19974.350504233465,61115.89809789484,2026-02-20 16:48:29,46.0,47.0,17.65924644470215,3389,2026-02-20 16:48:29,,207.0,4.659246444702148,5.324386119842529,5.559048652648926,7.376218289136887,30.45641089416739,0.25,8
1400.0,3,34,16.926790237426758,4,19,7882.909840716469,57914.03116736228,2026-02-20 11:45:33,19.801878562379844,40.02205880387779,13.306211471557617,131,2026-02-20 11:45:33,0 days 00:00:00,24.0,5.306211471557617,6.01812744140625,5.943623065948486,7.840976715087891,34.52963285384626,0.25,8
1400.0,4,58,20.041109085083008,6,19,7466.490882531092,59953.4256941827,2026-02-20 11:49:56,18.899637486311526,44.46658301197139,18.306211471557617,190,2026-02-20 11:49:56,0 days 00:04:23,48.0,5.306211471557617,6.01812744140625,5.943623065948486,7.840976715087891,34.52963285384626,0.25,8
1400.0,5,55,25.320947647094727,25,19,7489.47699426219,62199.08263021751,2026-02-20 11:54:09,18.949440728395572,49.360622141732655,18.306211471557617,239,2026-02-20 11:54:09,0 days 00:08:36,113.0,5.306211471557617,6.01812744140625,5.943623065948486,7.840976715087891,34.52963285384626,0.25,8
1400.0,6,37,27.98369026184082,27,19,7459.913086988109,64859.58856225122,2026-02-20 11:58:32,18.885385595968398,55.15875627673796,18.306211471557617,271,2026-02-20 11:58:32,0 days 00:12:59,122.0,5.306211471557617,6.01812744140625,5.943623065948486,7.840976715087891,34.52963285384626,0.25,8
1400.0,7,22,22.915241241455078,33,19,7327.603338048689,67447.70509306793,2026-02-20 12:02:45,18.59871447326632,60.799129644080544,18.306211471557617,286,2026-02-20 12:02:45,0 days 00:17:12,123.0,5.306211471557617,6.01812744140625,5.943623065948486,7.840976715087891,34.52963285384626,0.25,8
1400.0,8,35,23.626245498657227,28,19,7260.336785505303,70363.85655023564,2026-02-20 12:07:07,18.452970276088983,67.15440106184612,18.306211471557617,315,2026-02-20 12:07:07,0 days 00:21:34,128.0,5.306211471557617,6.01812744140625,5.943623065948486,7.840976715087891,34.52963285384626,0.25,8
1400.0,9,28,25.284330368041992,37,19,7064.496773110607,72828.84419524498,2026-02-20 12:11:20,18.02865024923381,72.52643531849213,18.306211471557617,332,2026-02-20 12:11:20,0 days 00:25:47,150.0,5.306211471557617,6.01812744140625,5.943623065948486,7.840976715087891,34.52963285384626,0.25,8
1400.0,10,29,27.768014907836914,61,19,7070.355224579368,75146.75070132146,2026-02-20 12:15:43,18.041343560749457,77.5779304769185,18.306211471557617,355,2026-02-20 12:15:43,0 days 00:30:10,179.0,5.306211471557617,6.01812744140625,5.943623065948486,7.840976715087891,34.52963285384626,0.25,8
1400.0,11,29,27.856582641601562,60,19,6668.038598023433,77615.60869288669,2026-02-20 12:20:06,17.169657536544932,82.95839951591539,18.306211471557617,374,2026-02-20 12:20:06,0 days 00:34:33,216.0,5.306211471557617,6.01812744140625,5.943623065948486,7.840976715087891,34.52963285384626,0.25,8
1400.0,12,34,24.889862060546875,40,19,6758.456561538404,79569.55481817534,2026-02-20 12:24:19,17.3655631241607,87.21670301773747,18.306211471557617,400,2026-02-20 12:24:19,0 days 00:38:46,236.0,5.306211471557617,6.01812744140625,5.943623065948486,7.840976715087891,34.52963285384626,0.25,8
1400.0,13,40,22.949695587158203,55,19,7057.739019727944,81784.77442861894,2026-02-20 12:28:24,18.014008450238038,92.04440901350199,18.306211471557617,432,2026-02-20 12:28:24,0 days 00:42:51,276.0,5.306211471557617,6.01812744140625,5.943623065948486,7.840976715087891,34.52963285384626,0.25,8
1400.0,14,49,21.77714729309082,14,19,7165.6714491730445,83840.83400330579,2026-02-20 12:32:47,18.24786204736909,96.52525194644129,18.306211471557617,472,2026-02-20 12:32:47,0 days 00:47:14,259.0,5.306211471557617,6.01812744140625,5.943623065948486,7.840976715087891,34.52963285384626,0.25,8
1400.0,15,60,21.870939254760742,5,19,7287.960777944663,87027.16302120483,2026-02-20 12:37:09,18.512822259707598,103.46933082316689,18.306211471557617,521,2026-02-20 12:37:09,0 days 00:51:36,219.0,5.306211471557617,6.01812744140625,5.943623065948486,7.840976715087891,34.52963285384626,0.25,8
1400.0,15,65,19.962366104125977,3,68,10592.24515365584,59035.701082492444,2026-02-20 12:37:09,25.67210507374848,42.466553493710464,18.306211471557617,526,2026-02-20 12:37:09,0 days 00:00:00,44.0,5.306211471557617,6.01812744140625,5.943623065948486,7.840976715087891,34.52963285384626,0.25,8
1400.0,16,59,22.0,10,19,7350.577080453908,89183.60926802718,2026-02-20 12:41:22,18.648490915144293,108.1689499608123,18.306211471557617,562,2026-02-20 12:41:22,0 days 00:55:49,217.0,5.306211471557617,6.01812744140625,5.943623065948486,7.840976715087891,34.52963285384626,0.25,8
1400.0,16,63,23.30655288696289,31,68,10122.643047188607,61766.43633891417,2026-02-20 12:41:22,24.654633843069476,48.41774086498548,18.306211471557617,566,2026-02-20 12:41:22,0 days 00:04:13,110.0,5.306211471557617,6.01812744140625,5.943623065948486,7.840976715087891,34.52963285384626,0.25,8
1400.0,17,58,21.179424285888672,7,19,7632.8428744993325,91552.50848941563,2026-02-20 12:45:27,19.260066802242715,113.331575336889,18.306211471557617,605,2026-02-20 12:45:27,0 days 00:59:54,101.0,5.306211471557617,6.01812744140625,5.943623065948486,7.840976715087891,34.52963285384626,0.25,8
1400.0,17,62,26.20818328857422,42,68,9916.981035445935,64535.746473416795,2026-02-20 12:45:27,24.20903281762702,54.45299582455698,18.306211471557617,609,2026-02-20 12:45:27,0 days 00:08:18,134.0,5.306211471557617,6.01812744140625,5.943623065948486,7.840976715087891,34.52963285384626,0.25,8
1400.0,18,81,23.587039947509766,44,68,10095.671524497138,67753.54794270477,2026-02-20 12:49:40,24.596195543904624,61.465663721330685,18.306211471557617,671,2026-02-20 12:49:40,0 days 00:12:31,142.0,5.306211471557617,6.01812744140625,5.943623065948486,7.840976715087891,34.52963285384626,0.25,8
1400.0,19,65,22.19727897644043,52,68,9956.04480921699,71599.32657464116,2026-02-20 12:53:47,24.29367099413097,69.8469043316305,18.306211471557617,720,2026-02-20 12:53:47,0 days 00:16:38,108.0,5.306211471557617,6.01812744140625,5.943623065948486,7.840976715087891,34.52963285384626,0.25,8
1400.0,20,72,24.626361846923828,52,68,9828.508327107642,74691.67062970709,2026-02-20 12:58:10,24.017341949560716,76.58615847385028,18.306211471557617,773,2026-02-20 12:58:10,0 days 00:21:01,136.0,5.306211471557617,6.01812744140625,5.943623065948486,7.840976715087891,34.52963285384626,0.25,8
1400.0,21,87,20.69832992553711,72,68,9472.209325648146,77113.79295326612,2026-02-20 13:02:31,23.24536077973181,81.8647748280904,18.306211471557617,836,2026-02-20 13:02:31,0 days 00:25:22,152.0,5.306211471557617,6.01812744140625,5.943623065948486,7.840976715087891,34.52963285384626,0.25,8
1400.0,22,87,20.696840286254883,53,68,9194.597429630869,80142.60497481322,2026-02-20 13:06:54,22.643868338361045,88.46557137554355,18.306211471557617,906,2026-02-20 13:06:54,0 days 00:29:45,162.0,5.306211471557617,6.01812744140625,5.943623065948486,7.840976715087891,34.52963285384626,0.25,8
1400.0,23,75,19.803377151489258,4,68,8575.196265818038,80943.91089586695,2026-02-20 13:11:16,21.30183248343324,90.21188554740932,18.306211471557617,960,2026-02-20 13:11:16,0 days 00:34:07,127.0,5.306211471557617,6.01812744140625,5.943623065948486,7.840976715087891,34.52963285384626,0.25,8
1400.0,24,49,17.01419448852539,8,131,9606.739296285812,60010.017753766915,2026-02-20 13:15:30,23.536842382780087,44.589916077496525,13.306211471557617,1001,2026-02-20 13:15:30,0 days 00:00:00,32.0,5.306211471557617,6.01812744140625,5.943623065948486,7.840976715087891,34.52963285384626,0.25,8
1400.0,25,60,17.13156509399414,12,131,9585.387659305276,63212.560786444505,2026-02-20 13:19:53,23.49058050265559,51.56933072679869,18.306211471557617,1066,2026-02-20 13:19:53,0 days 00:04:23,54.0,5.306211471557617,6.01812744140625,5.943623065948486,7.840976715087891,34.52963285384626,0.25,8
1400.0,26,72,21.769800186157227,8,131,9465.188717520597,66401.01833159184,2026-02-20 13:24:15,23.23014946212212,58.51804837780665,18.306211471557617,1118,2026-02-20 13:24:15,0 days 00:08:45,50.0,5.306211471557617,6.01812744140625,5.943623065948486,7.840976715087891,34.52963285384626,0.25,8
1400.0,27,56,5.053495407104492,14,131,9297.125265138819,68234.95937982957,2026-02-20 13:28:37,22.866011981961602,62.514820595204526,13.306211471557617,1156,2026-02-20 13:28:37,0 days 00:13:07,44.0,5.306211471557617,6.01812744140625,5.943623065948486,7.840976715087891,34.52963285384626,0.25,8
1400.0,27,57,14.057085990905762,1,155,9358.965888848848,55150.776161921116,2026-02-20 13:28:37,23.0,34.0,13.306211471557617,1157,2026-02-20 13:28:37,0 days 00:00:00,12.0,5.306211471557617,6.01812744140625,5.943623065948486,7.840976715087891,34.52963285384626,0.25,8
1400.0,28,58,13.600215911865234,7,131,9144.157006823682,72573.8181402426,2026-02-20 13:33:00,22.534580755612136,71.97064806877353,13.306211471557617,1219,2026-02-20 13:33:00,0 days 00:17:30,35.0,5.306211471557617,6.01812744140625,5.943623065948486,7.840976715087891,34.52963285384626,0.25,8
1400.0,28,78,20.52579116821289,4,155,9621.984964918935,57703.41225904422,2026-02-20 13:33:00,23.569874664818517,39.56304961051621,18.306211471557617,1234,2026-02-20 13:33:00,0 days 00:04:23,31.0,5.306211471557617,6.01812744140625,5.943623065948486,7.840976715087891,34.52963285384626,0.25,8
1400.0,29,43,16.157306671142578,3,131,8915.303988104932,75121.01678132593,2026-02-20 13:37:13,22.03873254838818,77.52184764013283,13.306211471557617,1262,2026-02-20 13:37:13,0 days 00:21:43,41.0,5.306211471557617,6.01812744140625,5.943623065948486,7.840976715087891,34.52963285384626,0.25,8
1400.0,29,67,22.068021774291992,16,155,9668.929998362357,60697.42641833407,2026-02-20 13:37:13,23.67158890394593,46.088009953077005,18.306211471557617,1280,2026-02-20 13:37:13,0 days 00:08:36,69.0,5.306211471557617,6.01812744140625,5.943623065948486,7.840976715087891,34.52963285384626,0.25,8
1400.0,30,42,15.223261833190918,4,131,8681.848013783405,78794.0729075661,2026-02-20 13:41:36,21.532911270691535,85.5266680199408,13.306211471557617,1311,2026-02-20 13:41:36,0 days 00:26:06,37.0,5.306211471557617,6.01812744140625,5.943623065948486,7.840976715087891,34.52963285384626,0.25,8
1400.0,30,66,21.997291564941406,27,155,9611.550701134207,61809.16704469716,2026-02-20 13:41:36,23.547267093284944,48.5108653947338,18.306211471557617,1329,2026-02-20 13:41:36,0 days 00:12:59,133.0,5.306211471557617,6.01812744140625,5.943623065948486,7.840976715087891,34.52963285384626,0.25,8
1400.0,31,51,16.795780181884766,2,131,8435.888965771926,81401.63300082045,2026-02-20 13:45:59,21.0,91.20941542664126,13.306211471557617,1368,2026-02-20 13:45:59,0 days 00:30:29,36.0,5.306211471557617,6.01812744140625,5.943623065948486,7.840976715087891,34.52963285384626,0.25,8
1400.0,31,77,20.294301986694336,20,155,10099.587093423985,61760.15911429867,2026-02-20 13:45:59,24.60467927657946,48.40406068864083,18.306211471557617,1386,2026-02-20 13:45:59,0 days 00:17:22,134.0,5.306211471557617,6.01812744140625,5.943623065948486,7.840976715087891,34.52963285384626,0.25,8
1400.0,32,45,15.366976737976074,1,190,12128.196658079618,57445.05382960332,2026-02-20 13:50:22,29.0,39.0,13.306211471557617,1422,2026-02-20 13:50:22,0 days 00:00:00,14.0,5.306211471557617,6.01812744140625,5.943623065948486,7.840976715087891,34.52963285384626,0.25,8
1400.0,32,66,23.3902645111084,12,155,10533.528283611628,63050.90778990632,2026-02-20 13:50:22,25.54488518865269,51.21703466687694,18.306211471557617,1439,2026-02-20 13:50:22,0 days 00:21:45,131.0,5.306211471557617,6.01812744140625,5.943623065948486,7.840976715087891,34.52963285384626,0.25,8
1400.0,33,85,24.0,1,190,9820.504350387311,57445.05382960332,2026-02-20 13:54:45,24.0,39.0,18.306211471557617,1500,2026-02-20 13:54:45,0 days 00:04:23,21.0,5.306211471557617,6.01812744140625,5.943623065948486,7.840976715087891,34.52963285384626,0.25,8
1400.0,33,87,17.27325439453125,9,155,10703.13270634614,66014.57241648913,2026-02-20 13:54:45,25.912361437910796,57.67585320556074,18.306211471557617,1502,2026-02-20 13:54:45,0 days 00:26:08,142.0,5.306211471557617,6.01812744140625,5.943623065948486,7.840976715087891,34.52963285384626,0.25,8
1400.0,34,85,20.835195541381836,3,190,10018.54161700109,57473.8813927297,2026-02-20 13:59:07,24.429080744329855,39.062824922049444,18.306211471557617,1566,2026-02-20 13:59:07,0 days 00:08:45,30.0,5.306211471557617,6.01812744140625,5.943623065948486,7.840976715087891,34.52963285384626,0.25,8
1400.0,34,87,21.917055130004883,7,155,10682.367047420797,68540.35806098265,2026-02-20 13:59:07,25.86736917690589,63.18038668045872,18.306211471557617,1568,2026-02-20 13:59:07,0 days 00:30:30,72.0,5.306211471557617,6.01812744140625,5.943623065948486,7.840976715087891,34.52963285384626,0.25,8
1400.0,35,90,19.0,6,190,9687.24246681402,57519.12170918721,2026-02-20 14:03:30,23.711265918924536,39.161418734591784,18.306211471557617,1633,2026-02-20 14:03:30,0 days 00:13:08,93.0,5.306211471557617,6.01812744140625,5.943623065948486,7.840976715087891,34.52963285384626,0.25,8
1400.0,36,97,24.659536361694336,31,190,10011.29233567497,58812.542699596925,2026-02-20 14:07:52,24.413373968123263,41.98021658244861,18.306211471557617,1709,2026-02-20 14:07:52,0 days 00:17:30,193.0,5.306211471557617,6.01812744140625,5.943623065948486,7.840976715087891,34.52963285384626,0.25,8
1400.0,37,87,25.15420913696289,89,190,9877.919127744952,59411.58062674252,2026-02-20 14:12:16,24.124398684274887,43.28572100238828,18.306211471557617,1780,2026-02-20 14:12:16,0 days 00:21:54,226.0,5.306211471557617,6.01812744140625,5.943623065948486,7.840976715087891,34.52963285384626,0.25,8
1400.0,38,74,29.125682830810547,107,190,9949.266972315354,60778.704428425015,2026-02-20 14:16:39,24.278985680844094,46.26514197862877,18.306211471557617,1838,2026-02-20 14:16:39,0 days 00:26:17,242.0,5.306211471557617,6.01812744140625,5.943623065948486,7.840976715087891,34.52963285384626,0.25,8
1400.0,39,63,26.261886596679688,143,190,9868.685268216954,62636.8103371469,2026-02-20 14:21:02,24.10439198863089,50.31457752624284,18.306211471557617,1888,2026-02-20 14:21:02,0 days 00:30:40,238.0,5.306211471557617,6.01812744140625,5.943623065948486,7.840976715087891,34.52963285384626,0.25,8
1400.0,39,65,18.975664138793945,1,231,9358.965888848848,55609.63169545756,2026-02-20 14:21:02,23.0,35.0,18.306211471557617,1890,2026-02-20 14:21:02,0 days 00:00:00,26.0,5.306211471557617,6.01812744140625,5.943623065948486,7.840976715087891,34.52963285384626,0.25,8
1400.0,40,71,25.33319664001465,232,190,9390.79588598247,66098.38188047224,2026-02-20 14:25:24,23.068964993789514,57.858502117598874,18.306211471557617,1946,2026-02-20 14:25:24,0 days 00:35:02,310.0,5.306211471557617,6.01812744140625,5.943623065948486,7.840976715087891,34.52963285384626,0.25,8
1400.0,40,73,21.453489303588867,19,231,9558.917045979008,58309.16585939437,2026-02-20 14:25:24,23.433227507115344,40.88318973322882,18.306211471557617,1948,2026-02-20 14:25:24,0 days 00:04:22,42.0,5.306211471557617,6.01812744140625,5.943623065948486,7.840976715087891,34.52963285384626,0.25,8
1400.0,41,72,22.48667335510254,200,190,9320.900274827789,67784.49258698378,2026-02-20 14:29:47,22.91752450295437,61.5331024727837,18.306211471557617,2003,2026-02-20 14:29:47,0 days 00:39:25,346.0,5.306211471557617,6.01812744140625,5.943623065948486,7.840976715087891,34.52963285384626,0.25,8
1400.0,41,76,29.017730712890625,22,231,9722.1986929681,60888.544064333975,2026-02-20 14:29:47,23.787004408925043,46.504519359702115,18.306211471557617,2007,2026-02-20 14:29:47,0 days 00:08:45,46.0,5.306211471557617,6.01812744140625,5.943623065948486,7.840976715087891,34.52963285384626,0.25,8
1400.0,42,76,26.87260627746582,197,190,9206.495601727784,70752.41543170765,2026-02-20 14:34:10,22.669647711237694,68.0012010960036,18.306211471557617,2068,2026-02-20 14:34:10,0 days 00:43:48,360.0,5.306211471557617,6.01812744140625,5.943623065948486,7.840976715087891,34.52963285384626,0.25,8
1400.0,42,78,21.576568603515625,17,231,9679.268519295336,63356.120348387936,2026-02-20 14:34:10,23.693989032634054,51.88219512844817,18.306211471557617,2070,2026-02-20 14:34:10,0 days 00:13:08,49.0,5.306211471557617,6.01812744140625,5.943623065948486,7.840976715087891,34.52963285384626,0.25,8
1400.0,43,6,11.933891296386719,3,231,7751.420308060967,63579.83442496179,2026-02-20 14:38:24,19.51698457495959,52.36974308248431,8.306211471557617,2079,2026-02-20 14:38:24,0 days 00:17:22,10.0,5.306211471557617,6.01812744140625,5.943623065948486,7.840976715087891,34.52963285384626,0.25,8
1400.0,43,68,23.29599380493164,232,190,8834.51656812393,72758.4944646481,2026-02-20 14:38:24,21.863693138429344,72.37311967673735,18.306211471557617,2122,2026-02-20 14:38:24,0 days 00:48:02,418.0,5.306211471557617,6.01812744140625,5.943623065948486,7.840976715087891,34.52963285384626,0.25,8
1400.0,44,76,23.427927017211914,238,190,8682.297517346347,74686.9067263746,2026-02-20 14:42:37,21.53388519507791,76.57577633179397,18.306211471557617,2181,2026-02-20 14:42:37,0 days 00:52:15,396.0,5.306211471557617,6.01812744140625,5.943623065948486,7.840976715087891,34.52963285384626,0.25,8
1400.0,44,77,20.502517700195312,27,251,9408.819344871998,57590.17638040028,2026-02-20 14:42:37,23.10801582138349,39.31627067822085,18.306211471557617,2182,2026-02-20 14:42:37,0 days 00:00:00,66.0,5.306211471557617,6.01812744140625,5.943623065948486,7.840976715087891,34.52963285384626,0.25,8
1400.0,45,66,24.728389739990234,209,190,8447.989701024822,76291.78917343856,2026-02-20 14:47:00,21.026218259714607,80.07335308475368,18.306211471557617,2233,2026-02-20 14:47:00,0 days 00:56:38,400.0,5.306211471557617,6.01812744140625,5.943623065948486,7.840976715087891,34.52963285384626,0.25,8
1400.0,45,67,27.117172241210938,46,251,9521.852160514423,60001.47411178974,2026-02-20 14:47:00,23.35292025527541,44.571296618096476,18.306211471557617,2234,2026-02-20 14:47:00,0 days 00:04:23,126.0,5.306211471557617,6.01812744140625,5.943623065948486,7.840976715087891,34.52963285384626,0.25,8
1400.0,46,75,23.04795265197754,199,190,8138.917980433049,77730.28935591236,2026-02-20 14:51:12,20.3565628650991,83.20832711762006,18.306211471557617,2295,2026-02-20 14:51:12,0 days 01:00:50,396.0,5.306211471557617,6.01812744140625,5.943623065948486,7.840976715087891,34.52963285384626,0.25,8
1400.0,46,76,28.360794067382812,56,251,9777.908246165305,62396.036402642094,2026-02-20 14:51:12,23.90770844085232,49.78985042390383,18.306211471557617,2296,2026-02-20 14:51:12,0 days 00:08:35,140.0,5.306211471557617,6.01812744140625,5.943623065948486,7.840976715087891,34.52963285384626,0.25,8
1400.0,47,67,23.625518798828125,144,190,8276.252810635122,79033.86265297305,2026-02-20 14:55:35,20.654121663870256,86.04925024436965,18.306211471557617,2351,2026-02-20 14:55:35,0 days 01:05:13,327.0,5.306211471557617,6.01812744140625,5.943623065948486,7.840976715087891,34.52963285384626,0.25,8
1400.0,47,69,23.876445770263672,52,251,10084.724601820993,65000.91988396385,2026-02-20 14:55:35,24.572477211439644,55.46676459609586,18.306211471557617,2353,2026-02-20 14:55:35,0 days 00:12:58,146.0,5.306211471557617,6.01812744140625,5.943623065948486,7.840976715087891,34.52963285384626,0.25,8
1400.0,48,90,23.583614349365234,69,190,7839.767981717707,80153.96180143821,2026-02-20 14:59:58,19.708404534549192,88.4903217071729,18.306211471557617,2423,2026-02-20 14:59:58,0 days 01:09:36,279.0,5.306211471557617,6.01812744140625,5.943623065948486,7.840976715087891,34.52963285384626,0.25,8
1400.0,48,92,19.696178436279297,54,251,10171.624220870632,67657.4583325326,2026-02-20 14:59:58,24.76075971938053,61.25625225486848,18.306211471557617,2425,2026-02-20 14:59:58,0 days 00:17:21,153.0,5.306211471557617,6.01812744140625,5.943623065948486,7.840976715087891,34.52963285384626,0.25,8
1400.0,49,83,24.520076751708984,47,190,7418.037536097569,81754.41406983111,2026-02-20 15:04:11,18.79465523570556,91.97824361596643,18.306211471557617,2487,2026-02-20 15:04:11,0 days 01:13:49,226.0,5.306211471557617,6.01812744140625,5.943623065948486,7.840976715087891,34.52963285384626,0.25,8
1400.0,49,85,20.826414108276367,48,251,9702.04505607048,70185.86636841069,2026-02-20 15:04:11,23.743338195646864,66.76650079952789,18.306211471557617,2489,2026-02-20 15:04:11,0 days 00:21:34,223.0,5.306211471557617,6.01812744140625,5.943623065948486,7.840976715087891,34.52963285384626,0.25,8
1400.0,50,38,16.021446228027344,2,190,5303.712316340884,82682.10817410753,2026-02-20 15:08:24,14.213617259566076,94.0,13.306211471557617,2530,2026-02-20 15:08:24,0 days 01:18:02,76.0,5.306211471557617,6.01812744140625,5.943623065948486,7.840976715087891,34.52963285384626,0.25,8
1400.0,50,69,23.255525588989258,47,251,9668.542903665979,72496.3233702573,2026-02-20 15:08:24,23.67075019877045,71.80176099142255,18.306211471557617,2549,2026-02-20 15:08:24,0 days 00:25:47,237.0,5.306211471557617,6.01812744140625,5.943623065948486,7.840976715087891,34.52963285384626,0.25,8
1400.0,50,73,21.383697509765625,6,281,10855.694299660718,60783.76579198084,2026-02-20 15:08:24,26.24291155675905,46.276172386210035,18.306211471557617,2553,2026-02-20 15:08:24,0 days 00:00:00,35.0,5.306211471557617,6.01812744140625,5.943623065948486,7.840976715087891,34.52963285384626,0.25,8
1400.0,51,31,17.028169631958008,12,190,6959.280425675547,84703.43528749407,2026-02-20 15:12:46,17.800681496457845,98.40514925865224,13.306211471557617,2580,2026-02-20 15:12:46,0 days 01:22:24,67.0,5.306211471557617,6.01812744140625,5.943623065948486,7.840976715087891,34.52963285384626,0.25,8
1400.0,51,54,21.984416961669922,33,251,9141.549728686985,74763.71372079954,2026-02-20 15:12:46,22.528931652982628,76.74316451568049,18.306211471557617,2594,2026-02-20 15:12:46,0 days 00:30:09,261.0,5.306211471557617,6.01812744140625,5.943623065948486,7.840976715087891,34.52963285384626,0.25,8
1400.0,51,57,24.079219818115234,19,281,11015.809609398848,63432.7930913625,2026-02-20 15:12:46,26.589828061191668,52.049290733427895,18.306211471557617,2597,2026-02-20 15:12:46,0 days 00:04:22,58.0,5.306211471557617,6.01812744140625,5.943623065948486,7.840976715087891,34.52963285384626,0.25,8
1400.0,52,40,14.700584411621094,4,190,8141.060427772635,88495.84376488581,2026-02-20 15:17:08,20.36120483433487,106.67007841437868,13.306211471557617,2632,2026-02-20 15:17:08,0 days 01:26:46,39.0,5.306211471557617,6.01812744140625,5.943623065948486,7.840976715087891,34.52963285384626,0.25,8
1400.0,52,66,19.16621971130371,25,251,8813.205627889734,77041.75891543196,2026-02-20 15:17:08,21.817519434588586,81.70778851634432,18.306211471557617,2649,2026-02-20 15:17:08,0 days 00:34:31,269.0,5.306211471557617,6.01812744140625,5.943623065948486,7.840976715087891,34.52963285384626,0.25,8
1400.0,52,70,22.077129364013672,20,281,11463.903886819015,66381.7349193063,2026-02-20 15:17:08,27.560698995602024,58.47602335930699,18.306211471557617,2653,2026-02-20 15:17:08,0 days 00:08:44,70.0,5.306211471557617,6.01812744140625,5.943623065948486,7.840976715087891,34.52963285384626,0.25,8
1400.0,53,38,16.500001907348633,1,190,7974.350504233464,89106.0856436177,2026-02-20 15:21:30,20.0,108.0,13.306211471557617,2687,2026-02-20 15:21:30,0 days 01:31:08,16.0,5.306211471557617,6.01812744140625,5.943623065948486,7.840976715087891,34.52963285384626,0.25,8
1400.0,53,61,20.96954917907715,22,251,8859.876846573241,78909.49046792877,2026-02-20 15:21:30,21.91864040840285,85.77820156792517,18.306211471557617,2702,2026-02-20 15:21:30,0 days 00:38:53,188.0,5.306211471557617,6.01812744140625,5.943623065948486,7.840976715087891,34.52963285384626,0.25,8
1400.0,53,62,23.81941795349121,24,281,11166.467830362111,68567.15717835155,2026-02-20 15:21:30,26.91625420661207,63.238790939338124,18.306211471557617,2703,2026-02-20 15:21:30,0 days 00:13:06,92.0,5.306211471557617,6.01812744140625,5.943623065948486,7.840976715087891,34.52963285384626,0.25,8
1400.0,54,53,18.5,1,251,8435.888965771926,80387.83050642534,2026-02-20 15:25:53,21.0,89.0,18.306211471557617,2744,2026-02-20 15:25:53,0 days 00:43:16,151.0,5.306211471557617,6.01812744140625,5.943623065948486,7.840976715087891,34.52963285384626,0.25,8
1400.0,54,55,21.67489242553711,23,281,11404.69307857792,71220.08504081897,2026-02-20 15:25:53,27.432408911079655,69.020409920853,18.306211471557617,2746,2026-02-20 15:25:53,0 days 00:17:29,95.0,5.306211471557617,6.01812744140625,5.943623065948486,7.840976715087891,34.52963285384626,0.25,8
1400.0,55,43,14.425530433654785,1,251,7974.350504233464,81764.39710703466,2026-02-20 15:30:06,20.0,92.0,13.306211471557617,2784,2026-02-20 15:30:06,0 days 00:47:29,90.0,5.306211471557617,6.01812744140625,5.943623065948486,7.840976715087891,34.52963285384626,0.25,8
1400.0,55,64,22.992753982543945,8,281,11551.516265711523,73610.47450048922,2026-02-20 15:30:06,27.750525816535795,74.22986972892659,18.306211471557617,2800,2026-02-20 15:30:06,0 days 00:21:42,91.0,5.306211471557617,6.01812744140625,5.943623065948486,7.840976715087891,34.52963285384626,0.25,8
1400.0,56,54,19.44259262084961,6,281,10130.010153372721,76730.35245240113,2026-02-20 15:34:19,24.67059590646839,81.02912946077885,18.306211471557617,2838,2026-02-20 15:34:19,0 days 00:25:55,103.0,5.306211471557617,6.01812744140625,5.943623065948486,7.840976715087891,34.52963285384626,0.25,8
1400.0,57,59,19.239826202392578,1,281,9820.504350387311,79011.26390581601,2026-02-20 15:38:42,24.0,86.0,18.306211471557617,2880,2026-02-20 15:38:42,0 days 00:30:18,83.0,5.306211471557617,6.01812744140625,5.943623065948486,7.840976715087891,34.52963285384626,0.25,8
1700.0,3,33,17.234676361083984,1,20,7974.350504233464,57903.909363139755,2026-02-20 11:45:33,20.0,40.0,13.852158546447754,147,2026-02-20 11:45:33,0 days 00:00:00,20.0,5.852158546447754,6.555112838745117,6.119266986846924,7.925991237163544,32.488876452624744,0.25,8
1700.0,4,58,19.028423309326172,7,20,7562.338959975177,60061.454288327746,2026-02-20 11:49:56,19.10730832077371,44.702013526042926,18.852158546447754,205,2026-02-20 11:49:56,0 days 00:04:23,44.0,5.852158546447754,6.555112838745117,6.119266986846924,7.925991237163544,32.488876452624744,0.25,8
1700.0,5,57,26.60988998413086,28,20,7548.440888604063,62325.23152219285,2026-02-20 11:54:09,19.077195832802964,49.63554285807031,18.852158546447754,246,2026-02-20 11:54:09,0 days 00:08:36,66.0,5.852158546447754,6.555112838745117,6.119266986846924,7.925991237163544,32.488876452624744,0.25,8
1700.0,6,56,30.0701961517334,35,20,7477.271300585676,65126.79309473708,2026-02-20 11:58:32,18.922995058763124,55.74108451069536,18.852158546447754,299,2026-02-20 11:58:32,0 days 00:12:59,134.0,5.852158546447754,6.555112838745117,6.119266986846924,7.925991237163544,32.488876452624744,0.25,8
1700.0,7,35,24.95564842224121,38,20,7265.442804105717,67805.23574320253,2026-02-20 12:02:45,18.46403331638988,61.57830876256926,18.852158546447754,324,2026-02-20 12:02:45,0 days 00:17:12,129.0,5.852158546447754,6.555112838745117,6.119266986846924,7.925991237163544,32.488876452624744,0.25,8
1700.0,8,46,28.592411041259766,35,20,7162.722635072945,70982.91589742215,2026-02-20 12:07:07,18.241472950152207,68.50353886653895,18.852158546447754,361,2026-02-20 12:07:07,0 days 00:21:34,133.0,5.852158546447754,6.555112838745117,6.119266986846924,7.925991237163544,32.488876452624744,0.25,8
1700.0,9,44,27.61248779296875,44,20,7008.428654486429,73183.7955176867,2026-02-20 12:11:20,17.90716932554809,73.29999321743709,18.852158546447754,396,2026-02-20 12:11:20,0 days 00:25:47,176.0,5.852158546447754,6.555112838745117,6.119266986846924,7.925991237163544,32.488876452624744,0.25,8
1700.0,10,32,27.19322395324707,63,20,7086.934951579372,75137.00865373352,2026-02-20 12:15:43,18.0772663025828,77.55669929002867,18.852158546447754,419,2026-02-20 12:15:43,0 days 00:30:10,198.0,5.852158546447754,6.555112838745117,6.119266986846924,7.925991237163544,32.488876452624744,0.25,8
1700.0,11,34,24.871326446533203,55,20,6733.277972662854,77727.0161236136,2026-02-20 12:20:06,17.311009514930344,83.20119364736739,18.852158546447754,441,2026-02-20 12:20:06,0 days 00:34:33,217.0,5.852158546447754,6.555112838745117,6.119266986846924,7.925991237163544,32.488876452624744,0.25,8
1700.0,12,22,27.42345428466797,68,20,6762.263999895409,80119.26959382038,2026-02-20 12:24:19,17.373812573934213,88.41471575915162,18.852158546447754,459,2026-02-20 12:24:19,0 days 00:38:46,246.0,5.852158546447754,6.555112838745117,6.119266986846924,7.925991237163544,32.488876452624744,0.25,8
1700.0,13,28,22.542203903198242,77,20,7053.535361475692,82474.95597356412,2026-02-20 12:28:24,18.004900524024826,93.54854592479933,18.852158546447754,480,2026-02-20 12:28:24,0 days 00:42:51,262.0,5.852158546447754,6.555112838745117,6.119266986846924,7.925991237163544,32.488876452624744,0.25,8
1700.0,14,12,9.086732864379883,4,60,10092.999945365353,55358.918397538844,2026-02-20 12:32:47,24.590407122452426,34.45361169345296,8.852158546447754,495,2026-02-20 12:32:47,0 days 00:00:00,13.0,5.852158546447754,6.555112838745117,6.119266986846924,7.925991237163544,32.488876452624744,0.25,8
1700.0,14,29,18.83144187927246,70,20,7379.220924915379,85305.68652269791,2026-02-20 12:32:47,18.71055257814415,99.71765655384,18.852158546447754,507,2026-02-20 12:32:47,0 days 00:47:14,276.0,5.852158546447754,6.555112838745117,6.119266986846924,7.925991237163544,32.488876452624744,0.25,8
1700.0,15,37,28.45692253112793,73,20,7286.5292954118495,87598.48820374656,2026-02-20 12:37:09,18.509720714219835,104.71443988426604,18.852158546447754,537,2026-02-20 12:37:09,0 days 00:51:36,292.0,5.852158546447754,6.555112838745117,6.119266986846924,7.925991237163544,32.488876452624744,0.25,8
1700.0,15,44,20.487693786621094,3,60,10515.898801797544,59107.25771179906,2026-02-20 12:37:09,25.506687978055506,42.62249937226427,18.852158546447754,544,2026-02-20 12:37:09,0 days 00:04:22,38.0,5.852158546447754,6.555112838745117,6.119266986846924,7.925991237163544,32.488876452624744,0.25,8
1700.0,16,50,22.142467498779297,46,20,7283.465080501322,89610.30482529815,2026-02-20 12:41:22,18.50308158191369,109.09886259362375,18.852158546447754,576,2026-02-20 12:41:22,0 days 00:55:49,304.0,5.852158546447754,6.555112838745117,6.119266986846924,7.925991237163544,32.488876452624744,0.25,8
1700.0,16,52,24.15892219543457,31,60,10069.912201858877,61918.357538662865,2026-02-20 12:41:22,24.54038367818839,48.74882807794295,18.852158546447754,578,2026-02-20 12:41:22,0 days 00:08:35,112.0,5.852158546447754,6.555112838745117,6.119266986846924,7.925991237163544,32.488876452624744,0.25,8
1700.0,17,47,21.991594314575195,22,20,7470.149359267118,91146.43944310526,2026-02-20 12:45:27,18.90756418590625,112.44661478475015,18.852158546447754,609,2026-02-20 12:45:27,0 days 00:59:54,291.0,5.852158546447754,6.555112838745117,6.119266986846924,7.925991237163544,32.488876452624744,0.25,8
1700.0,17,48,29.122535705566406,47,60,10047.492643192347,64676.231978658194,2026-02-20 12:45:27,24.491807967744244,54.75916082633579,18.852158546447754,610,2026-02-20 12:45:27,0 days 00:12:40,141.0,5.852158546447754,6.555112838745117,6.119266986846924,7.925991237163544,32.488876452624744,0.25,8
1700.0,18,69,27.16802978515625,59,60,9718.718928300448,68686.13933256455,2026-02-20 12:49:40,23.779464918811797,63.498092932050284,18.852158546447754,656,2026-02-20 12:49:40,0 days 00:16:53,159.0,5.852158546447754,6.555112838745117,6.119266986846924,7.925991237163544,32.488876452624744,0.25,8
1700.0,19,60,21.134464263916016,55,60,9677.921190674268,71984.2520923016,2026-02-20 12:53:47,23.69106982062174,70.6857860482653,18.852158546447754,699,2026-02-20 12:53:47,0 days 00:21:00,155.0,5.852158546447754,6.555112838745117,6.119266986846924,7.925991237163544,32.488876452624744,0.25,8
1700.0,19,62,19.0795841217041,1,87,9358.965888848848,62951.3202320406,2026-02-20 12:53:47,23.0,51.0,18.852158546447754,701,2026-02-20 12:53:47,0 days 00:00:00,138.0,5.852158546447754,6.555112838745117,6.119266986846924,7.925991237163544,32.488876452624744,0.25,8
1700.0,20,82,25.795242309570312,55,60,9700.447610025385,74588.11406665585,2026-02-20 12:58:10,23.739877062549162,76.36047401440152,18.852158546447754,751,2026-02-20 12:58:10,0 days 00:25:23,138.0,5.852158546447754,6.555112838745117,6.119266986846924,7.925991237163544,32.488876452624744,0.25,8
1700.0,20,85,22.520034790039062,12,87,10564.538117714454,62500.70563631923,2026-02-20 12:58:10,25.612073162542142,50.017959765574915,18.852158546447754,754,2026-02-20 12:58:10,0 days 00:04:23,212.0,5.852158546447754,6.555112838745117,6.119266986846924,7.925991237163544,32.488876452624744,0.25,8
1700.0,21,83,22.11039924621582,50,60,9686.061556909113,77973.31593010908,2026-02-20 13:02:31,23.70870728079724,83.73796347685428,18.852158546447754,811,2026-02-20 13:02:31,0 days 00:29:44,141.0,5.852158546447754,6.555112838745117,6.119266986846924,7.925991237163544,32.488876452624744,0.25,8
1700.0,21,86,20.35491943359375,18,87,10674.903577162844,65217.41789658508,2026-02-20 13:02:31,25.851198324680325,55.93858632820544,18.852158546447754,814,2026-02-20 13:02:31,0 days 00:08:44,213.0,5.852158546447754,6.555112838745117,6.119266986846924,7.925991237163544,32.488876452624744,0.25,8
1700.0,22,69,20.729045867919922,53,60,9238.514393006213,80260.98601414231,2026-02-20 13:06:54,22.739021759007624,88.72356333745086,18.852158546447754,862,2026-02-20 13:06:54,0 days 00:34:07,169.0,5.852158546447754,6.555112838745117,6.119266986846924,7.925991237163544,32.488876452624744,0.25,8
1700.0,22,73,21.259384155273438,12,87,10654.554412466514,68836.55019854785,2026-02-20 13:06:54,25.807108467838276,63.82588862152159,18.852158546447754,866,2026-02-20 13:06:54,0 days 00:13:07,229.0,5.852158546447754,6.555112838745117,6.119266986846924,7.925991237163544,32.488876452624744,0.25,8
1700.0,23,41,14.534996032714844,1,104,9820.504350387311,56527.34276253044,2026-02-20 13:11:16,24.0,37.0,13.852158546447754,893,2026-02-20 13:11:16,0 days 00:00:00,11.0,5.852158546447754,6.555112838745117,6.119266986846924,7.925991237163544,32.488876452624744,0.25,8
1700.0,23,53,20.77824592590332,8,87,8978.162191291563,75294.74024745787,2026-02-20 13:11:16,22.174925321959215,77.90044929890118,18.852158546447754,902,2026-02-20 13:11:16,0 days 00:17:29,212.0,5.852158546447754,6.555112838745117,6.119266986846924,7.925991237163544,32.488876452624744,0.25,8
1700.0,23,56,21.932687759399414,20,60,9004.309609577573,83401.80055544451,2026-02-20 13:11:16,22.2315780615789,95.56845091480155,18.852158546447754,905,2026-02-20 13:11:16,0 days 00:38:29,162.0,5.852158546447754,6.555112838745117,6.119266986846924,7.925991237163544,32.488876452624744,0.25,8
1700.0,24,53,17.438243865966797,19,87,9194.475064565277,78876.42647482269,2026-02-20 13:15:30,22.64360321405226,85.7061440450459,18.852158546447754,948,2026-02-20 13:15:30,0 days 00:21:43,216.0,5.852158546447754,6.555112838745117,6.119266986846924,7.925991237163544,32.488876452624744,0.25,8
1700.0,24,54,18.72783851623535,15,60,9430.65110809899,86087.42209190983,2026-02-20 13:15:30,23.15531797504197,101.42132036974085,18.852158546447754,949,2026-02-20 13:15:30,0 days 00:42:43,121.0,5.852158546447754,6.555112838745117,6.119266986846924,7.925991237163544,32.488876452624744,0.25,8
1700.0,24,57,19.850175857543945,1,104,9820.504350387311,59739.33149728552,2026-02-20 13:15:30,24.0,44.0,18.852158546447754,952,2026-02-20 13:15:30,0 days 00:04:14,34.0,5.852158546447754,6.555112838745117,6.119266986846924,7.925991237163544,32.488876452624744,0.25,8
1700.0,25,58,20.130414962768555,38,87,8896.40344126772,79587.16699603648,2026-02-20 13:19:53,21.99778136357422,87.25508585628668,18.852158546447754,994,2026-02-20 13:19:53,0 days 00:26:06,248.0,5.852158546447754,6.555112838745117,6.119266986846924,7.925991237163544,32.488876452624744,0.25,8
1700.0,25,61,21.13851547241211,12,104,9591.455953401712,63493.963242028316,2026-02-20 13:19:53,23.50372847319787,52.182600993836814,18.852158546447754,997,2026-02-20 13:19:53,0 days 00:08:37,59.0,5.852158546447754,6.555112838745117,6.119266986846924,7.925991237163544,32.488876452624744,0.25,8
1700.0,25,65,20.58430290222168,2,60,10546.611825898792,88647.23011008126,2026-02-20 13:19:53,25.573232863608208,107.0,18.852158546447754,1001,2026-02-20 13:19:53,0 days 00:47:06,61.0,5.852158546447754,6.555112838745117,6.119266986846924,7.925991237163544,32.488876452624744,0.25,8
1700.0,26,56,23.772323608398438,51,87,9764.164237201105,81374.48747754387,2026-02-20 13:24:15,23.87792975476322,91.15025623318579,18.852158546447754,1043,2026-02-20 13:24:15,0 days 00:30:28,297.0,5.852158546447754,6.555112838745117,6.119266986846924,7.925991237163544,32.488876452624744,0.25,8
1700.0,26,58,23.38614845275879,11,104,9444.620070328448,66482.88591959559,2026-02-20 13:24:15,23.18558405987247,58.69646529123643,18.852158546447754,1045,2026-02-20 13:24:15,0 days 00:12:59,56.0,5.852158546447754,6.555112838745117,6.119266986846924,7.925991237163544,32.488876452624744,0.25,8
1700.0,27,34,16.41298484802246,1,122,9358.965888848848,55150.776161921116,2026-02-20 13:28:37,23.0,34.0,13.852158546447754,1066,2026-02-20 13:28:37,0 days 00:00:00,11.0,5.852158546447754,6.555112838745117,6.119266986846924,7.925991237163544,32.488876452624744,0.25,8
1700.0,27,49,17.898401260375977,3,104,9307.26538322882,69642.89554717798,2026-02-20 13:28:37,22.88798223782327,65.58318539511733,18.852158546447754,1079,2026-02-20 13:28:37,0 days 00:17:21,45.0,5.852158546447754,6.555112838745117,6.119266986846924,7.925991237163544,32.488876452624744,0.25,8
1700.0,27,50,23.457048416137695,23,87,9987.750103134116,83718.33858584134,2026-02-20 13:28:37,24.36236579761808,96.25829337558051,18.852158546447754,1080,2026-02-20 13:28:37,0 days 00:34:50,302.0,5.852158546447754,6.555112838745117,6.119266986846924,7.925991237163544,32.488876452624744,0.25,8
1700.0,28,69,23.857799530029297,8,122,9829.927230429455,57810.42325456063,2026-02-20 13:33:00,24.02041624009131,39.79626243611225,18.852158546447754,1135,2026-02-20 13:33:00,0 days 00:04:23,31.0,5.852158546447754,6.555112838745117,6.119266986846924,7.925991237163544,32.488876452624744,0.25,8
1700.0,28,70,22.377540588378906,1,104,8897.427427310387,70293.00876862365,2026-02-20 13:33:00,22.0,67.0,18.852158546447754,1136,2026-02-20 13:33:00,0 days 00:21:44,39.0,5.852158546447754,6.555112838745117,6.119266986846924,7.925991237163544,32.488876452624744,0.25,8
1700.0,28,71,22.321208953857422,17,87,10496.239617450557,86531.04129148256,2026-02-20 13:33:00,25.464093078637035,102.38811529134442,18.852158546447754,1137,2026-02-20 13:33:00,0 days 00:39:13,236.0,5.852158546447754,6.555112838745117,6.119266986846924,7.925991237163544,32.488876452624744,0.25,8
1700.0,29,47,13.941838264465332,1,104,9358.965888848848,73504.99750337873,2026-02-20 13:37:13,23.0,74.0,13.852158546447754,1163,2026-02-20 13:37:13,0 days 00:25:57,32.0,5.852158546447754,6.555112838745117,6.119266986846924,7.925991237163544,32.488876452624744,0.25,8
1700.0,29,72,22.691381454467773,15,122,9687.364102266967,60776.54062066334,2026-02-20 13:37:13,23.71152946240592,46.26042631628295,18.852158546447754,1185,2026-02-20 13:37:13,0 days 00:08:36,67.0,5.852158546447754,6.555112838745117,6.119266986846924,7.925991237163544,32.488876452624744,0.25,8
1700.0,29,73,19.702829360961914,5,87,11311.001228491856,88556.07383109498,2026-02-20 13:37:13,27.22940990255985,106.80133991567295,18.852158546447754,1186,2026-02-20 13:37:13,0 days 00:43:26,151.0,5.852158546447754,6.555112838745117,6.119266986846924,7.925991237163544,32.488876452624744,0.25,8
1700.0,30,49,14.760878562927246,3,87,14674.579062205943,88727.15060080528,2026-02-20 13:41:36,34.51716187560704,107.17417353585795,13.852158546447754,1216,2026-02-20 13:41:36,0 days 00:47:49,49.0,5.852158546447754,6.555112838745117,6.119266986846924,7.925991237163544,32.488876452624744,0.25,8
1700.0,30,67,22.951677322387695,19,122,9623.781785271085,60925.217079473274,2026-02-20 13:41:36,23.573767775581512,46.584442151210496,18.852158546447754,1230,2026-02-20 13:41:36,0 days 00:12:59,135.0,5.852158546447754,6.555112838745117,6.119266986846924,7.925991237163544,32.488876452624744,0.25,8
1700.0,31,60,19.970748901367188,22,122,10144.47045269509,61875.64313580923,2026-02-20 13:45:59,24.70192655500019,48.65573907774189,18.852158546447754,1274,2026-02-20 13:45:59,0 days 00:17:22,151.0,5.852158546447754,6.555112838745117,6.119266986846924,7.925991237163544,32.488876452624744,0.25,8
1700.0,32,55,25.61455726623535,16,122,10843.672354353428,63251.63515258514,2026-02-20 13:50:22,26.216864008593255,51.65448686698837,18.852158546447754,1319,2026-02-20 13:50:22,0 days 00:21:45,151.0,5.852158546447754,6.555112838745117,6.119266986846924,7.925991237163544,32.488876452624744,0.25,8
1700.0,33,71,18.946792602539062,13,122,10626.712843642295,66594.4934634861,2026-02-20 13:54:45,25.746785068719134,58.93969553634286,18.852158546447754,1373,2026-02-20 13:54:45,0 days 00:26:08,166.0,5.852158546447754,6.555112838745117,6.119266986846924,7.925991237163544,32.488876452624744,0.25,8
1700.0,34,72,20.8255558013916,2,158,9940.551103437034,57445.05382960332,2026-02-20 13:59:07,24.2601012982744,39.0,18.852158546447754,1427,2026-02-20 13:59:07,0 days 00:00:00,33.0,5.852158546447754,6.555112838745117,6.119266986846924,7.925991237163544,32.488876452624744,0.25,8
1700.0,35,68,19.222877502441406,5,158,9653.666061855589,57587.43926145617,2026-02-20 14:03:30,23.638517041514604,39.31030557865453,18.852158546447754,1474,2026-02-20 14:03:30,0 days 00:04:23,108.0,5.852158546447754,6.555112838745117,6.119266986846924,7.925991237163544,32.488876452624744,0.25,8
1700.0,36,91,24.833845138549805,39,158,9983.92819596171,58639.60423347432,2026-02-20 14:07:52,24.35408499874453,41.60332570180529,18.852158546447754,1548,2026-02-20 14:07:52,0 days 00:08:45,193.0,5.852158546447754,6.555112838745117,6.119266986846924,7.925991237163544,32.488876452624744,0.25,8
1700.0,37,77,24.27855682373047,96,158,9790.311762324563,59739.29224429793,2026-02-20 14:12:16,23.934582725864047,43.99991445458381,18.852158546447754,1612,2026-02-20 14:12:16,0 days 00:13:09,228.0,5.852158546447754,6.555112838745117,6.119266986846924,7.925991237163544,32.488876452624744,0.25,8
1700.0,38,77,31.29844093322754,132,158,9996.011791314366,61129.71155966667,2026-02-20 14:16:39,24.38026612200862,47.03010416299303,18.852158546447754,1670,2026-02-20 14:16:39,0 days 00:17:32,257.0,5.852158546447754,6.555112838745117,6.119266986846924,7.925991237163544,32.488876452624744,0.25,8
1700.0,39,67,24.96965789794922,206,158,9758.213214446061,64370.877651627554,2026-02-20 14:21:02,23.86503587212729,54.09369140358033,18.852158546447754,1723,2026-02-20 14:21:02,0 days 00:21:55,285.0,5.852158546447754,6.555112838745117,6.119266986846924,7.925991237163544,32.488876452624744,0.25,8
1700.0,40,56,27.37044334411621,216,158,9438.053246649224,65454.507846599394,2026-02-20 14:25:24,23.171355941900813,56.45528479359614,18.852158546447754,1768,2026-02-20 14:25:24,0 days 00:26:17,307.0,5.852158546447754,6.555112838745117,6.119266986846924,7.925991237163544,32.488876452624744,0.25,8
1700.0,41,79,22.154895782470703,214,158,9276.292393620883,68108.3937068048,2026-02-20 14:29:47,22.820874093672742,62.238991573269615,18.852158546447754,1837,2026-02-20 14:29:47,0 days 00:30:40,376.0,5.852158546447754,6.555112838745117,6.119266986846924,7.925991237163544,32.488876452624744,0.25,8
1700.0,42,67,25.83265495300293,197,158,9235.76795358117,70172.45358017551,2026-02-20 14:34:10,22.73307114025336,66.73726983846309,18.852158546447754,1887,2026-02-20 14:34:10,0 days 00:35:03,373.0,5.852158546447754,6.555112838745117,6.119266986846924,7.925991237163544,32.488876452624744,0.25,8
1700.0,43,59,14.055347442626953,1,204,8435.888965771926,55150.776161921116,2026-02-20 14:38:24,21.0,34.0,13.852158546447754,1932,2026-02-20 14:38:24,0 days 00:00:00,31.0,5.852158546447754,6.555112838745117,6.119266986846924,7.925991237163544,32.488876452624744,0.25,8
1700.0,43,89,26.95718765258789,116,158,8862.303409730357,71003.28998850529,2026-02-20 14:38:24,21.923897961909933,68.54794083969618,18.852158546447754,1956,2026-02-20 14:38:24,0 days 00:39:17,355.0,5.852158546447754,6.555112838745117,6.119266986846924,7.925991237163544,32.488876452624744,0.25,8
1700.0,44,71,20.73845100402832,29,204,9558.83560754697,57547.41623969181,2026-02-20 14:42:37,23.43305105717926,39.223081999904366,18.852158546447754,2010,2026-02-20 14:42:37,0 days 00:04:13,64.0,5.852158546447754,6.555112838745117,6.119266986846924,7.925991237163544,32.488876452624744,0.25,8
1700.0,44,72,19.040058135986328,2,158,9358.965888848848,68422.33199547128,2026-02-20 14:42:37,23.0,62.92316832547511,18.852158546447754,2011,2026-02-20 14:42:37,0 days 00:43:30,171.0,5.852158546447754,6.555112838745117,6.119266986846924,7.925991237163544,32.488876452624744,0.25,8
1700.0,45,64,28.322256088256836,50,204,9603.29104624115,60177.25139212504,2026-02-20 14:47:00,23.529371174349983,44.954374226381084,18.852158546447754,2060,2026-02-20 14:47:00,0 days 00:08:36,132.0,5.852158546447754,6.555112838745117,6.119266986846924,7.925991237163544,32.488876452624744,0.25,8
1700.0,45,66,23.516294479370117,8,158,10608.494818613826,68575.26514376148,2026-02-20 14:47:00,25.70731268115745,63.25646091347453,18.852158546447754,2062,2026-02-20 14:47:00,0 days 00:47:53,143.0,5.852158546447754,6.555112838745117,6.119266986846924,7.925991237163544,32.488876452624744,0.25,8
1700.0,46,78,28.005268096923828,64,204,9903.055406587007,62783.883982830135,2026-02-20 14:51:12,24.17886062176601,50.63510029416008,18.852158546447754,2117,2026-02-20 14:51:12,0 days 00:12:48,154.0,5.852158546447754,6.555112838745117,6.119266986846924,7.925991237163544,32.488876452624744,0.25,8
1700.0,46,80,23.225791931152344,13,158,10564.904961039236,71176.39177300643,2026-02-20 14:51:12,25.61286798974584,68.92518764582495,18.852158546447754,2119,2026-02-20 14:51:12,0 days 00:52:05,146.0,5.852158546447754,6.555112838745117,6.119266986846924,7.925991237163544,32.488876452624744,0.25,8
1700.0,47,77,22.98483657836914,63,204,10103.829867786726,65450.86715201478,2026-02-20 14:55:35,24.6138719543654,56.44735049986199,18.852158546447754,2178,2026-02-20 14:55:35,0 days 00:17:11,176.0,5.852158546447754,6.555112838745117,6.119266986846924,7.925991237163544,32.488876452624744,0.25,8
1700.0,47,79,20.359050750732422,5,158,11431.4172105301,73256.17242363267,2026-02-20 14:55:35,27.490311196976045,73.45772675371626,18.852158546447754,2180,2026-02-20 14:55:35,0 days 00:56:28,50.0,5.852158546447754,6.555112838745117,6.119266986846924,7.925991237163544,32.488876452624744,0.25,8
1700.0,48,82,21.914518356323242,56,204,9937.949354553746,68060.74069562477,2026-02-20 14:59:58,24.254464175693943,62.1351396902755,18.852158546447754,2244,2026-02-20 14:59:58,0 days 00:21:34,181.0,5.852158546447754,6.555112838745117,6.119266986846924,7.925991237163544,32.488876452624744,0.25,8
1700.0,48,83,17.447038650512695,4,158,10255.27653336892,75436.45169503821,2026-02-20 14:59:58,24.942006396460155,78.2092860399298,18.852158546447754,2245,2026-02-20 14:59:58,0 days 01:00:51,42.0,5.852158546447754,6.555112838745117,6.119266986846924,7.925991237163544,32.488876452624744,0.25,8
1700.0,49,88,20.844209671020508,35,204,9290.728320992092,70825.87720945585,2026-02-20 15:04:11,22.85215193631036,68.16129893155114,18.852158546447754,2306,2026-02-20 15:04:11,0 days 00:25:47,186.0,5.852158546447754,6.555112838745117,6.119266986846924,7.925991237163544,32.488876452624744,0.25,8
1700.0,49,92,23.52419090270996,2,158,10484.35895670154,77175.84177167025,2026-02-20 15:04:11,25.438351647014166,82.0,18.852158546447754,2310,2026-02-20 15:04:11,0 days 01:05:04,37.0,5.852158546447754,6.555112838745117,6.119266986846924,7.925991237163544,32.488876452624744,0.25,8
1700.0,50,50,14.525609970092773,3,158,13117.170538982497,76716.98623813382,2026-02-20 15:08:24,31.142776741956236,81.0,13.852158546447754,2345,2026-02-20 15:08:24,0 days 01:09:17,47.0,5.852158546447754,6.555112838745117,6.119266986846924,7.925991237163544,32.488876452624744,0.25,8
1700.0,50,76,23.559947967529297,25,204,9529.972666630914,72746.31043579921,2026-02-20 15:08:24,23.370514685194475,72.34656659421267,18.852158546447754,2369,2026-02-20 15:08:24,0 days 00:30:00,191.0,5.852158546447754,6.555112838745117,6.119266986846924,7.925991237163544,32.488876452624744,0.25,8
1700.0,50,79,23.27928352355957,8,248,10939.326374614548,60768.75238353081,2026-02-20 15:08:24,26.424114385825682,46.243453137224805,18.852158546447754,2372,2026-02-20 15:08:24,0 days 00:00:00,35.0,5.852158546447754,6.555112838745117,6.119266986846924,7.925991237163544,32.488876452624744,0.25,8
1700.0,51,69,22.451845169067383,24,204,9377.384868420619,74628.67902621064,2026-02-20 15:12:46,23.039907789072167,76.44887865723571,18.852158546447754,2417,2026-02-20 15:12:46,0 days 00:34:22,250.0,5.852158546447754,6.555112838745117,6.119266986846924,7.925991237163544,32.488876452624744,0.25,8
1700.0,51,71,23.183488845825195,22,248,11269.8923914239,63412.93354128225,2026-02-20 15:12:46,27.14034075557928,52.00601011757219,18.852158546447754,2419,2026-02-20 15:12:46,0 days 00:04:22,66.0,5.852158546447754,6.555112838745117,6.119266986846924,7.925991237163544,32.488876452624744,0.25,8
1700.0,52,63,20.32567024230957,21,204,8807.944888735921,77051.1265047735,2026-02-20 15:17:08,21.80612116642199,81.72820363320987,18.852158546447754,2460,2026-02-20 15:17:08,0 days 00:38:44,265.0,5.852158546447754,6.555112838745117,6.119266986846924,7.925991237163544,32.488876452624744,0.25,8
1700.0,52,67,22.99161148071289,29,248,11516.553595883397,66573.78152635653,2026-02-20 15:17:08,27.67477336524152,58.8945572834162,18.852158546447754,2464,2026-02-20 15:17:08,0 days 00:08:44,111.0,5.852158546447754,6.555112838745117,6.119266986846924,7.925991237163544,32.488876452624744,0.25,8
1700.0,53,57,20.99604034423828,20,204,8875.950847731714,78922.96302084337,2026-02-20 15:21:30,21.953467410912875,85.80756277625747,18.852158546447754,2509,2026-02-20 15:21:30,0 days 00:43:06,186.0,5.852158546447754,6.555112838745117,6.119266986846924,7.925991237163544,32.488876452624744,0.25,8
1700.0,53,60,24.588193893432617,23,248,11781.449094053372,68896.04448789863,2026-02-20 15:21:30,28.248713611276468,63.95554661843459,18.852158546447754,2512,2026-02-20 15:21:30,0 days 00:13:06,104.0,5.852158546447754,6.555112838745117,6.119266986846924,7.925991237163544,32.488876452624744,0.25,8
1700.0,54,35,13.176981925964355,48,204,9003.781165114877,80825.39102441061,2026-02-20 15:25:53,22.230433098576395,89.95359102376503,13.852158546447754,2540,2026-02-20 15:25:53,0 days 00:47:29,162.0,5.852158546447754,6.555112838745117,6.119266986846924,7.925991237163544,32.488876452624744,0.25,8
1700.0,54,53,21.34296989440918,22,248,11390.77055595814,71709.03277957243,2026-02-20 15:25:53,27.402243445403467,70.085990921882,18.852158546447754,2550,2026-02-20 15:25:53,0 days 00:17:29,93.0,5.852158546447754,6.555112838745117,6.119266986846924,7.925991237163544,32.488876452624744,0.25,8
1700.0,55,38,15.399822235107422,4,204,9117.556247637818,83892.1875073664,2026-02-20 15:30:06,22.476945777376102,96.63716844369876,13.852158546447754,2584,2026-02-20 15:30:06,0 days 00:51:42,95.0,5.852158546447754,6.555112838745117,6.119266986846924,7.925991237163544,32.488876452624744,0.25,8
1700.0,55,41,14.54229736328125,6,248,10502.025185045151,75958.69420359476,2026-02-20 15:30:06,25.47662847509199,79.34742750360918,13.852158546447754,2586,2026-02-20 15:30:06,0 days 00:21:42,80.0,5.852158546447754,6.555112838745117,6.119266986846924,7.925991237163544,32.488876452624744,0.25,8
1700.0,56,9,10.526876449584961,32,204,9077.503468497629,85304.2338580784,2026-02-20 15:34:19,22.39016475590569,99.71449071075138,8.852158546447754,2606,2026-02-20 15:34:19,0 days 00:55:55,45.0,5.852158546447754,6.555112838745117,6.119266986846924,7.925991237163544,32.488876452624744,0.25,8
1700.0,56,53,18.90151596069336,1,248,8897.427427310387,77175.84177167025,2026-02-20 15:34:19,22.0,82.0,18.852158546447754,2634,2026-02-20 15:34:19,0 days 00:25:55,97.0,5.852158546447754,6.555112838745117,6.119266986846924,7.925991237163544,32.488876452624744,0.25,8
1700.0,57,19,8.283404350280762,3,204,9561.05028846519,87670.52558230603,2026-02-20 15:38:42,23.437849532502074,104.87143347657228,8.852158546447754,2653,2026-02-20 15:38:42,0 days 01:00:18,11.0,5.852158546447754,6.555112838745117,6.119266986846924,7.925991237163544,32.488876452624744,0.25,8
1700.0,57,56,18.995044708251953,3,248,9507.89616571532,80356.47096883452,2026-02-20 15:38:42,23.32268226654402,88.93165705696273,18.852158546447754,2679,2026-02-20 15:38:42,0 days 00:30:18,97.0,5.852158546447754,6.555112838745117,6.119266986846924,7.925991237163544,32.488876452624744,0.25,8
1700.0,58,49,15.905407905578613,13,248,10047.401914882063,81536.59162185546,2026-02-20 15:43:04,24.49161138973863,91.50353549531486,13.852158546447754,2723,2026-02-20 15:43:04,0 days 00:34:40,72.0,5.852158546447754,6.555112838745117,6.119266986846924,7.925991237163544,32.488876452624744,0.25,8
1700.0,59,51,10.731881141662598,4,248,10377.955993864389,83730.33951718739,2026-02-20 15:47:27,25.207811894200336,96.28444742727855,13.852158546447754,2770,2026-02-20 15:47:27,0 days 00:39:03,48.0,5.852158546447754,6.555112838745117,6.119266986846924,7.925991237163544,32.488876452624744,0.25,8
1700.0,60,62,14.0,1,248,9358.965888848848,88647.23011008126,2026-02-20 15:51:50,23.0,107.0,13.852158546447754,2835,2026-02-20 15:51:50,0 days 00:43:26,30.0,5.852158546447754,6.555112838745117,6.119266986846924,7.925991237163544,32.488876452624744,0.25,8
